dataset	tx_id	gene	class	zoom_mode	position_nt	in_called_orf	in_zoom_window	frame_rel_orf	nt	codon	aa	codon_idx_in_orf	obs_psites	pred_raw	obs_frac	pred_frac
mouse_wang_liver	ENSMUST00000082437.11	Selenof	annotated	start	0	0	0	-1	G				0	1.940905e-08	0	1.940905e-08
mouse_wang_liver	ENSMUST00000082437.11	Selenof	annotated	start	1	0	0	-1	G				0	9.9413855e-09	0	9.9413855e-09
mouse_wang_liver	ENSMUST00000082437.11	Selenof	annotated	start	2	0	0	-1	C				0	1.3090785e-11	0	1.3090785e-11
mouse_wang_liver	ENSMUST00000082437.11	Selenof	annotated	start	3	0	0	-1	G				0	4.8539888e-09	0	4.8539888e-09
mouse_wang_liver	ENSMUST00000082437.11	Selenof	annotated	start	4	0	0	-1	G				0	8.3676222e-09	0	8.3676222e-09
mouse_wang_liver	ENSMUST00000082437.11	Selenof	annotated	start	5	0	0	-1	G				0	5.959637e-11	0	5.959637e-11
mouse_wang_liver	ENSMUST00000082437.11	Selenof	annotated	start	6	0	0	-1	G				0	3.0194641e-08	0	3.0194642e-08
mouse_wang_liver	ENSMUST00000082437.11	Selenof	annotated	start	7	0	0	-1	C				0	9.354373e-07	0	9.354373e-07
mouse_wang_liver	ENSMUST00000082437.11	Selenof	annotated	start	8	0	0	-1	T				0	2.196886e-07	0	2.196886e-07
mouse_wang_liver	ENSMUST00000082437.11	Selenof	annotated	start	9	0	0	-1	A				0	3.5150176e-06	0	3.5150176e-06
mouse_wang_liver	ENSMUST00000082437.11	Selenof	annotated	start	10	0	0	-1	C				0	6.8427747e-05	0	6.8427748e-05
mouse_wang_liver	ENSMUST00000082437.11	Selenof	annotated	start	11	0	0	-1	T				0	1.3619984e-06	0	1.3619984e-06
mouse_wang_liver	ENSMUST00000082437.11	Selenof	annotated	start	12	0	0	-1	G				0	4.9692189e-06	0	4.969219e-06
mouse_wang_liver	ENSMUST00000082437.11	Selenof	annotated	start	13	0	0	-1	A				0	9.6872674e-05	0	9.6872675e-05
mouse_wang_liver	ENSMUST00000082437.11	Selenof	annotated	start	14	0	0	-1	T				0	2.0137453e-05	0	2.0137453e-05
mouse_wang_liver	ENSMUST00000082437.11	Selenof	annotated	start	15	0	0	-1	G				0	2.9513294e-05	0	2.9513294e-05
mouse_wang_liver	ENSMUST00000082437.11	Selenof	annotated	start	16	0	0	-1	G				0	6.1330982e-05	0	6.1330982e-05
mouse_wang_liver	ENSMUST00000082437.11	Selenof	annotated	start	17	0	0	-1	C				1	3.4470329e-05	0.00028121485	3.447033e-05
mouse_wang_liver	ENSMUST00000082437.11	Selenof	annotated	start	18	0	0	-1	C				0	1.7758195e-05	0	1.7758195e-05
mouse_wang_liver	ENSMUST00000082437.11	Selenof	annotated	start	19	0	0	-1	G				0	0.00024933246	0	0.00024933246
mouse_wang_liver	ENSMUST00000082437.11	Selenof	annotated	start	20	0	0	-1	A				0	1.6978147e-05	0	1.6978147e-05
mouse_wang_liver	ENSMUST00000082437.11	Selenof	annotated	start	21	0	0	-1	G				2	0.00010290852	0.0005624297	0.00010290852
mouse_wang_liver	ENSMUST00000082437.11	Selenof	annotated	start	22	0	0	-1	C				1	0.0011914083	0.00028121485	0.0011914083
mouse_wang_liver	ENSMUST00000082437.11	Selenof	annotated	start	23	0	0	-1	T				0	0.00016073124	0	0.00016073124
mouse_wang_liver	ENSMUST00000082437.11	Selenof	annotated	start	24	0	0	-1	G				0	0.00015373986	0	0.00015373986
mouse_wang_liver	ENSMUST00000082437.11	Selenof	annotated	start	25	0	0	-1	G				0	0.002471911	0	0.002471911
mouse_wang_liver	ENSMUST00000082437.11	Selenof	annotated	start	26	0	0	-1	G				0	0.00046906775	0	0.00046906775
mouse_wang_liver	ENSMUST00000082437.11	Selenof	annotated	start	27	0	0	-1	G				0	3.3022447e-05	0	3.3022447e-05
mouse_wang_liver	ENSMUST00000082437.11	Selenof	annotated	start	28	0	0	-1	C				0	0.0020170494	0	0.0020170494
mouse_wang_liver	ENSMUST00000082437.11	Selenof	annotated	start	29	0	0	-1	T				0	1.1555522e-05	0	1.1555522e-05
mouse_wang_liver	ENSMUST00000082437.11	Selenof	annotated	start	30	0	0	-1	T				0	4.5019888e-06	0	4.5019888e-06
mouse_wang_liver	ENSMUST00000082437.11	Selenof	annotated	start	31	0	0	-1	C				0	0.0002431241	0	0.0002431241
mouse_wang_liver	ENSMUST00000082437.11	Selenof	annotated	start	32	0	0	-1	G				0	3.6314574e-05	0	3.6314574e-05
mouse_wang_liver	ENSMUST00000082437.11	Selenof	annotated	start	33	0	0	-1	T				0	4.249817e-05	0	4.249817e-05
mouse_wang_liver	ENSMUST00000082437.11	Selenof	annotated	start	34	0	0	-1	G				0	0.00062264228	0	0.00062264229
mouse_wang_liver	ENSMUST00000082437.11	Selenof	annotated	start	35	0	0	-1	G				0	0.00028969033	0	0.00028969033
mouse_wang_liver	ENSMUST00000082437.11	Selenof	annotated	start	36	0	0	-1	A				0	5.7586891e-05	0	5.7586891e-05
mouse_wang_liver	ENSMUST00000082437.11	Selenof	annotated	start	37	0	0	-1	T				0	2.2284814e-05	0	2.2284814e-05
mouse_wang_liver	ENSMUST00000082437.11	Selenof	annotated	start	38	0	0	-1	A				0	7.7515615e-06	0	7.7515615e-06
mouse_wang_liver	ENSMUST00000082437.11	Selenof	annotated	start	39	0	0	-1	G				0	5.4599677e-06	0	5.4599677e-06
mouse_wang_liver	ENSMUST00000082437.11	Selenof	annotated	start	40	0	0	-1	C				0	2.5123431e-06	0	2.5123432e-06
mouse_wang_liver	ENSMUST00000082437.11	Selenof	annotated	start	41	0	0	-1	C				0	3.807067e-05	0	3.807067e-05
mouse_wang_liver	ENSMUST00000082437.11	Selenof	annotated	start	42	0	0	-1	G				0	1.3258658e-05	0	1.3258658e-05
mouse_wang_liver	ENSMUST00000082437.11	Selenof	annotated	start	43	0	0	-1	A				0	0.00013308604	0	0.00013308604
mouse_wang_liver	ENSMUST00000082437.11	Selenof	annotated	start	44	0	0	-1	T				0	6.4176136e-05	0	6.4176136e-05
mouse_wang_liver	ENSMUST00000082437.11	Selenof	annotated	start	45	0	0	-1	T				0	9.086886e-05	0	9.086886e-05
mouse_wang_liver	ENSMUST00000082437.11	Selenof	annotated	start	46	0	0	-1	G				1	8.1774291e-05	0.00028121485	8.1774291e-05
mouse_wang_liver	ENSMUST00000082437.11	Selenof	annotated	start	47	0	0	-1	A				4	0.0013001519	0.0011248594	0.0013001519
mouse_wang_liver	ENSMUST00000082437.11	Selenof	annotated	start	48	0	0	-1	A				12	0.0018925256	0.0033745782	0.0018925256
mouse_wang_liver	ENSMUST00000082437.11	Selenof	annotated	start	49	0	0	-1	T				1	0.00040244844	0.00028121485	0.00040244844
mouse_wang_liver	ENSMUST00000082437.11	Selenof	annotated	start	50	0	0	-1	G				0	0.00015170012	0	0.00015170012
mouse_wang_liver	ENSMUST00000082437.11	Selenof	annotated	start	51	0	0	-1	T				1	0.00012366216	0.00028121485	0.00012366216
mouse_wang_liver	ENSMUST00000082437.11	Selenof	annotated	start	52	0	0	-1	C				0	0.00024042252	0	0.00024042252
mouse_wang_liver	ENSMUST00000082437.11	Selenof	annotated	start	53	0	0	-1	G				0	5.2872427e-05	0	5.2872427e-05
mouse_wang_liver	ENSMUST00000082437.11	Selenof	annotated	start	54	0	0	-1	T				0	4.7166131e-06	0	4.7166132e-06
mouse_wang_liver	ENSMUST00000082437.11	Selenof	annotated	start	55	0	0	-1	G				0	3.6853621e-06	0	3.6853621e-06
mouse_wang_liver	ENSMUST00000082437.11	Selenof	annotated	start	56	0	0	-1	A				0	3.3055589e-05	0	3.3055589e-05
mouse_wang_liver	ENSMUST00000082437.11	Selenof	annotated	start	57	0	0	-1	A				0	3.7721591e-05	0	3.7721591e-05
mouse_wang_liver	ENSMUST00000082437.11	Selenof	annotated	start	58	0	0	-1	T				0	2.4346391e-05	0	2.4346391e-05
mouse_wang_liver	ENSMUST00000082437.11	Selenof	annotated	start	59	0	0	-1	A				0	2.1782211e-05	0	2.1782211e-05
mouse_wang_liver	ENSMUST00000082437.11	Selenof	annotated	start	60	0	0	-1	A				0	5.6144122e-06	0	5.6144122e-06
mouse_wang_liver	ENSMUST00000082437.11	Selenof	annotated	start	61	0	0	-1	G				0	2.6231135e-06	0	2.6231135e-06
mouse_wang_liver	ENSMUST00000082437.11	Selenof	annotated	start	62	0	0	-1	A				0	1.9459567e-05	0	1.9459567e-05
mouse_wang_liver	ENSMUST00000082437.11	Selenof	annotated	start	63	0	0	-1	A				0	2.3187913e-06	0	2.3187913e-06
mouse_wang_liver	ENSMUST00000082437.11	Selenof	annotated	start	64	0	0	-1	G				0	1.3647368e-06	0	1.3647368e-06
mouse_wang_liver	ENSMUST00000082437.11	Selenof	annotated	start	65	0	0	-1	C				0	1.8096074e-06	0	1.8096074e-06
mouse_wang_liver	ENSMUST00000082437.11	Selenof	annotated	start	66	0	0	-1	C				0	1.0104163e-06	0	1.0104163e-06
mouse_wang_liver	ENSMUST00000082437.11	Selenof	annotated	start	67	0	0	-1	C				0	1.5773654e-06	0	1.5773654e-06
mouse_wang_liver	ENSMUST00000082437.11	Selenof	annotated	start	68	0	0	-1	C				0	9.0776912e-06	0	9.0776912e-06
mouse_wang_liver	ENSMUST00000082437.11	Selenof	annotated	start	69	0	0	-1	G				0	1.3138853e-05	0	1.3138853e-05
mouse_wang_liver	ENSMUST00000082437.11	Selenof	annotated	start	70	0	0	-1	G				0	4.1570271e-05	0	4.1570271e-05
mouse_wang_liver	ENSMUST00000082437.11	Selenof	annotated	start	71	0	0	-1	T				0	4.3199703e-05	0	4.3199703e-05
mouse_wang_liver	ENSMUST00000082437.11	Selenof	annotated	start	72	0	0	-1	G				0	0.00013426422	0	0.00013426422
mouse_wang_liver	ENSMUST00000082437.11	Selenof	annotated	start	73	0	0	-1	T				0	1.6476892e-05	0	1.6476892e-05
mouse_wang_liver	ENSMUST00000082437.11	Selenof	annotated	start	74	0	0	-1	G				0	2.0167136e-06	0	2.0167136e-06
mouse_wang_liver	ENSMUST00000082437.11	Selenof	annotated	start	75	0	0	-1	G				0	1.6697743e-06	0	1.6697743e-06
mouse_wang_liver	ENSMUST00000082437.11	Selenof	annotated	start	76	0	0	-1	G				0	1.329068e-06	0	1.329068e-06
mouse_wang_liver	ENSMUST00000082437.11	Selenof	annotated	start	77	0	0	-1	G				0	1.1540053e-06	0	1.1540053e-06
mouse_wang_liver	ENSMUST00000082437.11	Selenof	annotated	start	78	0	0	-1	A				0	2.7347537e-06	0	2.7347537e-06
mouse_wang_liver	ENSMUST00000082437.11	Selenof	annotated	start	79	0	0	-1	G				0	6.9919543e-06	0	6.9919543e-06
mouse_wang_liver	ENSMUST00000082437.11	Selenof	annotated	start	80	0	0	-1	T				0	8.0650079e-06	0	8.065008e-06
mouse_wang_liver	ENSMUST00000082437.11	Selenof	annotated	start	81	0	0	-1	T				0	4.4932193e-07	0	4.4932193e-07
mouse_wang_liver	ENSMUST00000082437.11	Selenof	annotated	start	82	0	0	-1	T				0	1.7677476e-07	0	1.7677476e-07
mouse_wang_liver	ENSMUST00000082437.11	Selenof	annotated	start	83	0	0	-1	A				0	1.0162911e-06	0	1.0162911e-06
mouse_wang_liver	ENSMUST00000082437.11	Selenof	annotated	start	84	0	0	-1	G				0	1.744795e-07	0	1.744795e-07
mouse_wang_liver	ENSMUST00000082437.11	Selenof	annotated	start	85	0	0	-1	G				0	6.7702035e-07	0	6.7702036e-07
mouse_wang_liver	ENSMUST00000082437.11	Selenof	annotated	start	86	0	0	-1	A				0	2.6582693e-06	0	2.6582693e-06
mouse_wang_liver	ENSMUST00000082437.11	Selenof	annotated	start	87	0	0	-1	A				0	9.1280117e-07	0	9.1280117e-07
mouse_wang_liver	ENSMUST00000082437.11	Selenof	annotated	start	88	0	0	-1	A				2	1.2893894e-05	0.0005624297	1.2893894e-05
mouse_wang_liver	ENSMUST00000082437.11	Selenof	annotated	start	89	0	0	-1	A				8	7.956606e-05	0.0022497188	7.956606e-05
mouse_wang_liver	ENSMUST00000082437.11	Selenof	annotated	start	90	0	0	-1	T				0	2.4753231e-06	0	2.4753231e-06
mouse_wang_liver	ENSMUST00000082437.11	Selenof	annotated	start	91	0	0	-1	G				0	1.6079026e-06	0	1.6079026e-06
mouse_wang_liver	ENSMUST00000082437.11	Selenof	annotated	start	92	0	0	-1	C				2	7.6428851e-06	0.0005624297	7.6428851e-06
mouse_wang_liver	ENSMUST00000082437.11	Selenof	annotated	start	93	0	0	-1	C				0	3.4977131e-06	0	3.4977131e-06
mouse_wang_liver	ENSMUST00000082437.11	Selenof	annotated	start	94	0	0	-1	T				0	3.7458228e-06	0	3.7458228e-06
mouse_wang_liver	ENSMUST00000082437.11	Selenof	annotated	start	95	0	0	-1	A				1	4.1516549e-05	0.00028121485	4.1516549e-05
mouse_wang_liver	ENSMUST00000082437.11	Selenof	annotated	start	96	0	0	-1	A				0	2.1868007e-05	0	2.1868007e-05
mouse_wang_liver	ENSMUST00000082437.11	Selenof	annotated	start	97	0	0	-1	T				0	2.3187175e-05	0	2.3187175e-05
mouse_wang_liver	ENSMUST00000082437.11	Selenof	annotated	start	98	0	0	-1	T				0	0.00039174585	0	0.00039174585
mouse_wang_liver	ENSMUST00000082437.11	Selenof	annotated	start	99	0	0	-1	T				0	4.7961189e-06	0	4.7961189e-06
mouse_wang_liver	ENSMUST00000082437.11	Selenof	annotated	start	100	0	0	-1	G				1	3.2051244e-06	0.00028121485	3.2051244e-06
mouse_wang_liver	ENSMUST00000082437.11	Selenof	annotated	start	101	0	0	-1	A				9	6.8211725e-06	0.0025309336	6.8211725e-06
mouse_wang_liver	ENSMUST00000082437.11	Selenof	annotated	start	102	0	0	-1	A				0	6.0107232e-07	0	6.0107232e-07
mouse_wang_liver	ENSMUST00000082437.11	Selenof	annotated	start	103	0	0	-1	T				0	4.7046901e-06	0	4.7046901e-06
mouse_wang_liver	ENSMUST00000082437.11	Selenof	annotated	start	104	0	0	-1	C				0	7.673947e-06	0	7.6739471e-06
mouse_wang_liver	ENSMUST00000082437.11	Selenof	annotated	start	105	0	0	-1	T				0	6.9912876e-06	0	6.9912876e-06
mouse_wang_liver	ENSMUST00000082437.11	Selenof	annotated	start	106	0	0	-1	C				0	1.9092495e-06	0	1.9092495e-06
mouse_wang_liver	ENSMUST00000082437.11	Selenof	annotated	start	107	0	0	-1	T				0	2.2409263e-06	0	2.2409263e-06
mouse_wang_liver	ENSMUST00000082437.11	Selenof	annotated	start	108	0	0	-1	A				0	5.6409863e-07	0	5.6409863e-07
mouse_wang_liver	ENSMUST00000082437.11	Selenof	annotated	start	109	0	0	-1	A				0	3.6335964e-06	0	3.6335964e-06
mouse_wang_liver	ENSMUST00000082437.11	Selenof	annotated	start	110	0	0	-1	A				0	3.5784503e-06	0	3.5784503e-06
mouse_wang_liver	ENSMUST00000082437.11	Selenof	annotated	start	111	0	0	-1	A				0	2.2907977e-06	0	2.2907977e-06
mouse_wang_liver	ENSMUST00000082437.11	Selenof	annotated	start	112	0	0	-1	G				0	6.0689017e-06	0	6.0689017e-06
mouse_wang_liver	ENSMUST00000082437.11	Selenof	annotated	start	113	0	0	-1	A				0	1.0738766e-05	0	1.0738766e-05
mouse_wang_liver	ENSMUST00000082437.11	Selenof	annotated	start	114	0	0	-1	A				0	8.0721184e-06	0	8.0721184e-06
mouse_wang_liver	ENSMUST00000082437.11	Selenof	annotated	start	115	0	0	-1	C				0	2.0435737e-05	0	2.0435737e-05
mouse_wang_liver	ENSMUST00000082437.11	Selenof	annotated	start	116	0	0	-1	C				0	5.9403956e-05	0	5.9403956e-05
mouse_wang_liver	ENSMUST00000082437.11	Selenof	annotated	start	117	0	0	-1	T				0	5.6570757e-06	0	5.6570757e-06
mouse_wang_liver	ENSMUST00000082437.11	Selenof	annotated	start	118	0	0	-1	G				0	1.3614427e-06	0	1.3614427e-06
mouse_wang_liver	ENSMUST00000082437.11	Selenof	annotated	start	119	0	0	-1	A				0	6.6187611e-05	0	6.6187611e-05
mouse_wang_liver	ENSMUST00000082437.11	Selenof	annotated	start	120	0	0	-1	G				0	8.2661127e-06	0	8.2661127e-06
mouse_wang_liver	ENSMUST00000082437.11	Selenof	annotated	start	121	0	0	-1	G				0	1.2481921e-05	0	1.2481921e-05
mouse_wang_liver	ENSMUST00000082437.11	Selenof	annotated	start	122	0	0	-1	A				0	1.9999692e-05	0	1.9999692e-05
mouse_wang_liver	ENSMUST00000082437.11	Selenof	annotated	start	123	0	0	-1	C				0	0.00010715477	0	0.00010715477
mouse_wang_liver	ENSMUST00000082437.11	Selenof	annotated	start	124	0	0	-1	T				0	4.86475e-05	0	4.86475e-05
mouse_wang_liver	ENSMUST00000082437.11	Selenof	annotated	start	125	0	0	-1	G				0	4.2398136e-05	0	4.2398137e-05
mouse_wang_liver	ENSMUST00000082437.11	Selenof	annotated	start	126	0	0	-1	T				0	6.8717745e-06	0	6.8717746e-06
mouse_wang_liver	ENSMUST00000082437.11	Selenof	annotated	start	127	0	0	-1	T				0	5.7949087e-06	0	5.7949087e-06
mouse_wang_liver	ENSMUST00000082437.11	Selenof	annotated	start	128	0	0	-1	T				0	1.5554237e-07	0	1.5554237e-07
mouse_wang_liver	ENSMUST00000082437.11	Selenof	annotated	start	129	0	0	-1	A				0	9.2950762e-07	0	9.2950762e-07
mouse_wang_liver	ENSMUST00000082437.11	Selenof	annotated	start	130	0	0	-1	A				0	2.1360568e-06	0	2.1360568e-06
mouse_wang_liver	ENSMUST00000082437.11	Selenof	annotated	start	131	0	0	-1	C				0	9.9444674e-07	0	9.9444674e-07
mouse_wang_liver	ENSMUST00000082437.11	Selenof	annotated	start	132	0	0	-1	A				0	2.2521572e-06	0	2.2521572e-06
mouse_wang_liver	ENSMUST00000082437.11	Selenof	annotated	start	133	0	0	-1	A				0	0.00014010127	0	0.00014010127
mouse_wang_liver	ENSMUST00000082437.11	Selenof	annotated	start	134	0	0	-1	T				0	1.1453792e-05	0	1.1453793e-05
mouse_wang_liver	ENSMUST00000082437.11	Selenof	annotated	start	135	0	0	-1	C				0	3.3299332e-06	0	3.3299332e-06
mouse_wang_liver	ENSMUST00000082437.11	Selenof	annotated	start	136	0	0	-1	G				0	7.5214084e-06	0	7.5214084e-06
mouse_wang_liver	ENSMUST00000082437.11	Selenof	annotated	start	137	0	0	-1	A				0	7.6321558e-06	0	7.6321558e-06
mouse_wang_liver	ENSMUST00000082437.11	Selenof	annotated	start	138	0	0	-1	T				0	1.4690273e-06	0	1.4690273e-06
mouse_wang_liver	ENSMUST00000082437.11	Selenof	annotated	start	139	0	0	-1	C				0	3.8455696e-06	0	3.8455696e-06
mouse_wang_liver	ENSMUST00000082437.11	Selenof	annotated	start	140	0	0	-1	A				0	9.5863343e-06	0	9.5863343e-06
mouse_wang_liver	ENSMUST00000082437.11	Selenof	annotated	start	141	0	0	-1	C				0	5.2132077e-06	0	5.2132077e-06
mouse_wang_liver	ENSMUST00000082437.11	Selenof	annotated	start	142	0	0	-1	T				0	2.701142e-05	0	2.701142e-05
mouse_wang_liver	ENSMUST00000082437.11	Selenof	annotated	start	143	0	0	-1	T				0	4.3063201e-06	0	4.3063201e-06
mouse_wang_liver	ENSMUST00000082437.11	Selenof	annotated	start	144	0	0	-1	A				0	2.708447e-05	0	2.708447e-05
mouse_wang_liver	ENSMUST00000082437.11	Selenof	annotated	start	145	0	0	-1	C				0	1.376361e-05	0	1.376361e-05
mouse_wang_liver	ENSMUST00000082437.11	Selenof	annotated	start	146	0	0	-1	A				0	3.5483345e-06	0	3.5483345e-06
mouse_wang_liver	ENSMUST00000082437.11	Selenof	annotated	start	147	0	0	-1	G				0	2.8869056e-06	0	2.8869056e-06
mouse_wang_liver	ENSMUST00000082437.11	Selenof	annotated	start	148	0	0	-1	G				0	6.2040649e-06	0	6.2040649e-06
mouse_wang_liver	ENSMUST00000082437.11	Selenof	annotated	start	149	0	0	-1	C				0	7.9592996e-07	0	7.9592997e-07
mouse_wang_liver	ENSMUST00000082437.11	Selenof	annotated	start	150	0	0	-1	T				0	7.4477924e-07	0	7.4477925e-07
mouse_wang_liver	ENSMUST00000082437.11	Selenof	annotated	start	151	0	0	-1	C				0	1.9365223e-05	0	1.9365223e-05
mouse_wang_liver	ENSMUST00000082437.11	Selenof	annotated	start	152	0	0	-1	C				0	2.6540592e-06	0	2.6540593e-06
mouse_wang_liver	ENSMUST00000082437.11	Selenof	annotated	start	153	0	0	-1	C				2	1.2891608e-05	0.0005624297	1.2891608e-05
mouse_wang_liver	ENSMUST00000082437.11	Selenof	annotated	start	154	0	0	-1	A				6	0.00015186094	0.0016872891	0.00015186094
mouse_wang_liver	ENSMUST00000082437.11	Selenof	annotated	start	155	0	0	-1	T				1	5.9172448e-06	0.00028121485	5.9172449e-06
mouse_wang_liver	ENSMUST00000082437.11	Selenof	annotated	start	156	0	0	-1	G				0	7.4123104e-06	0	7.4123105e-06
mouse_wang_liver	ENSMUST00000082437.11	Selenof	annotated	start	157	0	0	-1	G				0	4.6391491e-05	0	4.6391491e-05
mouse_wang_liver	ENSMUST00000082437.11	Selenof	annotated	start	158	0	0	-1	T				0	3.9169799e-06	0	3.91698e-06
mouse_wang_liver	ENSMUST00000082437.11	Selenof	annotated	start	159	0	0	-1	C				0	2.7412138e-06	0	2.7412139e-06
mouse_wang_liver	ENSMUST00000082437.11	Selenof	annotated	start	160	0	0	-1	G				0	1.8012164e-05	0	1.8012164e-05
mouse_wang_liver	ENSMUST00000082437.11	Selenof	annotated	start	161	0	0	-1	C				0	1.7363932e-06	0	1.7363932e-06
mouse_wang_liver	ENSMUST00000082437.11	Selenof	annotated	start	162	0	0	-1	C				0	3.156779e-06	0	3.156779e-06
mouse_wang_liver	ENSMUST00000082437.11	Selenof	annotated	start	163	0	0	-1	T				0	1.199168e-06	0	1.199168e-06
mouse_wang_liver	ENSMUST00000082437.11	Selenof	annotated	start	164	0	0	-1	A				0	9.2849763e-07	0	9.2849763e-07
mouse_wang_liver	ENSMUST00000082437.11	Selenof	annotated	start	165	0	0	-1	A				0	1.6526959e-06	0	1.6526959e-06
mouse_wang_liver	ENSMUST00000082437.11	Selenof	annotated	start	166	0	0	-1	C				0	2.7634853e-06	0	2.7634853e-06
mouse_wang_liver	ENSMUST00000082437.11	Selenof	annotated	start	167	0	0	-1	T				0	1.0692997e-06	0	1.0692997e-06
mouse_wang_liver	ENSMUST00000082437.11	Selenof	annotated	start	168	0	0	-1	A				0	3.6298488e-06	0	3.6298488e-06
mouse_wang_liver	ENSMUST00000082437.11	Selenof	annotated	start	169	0	0	-1	A				0	1.2397336e-05	0	1.2397336e-05
mouse_wang_liver	ENSMUST00000082437.11	Selenof	annotated	start	170	0	0	-1	C				0	1.0066855e-06	0	1.0066855e-06
mouse_wang_liver	ENSMUST00000082437.11	Selenof	annotated	start	171	0	0	-1	A				0	1.0439604e-05	0	1.0439604e-05
mouse_wang_liver	ENSMUST00000082437.11	Selenof	annotated	start	172	0	0	-1	C				0	2.7954659e-06	0	2.7954659e-06
mouse_wang_liver	ENSMUST00000082437.11	Selenof	annotated	start	173	0	0	-1	T				0	1.483462e-06	0	1.483462e-06
mouse_wang_liver	ENSMUST00000082437.11	Selenof	annotated	start	174	0	0	-1	C				0	3.6106012e-06	0	3.6106012e-06
mouse_wang_liver	ENSMUST00000082437.11	Selenof	annotated	start	175	0	0	-1	G				0	3.3990996e-06	0	3.3990996e-06
mouse_wang_liver	ENSMUST00000082437.11	Selenof	annotated	start	176	0	0	-1	T				0	4.2389829e-06	0	4.2389829e-06
mouse_wang_liver	ENSMUST00000082437.11	Selenof	annotated	start	177	0	0	-1	C				0	4.3405777e-05	0	4.3405777e-05
mouse_wang_liver	ENSMUST00000082437.11	Selenof	annotated	start	178	0	0	-1	T				0	4.0923642e-05	0	4.0923642e-05
mouse_wang_liver	ENSMUST00000082437.11	Selenof	annotated	start	179	0	0	-1	T				0	6.998529e-05	0	6.998529e-05
mouse_wang_liver	ENSMUST00000082437.11	Selenof	annotated	start	180	0	0	-1	T				0	8.0123144e-05	0	8.0123144e-05
mouse_wang_liver	ENSMUST00000082437.11	Selenof	annotated	start	181	0	0	-1	G				0	4.0015046e-05	0	4.0015046e-05
mouse_wang_liver	ENSMUST00000082437.11	Selenof	annotated	start	182	0	0	-1	T				0	8.518703e-06	0	8.518703e-06
mouse_wang_liver	ENSMUST00000082437.11	Selenof	annotated	start	183	0	0	-1	G				0	6.0115744e-06	0	6.0115745e-06
mouse_wang_liver	ENSMUST00000082437.11	Selenof	annotated	start	184	0	0	-1	G				0	1.5596794e-05	0	1.5596794e-05
mouse_wang_liver	ENSMUST00000082437.11	Selenof	annotated	start	185	0	0	-1	G				0	3.7524874e-06	0	3.7524874e-06
mouse_wang_liver	ENSMUST00000082437.11	Selenof	annotated	start	186	0	0	-1	A				0	1.6247513e-05	0	1.6247514e-05
mouse_wang_liver	ENSMUST00000082437.11	Selenof	annotated	start	187	0	0	-1	T				0	2.158632e-06	0	2.158632e-06
mouse_wang_liver	ENSMUST00000082437.11	Selenof	annotated	start	188	0	0	-1	A				0	2.5540494e-06	0	2.5540494e-06
mouse_wang_liver	ENSMUST00000082437.11	Selenof	annotated	start	189	0	0	-1	A				0	2.732965e-06	0	2.732965e-06
mouse_wang_liver	ENSMUST00000082437.11	Selenof	annotated	start	190	0	0	-1	T				0	1.1660973e-06	0	1.1660973e-06
mouse_wang_liver	ENSMUST00000082437.11	Selenof	annotated	start	191	0	0	-1	A				0	3.4444417e-06	0	3.4444418e-06
mouse_wang_liver	ENSMUST00000082437.11	Selenof	annotated	start	192	0	0	-1	G				0	1.7364031e-06	0	1.7364031e-06
mouse_wang_liver	ENSMUST00000082437.11	Selenof	annotated	start	193	0	0	-1	G				0	2.2687909e-06	0	2.2687909e-06
mouse_wang_liver	ENSMUST00000082437.11	Selenof	annotated	start	194	0	0	-1	C				0	9.3152257e-06	0	9.3152258e-06
mouse_wang_liver	ENSMUST00000082437.11	Selenof	annotated	start	195	0	0	-1	T				0	3.0611434e-06	0	3.0611434e-06
mouse_wang_liver	ENSMUST00000082437.11	Selenof	annotated	start	196	0	0	-1	T				0	6.7516503e-06	0	6.7516503e-06
mouse_wang_liver	ENSMUST00000082437.11	Selenof	annotated	start	197	0	0	-1	G				0	6.6703446e-06	0	6.6703447e-06
mouse_wang_liver	ENSMUST00000082437.11	Selenof	annotated	start	198	0	0	-1	T				0	7.5888843e-06	0	7.5888843e-06
mouse_wang_liver	ENSMUST00000082437.11	Selenof	annotated	start	199	0	0	-1	A				0	1.7566903e-06	0	1.7566903e-06
mouse_wang_liver	ENSMUST00000082437.11	Selenof	annotated	start	200	0	0	-1	G				0	2.9474743e-06	0	2.9474743e-06
mouse_wang_liver	ENSMUST00000082437.11	Selenof	annotated	start	201	0	0	-1	C				0	9.2047816e-07	0	9.2047816e-07
mouse_wang_liver	ENSMUST00000082437.11	Selenof	annotated	start	202	0	0	-1	A				0	1.9113511e-05	0	1.9113511e-05
mouse_wang_liver	ENSMUST00000082437.11	Selenof	annotated	start	203	0	0	-1	G				0	0.00028907022	0	0.00028907022
mouse_wang_liver	ENSMUST00000082437.11	Selenof	annotated	start	204	0	0	-1	T				0	6.1259343e-06	0	6.1259343e-06
mouse_wang_liver	ENSMUST00000082437.11	Selenof	annotated	start	205	0	0	-1	G				0	8.9592013e-06	0	8.9592013e-06
mouse_wang_liver	ENSMUST00000082437.11	Selenof	annotated	start	206	0	0	-1	G				0	3.8955022e-05	0	3.8955022e-05
mouse_wang_liver	ENSMUST00000082437.11	Selenof	annotated	start	207	0	0	-1	C				0	8.361445e-06	0	8.361445e-06
mouse_wang_liver	ENSMUST00000082437.11	Selenof	annotated	start	208	0	0	-1	C				0	2.0480104e-05	0	2.0480104e-05
mouse_wang_liver	ENSMUST00000082437.11	Selenof	annotated	start	209	0	0	-1	T				0	7.586033e-06	0	7.586033e-06
mouse_wang_liver	ENSMUST00000082437.11	Selenof	annotated	start	210	0	0	-1	T				0	1.0411595e-05	0	1.0411595e-05
mouse_wang_liver	ENSMUST00000082437.11	Selenof	annotated	start	211	0	0	-1	T				0	7.5414832e-06	0	7.5414833e-06
mouse_wang_liver	ENSMUST00000082437.11	Selenof	annotated	start	212	0	0	-1	C				0	9.9122426e-06	0	9.9122426e-06
mouse_wang_liver	ENSMUST00000082437.11	Selenof	annotated	start	213	0	0	-1	G				0	5.6067179e-06	0	5.6067179e-06
mouse_wang_liver	ENSMUST00000082437.11	Selenof	annotated	start	214	0	0	-1	C				0	3.30545e-06	0	3.30545e-06
mouse_wang_liver	ENSMUST00000082437.11	Selenof	annotated	start	215	0	0	-1	G				0	3.4418215e-06	0	3.4418215e-06
mouse_wang_liver	ENSMUST00000082437.11	Selenof	annotated	start	216	0	0	-1	G				0	3.9947231e-06	0	3.9947231e-06
mouse_wang_liver	ENSMUST00000082437.11	Selenof	annotated	start	217	0	0	-1	C				0	1.1097453e-06	0	1.1097453e-06
mouse_wang_liver	ENSMUST00000082437.11	Selenof	annotated	start	218	0	0	-1	G				0	1.9816543e-06	0	1.9816544e-06
mouse_wang_liver	ENSMUST00000082437.11	Selenof	annotated	start	219	0	0	-1	G				0	2.9335595e-06	0	2.9335595e-06
mouse_wang_liver	ENSMUST00000082437.11	Selenof	annotated	start	220	0	0	-1	G				0	5.4753655e-06	0	5.4753655e-06
mouse_wang_liver	ENSMUST00000082437.11	Selenof	annotated	start	221	0	0	-1	T				0	6.3866159e-05	0	6.3866159e-05
mouse_wang_liver	ENSMUST00000082437.11	Selenof	annotated	start	222	0	0	-1	T				0	5.7657144e-06	0	5.7657144e-06
mouse_wang_liver	ENSMUST00000082437.11	Selenof	annotated	start	223	0	0	-1	T				0	2.1252347e-06	0	2.1252347e-06
mouse_wang_liver	ENSMUST00000082437.11	Selenof	annotated	start	224	0	0	-1	C				0	3.0255783e-06	0	3.0255783e-06
mouse_wang_liver	ENSMUST00000082437.11	Selenof	annotated	start	225	0	0	-1	G				0	1.2284347e-06	0	1.2284347e-06
mouse_wang_liver	ENSMUST00000082437.11	Selenof	annotated	start	226	0	0	-1	C				0	3.3681956e-06	0	3.3681956e-06
mouse_wang_liver	ENSMUST00000082437.11	Selenof	annotated	start	227	0	0	-1	G				0	2.0196064e-06	0	2.0196064e-06
mouse_wang_liver	ENSMUST00000082437.11	Selenof	annotated	start	228	0	0	-1	T				0	6.4255837e-06	0	6.4255837e-06
mouse_wang_liver	ENSMUST00000082437.11	Selenof	annotated	start	229	0	0	-1	C				0	2.0367988e-05	0	2.0367988e-05
mouse_wang_liver	ENSMUST00000082437.11	Selenof	annotated	start	230	0	0	-1	A				0	7.8065341e-06	0	7.8065341e-06
mouse_wang_liver	ENSMUST00000082437.11	Selenof	annotated	start	231	0	0	-1	G				0	1.5046196e-05	0	1.5046196e-05
mouse_wang_liver	ENSMUST00000082437.11	Selenof	annotated	start	232	0	0	-1	G				0	5.2401818e-05	0	5.2401818e-05
mouse_wang_liver	ENSMUST00000082437.11	Selenof	annotated	start	233	0	0	-1	C				0	1.9465988e-05	0	1.9465988e-05
mouse_wang_liver	ENSMUST00000082437.11	Selenof	annotated	start	234	0	0	-1	A				0	3.1431602e-05	0	3.1431602e-05
mouse_wang_liver	ENSMUST00000082437.11	Selenof	annotated	start	235	0	0	-1	G				0	3.5942601e-05	0	3.5942601e-05
mouse_wang_liver	ENSMUST00000082437.11	Selenof	annotated	start	236	0	0	-1	T				2	2.3936793e-05	0.0005624297	2.3936793e-05
mouse_wang_liver	ENSMUST00000082437.11	Selenof	annotated	start	237	0	0	-1	G				0	1.6884722e-05	0	1.6884722e-05
mouse_wang_liver	ENSMUST00000082437.11	Selenof	annotated	start	238	0	0	-1	C				0	1.5709889e-05	0	1.5709889e-05
mouse_wang_liver	ENSMUST00000082437.11	Selenof	annotated	start	239	0	0	-1	A				0	6.8271438e-05	0	6.8271438e-05
mouse_wang_liver	ENSMUST00000082437.11	Selenof	annotated	start	240	0	0	-1	G				0	0.00011988296	0	0.00011988296
mouse_wang_liver	ENSMUST00000082437.11	Selenof	annotated	start	241	0	0	-1	T				1	4.0402221e-05	0.00028121485	4.0402221e-05
mouse_wang_liver	ENSMUST00000082437.11	Selenof	annotated	start	242	0	0	-1	G				0	1.905405e-05	0	1.905405e-05
mouse_wang_liver	ENSMUST00000082437.11	Selenof	annotated	start	243	0	0	-1	G				0	4.2936757e-05	0	4.2936758e-05
mouse_wang_liver	ENSMUST00000082437.11	Selenof	annotated	start	244	0	0	-1	A				0	2.8373779e-05	0	2.8373779e-05
mouse_wang_liver	ENSMUST00000082437.11	Selenof	annotated	start	245	0	0	-1	C				0	3.0967385e-05	0	3.0967385e-05
mouse_wang_liver	ENSMUST00000082437.11	Selenof	annotated	start	246	0	0	-1	G				0	0.00010823637	0	0.00010823637
mouse_wang_liver	ENSMUST00000082437.11	Selenof	annotated	start	247	0	0	-1	T				0	4.9914401e-05	0	4.9914401e-05
mouse_wang_liver	ENSMUST00000082437.11	Selenof	annotated	start	248	0	0	-1	C				0	3.2296077e-05	0	3.2296077e-05
mouse_wang_liver	ENSMUST00000082437.11	Selenof	annotated	start	249	0	0	-1	C				0	8.2504601e-05	0	8.2504601e-05
mouse_wang_liver	ENSMUST00000082437.11	Selenof	annotated	start	250	0	0	-1	C				0	4.3877676e-06	0	4.3877676e-06
mouse_wang_liver	ENSMUST00000082437.11	Selenof	annotated	start	251	0	0	-1	C				0	3.2987224e-05	0	3.2987224e-05
mouse_wang_liver	ENSMUST00000082437.11	Selenof	annotated	start	252	0	0	-1	G				0	0.00014186242	0	0.00014186242
mouse_wang_liver	ENSMUST00000082437.11	Selenof	annotated	start	253	0	0	-1	G				0	6.251505e-05	0	6.251505e-05
mouse_wang_liver	ENSMUST00000082437.11	Selenof	annotated	start	254	0	0	-1	C				0	6.1412011e-06	0	6.1412011e-06
mouse_wang_liver	ENSMUST00000082437.11	Selenof	annotated	start	255	0	0	-1	A				0	0.00029921439	0	0.00029921439
mouse_wang_liver	ENSMUST00000082437.11	Selenof	annotated	start	256	0	0	-1	C				0	2.409678e-05	0	2.409678e-05
mouse_wang_liver	ENSMUST00000082437.11	Selenof	annotated	start	257	0	0	-1	A				0	4.926967e-06	0	4.926967e-06
mouse_wang_liver	ENSMUST00000082437.11	Selenof	annotated	start	258	0	0	-1	G				0	8.1804592e-06	0	8.1804592e-06
mouse_wang_liver	ENSMUST00000082437.11	Selenof	annotated	start	259	0	0	-1	G				0	4.4924163e-06	0	4.4924164e-06
mouse_wang_liver	ENSMUST00000082437.11	Selenof	annotated	start	260	0	0	-1	G				0	2.063513e-06	0	2.063513e-06
mouse_wang_liver	ENSMUST00000082437.11	Selenof	annotated	start	261	0	0	-1	G				0	2.6704161e-05	0	2.6704162e-05
mouse_wang_liver	ENSMUST00000082437.11	Selenof	annotated	start	262	0	0	-1	T				0	1.012007e-05	0	1.012007e-05
mouse_wang_liver	ENSMUST00000082437.11	Selenof	annotated	start	263	0	0	-1	C				0	6.6797788e-06	0	6.6797789e-06
mouse_wang_liver	ENSMUST00000082437.11	Selenof	annotated	start	264	0	0	-1	C				0	2.5223075e-05	0	2.5223075e-05
mouse_wang_liver	ENSMUST00000082437.11	Selenof	annotated	start	265	0	0	-1	T				0	1.813159e-06	0	1.813159e-06
mouse_wang_liver	ENSMUST00000082437.11	Selenof	annotated	start	266	0	0	-1	C				0	8.7904327e-06	0	8.7904328e-06
mouse_wang_liver	ENSMUST00000082437.11	Selenof	annotated	start	267	0	0	-1	A				0	3.1058717e-05	0	3.1058717e-05
mouse_wang_liver	ENSMUST00000082437.11	Selenof	annotated	start	268	0	0	-1	G				0	1.6036827e-05	0	1.6036827e-05
mouse_wang_liver	ENSMUST00000082437.11	Selenof	annotated	start	269	0	0	-1	A				0	6.6363828e-05	0	6.6363828e-05
mouse_wang_liver	ENSMUST00000082437.11	Selenof	annotated	start	270	0	0	-1	C				0	9.5335645e-06	0	9.5335645e-06
mouse_wang_liver	ENSMUST00000082437.11	Selenof	annotated	start	271	0	0	-1	C				0	3.5320565e-05	0	3.5320565e-05
mouse_wang_liver	ENSMUST00000082437.11	Selenof	annotated	start	272	0	0	-1	C				0	2.9140995e-06	0	2.9140995e-06
mouse_wang_liver	ENSMUST00000082437.11	Selenof	annotated	start	273	0	0	-1	C				0	0.00013805092	0	0.00013805092
mouse_wang_liver	ENSMUST00000082437.11	Selenof	annotated	start	274	0	0	-1	T				0	9.4228371e-06	0	9.4228372e-06
mouse_wang_liver	ENSMUST00000082437.11	Selenof	annotated	start	275	0	0	-1	G				3	1.4647968e-06	0.00084364454	1.4647968e-06
mouse_wang_liver	ENSMUST00000082437.11	Selenof	annotated	start	276	0	0	-1	A				0	1.2184803e-05	0	1.2184803e-05
mouse_wang_liver	ENSMUST00000082437.11	Selenof	annotated	start	277	0	0	-1	A				0	4.2443871e-06	0	4.2443871e-06
mouse_wang_liver	ENSMUST00000082437.11	Selenof	annotated	start	278	0	0	-1	G				0	8.4758802e-05	0	8.4758802e-05
mouse_wang_liver	ENSMUST00000082437.11	Selenof	annotated	start	279	0	0	-1	A				0	0.00017649826	0	0.00017649826
mouse_wang_liver	ENSMUST00000082437.11	Selenof	annotated	start	280	0	0	-1	T				0	0.00012292271	0	0.00012292271
mouse_wang_liver	ENSMUST00000082437.11	Selenof	annotated	start	281	0	0	-1	T				0	7.9410507e-05	0	7.9410507e-05
mouse_wang_liver	ENSMUST00000082437.11	Selenof	annotated	start	282	0	0	-1	G				0	0.00033484062	0	0.00033484062
mouse_wang_liver	ENSMUST00000082437.11	Selenof	annotated	start	283	0	0	-1	A				3	0.00017202209	0.00084364454	0.00017202209
mouse_wang_liver	ENSMUST00000082437.11	Selenof	annotated	start	284	0	0	-1	C				1	0.00015199525	0.00028121485	0.00015199525
mouse_wang_liver	ENSMUST00000082437.11	Selenof	annotated	start	285	0	0	-1	G				0	0.00071922038	0	0.00071922038
mouse_wang_liver	ENSMUST00000082437.11	Selenof	annotated	start	286	0	0	-1	G				1	0.00024368377	0.00028121485	0.00024368377
mouse_wang_liver	ENSMUST00000082437.11	Selenof	annotated	start	287	0	0	-1	C				0	0.00018540907	0	0.00018540907
mouse_wang_liver	ENSMUST00000082437.11	Selenof	annotated	start	288	0	0	-1	A				0	0.0013907332	0	0.0013907332
mouse_wang_liver	ENSMUST00000082437.11	Selenof	annotated	start	289	0	0	-1	G				0	0.00097194524	0	0.00097194524
mouse_wang_liver	ENSMUST00000082437.11	Selenof	annotated	start	290	0	0	-1	A				0	0.00027091405	0	0.00027091405
mouse_wang_liver	ENSMUST00000082437.11	Selenof	annotated	start	291	0	0	-1	C				1	0.00075029326	0.00028121485	0.00075029326
mouse_wang_liver	ENSMUST00000082437.11	Selenof	annotated	start	292	0	0	-1	C				0	0.00023107891	0	0.00023107891
mouse_wang_liver	ENSMUST00000082437.11	Selenof	annotated	start	293	0	0	-1	G				0	0.00012821115	0	0.00012821115
mouse_wang_liver	ENSMUST00000082437.11	Selenof	annotated	start	294	0	0	-1	C				0	0.00049264741	0	0.00049264741
mouse_wang_liver	ENSMUST00000082437.11	Selenof	annotated	start	295	0	0	-1	A				0	0.00022631054	0	0.00022631054
mouse_wang_liver	ENSMUST00000082437.11	Selenof	annotated	start	296	0	0	-1	G				0	0.00022846171	0	0.00022846171
mouse_wang_liver	ENSMUST00000082437.11	Selenof	annotated	start	297	0	0	-1	G				0	0.00020990612	0	0.00020990612
mouse_wang_liver	ENSMUST00000082437.11	Selenof	annotated	start	298	0	0	-1	G				0	0.00072282588	0	0.00072282588
mouse_wang_liver	ENSMUST00000082437.11	Selenof	annotated	start	299	1	1	0	A	ATG	M	0	0	0.0045449208	0	0.0045449208
mouse_wang_liver	ENSMUST00000082437.11	Selenof	annotated	start	300	1	1	1	T				9	0.0010394418	0.0025309336	0.0010394418
mouse_wang_liver	ENSMUST00000082437.11	Selenof	annotated	start	301	1	1	2	G				3	0.00021608463	0.00084364454	0.00021608464
mouse_wang_liver	ENSMUST00000082437.11	Selenof	annotated	start	302	1	1	0	G	GCG	A	1	2	0.0011890745	0.0005624297	0.0011890745
mouse_wang_liver	ENSMUST00000082437.11	Selenof	annotated	start	303	1	1	1	C				0	0.00011178915	0	0.00011178915
mouse_wang_liver	ENSMUST00000082437.11	Selenof	annotated	start	304	1	1	2	G				2	7.1963914e-05	0.0005624297	7.1963914e-05
mouse_wang_liver	ENSMUST00000082437.11	Selenof	annotated	start	305	1	1	0	G	GCA	A	2	4	0.00039758912	0.0011248594	0.00039758912
mouse_wang_liver	ENSMUST00000082437.11	Selenof	annotated	start	306	1	1	1	C				0	6.9608875e-05	0	6.9608876e-05
mouse_wang_liver	ENSMUST00000082437.11	Selenof	annotated	start	307	1	1	2	A				1	9.8473676e-05	0.00028121485	9.8473677e-05
mouse_wang_liver	ENSMUST00000082437.11	Selenof	annotated	start	308	1	1	0	G	GGG	G	3	1	0.00012929623	0.00028121485	0.00012929623
mouse_wang_liver	ENSMUST00000082437.11	Selenof	annotated	start	309	1	1	1	G				0	1.2538783e-05	0	1.2538783e-05
mouse_wang_liver	ENSMUST00000082437.11	Selenof	annotated	start	310	1	1	2	G				1	7.548726e-05	0.00028121485	7.548726e-05
mouse_wang_liver	ENSMUST00000082437.11	Selenof	annotated	start	311	1	1	0	C	CAG	Q	4	4	0.00036098648	0.0011248594	0.00036098648
mouse_wang_liver	ENSMUST00000082437.11	Selenof	annotated	start	312	1	1	1	A				0	4.8035647e-05	0	4.8035647e-05
mouse_wang_liver	ENSMUST00000082437.11	Selenof	annotated	start	313	1	1	2	G				1	2.1176851e-05	0.00028121485	2.1176851e-05
mouse_wang_liver	ENSMUST00000082437.11	Selenof	annotated	start	314	1	1	0	G	GGT	G	5	11	0.00020292074	0.0030933633	0.00020292074
mouse_wang_liver	ENSMUST00000082437.11	Selenof	annotated	start	315	1	1	1	G				0	4.4020122e-05	0	4.4020122e-05
mouse_wang_liver	ENSMUST00000082437.11	Selenof	annotated	start	316	1	1	2	T				0	3.989258e-05	0	3.9892581e-05
mouse_wang_liver	ENSMUST00000082437.11	Selenof	annotated	start	317	1	1	0	G	GGG	G	6	1	0.00016960355	0.00028121485	0.00016960355
mouse_wang_liver	ENSMUST00000082437.11	Selenof	annotated	start	318	1	1	1	G				0	0.00011674404	0	0.00011674404
mouse_wang_liver	ENSMUST00000082437.11	Selenof	annotated	start	319	1	1	2	G				0	0.0002844033	0	0.0002844033
mouse_wang_liver	ENSMUST00000082437.11	Selenof	annotated	start	320	1	1	0	T	TGG	W	7	4	0.00022212071	0.0011248594	0.00022212071
mouse_wang_liver	ENSMUST00000082437.11	Selenof	annotated	start	321	1	1	1	G				0	0.00011777294	0	0.00011777294
mouse_wang_liver	ENSMUST00000082437.11	Selenof	annotated	start	322	1	1	2	G				0	2.5689567e-05	0	2.5689567e-05
mouse_wang_liver	ENSMUST00000082437.11	Selenof	annotated	start	323	1	1	0	C	CTG	L	8	0	0.0014647725	0	0.0014647725
mouse_wang_liver	ENSMUST00000082437.11	Selenof	annotated	start	324	1	1	1	T				0	0.0031734186	0	0.0031734186
mouse_wang_liver	ENSMUST00000082437.11	Selenof	annotated	start	325	1	1	2	G				0	6.8741443e-05	0	6.8741443e-05
mouse_wang_liver	ENSMUST00000082437.11	Selenof	annotated	start	326	1	1	0	C	CGG	R	9	2	0.0003876781	0.0005624297	0.0003876781
mouse_wang_liver	ENSMUST00000082437.11	Selenof	annotated	start	327	1	1	1	G				0	0.00044439291	0	0.00044439291
mouse_wang_liver	ENSMUST00000082437.11	Selenof	annotated	start	328	1	1	2	G				0	0.00033005964	0	0.00033005964
mouse_wang_liver	ENSMUST00000082437.11	Selenof	annotated	start	329	1	1	0	C	CCC	P	10	2	0.00014118354	0.0005624297	0.00014118354
mouse_wang_liver	ENSMUST00000082437.11	Selenof	annotated	start	330	1	1	1	C				0	0.00014196418	0	0.00014196418
mouse_wang_liver	ENSMUST00000082437.11	Selenof	annotated	start	331	1	1	2	C				0	0.00024422538	0	0.00024422538
mouse_wang_liver	ENSMUST00000082437.11	Selenof	annotated	start	332	1	1	0	G	GCT	A	11	0	0.0011769778	0	0.0011769778
mouse_wang_liver	ENSMUST00000082437.11	Selenof	annotated	start	333	1	1	1	C				0	0.00041852865	0	0.00041852865
mouse_wang_liver	ENSMUST00000082437.11	Selenof	annotated	start	334	1	1	2	T				0	0.0003064535	0	0.0003064535
mouse_wang_liver	ENSMUST00000082437.11	Selenof	annotated	start	335	1	1	0	C	CTG	L	12	0	0.0039615878	0	0.0039615878
mouse_wang_liver	ENSMUST00000082437.11	Selenof	annotated	start	336	1	1	1	T				1	0.00078426657	0.00028121485	0.00078426657
mouse_wang_liver	ENSMUST00000082437.11	Selenof	annotated	start	337	1	1	2	G				1	0.00015295294	0.00028121485	0.00015295294
mouse_wang_liver	ENSMUST00000082437.11	Selenof	annotated	start	338	1	1	0	G	GGG	G	13	3	0.0010547775	0.00084364454	0.0010547775
mouse_wang_liver	ENSMUST00000082437.11	Selenof	annotated	start	339	1	1	1	G				0	0.00019175376	0	0.00019175376
mouse_wang_liver	ENSMUST00000082437.11	Selenof	annotated	start	340	1	1	2	G				0	0.00021273093	0	0.00021273093
mouse_wang_liver	ENSMUST00000082437.11	Selenof	annotated	start	341	1	1	0	C	CTG	L	14	0	0.0030135845	0	0.0030135845
mouse_wang_liver	ENSMUST00000082437.11	Selenof	annotated	start	342	1	1	1	T				0	0.00053272507	0	0.00053272507
mouse_wang_liver	ENSMUST00000082437.11	Selenof	annotated	start	343	1	1	2	G				0	0.001900546	0	0.001900546
mouse_wang_liver	ENSMUST00000082437.11	Selenof	annotated	start	344	1	1	0	C	CGC	R	15	2	0.0037906247	0.0005624297	0.0037906247
mouse_wang_liver	ENSMUST00000082437.11	Selenof	annotated	start	345	1	1	1	G				0	0.00082328654	0	0.00082328654
mouse_wang_liver	ENSMUST00000082437.11	Selenof	annotated	start	346	1	1	2	C				0	0.0028821677	0	0.0028821677
mouse_wang_liver	ENSMUST00000082437.11	Selenof	annotated	start	347	1	1	0	T	TTG	L	16	0	0.010166417	0	0.010166417
mouse_wang_liver	ENSMUST00000082437.11	Selenof	annotated	start	348	1	1	1	T				0	0.0016080523	0	0.0016080523
mouse_wang_liver	ENSMUST00000082437.11	Selenof	annotated	start	349	1	1	2	G				0	0.00097176863	0	0.00097176864
mouse_wang_liver	ENSMUST00000082437.11	Selenof	annotated	start	350	1	1	0	C	CTG	L	17	1	0.00092558196	0.00028121485	0.00092558196
mouse_wang_liver	ENSMUST00000082437.11	Selenof	annotated	start	351	1	1	1	T				0	0.00047888109	0	0.00047888109
mouse_wang_liver	ENSMUST00000082437.11	Selenof	annotated	start	352	1	1	2	G				1	0.00045729376	0.00028121485	0.00045729376
mouse_wang_liver	ENSMUST00000082437.11	Selenof	annotated	start	353	1	1	0	C	CTG	L	18	47	0.0020233723	0.013217098	0.0020233723
mouse_wang_liver	ENSMUST00000082437.11	Selenof	annotated	start	354	1	1	1	T				22	0.00081784592	0.0061867267	0.00081784593
mouse_wang_liver	ENSMUST00000082437.11	Selenof	annotated	start	355	1	1	2	G				10	0.00021619101	0.0028121485	0.00021619101
mouse_wang_liver	ENSMUST00000082437.11	Selenof	annotated	start	356	1	1	0	G	GCG	A	19	33	0.0033492241	0.00928009	0.0033492241
mouse_wang_liver	ENSMUST00000082437.11	Selenof	annotated	start	357	1	1	1	C				3	0.0011079091	0.00084364454	0.0011079091
mouse_wang_liver	ENSMUST00000082437.11	Selenof	annotated	start	358	1	1	2	G				3	0.0011631181	0.00084364454	0.0011631181
mouse_wang_liver	ENSMUST00000082437.11	Selenof	annotated	start	359	1	0	0	A	ACT	T	20	31	0.0020246252	0.0087176603	0.0020246252
mouse_wang_liver	ENSMUST00000082437.11	Selenof	annotated	start	360	1	0	1	C				4	0.00037290124	0.0011248594	0.00037290124
mouse_wang_liver	ENSMUST00000082437.11	Selenof	annotated	start	361	1	0	2	T				7	0.00074620481	0.0019685039	0.00074620481
mouse_wang_liver	ENSMUST00000082437.11	Selenof	annotated	start	362	1	0	0	G	GCG	A	21	12	0.0054978812	0.0033745782	0.0054978812
mouse_wang_liver	ENSMUST00000082437.11	Selenof	annotated	start	363	1	0	1	C				0	0.0017373285	0	0.0017373285
mouse_wang_liver	ENSMUST00000082437.11	Selenof	annotated	start	364	1	0	2	G				0	0.00037842567	0	0.00037842567
mouse_wang_liver	ENSMUST00000082437.11	Selenof	annotated	start	365	1	0	0	T	TTT	F	22	7	0.0060417117	0.0019685039	0.0060417117
mouse_wang_liver	ENSMUST00000082437.11	Selenof	annotated	start	366	1	0	1	T				3	0.001524881	0.00084364454	0.001524881
mouse_wang_liver	ENSMUST00000082437.11	Selenof	annotated	start	367	1	0	2	T				0	0.00049486192	0	0.00049486192
mouse_wang_liver	ENSMUST00000082437.11	Selenof	annotated	start	368	1	0	0	C	CAA	Q	23	9	0.0019943202	0.0025309336	0.0019943202
mouse_wang_liver	ENSMUST00000082437.11	Selenof	annotated	start	369	1	0	1	A				0	0.00070215639	0	0.0007021564
mouse_wang_liver	ENSMUST00000082437.11	Selenof	annotated	start	370	1	0	2	A				1	0.00073436316	0.00028121485	0.00073436316
mouse_wang_liver	ENSMUST00000082437.11	Selenof	annotated	start	371	1	0	0	G	GCG	A	24	50	0.008184053	0.014060742	0.008184053
mouse_wang_liver	ENSMUST00000082437.11	Selenof	annotated	start	372	1	0	1	C				26	0.0023532924	0.0073115861	0.0023532924
mouse_wang_liver	ENSMUST00000082437.11	Selenof	annotated	start	373	1	0	2	G				8	0.004193679	0.0022497188	0.004193679
mouse_wang_liver	ENSMUST00000082437.11	Selenof	annotated	start	374	1	0	0	G	GCG	A	25	15	0.0041661221	0.0042182227	0.0041661221
mouse_wang_liver	ENSMUST00000082437.11	Selenof	annotated	start	375	1	0	1	C				0	0.00077683019	0	0.00077683019
mouse_wang_liver	ENSMUST00000082437.11	Selenof	annotated	start	376	1	0	2	G				0	0.0030366441	0	0.0030366441
mouse_wang_liver	ENSMUST00000082437.11	Selenof	annotated	start	377	1	0	0	T	TCT	S	26	2	0.0074209222	0.0005624297	0.0074209222
mouse_wang_liver	ENSMUST00000082437.11	Selenof	annotated	start	378	1	0	1	C				0	0.0030573683	0	0.0030573683
mouse_wang_liver	ENSMUST00000082437.11	Selenof	annotated	start	379	1	0	2	T				0	0.001120121	0	0.001120121
mouse_wang_liver	ENSMUST00000082437.11	Selenof	annotated	start	380	1	0	0	G	GCT	A	27	2	0.0095733711	0.0005624297	0.0095733712
mouse_wang_liver	ENSMUST00000082437.11	Selenof	annotated	start	381	1	0	1	C				2	0.0028430365	0.0005624297	0.0028430366
mouse_wang_liver	ENSMUST00000082437.11	Selenof	annotated	start	382	1	0	2	T				2	0.0020906078	0.0005624297	0.0020906078
mouse_wang_liver	ENSMUST00000082437.11	Selenof	annotated	start	383	1	0	0	C	CTG	L	28	17	0.0076704649	0.0047806524	0.007670465
mouse_wang_liver	ENSMUST00000082437.11	Selenof	annotated	start	384	1	0	1	T				0	0.00053816638	0	0.00053816638
mouse_wang_liver	ENSMUST00000082437.11	Selenof	annotated	start	385	1	0	2	G				0	0.00075067906	0	0.00075067906
mouse_wang_liver	ENSMUST00000082437.11	Selenof	annotated	start	386	1	0	0	G	GGG	G	29	4	0.0010356418	0.0011248594	0.0010356418
mouse_wang_liver	ENSMUST00000082437.11	Selenof	annotated	start	387	1	0	1	G				1	0.00051612308	0.00028121485	0.00051612308
mouse_wang_liver	ENSMUST00000082437.11	Selenof	annotated	start	388	1	0	2	G				1	0.0002456838	0.00028121485	0.0002456838
mouse_wang_liver	ENSMUST00000082437.11	Selenof	annotated	start	389	1	0	0	G	GCA	A	30	38	0.0021512196	0.010686164	0.0021512196
mouse_wang_liver	ENSMUST00000082437.11	Selenof	annotated	start	390	1	0	1	C				2	0.00018823921	0.0005624297	0.00018823921
mouse_wang_liver	ENSMUST00000082437.11	Selenof	annotated	start	391	1	0	2	A				1	0.0009797425	0.00028121485	0.0009797425
mouse_wang_liver	ENSMUST00000082437.11	Selenof	annotated	start	392	1	0	0	G	GAG	E	31	0	0.0016882742	0	0.0016882742
mouse_wang_liver	ENSMUST00000082437.11	Selenof	annotated	start	393	1	0	1	A				0	0.0015100326	0	0.0015100326
mouse_wang_liver	ENSMUST00000082437.11	Selenof	annotated	start	394	1	0	2	G				0	0.00040465928	0	0.00040465928
mouse_wang_liver	ENSMUST00000082437.11	Selenof	annotated	start	395	1	0	0	T	TTT	F	32	1	0.00035729603	0.00028121485	0.00035729603
mouse_wang_liver	ENSMUST00000082437.11	Selenof	annotated	start	396	1	0	1	T				0	0.00014155456	0	0.00014155456
mouse_wang_liver	ENSMUST00000082437.11	Selenof	annotated	start	397	1	0	2	T				0	4.3716769e-05	0	4.3716769e-05
mouse_wang_liver	ENSMUST00000082437.11	Selenof	annotated	start	398	1	0	0	G	GCG	A	33	1	0.00034445751	0.00028121485	0.00034445751
mouse_wang_liver	ENSMUST00000082437.11	Selenof	annotated	start	399	1	0	1	C				3	0.00017111155	0.00084364454	0.00017111155
mouse_wang_liver	ENSMUST00000082437.11	Selenof	annotated	start	400	1	0	2	G				0	0.00036039206	0	0.00036039206
mouse_wang_liver	ENSMUST00000082437.11	Selenof	annotated	start	401	1	0	0	T	TCA	S	34	4	0.0042600129	0.0011248594	0.0042600129
mouse_wang_liver	ENSMUST00000082437.11	Selenof	annotated	start	402	1	0	1	C				0	0.00092234724	0	0.00092234725
mouse_wang_liver	ENSMUST00000082437.11	Selenof	annotated	start	403	1	0	2	A				2	0.0011132886	0.0005624297	0.0011132886
mouse_wang_liver	ENSMUST00000082437.11	Selenof	annotated	start	404	1	0	0	G	GAG	E	35	12	0.0033576237	0.0033745782	0.0033576237
mouse_wang_liver	ENSMUST00000082437.11	Selenof	annotated	start	405	1	0	1	A				3	0.00044886093	0.00084364454	0.00044886093
mouse_wang_liver	ENSMUST00000082437.11	Selenof	annotated	start	406	1	0	2	G				1	0.0009165972	0.00028121485	0.0009165972
mouse_wang_liver	ENSMUST00000082437.11	Selenof	annotated	start	407	1	0	0	G	GCA	A	36	5	0.0018416421	0.0014060742	0.0018416421
mouse_wang_liver	ENSMUST00000082437.11	Selenof	annotated	start	408	1	0	1	C				2	0.00046251962	0.0005624297	0.00046251962
mouse_wang_liver	ENSMUST00000082437.11	Selenof	annotated	start	409	1	0	2	A				3	0.0044369926	0.00084364454	0.0044369926
mouse_wang_liver	ENSMUST00000082437.11	Selenof	annotated	start	410	1	0	0	T	TGC	C	37	1	0.0048781927	0.00028121485	0.0048781927
mouse_wang_liver	ENSMUST00000082437.11	Selenof	annotated	start	411	1	0	1	G				0	0.00031135068	0	0.00031135068
mouse_wang_liver	ENSMUST00000082437.11	Selenof	annotated	start	412	1	0	2	C				4	0.0019877001	0.0011248594	0.0019877001
mouse_wang_liver	ENSMUST00000082437.11	Selenof	annotated	start	413	1	0	0	A	AGA	R	38	27	0.013063477	0.0075928009	0.013063477
mouse_wang_liver	ENSMUST00000082437.11	Selenof	annotated	start	414	1	0	1	G				2	0.0021767167	0.0005624297	0.0021767167
mouse_wang_liver	ENSMUST00000082437.11	Selenof	annotated	start	415	1	0	2	A				1	0.0011633033	0.00028121485	0.0011633033
mouse_wang_liver	ENSMUST00000082437.11	Selenof	annotated	start	416	1	0	0	G	GAG	E	39	5	0.0047615739	0.0014060742	0.0047615739
mouse_wang_liver	ENSMUST00000082437.11	Selenof	annotated	start	417	1	0	1	A				0	0.00067072664	0	0.00067072665
mouse_wang_liver	ENSMUST00000082437.11	Selenof	annotated	start	418	1	0	2	G				1	0.00043431344	0.00028121485	0.00043431344
mouse_wang_liver	ENSMUST00000082437.11	Selenof	annotated	start	419	1	0	0	T	TTG	L	40	7	0.0021022977	0.0019685039	0.0021022977
mouse_wang_liver	ENSMUST00000082437.11	Selenof	annotated	start	420	1	0	1	T				1	0.00079451647	0.00028121485	0.00079451647
mouse_wang_liver	ENSMUST00000082437.11	Selenof	annotated	start	421	1	0	2	G				4	0.0006230186	0.0011248594	0.0006230186
mouse_wang_liver	ENSMUST00000082437.11	Selenof	annotated	start	422	1	0	0	G	GGT	G	41	90	0.0023387251	0.025309336	0.0023387252
mouse_wang_liver	ENSMUST00000082437.11	Selenof	annotated	start	423	1	0	1	G				5	0.00018267405	0.0014060742	0.00018267405
mouse_wang_liver	ENSMUST00000082437.11	Selenof	annotated	start	424	1	0	2	T				3	0.00057754305	0.00084364454	0.00057754305
mouse_wang_liver	ENSMUST00000082437.11	Selenof	annotated	start	425	1	0	0	T	TTC	F	42	14	0.0066225715	0.0039370079	0.0066225715
mouse_wang_liver	ENSMUST00000082437.11	Selenof	annotated	start	426	1	0	1	T				2	0.00085072248	0.0005624297	0.00085072249
mouse_wang_liver	ENSMUST00000082437.11	Selenof	annotated	start	427	1	0	2	C				3	0.0019427357	0.00084364454	0.0019427358
mouse_wang_liver	ENSMUST00000082437.11	Selenof	annotated	start	428	1	0	0	T	TCC	S	43	1	0.0040814397	0.00028121485	0.0040814397
mouse_wang_liver	ENSMUST00000082437.11	Selenof	annotated	start	429	1	0	1	C				0	0.00091037439	0	0.0009103744
mouse_wang_liver	ENSMUST00000082437.11	Selenof	annotated	start	430	1	0	2	C				4	0.0014118885	0.0011248594	0.0014118885
mouse_wang_liver	ENSMUST00000082437.11	Selenof	annotated	start	431	1	0	0	A	AGC	S	44	31	0.029961359	0.0087176603	0.029961359
mouse_wang_liver	ENSMUST00000082437.11	Selenof	annotated	start	432	1	0	1	G				3	0.0020042348	0.00084364454	0.0020042348
mouse_wang_liver	ENSMUST00000082437.11	Selenof	annotated	start	433	1	0	2	C				0	0.0014627763	0	0.0014627763
mouse_wang_liver	ENSMUST00000082437.11	Selenof	annotated	start	434	1	0	0	A	AAC	N	45	16	0.0015906492	0.0044994376	0.0015906493
mouse_wang_liver	ENSMUST00000082437.11	Selenof	annotated	start	435	1	0	1	A				0	0.0009191304	0	0.0009191304
mouse_wang_liver	ENSMUST00000082437.11	Selenof	annotated	start	436	1	0	2	C				1	0.00047810446	0.00028121485	0.00047810446
mouse_wang_liver	ENSMUST00000082437.11	Selenof	annotated	start	437	1	0	0	T	TTG	L	46	2	0.0038960208	0.0005624297	0.0038960208
mouse_wang_liver	ENSMUST00000082437.11	Selenof	annotated	start	438	1	0	1	T				0	0.0010130524	0	0.0010130524
mouse_wang_liver	ENSMUST00000082437.11	Selenof	annotated	start	439	1	0	2	G				0	0.00038460724	0	0.00038460724
mouse_wang_liver	ENSMUST00000082437.11	Selenof	annotated	start	440	1	0	0	C	CTC	L	47	0	0.0023576838	0	0.0023576839
mouse_wang_liver	ENSMUST00000082437.11	Selenof	annotated	start	441	1	0	1	T				1	0.0015146782	0.00028121485	0.0015146782
mouse_wang_liver	ENSMUST00000082437.11	Selenof	annotated	start	442	1	0	2	C				2	0.0016022505	0.0005624297	0.0016022505
mouse_wang_liver	ENSMUST00000082437.11	Selenof	annotated	start	443	1	0	0	T	TGC	C	48	0	0.011841192	0	0.011841192
mouse_wang_liver	ENSMUST00000082437.11	Selenof	annotated	start	444	1	0	1	G				0	0.00078808283	0	0.00078808284
mouse_wang_liver	ENSMUST00000082437.11	Selenof	annotated	start	445	1	0	2	C				0	0.00093938032	0	0.00093938032
mouse_wang_liver	ENSMUST00000082437.11	Selenof	annotated	start	446	1	0	0	A	AGC	S	49	0	0.0051463437	0	0.0051463437
mouse_wang_liver	ENSMUST00000082437.11	Selenof	annotated	start	447	1	0	1	G				0	0.0017304198	0	0.0017304198
mouse_wang_liver	ENSMUST00000082437.11	Selenof	annotated	start	448	1	0	2	C				0	0.0020078276	0	0.0020078276
mouse_wang_liver	ENSMUST00000082437.11	Selenof	annotated	start	449	1	0	0	T	TCT	S	50	0	0.00087845419	0	0.00087845419
mouse_wang_liver	ENSMUST00000082437.11	Selenof	annotated	start	450	1	0	1	C				0	0.0024850636	0	0.0024850636
mouse_wang_liver	ENSMUST00000082437.11	Selenof	annotated	start	451	1	0	2	T				0	0.00094148074	0	0.00094148075
mouse_wang_liver	ENSMUST00000082437.11	Selenof	annotated	start	452	1	0	0	T	TGC	C	51	0	0.0024700423	0	0.0024700423
mouse_wang_liver	ENSMUST00000082437.11	Selenof	annotated	start	453	1	0	1	G				0	0.0036973581	0	0.0036973581
mouse_wang_liver	ENSMUST00000082437.11	Selenof	annotated	start	454	1	0	2	C				0	0.0019034628	0	0.0019034628
mouse_wang_liver	ENSMUST00000082437.11	Selenof	annotated	start	455	1	0	0	G	GAT	D	52	1	0.0018583125	0.00028121485	0.0018583125
mouse_wang_liver	ENSMUST00000082437.11	Selenof	annotated	start	456	1	0	1	A				0	0.00068216637	0	0.00068216637
mouse_wang_liver	ENSMUST00000082437.11	Selenof	annotated	start	457	1	0	2	T				0	0.00054586271	0	0.00054586271
mouse_wang_liver	ENSMUST00000082437.11	Selenof	annotated	start	458	1	0	0	C	CTT	L	53	2	0.0044274735	0.0005624297	0.0044274735
mouse_wang_liver	ENSMUST00000082437.11	Selenof	annotated	start	459	1	0	1	T				0	0.0029782609	0	0.0029782609
mouse_wang_liver	ENSMUST00000082437.11	Selenof	annotated	start	460	1	0	2	T				2	0.0041265129	0.0005624297	0.0041265129
mouse_wang_liver	ENSMUST00000082437.11	Selenof	annotated	start	461	1	0	0	C	CTT	L	54	7	0.012888579	0.0019685039	0.012888579
mouse_wang_liver	ENSMUST00000082437.11	Selenof	annotated	start	462	1	0	1	T				0	0.0025887105	0	0.0025887105
mouse_wang_liver	ENSMUST00000082437.11	Selenof	annotated	start	463	1	0	2	T				0	0.0034851006	0	0.0034851006
mouse_wang_liver	ENSMUST00000082437.11	Selenof	annotated	start	464	1	0	0	G	GGA	G	55	8	0.0098151108	0.0022497188	0.0098151109
mouse_wang_liver	ENSMUST00000082437.11	Selenof	annotated	start	465	1	0	1	G				4	0.0042380095	0.0011248594	0.0042380095
mouse_wang_liver	ENSMUST00000082437.11	Selenof	annotated	start	466	1	0	2	A				0	0.0036612886	0	0.0036612887
mouse_wang_liver	ENSMUST00000082437.11	Selenof	annotated	start	467	1	0	0	C	CAG	Q	56	1	0.0070223641	0.00028121485	0.0070223641
mouse_wang_liver	ENSMUST00000082437.11	Selenof	annotated	start	468	1	0	1	A				0	0.00030813506	0	0.00030813506
mouse_wang_liver	ENSMUST00000082437.11	Selenof	annotated	start	469	1	0	2	G				0	0.0017965725	0	0.0017965725
mouse_wang_liver	ENSMUST00000082437.11	Selenof	annotated	start	470	1	0	0	T	TTT	F	57	6	0.0017543107	0.0016872891	0.0017543107
mouse_wang_liver	ENSMUST00000082437.11	Selenof	annotated	start	471	1	0	1	T				2	0.00062025711	0.0005624297	0.00062025711
mouse_wang_liver	ENSMUST00000082437.11	Selenof	annotated	start	472	1	0	2	T				2	0.00025249945	0.0005624297	0.00025249945
mouse_wang_liver	ENSMUST00000082437.11	Selenof	annotated	start	473	1	0	0	A	AAT	N	58	4	0.0041685998	0.0011248594	0.0041685999
mouse_wang_liver	ENSMUST00000082437.11	Selenof	annotated	start	474	1	0	1	A				3	0.00062539108	0.00084364454	0.00062539109
mouse_wang_liver	ENSMUST00000082437.11	Selenof	annotated	start	475	1	0	2	T				1	0.0013042476	0.00028121485	0.0013042477
mouse_wang_liver	ENSMUST00000082437.11	Selenof	annotated	start	476	1	0	0	C	CTG	L	59	3	0.0025950221	0.00084364454	0.0025950221
mouse_wang_liver	ENSMUST00000082437.11	Selenof	annotated	start	477	1	0	1	T				0	0.00026689636	0	0.00026689636
mouse_wang_liver	ENSMUST00000082437.11	Selenof	annotated	start	478	1	0	2	G				0	0.0001137796	0	0.0001137796
mouse_wang_liver	ENSMUST00000082437.11	Selenof	annotated	start	479	1	0	0	C	CTC	L	60	0	0.0011141319	0	0.0011141319
mouse_wang_liver	ENSMUST00000082437.11	Selenof	annotated	start	480	1	0	1	T				3	0.0014436527	0.00084364454	0.0014436527
mouse_wang_liver	ENSMUST00000082437.11	Selenof	annotated	start	481	1	0	2	C				0	0.00059707626	0	0.00059707626
mouse_wang_liver	ENSMUST00000082437.11	Selenof	annotated	start	482	1	0	0	C	CCA	P	61	3	0.0018018367	0.00084364454	0.0018018367
mouse_wang_liver	ENSMUST00000082437.11	Selenof	annotated	start	483	1	0	1	C				4	0.0079481434	0.0011248594	0.0079481434
mouse_wang_liver	ENSMUST00000082437.11	Selenof	annotated	start	484	1	0	2	A				2	0.0034156987	0.0005624297	0.0034156987
mouse_wang_liver	ENSMUST00000082437.11	Selenof	annotated	start	485	1	0	0	C	CTG	L	62	24	0.020878483	0.0067491564	0.020878483
mouse_wang_liver	ENSMUST00000082437.11	Selenof	annotated	start	486	1	0	1	T				9	0.0053379713	0.0025309336	0.0053379713
mouse_wang_liver	ENSMUST00000082437.11	Selenof	annotated	start	487	1	0	2	G				7	0.0024314057	0.0019685039	0.0024314057
mouse_wang_liver	ENSMUST00000082437.11	Selenof	annotated	start	488	1	0	0	G	GAT	D	63	97	0.025337063	0.02727784	0.025337063
mouse_wang_liver	ENSMUST00000082437.11	Selenof	annotated	start	489	1	0	1	A				6	0.003207135	0.0016872891	0.003207135
mouse_wang_liver	ENSMUST00000082437.11	Selenof	annotated	start	490	1	0	2	T				2	0.0013211063	0.0005624297	0.0013211063
mouse_wang_liver	ENSMUST00000082437.11	Selenof	annotated	start	491	1	0	0	C	CCT	P	64	24	0.0044524451	0.0067491564	0.0044524451
mouse_wang_liver	ENSMUST00000082437.11	Selenof	annotated	start	492	1	0	1	C				4	0.0032879291	0.0011248594	0.0032879291
mouse_wang_liver	ENSMUST00000082437.11	Selenof	annotated	start	493	1	0	2	T				0	0.00095996825	0	0.00095996826
mouse_wang_liver	ENSMUST00000082437.11	Selenof	annotated	start	494	1	0	0	G	GTT	V	65	1	0.0061759683	0.00028121485	0.0061759684
mouse_wang_liver	ENSMUST00000082437.11	Selenof	annotated	start	495	1	0	1	T				0	0.0056770463	0	0.0056770463
mouse_wang_liver	ENSMUST00000082437.11	Selenof	annotated	start	496	1	0	2	T				1	0.00059137895	0.00028121485	0.00059137895
mouse_wang_liver	ENSMUST00000082437.11	Selenof	annotated	start	497	1	0	0	T	TGC	C	66	6	0.016324909	0.0016872891	0.016324909
mouse_wang_liver	ENSMUST00000082437.11	Selenof	annotated	start	498	1	0	1	G				1	0.0073593883	0.00028121485	0.0073593883
mouse_wang_liver	ENSMUST00000082437.11	Selenof	annotated	start	499	1	0	2	C				4	0.0025143123	0.0011248594	0.0025143123
mouse_wang_liver	ENSMUST00000082437.11	Selenof	annotated	start	500	1	0	0	A	AGA	R	67	16	0.012859389	0.0044994376	0.012859389
mouse_wang_liver	ENSMUST00000082437.11	Selenof	annotated	start	501	1	0	1	G				3	0.0030070648	0.00084364454	0.0030070648
mouse_wang_liver	ENSMUST00000082437.11	Selenof	annotated	start	502	1	0	2	A				7	0.0014883169	0.0019685039	0.0014883169
mouse_wang_liver	ENSMUST00000082437.11	Selenof	annotated	start	503	1	0	0	G	GGG	G	68	167	0.0078281472	0.04696288	0.0078281472
mouse_wang_liver	ENSMUST00000082437.11	Selenof	annotated	start	504	1	0	1	G				23	0.0071849572	0.0064679415	0.0071849572
mouse_wang_liver	ENSMUST00000082437.11	Selenof	annotated	start	505	1	0	2	G				4	0.0015825632	0.0011248594	0.0015825632
mouse_wang_liver	ENSMUST00000082437.11	Selenof	annotated	start	506	1	0	0	T	TGC	C	69	64	0.011965779	0.01799775	0.011965779
mouse_wang_liver	ENSMUST00000082437.11	Selenof	annotated	start	507	1	0	1	G				0	0.002973018	0	0.002973018
mouse_wang_liver	ENSMUST00000082437.11	Selenof	annotated	start	508	1	0	2	C				0	0.00079485151	0	0.00079485152
mouse_wang_liver	ENSMUST00000082437.11	Selenof	annotated	start	509	1	0	0	T	TGT	C	70	6	0.0043123579	0.0016872891	0.0043123579
mouse_wang_liver	ENSMUST00000082437.11	Selenof	annotated	start	510	1	0	1	G				0	0.0012567702	0	0.0012567702
mouse_wang_liver	ENSMUST00000082437.11	Selenof	annotated	start	511	1	0	2	T				2	0.00082170288	0.0005624297	0.00082170288
mouse_wang_liver	ENSMUST00000082437.11	Selenof	annotated	start	512	1	0	0	C	CAG	Q	71	30	0.0061392984	0.0084364454	0.0061392985
mouse_wang_liver	ENSMUST00000082437.11	Selenof	annotated	start	513	1	0	1	A				2	0.0014219827	0.0005624297	0.0014219827
mouse_wang_liver	ENSMUST00000082437.11	Selenof	annotated	start	514	1	0	2	G				56	0.0030667977	0.015748031	0.0030667978
mouse_wang_liver	ENSMUST00000082437.11	Selenof	annotated	start	515	1	0	0	G	GAA	E	72	80	0.0015363565	0.022497188	0.0015363565
mouse_wang_liver	ENSMUST00000082437.11	Selenof	annotated	start	516	1	0	1	A				4	0.0011997019	0.0011248594	0.0011997019
mouse_wang_liver	ENSMUST00000082437.11	Selenof	annotated	start	517	1	0	2	A				45	0.010077412	0.012654668	0.010077412
mouse_wang_liver	ENSMUST00000082437.11	Selenof	annotated	start	518	1	0	0	G	GAA	E	73	218	0.014868976	0.061304837	0.014868976
mouse_wang_liver	ENSMUST00000082437.11	Selenof	annotated	start	519	1	0	1	A				1	0.0021233428	0.00028121485	0.0021233428
mouse_wang_liver	ENSMUST00000082437.11	Selenof	annotated	start	520	1	0	2	A				5	0.00081089459	0.0014060742	0.00081089459
mouse_wang_liver	ENSMUST00000082437.11	Selenof	annotated	start	521	1	0	0	G	GCA	A	74	27	0.0018226998	0.0075928009	0.0018226998
mouse_wang_liver	ENSMUST00000082437.11	Selenof	annotated	start	522	1	0	1	C				3	0.0014342539	0.00084364454	0.0014342539
mouse_wang_liver	ENSMUST00000082437.11	Selenof	annotated	start	523	1	0	2	A				4	0.0012277063	0.0011248594	0.0012277063
mouse_wang_liver	ENSMUST00000082437.11	Selenof	annotated	start	524	1	0	0	C	CAA	Q	75	40	0.0041610613	0.011248594	0.0041610613
mouse_wang_liver	ENSMUST00000082437.11	Selenof	annotated	start	525	1	0	1	A				5	0.0039743632	0.0014060742	0.0039743632
mouse_wang_liver	ENSMUST00000082437.11	Selenof	annotated	start	526	1	0	2	A				0	0.0010775349	0	0.0010775349
mouse_wang_liver	ENSMUST00000082437.11	Selenof	annotated	start	527	1	0	0	T	TTT	F	76	18	0.003384731	0.0050618673	0.003384731
mouse_wang_liver	ENSMUST00000082437.11	Selenof	annotated	start	528	1	0	1	T				0	0.0011197978	0	0.0011197978
mouse_wang_liver	ENSMUST00000082437.11	Selenof	annotated	start	529	1	0	2	T				6	0.00043174086	0.0016872891	0.00043174086
mouse_wang_liver	ENSMUST00000082437.11	Selenof	annotated	start	530	1	0	0	G	GAA	E	77	33	0.001464239	0.00928009	0.001464239
mouse_wang_liver	ENSMUST00000082437.11	Selenof	annotated	start	531	1	0	1	A				8	0.00086330966	0.0022497188	0.00086330966
mouse_wang_liver	ENSMUST00000082437.11	Selenof	annotated	start	532	1	0	2	A				13	0.0014132882	0.003655793	0.0014132882
mouse_wang_liver	ENSMUST00000082437.11	Selenof	annotated	start	533	1	0	0	A	ACC	T	78	16	0.0030633397	0.0044994376	0.0030633398
mouse_wang_liver	ENSMUST00000082437.11	Selenof	annotated	start	534	1	0	1	C				8	0.00093314087	0.0022497188	0.00093314087
mouse_wang_liver	ENSMUST00000082437.11	Selenof	annotated	start	535	1	0	2	C				0	0.0011900512	0	0.0011900512
mouse_wang_liver	ENSMUST00000082437.11	Selenof	annotated	start	536	1	0	0	A	AAA	K	79	0	0.0030223196	0	0.0030223196
mouse_wang_liver	ENSMUST00000082437.11	Selenof	annotated	start	537	1	0	1	A				2	0.0015229482	0.0005624297	0.0015229482
mouse_wang_liver	ENSMUST00000082437.11	Selenof	annotated	start	538	1	0	2	A				0	0.00067877793	0	0.00067877793
mouse_wang_liver	ENSMUST00000082437.11	Selenof	annotated	start	539	1	0	0	A	AAG	K	80	2	0.0092765074	0.0005624297	0.0092765075
mouse_wang_liver	ENSMUST00000082437.11	Selenof	annotated	start	540	1	0	1	A				0	0.0082993722	0	0.0082993722
mouse_wang_liver	ENSMUST00000082437.11	Selenof	annotated	start	541	1	0	2	G				12	0.0011393063	0.0033745782	0.0011393064
mouse_wang_liver	ENSMUST00000082437.11	Selenof	annotated	start	542	1	0	0	C	CTG	L	81	13	0.0024826818	0.003655793	0.0024826818
mouse_wang_liver	ENSMUST00000082437.11	Selenof	annotated	start	543	1	0	1	T				0	0.0013115419	0	0.0013115419
mouse_wang_liver	ENSMUST00000082437.11	Selenof	annotated	start	544	1	0	2	G				1	0.00085234741	0.00028121485	0.00085234741
mouse_wang_liver	ENSMUST00000082437.11	Selenof	annotated	start	545	1	0	0	T	TAT	Y	82	10	0.0069720959	0.0028121485	0.006972096
mouse_wang_liver	ENSMUST00000082437.11	Selenof	annotated	start	546	1	0	1	A				4	0.0015684606	0.0011248594	0.0015684606
mouse_wang_liver	ENSMUST00000082437.11	Selenof	annotated	start	547	1	0	2	T				0	0.00067933876	0	0.00067933876
mouse_wang_liver	ENSMUST00000082437.11	Selenof	annotated	start	548	1	0	0	G	GCA	A	83	16	0.0058831354	0.0044994376	0.0058831354
mouse_wang_liver	ENSMUST00000082437.11	Selenof	annotated	start	549	1	0	1	C				6	0.0019916384	0.0016872891	0.0019916385
mouse_wang_liver	ENSMUST00000082437.11	Selenof	annotated	start	550	1	0	2	A				18	0.0013089916	0.0050618673	0.0013089916
mouse_wang_liver	ENSMUST00000082437.11	Selenof	annotated	start	551	1	0	0	G	GGA	G	84	183	0.02938726	0.051462317	0.02938726
mouse_wang_liver	ENSMUST00000082437.11	Selenof	annotated	start	552	1	0	1	G				4	0.0037727349	0.0011248594	0.0037727349
mouse_wang_liver	ENSMUST00000082437.11	Selenof	annotated	start	553	1	0	2	A				0	0.00060221844	0	0.00060221844
mouse_wang_liver	ENSMUST00000082437.11	Selenof	annotated	start	554	1	0	0	G	GCC	A	85	44	0.010273525	0.012373453	0.010273526
mouse_wang_liver	ENSMUST00000082437.11	Selenof	annotated	start	555	1	0	1	C				5	0.0011958717	0.0014060742	0.0011958717
mouse_wang_liver	ENSMUST00000082437.11	Selenof	annotated	start	556	1	0	2	C				0	0.00081942254	0	0.00081942254
mouse_wang_liver	ENSMUST00000082437.11	Selenof	annotated	start	557	1	0	0	A	ATC	I	86	3	0.0022384191	0.00084364454	0.0022384191
mouse_wang_liver	ENSMUST00000082437.11	Selenof	annotated	start	558	1	0	1	T				1	0.0014403206	0.00028121485	0.0014403206
mouse_wang_liver	ENSMUST00000082437.11	Selenof	annotated	start	559	1	0	2	C				2	0.0019937877	0.0005624297	0.0019937877
mouse_wang_liver	ENSMUST00000082437.11	Selenof	annotated	start	560	1	0	0	C	CTT	L	87	8	0.0089536253	0.0022497188	0.0089536254
mouse_wang_liver	ENSMUST00000082437.11	Selenof	annotated	start	561	1	0	1	T				0	0.0046589458	0	0.0046589459
mouse_wang_liver	ENSMUST00000082437.11	Selenof	annotated	start	562	1	0	2	T				6	0.0014556437	0.0016872891	0.0014556437
mouse_wang_liver	ENSMUST00000082437.11	Selenof	annotated	start	563	1	0	0	G	GAA	E	88	47	0.011632225	0.013217098	0.011632225
mouse_wang_liver	ENSMUST00000082437.11	Selenof	annotated	start	564	1	0	1	A				40	0.0042988486	0.011248594	0.0042988486
mouse_wang_liver	ENSMUST00000082437.11	Selenof	annotated	start	565	1	0	2	A				9	0.0010392653	0.0025309336	0.0010392653
mouse_wang_liver	ENSMUST00000082437.11	Selenof	annotated	start	566	1	0	0	G	GTC	V	89	43	0.0077683609	0.012092238	0.0077683609
mouse_wang_liver	ENSMUST00000082437.11	Selenof	annotated	start	567	1	0	1	T				10	0.0018371575	0.0028121485	0.0018371575
mouse_wang_liver	ENSMUST00000082437.11	Selenof	annotated	start	568	1	0	2	C				3	0.00083492143	0.00084364454	0.00083492144
mouse_wang_liver	ENSMUST00000082437.11	Selenof	annotated	start	569	1	0	0	T	TGC	C	90	107	0.035057317	0.030089989	0.035057318
mouse_wang_liver	ENSMUST00000082437.11	Selenof	annotated	start	570	1	0	1	G				5	0.0046339892	0.0014060742	0.0046339892
mouse_wang_liver	ENSMUST00000082437.11	Selenof	annotated	start	571	1	0	2	C				3	0.0011382785	0.00084364454	0.0011382785
mouse_wang_liver	ENSMUST00000082437.11	Selenof	annotated	start	572	1	0	0	G	GGA	G	91	83	0.032175571	0.023340832	0.032175571
mouse_wang_liver	ENSMUST00000082437.11	Selenof	annotated	start	573	1	0	1	G				7	0.0098936288	0.0019685039	0.0098936288
mouse_wang_liver	ENSMUST00000082437.11	Selenof	annotated	start	574	1	0	2	A				0	0.00069711916	0	0.00069711916
mouse_wang_liver	ENSMUST00000082437.11	Selenof	annotated	start	575	1	0	0	T	TGA	*	92	2	0.00068210164	0.0005624297	0.00068210165
mouse_wang_liver	ENSMUST00000082437.11	Selenof	annotated	start	576	1	0	1	G				0	0.0017379971	0	0.0017379971
mouse_wang_liver	ENSMUST00000082437.11	Selenof	annotated	start	577	1	0	2	A				0	0.00019555069	0	0.00019555069
mouse_wang_liver	ENSMUST00000082437.11	Selenof	annotated	start	578	0	0	-1	A				2	0.00055440696	0.0005624297	0.00055440696
mouse_wang_liver	ENSMUST00000082437.11	Selenof	annotated	start	579	0	0	-1	A				1	0.0014190031	0.00028121485	0.0014190031
mouse_wang_liver	ENSMUST00000082437.11	Selenof	annotated	start	580	0	0	-1	A				1	0.00035383814	0.00028121485	0.00035383814
mouse_wang_liver	ENSMUST00000082437.11	Selenof	annotated	start	581	0	0	-1	T				2	0.00015953973	0.0005624297	0.00015953973
mouse_wang_liver	ENSMUST00000082437.11	Selenof	annotated	start	582	0	0	-1	T				0	0.00012744218	0	0.00012744218
mouse_wang_liver	ENSMUST00000082437.11	Selenof	annotated	start	583	0	0	-1	G				5	3.4930847e-05	0.0014060742	3.4930847e-05
mouse_wang_liver	ENSMUST00000082437.11	Selenof	annotated	start	584	0	0	-1	G				32	8.953279e-05	0.0089988751	8.9532791e-05
mouse_wang_liver	ENSMUST00000082437.11	Selenof	annotated	start	585	0	0	-1	G				0	0.00053433009	0	0.00053433009
mouse_wang_liver	ENSMUST00000082437.11	Selenof	annotated	start	586	0	0	-1	G				0	0.00013664414	0	0.00013664414
mouse_wang_liver	ENSMUST00000082437.11	Selenof	annotated	start	587	0	0	-1	A				0	9.790303e-05	0	9.790303e-05
mouse_wang_liver	ENSMUST00000082437.11	Selenof	annotated	start	588	0	0	-1	G				1	0.00012561805	0.00028121485	0.00012561806
mouse_wang_liver	ENSMUST00000082437.11	Selenof	annotated	start	589	0	0	-1	G				0	0.00038670437	0	0.00038670437
mouse_wang_liver	ENSMUST00000082437.11	Selenof	annotated	start	590	0	0	-1	T				2	0.00015733077	0.0005624297	0.00015733077
mouse_wang_liver	ENSMUST00000082437.11	Selenof	annotated	start	591	0	0	-1	T				0	0.00012607472	0	0.00012607472
mouse_wang_liver	ENSMUST00000082437.11	Selenof	annotated	start	592	0	0	-1	C				0	0.00011379371	0	0.00011379371
mouse_wang_liver	ENSMUST00000082437.11	Selenof	annotated	start	593	0	0	-1	C				1	6.1025086e-05	0.00028121485	6.1025087e-05
mouse_wang_liver	ENSMUST00000082437.11	Selenof	annotated	start	594	0	0	-1	C				0	4.1078678e-05	0	4.1078678e-05
mouse_wang_liver	ENSMUST00000082437.11	Selenof	annotated	start	595	0	0	-1	T				0	2.4189108e-05	0	2.4189109e-05
mouse_wang_liver	ENSMUST00000082437.11	Selenof	annotated	start	596	0	0	-1	C				1	3.0223382e-05	0.00028121485	3.0223382e-05
mouse_wang_liver	ENSMUST00000082437.11	Selenof	annotated	start	597	0	0	-1	A				0	8.0384671e-05	0	8.0384671e-05
mouse_wang_liver	ENSMUST00000082437.11	Selenof	annotated	start	598	0	0	-1	A				2	0.00025700926	0.0005624297	0.00025700926
mouse_wang_liver	ENSMUST00000082437.11	Selenof	annotated	start	599	0	0	-1	G				1	0.00012151876	0.00028121485	0.00012151876
mouse_wang_liver	ENSMUST00000082437.11	Selenof	annotated	start	600	0	0	-1	T				0	0.00012670994	0	0.00012670994
mouse_wang_liver	ENSMUST00000082437.11	Selenof	annotated	start	601	0	0	-1	C				0	0.00022146775	0	0.00022146775
mouse_wang_liver	ENSMUST00000082437.11	Selenof	annotated	start	602	0	0	-1	C				3	9.5493662e-05	0.00084364454	9.5493663e-05
mouse_wang_liver	ENSMUST00000082437.11	Selenof	annotated	start	603	0	0	-1	A				0	0.00018115432	0	0.00018115432
mouse_wang_liver	ENSMUST00000082437.11	Selenof	annotated	start	604	0	0	-1	A				0	5.6887169e-05	0	5.6887169e-05
mouse_wang_liver	ENSMUST00000082437.11	Selenof	annotated	start	605	0	0	-1	G				0	0.00023859181	0	0.00023859181
mouse_wang_liver	ENSMUST00000082437.11	Selenof	annotated	start	606	0	0	-1	C				0	0.0013681257	0	0.0013681257
mouse_wang_liver	ENSMUST00000082437.11	Selenof	annotated	start	607	0	0	-1	T				0	0.00066816935	0	0.00066816935
mouse_wang_liver	ENSMUST00000082437.11	Selenof	annotated	start	608	0	0	-1	T				1	0.00010388163	0.00028121485	0.00010388163
mouse_wang_liver	ENSMUST00000082437.11	Selenof	annotated	start	609	0	0	-1	T				1	0.0011304715	0.00028121485	0.0011304715
mouse_wang_liver	ENSMUST00000082437.11	Selenof	annotated	start	610	0	0	-1	T				1	0.00046528247	0.00028121485	0.00046528247
mouse_wang_liver	ENSMUST00000082437.11	Selenof	annotated	start	611	0	0	-1	G				6	0.00021940797	0.0016872891	0.00021940797
mouse_wang_liver	ENSMUST00000082437.11	Selenof	annotated	start	612	0	0	-1	T				0	0.0014961889	0	0.0014961889
mouse_wang_liver	ENSMUST00000082437.11	Selenof	annotated	start	613	0	0	-1	C				1	9.6222808e-05	0.00028121485	9.6222808e-05
mouse_wang_liver	ENSMUST00000082437.11	Selenof	annotated	start	614	0	0	-1	A				2	0.00014992747	0.0005624297	0.00014992747
mouse_wang_liver	ENSMUST00000082437.11	Selenof	annotated	start	615	0	0	-1	G				1	0.00041572712	0.00028121485	0.00041572712
mouse_wang_liver	ENSMUST00000082437.11	Selenof	annotated	start	616	0	0	-1	A				2	0.00074023753	0.0005624297	0.00074023754
mouse_wang_liver	ENSMUST00000082437.11	Selenof	annotated	start	617	0	0	-1	A				0	8.6875363e-05	0	8.6875364e-05
mouse_wang_liver	ENSMUST00000082437.11	Selenof	annotated	start	618	0	0	-1	G				6	0.00027315269	0.0016872891	0.00027315269
mouse_wang_liver	ENSMUST00000082437.11	Selenof	annotated	start	619	0	0	-1	T				5	5.1324751e-05	0.0014060742	5.1324751e-05
mouse_wang_liver	ENSMUST00000082437.11	Selenof	annotated	start	620	0	0	-1	G				28	0.00015819799	0.0078740157	0.00015819799
mouse_wang_liver	ENSMUST00000082437.11	Selenof	annotated	start	621	0	0	-1	A				7	0.00024384975	0.0019685039	0.00024384975
mouse_wang_liver	ENSMUST00000082437.11	Selenof	annotated	start	622	0	0	-1	T				0	4.4850767e-05	0	4.4850767e-05
mouse_wang_liver	ENSMUST00000082437.11	Selenof	annotated	start	623	0	0	-1	A				5	0.00018949916	0.0014060742	0.00018949916
mouse_wang_liver	ENSMUST00000082437.11	Selenof	annotated	start	624	0	0	-1	A				3	0.00052959612	0.00084364454	0.00052959612
mouse_wang_liver	ENSMUST00000082437.11	Selenof	annotated	start	625	0	0	-1	A				5	0.0001257715	0.0014060742	0.00012577151
mouse_wang_liver	ENSMUST00000082437.11	Selenof	annotated	start	626	0	0	-1	C				17	0.00079696305	0.0047806524	0.00079696306
mouse_wang_liver	ENSMUST00000082437.11	Selenof	annotated	start	627	0	0	-1	C				0	0.0013623454	0	0.0013623454
mouse_wang_liver	ENSMUST00000082437.11	Selenof	annotated	start	628	0	0	-1	C				0	0.00012628338	0	0.00012628338
mouse_wang_liver	ENSMUST00000082437.11	Selenof	annotated	start	629	0	0	-1	A				0	4.606213e-05	0	4.6062131e-05
mouse_wang_liver	ENSMUST00000082437.11	Selenof	annotated	start	630	0	0	-1	A				0	0.000387298	0	0.000387298
mouse_wang_liver	ENSMUST00000082437.11	Selenof	annotated	start	631	0	0	-1	A				0	7.2093331e-05	0	7.2093332e-05
mouse_wang_liver	ENSMUST00000082437.11	Selenof	annotated	start	632	0	0	-1	C				4	0.00011983667	0.0011248594	0.00011983667
mouse_wang_liver	ENSMUST00000082437.11	Selenof	annotated	start	633	0	0	-1	T				1	8.6663356e-05	0.00028121485	8.6663357e-05
mouse_wang_liver	ENSMUST00000082437.11	Selenof	annotated	start	634	0	0	-1	C				2	0.00067877269	0.0005624297	0.00067877269
mouse_wang_liver	ENSMUST00000082437.11	Selenof	annotated	start	635	0	0	-1	T				15	0.00040568475	0.0042182227	0.00040568476
mouse_wang_liver	ENSMUST00000082437.11	Selenof	annotated	start	636	0	0	-1	T				0	0.00024308586	0	0.00024308586
mouse_wang_liver	ENSMUST00000082437.11	Selenof	annotated	start	637	0	0	-1	C				0	5.8410027e-05	0	5.8410027e-05
mouse_wang_liver	ENSMUST00000082437.11	Selenof	annotated	start	638	0	0	-1	A				3	0.00010486857	0.00084364454	0.00010486857
mouse_wang_liver	ENSMUST00000082437.11	Selenof	annotated	start	639	0	0	-1	G				0	0.00010263173	0	0.00010263173
mouse_wang_liver	ENSMUST00000082437.11	Selenof	annotated	start	640	0	0	-1	A				0	0.00010158571	0	0.00010158571
mouse_wang_liver	ENSMUST00000082437.11	Selenof	annotated	start	641	0	0	-1	G				0	0.00015588936	0	0.00015588936
mouse_wang_liver	ENSMUST00000082437.11	Selenof	annotated	start	642	0	0	-1	G				6	0.00077044603	0.0016872891	0.00077044603
mouse_wang_liver	ENSMUST00000082437.11	Selenof	annotated	start	643	0	0	-1	T				0	7.6146964e-05	0	7.6146964e-05
mouse_wang_liver	ENSMUST00000082437.11	Selenof	annotated	start	644	0	0	-1	C				0	0.00015117112	0	0.00015117112
mouse_wang_liver	ENSMUST00000082437.11	Selenof	annotated	start	645	0	0	-1	T				0	0.00020052912	0	0.00020052912
mouse_wang_liver	ENSMUST00000082437.11	Selenof	annotated	start	646	0	0	-1	A				3	0.00012563293	0.00084364454	0.00012563293
mouse_wang_liver	ENSMUST00000082437.11	Selenof	annotated	start	647	0	0	-1	C				5	7.7422126e-05	0.0014060742	7.7422126e-05
mouse_wang_liver	ENSMUST00000082437.11	Selenof	annotated	start	648	0	0	-1	A				0	0.00014548773	0	0.00014548774
mouse_wang_liver	ENSMUST00000082437.11	Selenof	annotated	start	649	0	0	-1	G				0	0.00050215464	0	0.00050215464
mouse_wang_liver	ENSMUST00000082437.11	Selenof	annotated	start	650	0	0	-1	A				8	0.00034410669	0.0022497188	0.0003441067
mouse_wang_liver	ENSMUST00000082437.11	Selenof	annotated	start	651	0	0	-1	T				5	0.00035843987	0.0014060742	0.00035843987
mouse_wang_liver	ENSMUST00000082437.11	Selenof	annotated	start	652	0	0	-1	C				0	0.00026996751	0	0.00026996751
mouse_wang_liver	ENSMUST00000082437.11	Selenof	annotated	start	653	0	0	-1	A				2	0.00019355872	0.0005624297	0.00019355872
mouse_wang_liver	ENSMUST00000082437.11	Selenof	annotated	start	654	0	0	-1	A				1	0.00053742807	0.00028121485	0.00053742808
mouse_wang_liver	ENSMUST00000082437.11	Selenof	annotated	start	655	0	0	-1	G				9	0.00019843724	0.0025309336	0.00019843724
mouse_wang_liver	ENSMUST00000082437.11	Selenof	annotated	start	656	0	0	-1	T				50	0.0017148688	0.014060742	0.0017148688
mouse_wang_liver	ENSMUST00000082437.11	Selenof	annotated	start	657	0	0	-1	A				11	0.0042383405	0.0030933633	0.0042383406
mouse_wang_liver	ENSMUST00000082437.11	Selenof	annotated	start	658	0	0	-1	T				0	0.00022129885	0	0.00022129885
mouse_wang_liver	ENSMUST00000082437.11	Selenof	annotated	start	659	0	0	-1	G				6	0.00046357547	0.0016872891	0.00046357548
mouse_wang_liver	ENSMUST00000082437.11	Selenof	annotated	start	660	0	0	-1	T				1	0.0016465118	0.00028121485	0.0016465118
mouse_wang_liver	ENSMUST00000082437.11	Selenof	annotated	start	661	0	0	-1	T				0	0.0001280159	0	0.00012801591
mouse_wang_liver	ENSMUST00000082437.11	Selenof	annotated	start	662	0	0	-1	C				0	0.00015380408	0	0.00015380408
mouse_wang_liver	ENSMUST00000082437.11	Selenof	annotated	start	663	0	0	-1	G				0	0.00012386186	0	0.00012386186
mouse_wang_liver	ENSMUST00000082437.11	Selenof	annotated	start	664	0	0	-1	A				0	0.00021082979	0	0.00021082979
mouse_wang_liver	ENSMUST00000082437.11	Selenof	annotated	start	665	0	0	-1	G				0	0.00036332398	0	0.00036332398
mouse_wang_liver	ENSMUST00000082437.11	Selenof	annotated	start	666	0	0	-1	G				0	0.00031507248	0	0.00031507248
mouse_wang_liver	ENSMUST00000082437.11	Selenof	annotated	start	667	0	0	-1	C				0	7.4208729e-05	0	7.4208729e-05
mouse_wang_liver	ENSMUST00000082437.11	Selenof	annotated	start	668	0	0	-1	T				12	0.00016994178	0.0033745782	0.00016994178
mouse_wang_liver	ENSMUST00000082437.11	Selenof	annotated	start	669	0	0	-1	C				8	0.0070919408	0.0022497188	0.0070919409
mouse_wang_liver	ENSMUST00000082437.11	Selenof	annotated	start	670	0	0	-1	A				1	0.00057748443	0.00028121485	0.00057748443
mouse_wang_liver	ENSMUST00000082437.11	Selenof	annotated	start	671	0	0	-1	G				13	0.0012091481	0.003655793	0.0012091481
mouse_wang_liver	ENSMUST00000082437.11	Selenof	annotated	start	672	0	0	-1	A				0	0.0010631932	0	0.0010631932
mouse_wang_liver	ENSMUST00000082437.11	Selenof	annotated	start	673	0	0	-1	C				0	6.0079437e-05	0	6.0079438e-05
mouse_wang_liver	ENSMUST00000082437.11	Selenof	annotated	start	674	0	0	-1	C				13	6.7673122e-05	0.003655793	6.7673122e-05
mouse_wang_liver	ENSMUST00000082437.11	Selenof	annotated	start	675	0	0	-1	C				6	0.00098529994	0.0016872891	0.00098529994
mouse_wang_liver	ENSMUST00000082437.11	Selenof	annotated	start	676	0	0	-1	T				0	0.00036792009	0	0.00036792009
mouse_wang_liver	ENSMUST00000082437.11	Selenof	annotated	start	677	0	0	-1	G				0	0.0002728304	0	0.0002728304
mouse_wang_liver	ENSMUST00000082437.11	Selenof	annotated	start	678	0	0	-1	T				0	0.0010681716	0	0.0010681716
mouse_wang_liver	ENSMUST00000082437.11	Selenof	annotated	start	679	0	0	-1	A				0	0.0013694414	0	0.0013694414
mouse_wang_liver	ENSMUST00000082437.11	Selenof	annotated	start	680	0	0	-1	C				0	0.00032038623	0	0.00032038623
mouse_wang_liver	ENSMUST00000082437.11	Selenof	annotated	start	681	0	0	-1	T				0	6.1083309e-05	0	6.1083309e-05
mouse_wang_liver	ENSMUST00000082437.11	Selenof	annotated	start	682	0	0	-1	A				0	0.00048965617	0	0.00048965617
mouse_wang_liver	ENSMUST00000082437.11	Selenof	annotated	start	683	0	0	-1	A				0	3.9853188e-05	0	3.9853189e-05
mouse_wang_liver	ENSMUST00000082437.11	Selenof	annotated	start	684	0	0	-1	A				0	7.3824303e-05	0	7.3824304e-05
mouse_wang_liver	ENSMUST00000082437.11	Selenof	annotated	start	685	0	0	-1	G				0	0.0004207012	0	0.0004207012
mouse_wang_liver	ENSMUST00000082437.11	Selenof	annotated	start	686	0	0	-1	C				6	0.00046637666	0.0016872891	0.00046637666
mouse_wang_liver	ENSMUST00000082437.11	Selenof	annotated	start	687	0	0	-1	T				0	0.00065821921	0	0.00065821922
mouse_wang_liver	ENSMUST00000082437.11	Selenof	annotated	start	688	0	0	-1	T				0	0.0015132214	0	0.0015132214
mouse_wang_liver	ENSMUST00000082437.11	Selenof	annotated	start	689	0	0	-1	T				11	0.00099691155	0.0030933633	0.00099691155
mouse_wang_liver	ENSMUST00000082437.11	Selenof	annotated	start	690	0	0	-1	T				0	0.00064695237	0	0.00064695237
mouse_wang_liver	ENSMUST00000082437.11	Selenof	annotated	start	691	0	0	-1	G				0	0.0002234079	0	0.0002234079
mouse_wang_liver	ENSMUST00000082437.11	Selenof	annotated	start	692	0	0	-1	G				41	0.00020528588	0.011529809	0.00020528588
mouse_wang_liver	ENSMUST00000082437.11	Selenof	annotated	start	693	0	0	-1	A				8	0.00020217667	0.0022497188	0.00020217667
mouse_wang_liver	ENSMUST00000082437.11	Selenof	annotated	start	694	0	0	-1	C				4	0.00026119576	0.0011248594	0.00026119576
mouse_wang_liver	ENSMUST00000082437.11	Selenof	annotated	start	695	0	0	-1	G				11	0.00054679718	0.0030933633	0.00054679718
mouse_wang_liver	ENSMUST00000082437.11	Selenof	annotated	start	696	0	0	-1	A				1	0.00033413566	0.00028121485	0.00033413567
mouse_wang_liver	ENSMUST00000082437.11	Selenof	annotated	start	697	0	0	-1	C				2	0.00016041027	0.0005624297	0.00016041027
mouse_wang_liver	ENSMUST00000082437.11	Selenof	annotated	start	698	0	0	-1	A				3	7.2948991e-05	0.00084364454	7.2948991e-05
mouse_wang_liver	ENSMUST00000082437.11	Selenof	annotated	start	699	0	0	-1	A				0	0.00052017585	0	0.00052017585
mouse_wang_liver	ENSMUST00000082437.11	Selenof	annotated	start	700	0	0	-1	C				26	0.0010474449	0.0073115861	0.0010474449
mouse_wang_liver	ENSMUST00000082437.11	Selenof	annotated	start	701	0	0	-1	G				134	0.00080595497	0.03768279	0.00080595498
mouse_wang_liver	ENSMUST00000082437.11	Selenof	annotated	start	702	0	0	-1	G				10	0.0010086612	0.0028121485	0.0010086612
mouse_wang_liver	ENSMUST00000082437.11	Selenof	annotated	start	703	0	0	-1	G				3	9.7776508e-05	0.00084364454	9.7776509e-05
mouse_wang_liver	ENSMUST00000082437.11	Selenof	annotated	start	704	0	0	-1	A				43	0.00025680102	0.012092238	0.00025680103
mouse_wang_liver	ENSMUST00000082437.11	Selenof	annotated	start	705	0	0	-1	A				1	0.00021659632	0.00028121485	0.00021659632
mouse_wang_liver	ENSMUST00000082437.11	Selenof	annotated	start	706	0	0	-1	C				0	8.1550388e-05	0	8.1550388e-05
mouse_wang_liver	ENSMUST00000082437.11	Selenof	annotated	start	707	0	0	-1	A				2	0.0026901418	0.0005624297	0.0026901418
mouse_wang_liver	ENSMUST00000082437.11	Selenof	annotated	start	708	0	0	-1	T				0	0.00094766571	0	0.00094766572
mouse_wang_liver	ENSMUST00000082437.11	Selenof	annotated	start	709	0	0	-1	T				1	0.00060228107	0.00028121485	0.00060228107
mouse_wang_liver	ENSMUST00000082437.11	Selenof	annotated	start	710	0	0	-1	G				10	0.00096058962	0.0028121485	0.00096058962
mouse_wang_liver	ENSMUST00000082437.11	Selenof	annotated	start	711	0	0	-1	C				0	0.00034699461	0	0.00034699461
mouse_wang_liver	ENSMUST00000082437.11	Selenof	annotated	start	712	0	0	-1	T				1	8.5591557e-05	0.00028121485	8.5591557e-05
mouse_wang_liver	ENSMUST00000082437.11	Selenof	annotated	start	713	0	0	-1	G				8	0.00073372747	0.0022497188	0.00073372748
mouse_wang_liver	ENSMUST00000082437.11	Selenof	annotated	start	714	0	0	-1	A				3	5.7369441e-05	0.00084364454	5.7369442e-05
mouse_wang_liver	ENSMUST00000082437.11	Selenof	annotated	start	715	0	0	-1	A				1	1.7167669e-05	0.00028121485	1.7167669e-05
mouse_wang_liver	ENSMUST00000082437.11	Selenof	annotated	start	716	0	0	-1	G				15	0.00028396913	0.0042182227	0.00028396913
mouse_wang_liver	ENSMUST00000082437.11	Selenof	annotated	start	717	0	0	-1	A				1	0.0001770524	0.00028121485	0.0001770524
mouse_wang_liver	ENSMUST00000082437.11	Selenof	annotated	start	718	0	0	-1	A				0	2.9617166e-05	0	2.9617166e-05
mouse_wang_liver	ENSMUST00000082437.11	Selenof	annotated	start	719	0	0	-1	C				0	0.00052987394	0	0.00052987394
mouse_wang_liver	ENSMUST00000082437.11	Selenof	annotated	start	720	0	0	-1	T				1	0.00017890401	0.00028121485	0.00017890401
mouse_wang_liver	ENSMUST00000082437.11	Selenof	annotated	start	721	0	0	-1	A				0	0.00023368913	0	0.00023368913
mouse_wang_liver	ENSMUST00000082437.11	Selenof	annotated	start	722	0	0	-1	A				4	0.00033644814	0.0011248594	0.00033644814
mouse_wang_liver	ENSMUST00000082437.11	Selenof	annotated	start	723	0	0	-1	G				0	7.7255063e-05	0	7.7255063e-05
mouse_wang_liver	ENSMUST00000082437.11	Selenof	annotated	start	724	0	0	-1	C				1	0.00038304875	0.00028121485	0.00038304876
mouse_wang_liver	ENSMUST00000082437.11	Selenof	annotated	start	725	0	0	-1	A				11	9.6437412e-05	0.0030933633	9.6437412e-05
mouse_wang_liver	ENSMUST00000082437.11	Selenof	annotated	start	726	0	0	-1	T				0	0.00012412225	0	0.00012412225
mouse_wang_liver	ENSMUST00000082437.11	Selenof	annotated	start	727	0	0	-1	C				0	0.00021500362	0	0.00021500362
mouse_wang_liver	ENSMUST00000082437.11	Selenof	annotated	start	728	0	0	-1	C				2	6.002171e-05	0.0005624297	6.002171e-05
mouse_wang_liver	ENSMUST00000082437.11	Selenof	annotated	start	729	0	0	-1	T				0	7.62727e-05	0	7.62727e-05
mouse_wang_liver	ENSMUST00000082437.11	Selenof	annotated	start	730	0	0	-1	C				0	0.00012287383	0	0.00012287383
mouse_wang_liver	ENSMUST00000082437.11	Selenof	annotated	start	731	0	0	-1	A				1	0.00044889562	0.00028121485	0.00044889562
mouse_wang_liver	ENSMUST00000082437.11	Selenof	annotated	start	732	0	0	-1	A				0	0.0010992265	0	0.0010992265
mouse_wang_liver	ENSMUST00000082437.11	Selenof	annotated	start	733	0	0	-1	G				0	0.00067448779	0	0.00067448779
mouse_wang_liver	ENSMUST00000082437.11	Selenof	annotated	start	734	0	0	-1	T				11	0.00065835577	0.0030933633	0.00065835577
mouse_wang_liver	ENSMUST00000082437.11	Selenof	annotated	start	735	0	0	-1	G				2	0.00016499322	0.0005624297	0.00016499322
mouse_wang_liver	ENSMUST00000082437.11	Selenof	annotated	start	736	0	0	-1	G				0	0.00012626074	0	0.00012626074
mouse_wang_liver	ENSMUST00000082437.11	Selenof	annotated	start	737	0	0	-1	A				4	0.00062250992	0.0011248594	0.00062250992
mouse_wang_liver	ENSMUST00000082437.11	Selenof	annotated	start	738	0	0	-1	A				0	0.00028577819	0	0.0002857782
mouse_wang_liver	ENSMUST00000082437.11	Selenof	annotated	start	739	0	0	-1	C				0	0.0002861559	0	0.00028615591
mouse_wang_liver	ENSMUST00000082437.11	Selenof	annotated	start	740	0	0	-1	A				13	0.0014462846	0.003655793	0.0014462846
mouse_wang_liver	ENSMUST00000082437.11	Selenof	annotated	start	741	0	0	-1	C				2	0.0003419515	0.0005624297	0.0003419515
mouse_wang_liver	ENSMUST00000082437.11	Selenof	annotated	start	742	0	0	-1	A				1	0.00051812391	0.00028121485	0.00051812391
mouse_wang_liver	ENSMUST00000082437.11	Selenof	annotated	start	743	0	0	-1	G				12	0.00061958347	0.0033745782	0.00061958347
mouse_wang_liver	ENSMUST00000082437.11	Selenof	annotated	start	744	0	0	-1	A				0	0.00017736691	0	0.00017736691
mouse_wang_liver	ENSMUST00000082437.11	Selenof	annotated	start	745	0	0	-1	C				0	0.00030204267	0	0.00030204267
mouse_wang_liver	ENSMUST00000082437.11	Selenof	annotated	start	746	0	0	-1	A				3	0.001906394	0.00084364454	0.001906394
mouse_wang_liver	ENSMUST00000082437.11	Selenof	annotated	start	747	0	0	-1	G				0	0.00020404783	0	0.00020404783
mouse_wang_liver	ENSMUST00000082437.11	Selenof	annotated	start	748	0	0	-1	T				5	0.00034116794	0.0014060742	0.00034116794
mouse_wang_liver	ENSMUST00000082437.11	Selenof	annotated	start	749	0	0	-1	G				9	0.00052623346	0.0025309336	0.00052623346
mouse_wang_liver	ENSMUST00000082437.11	Selenof	annotated	start	750	0	0	-1	T				1	0.0027483718	0.00028121485	0.0027483718
mouse_wang_liver	ENSMUST00000082437.11	Selenof	annotated	start	751	0	0	-1	G				0	0.0005199638	0	0.0005199638
mouse_wang_liver	ENSMUST00000082437.11	Selenof	annotated	start	752	0	0	-1	G				2	0.0016175469	0.0005624297	0.0016175469
mouse_wang_liver	ENSMUST00000082437.11	Selenof	annotated	start	753	0	0	-1	A				0	0.0012537648	0	0.0012537648
mouse_wang_liver	ENSMUST00000082437.11	Selenof	annotated	start	754	0	0	-1	A				0	0.00038271685	0	0.00038271686
mouse_wang_liver	ENSMUST00000082437.11	Selenof	annotated	start	755	0	0	-1	G				3	0.0007797018	0.00084364454	0.00077970181
mouse_wang_liver	ENSMUST00000082437.11	Selenof	annotated	start	756	0	0	-1	A				0	0.00028370763	0	0.00028370763
mouse_wang_liver	ENSMUST00000082437.11	Selenof	annotated	start	757	0	0	-1	G				0	0.00011381497	0	0.00011381498
mouse_wang_liver	ENSMUST00000082437.11	Selenof	annotated	start	758	0	0	-1	T				0	0.00051298988	0	0.00051298988
mouse_wang_liver	ENSMUST00000082437.11	Selenof	annotated	start	759	0	0	-1	T				0	0.00048894645	0	0.00048894645
mouse_wang_liver	ENSMUST00000082437.11	Selenof	annotated	start	760	0	0	-1	C				0	0.00041847178	0	0.00041847179
mouse_wang_liver	ENSMUST00000082437.11	Selenof	annotated	start	761	0	0	-1	C				2	0.0003278298	0.0005624297	0.0003278298
mouse_wang_liver	ENSMUST00000082437.11	Selenof	annotated	start	762	0	0	-1	T				1	0.00033663464	0.00028121485	0.00033663464
mouse_wang_liver	ENSMUST00000082437.11	Selenof	annotated	start	763	0	0	-1	G				2	0.00024053351	0.0005624297	0.00024053351
mouse_wang_liver	ENSMUST00000082437.11	Selenof	annotated	start	764	0	0	-1	A				5	0.00030206802	0.0014060742	0.00030206802
mouse_wang_liver	ENSMUST00000082437.11	Selenof	annotated	start	765	0	0	-1	G				1	7.2058479e-05	0.00028121485	7.205848e-05
mouse_wang_liver	ENSMUST00000082437.11	Selenof	annotated	start	766	0	0	-1	C				4	0.00019690012	0.0011248594	0.00019690012
mouse_wang_liver	ENSMUST00000082437.11	Selenof	annotated	start	767	0	0	-1	G				64	0.00031598544	0.01799775	0.00031598544
mouse_wang_liver	ENSMUST00000082437.11	Selenof	annotated	start	768	0	0	-1	A				8	4.7771584e-05	0.0022497188	4.7771584e-05
mouse_wang_liver	ENSMUST00000082437.11	Selenof	annotated	start	769	0	0	-1	G				2	0.00013735595	0.0005624297	0.00013735595
mouse_wang_liver	ENSMUST00000082437.11	Selenof	annotated	start	770	0	0	-1	A				0	0.00021219075	0	0.00021219075
mouse_wang_liver	ENSMUST00000082437.11	Selenof	annotated	start	771	0	0	-1	A				0	0.00011442815	0	0.00011442815
mouse_wang_liver	ENSMUST00000082437.11	Selenof	annotated	start	772	0	0	-1	G				3	9.045592e-05	0.00084364454	9.045592e-05
mouse_wang_liver	ENSMUST00000082437.11	Selenof	annotated	start	773	0	0	-1	T				13	0.003102364	0.003655793	0.003102364
mouse_wang_liver	ENSMUST00000082437.11	Selenof	annotated	start	774	0	0	-1	T				0	0.00029976273	0	0.00029976273
mouse_wang_liver	ENSMUST00000082437.11	Selenof	annotated	start	775	0	0	-1	G				3	5.0043858e-05	0.00084364454	5.0043858e-05
mouse_wang_liver	ENSMUST00000082437.11	Selenof	annotated	start	776	0	0	-1	G				36	0.00011325747	0.010123735	0.00011325747
mouse_wang_liver	ENSMUST00000082437.11	Selenof	annotated	start	777	0	0	-1	A				2	8.4863139e-05	0.0005624297	8.4863139e-05
mouse_wang_liver	ENSMUST00000082437.11	Selenof	annotated	start	778	0	0	-1	A				2	0.00021982098	0.0005624297	0.00021982098
mouse_wang_liver	ENSMUST00000082437.11	Selenof	annotated	start	779	0	0	-1	C				23	0.00095867325	0.0064679415	0.00095867325
mouse_wang_liver	ENSMUST00000082437.11	Selenof	annotated	start	780	0	0	-1	G				1	9.7280201e-05	0.00028121485	9.7280201e-05
mouse_wang_liver	ENSMUST00000082437.11	Selenof	annotated	start	781	0	0	-1	C				0	0.00013039098	0	0.00013039098
mouse_wang_liver	ENSMUST00000082437.11	Selenof	annotated	start	782	0	0	-1	A				0	0.0012793751	0	0.0012793751
mouse_wang_liver	ENSMUST00000082437.11	Selenof	annotated	start	783	0	0	-1	T				0	0.00022012347	0	0.00022012348
mouse_wang_liver	ENSMUST00000082437.11	Selenof	annotated	start	784	0	0	-1	A				0	5.4715681e-05	0	5.4715682e-05
mouse_wang_liver	ENSMUST00000082437.11	Selenof	annotated	start	785	0	0	-1	T				1	4.6158304e-05	0.00028121485	4.6158304e-05
mouse_wang_liver	ENSMUST00000082437.11	Selenof	annotated	start	786	0	0	-1	A				0	5.9685048e-05	0	5.9685048e-05
mouse_wang_liver	ENSMUST00000082437.11	Selenof	annotated	start	787	0	0	-1	A				0	1.1169447e-05	0	1.1169447e-05
mouse_wang_liver	ENSMUST00000082437.11	Selenof	annotated	start	788	0	0	-1	A				0	3.9446004e-06	0	3.9446004e-06
mouse_wang_liver	ENSMUST00000082437.11	Selenof	annotated	start	789	0	0	-1	C				0	2.4344254e-05	0	2.4344254e-05
mouse_wang_liver	ENSMUST00000082437.11	Selenof	annotated	start	790	0	0	-1	A				1	0.00016291911	0.00028121485	0.00016291911
mouse_wang_liver	ENSMUST00000082437.11	Selenof	annotated	start	791	0	0	-1	T				0	8.7433407e-05	0	8.7433408e-05
mouse_wang_liver	ENSMUST00000082437.11	Selenof	annotated	start	792	0	0	-1	G				0	0.00019572624	0	0.00019572624
mouse_wang_liver	ENSMUST00000082437.11	Selenof	annotated	start	793	0	0	-1	C				0	7.4279742e-05	0	7.4279742e-05
mouse_wang_liver	ENSMUST00000082437.11	Selenof	annotated	start	794	0	0	-1	T				0	0.00029868551	0	0.00029868551
mouse_wang_liver	ENSMUST00000082437.11	Selenof	annotated	start	795	0	0	-1	T				0	1.143079e-05	0	1.143079e-05
mouse_wang_liver	ENSMUST00000082437.11	Selenof	annotated	start	796	0	0	-1	A				0	1.8131099e-05	0	1.8131099e-05
mouse_wang_liver	ENSMUST00000082437.11	Selenof	annotated	start	797	0	0	-1	G				0	3.6136793e-05	0	3.6136793e-05
mouse_wang_liver	ENSMUST00000082437.11	Selenof	annotated	start	798	0	0	-1	T				0	6.1870301e-06	0	6.1870301e-06
mouse_wang_liver	ENSMUST00000082437.11	Selenof	annotated	start	799	0	0	-1	A				0	8.682732e-05	0	8.682732e-05
mouse_wang_liver	ENSMUST00000082437.11	Selenof	annotated	start	800	0	0	-1	G				0	2.7465951e-05	0	2.7465951e-05
mouse_wang_liver	ENSMUST00000082437.11	Selenof	annotated	start	801	0	0	-1	T				0	6.0478365e-06	0	6.0478365e-06
mouse_wang_liver	ENSMUST00000082437.11	Selenof	annotated	start	802	0	0	-1	T				0	0.00014696761	0	0.00014696761
mouse_wang_liver	ENSMUST00000082437.11	Selenof	annotated	start	803	0	0	-1	T				0	0.00012011746	0	0.00012011746
mouse_wang_liver	ENSMUST00000082437.11	Selenof	annotated	start	804	0	0	-1	T				0	2.5822501e-05	0	2.5822501e-05
mouse_wang_liver	ENSMUST00000082437.11	Selenof	annotated	start	805	0	0	-1	T				0	2.9265722e-05	0	2.9265722e-05
mouse_wang_liver	ENSMUST00000082437.11	Selenof	annotated	start	806	0	0	-1	A				0	1.3780776e-05	0	1.3780776e-05
mouse_wang_liver	ENSMUST00000082437.11	Selenof	annotated	start	807	0	0	-1	T				0	1.6140209e-05	0	1.614021e-05
mouse_wang_liver	ENSMUST00000082437.11	Selenof	annotated	start	808	0	0	-1	A				0	3.0195957e-05	0	3.0195957e-05
mouse_wang_liver	ENSMUST00000082437.11	Selenof	annotated	start	809	0	0	-1	C				0	2.8323695e-06	0	2.8323696e-06
mouse_wang_liver	ENSMUST00000082437.11	Selenof	annotated	start	810	0	0	-1	T				0	1.0538076e-06	0	1.0538076e-06
mouse_wang_liver	ENSMUST00000082437.11	Selenof	annotated	start	811	0	0	-1	A				0	8.1801119e-07	0	8.1801119e-07
mouse_wang_liver	ENSMUST00000082437.11	Selenof	annotated	start	812	0	0	-1	A				0	4.5101427e-07	0	4.5101427e-07
mouse_wang_liver	ENSMUST00000082437.11	Selenof	annotated	start	813	0	0	-1	T				0	2.508034e-06	0	2.508034e-06
mouse_wang_liver	ENSMUST00000082437.11	Selenof	annotated	start	814	0	0	-1	C				0	1.6330209e-06	0	1.6330209e-06
mouse_wang_liver	ENSMUST00000082437.11	Selenof	annotated	start	815	0	0	-1	A				0	2.5999676e-05	0	2.5999676e-05
mouse_wang_liver	ENSMUST00000082437.11	Selenof	annotated	start	816	0	0	-1	A				0	5.0387316e-05	0	5.0387316e-05
mouse_wang_liver	ENSMUST00000082437.11	Selenof	annotated	start	817	0	0	-1	A				0	0.000102661	0	0.000102661
mouse_wang_liver	ENSMUST00000082437.11	Selenof	annotated	start	818	0	0	-1	T				0	0.00013811399	0	0.00013811399
mouse_wang_liver	ENSMUST00000082437.11	Selenof	annotated	start	819	0	0	-1	G				0	3.3113869e-05	0	3.3113869e-05
mouse_wang_liver	ENSMUST00000082437.11	Selenof	annotated	start	820	0	0	-1	A				0	0.0001948368	0	0.0001948368
mouse_wang_liver	ENSMUST00000082437.11	Selenof	annotated	start	821	0	0	-1	A				1	7.0913855e-05	0.00028121485	7.0913855e-05
mouse_wang_liver	ENSMUST00000082437.11	Selenof	annotated	start	822	0	0	-1	T				0	3.6265741e-05	0	3.6265741e-05
mouse_wang_liver	ENSMUST00000082437.11	Selenof	annotated	start	823	0	0	-1	T				0	0.00032580204	0	0.00032580205
mouse_wang_liver	ENSMUST00000082437.11	Selenof	annotated	start	824	0	0	-1	A				0	6.9817434e-05	0	6.9817434e-05
mouse_wang_liver	ENSMUST00000082437.11	Selenof	annotated	start	825	0	0	-1	T				0	8.2386345e-05	0	8.2386345e-05
mouse_wang_liver	ENSMUST00000082437.11	Selenof	annotated	start	826	0	0	-1	C				0	0.0001127959	0	0.0001127959
mouse_wang_liver	ENSMUST00000082437.11	Selenof	annotated	start	827	0	0	-1	A				0	0.00050754723	0	0.00050754723
mouse_wang_liver	ENSMUST00000082437.11	Selenof	annotated	start	828	0	0	-1	C				0	9.0544723e-05	0	9.0544724e-05
mouse_wang_liver	ENSMUST00000082437.11	Selenof	annotated	start	829	0	0	-1	A				0	0.00011477034	0	0.00011477034
mouse_wang_liver	ENSMUST00000082437.11	Selenof	annotated	start	830	0	0	-1	G				0	0.00019029091	0	0.00019029091
mouse_wang_liver	ENSMUST00000082437.11	Selenof	annotated	start	831	0	0	-1	C				0	0.00062848761	0	0.00062848762
mouse_wang_liver	ENSMUST00000082437.11	Selenof	annotated	start	832	0	0	-1	A				0	0.0010504799	0	0.0010504799
mouse_wang_liver	ENSMUST00000082437.11	Selenof	annotated	start	833	0	0	-1	C				0	0.00095393002	0	0.00095393003
mouse_wang_liver	ENSMUST00000082437.11	Selenof	annotated	start	834	0	0	-1	C				0	7.2329058e-05	0	7.2329058e-05
mouse_wang_liver	ENSMUST00000082437.11	Selenof	annotated	start	835	0	0	-1	T				0	0.00010626615	0	0.00010626615
mouse_wang_liver	ENSMUST00000082437.11	Selenof	annotated	start	836	0	0	-1	A				0	0.00023101283	0	0.00023101283
mouse_wang_liver	ENSMUST00000082437.11	Selenof	annotated	start	837	0	0	-1	G				0	5.3011195e-06	0	5.3011195e-06
mouse_wang_liver	ENSMUST00000082437.11	Selenof	annotated	start	838	0	0	-1	A				0	2.7992555e-05	0	2.7992555e-05
mouse_wang_liver	ENSMUST00000082437.11	Selenof	annotated	start	839	0	0	-1	C				0	0.0001162645	0	0.0001162645
mouse_wang_liver	ENSMUST00000082437.11	Selenof	annotated	start	840	0	0	-1	A				0	1.080111e-05	0	1.080111e-05
mouse_wang_liver	ENSMUST00000082437.11	Selenof	annotated	start	841	0	0	-1	A				0	2.1104916e-05	0	2.1104916e-05
mouse_wang_liver	ENSMUST00000082437.11	Selenof	annotated	start	842	0	0	-1	T				0	1.2068163e-05	0	1.2068163e-05
mouse_wang_liver	ENSMUST00000082437.11	Selenof	annotated	start	843	0	0	-1	A				0	1.3999822e-05	0	1.3999822e-05
mouse_wang_liver	ENSMUST00000082437.11	Selenof	annotated	start	844	0	0	-1	A				0	0.00015846283	0	0.00015846283
mouse_wang_liver	ENSMUST00000082437.11	Selenof	annotated	start	845	0	0	-1	C				0	1.7474611e-05	0	1.7474611e-05
mouse_wang_liver	ENSMUST00000082437.11	Selenof	annotated	start	846	0	0	-1	T				0	7.7542963e-06	0	7.7542964e-06
mouse_wang_liver	ENSMUST00000082437.11	Selenof	annotated	start	847	0	0	-1	T				0	1.1116143e-05	0	1.1116144e-05
mouse_wang_liver	ENSMUST00000082437.11	Selenof	annotated	start	848	0	0	-1	A				0	3.8503531e-05	0	3.8503531e-05
mouse_wang_liver	ENSMUST00000082437.11	Selenof	annotated	start	849	0	0	-1	G				0	1.4339255e-05	0	1.4339255e-05
mouse_wang_liver	ENSMUST00000082437.11	Selenof	annotated	start	850	0	0	-1	T				0	2.4515868e-05	0	2.4515868e-05
mouse_wang_liver	ENSMUST00000082437.11	Selenof	annotated	start	851	0	0	-1	T				0	2.9944215e-06	0	2.9944215e-06
mouse_wang_liver	ENSMUST00000082437.11	Selenof	annotated	start	852	0	0	-1	T				0	6.0045386e-06	0	6.0045386e-06
mouse_wang_liver	ENSMUST00000082437.11	Selenof	annotated	start	853	0	0	-1	T				0	6.5694358e-06	0	6.5694358e-06
mouse_wang_liver	ENSMUST00000082437.11	Selenof	annotated	start	854	0	0	-1	G				0	8.7600374e-06	0	8.7600374e-06
mouse_wang_liver	ENSMUST00000082437.11	Selenof	annotated	start	855	0	0	-1	C				0	2.015586e-05	0	2.015586e-05
mouse_wang_liver	ENSMUST00000082437.11	Selenof	annotated	start	856	0	0	-1	A				0	4.4070821e-05	0	4.4070821e-05
mouse_wang_liver	ENSMUST00000082437.11	Selenof	annotated	start	857	0	0	-1	T				0	3.2984531e-06	0	3.2984531e-06
mouse_wang_liver	ENSMUST00000082437.11	Selenof	annotated	start	858	0	0	-1	G				0	5.0067033e-06	0	5.0067033e-06
mouse_wang_liver	ENSMUST00000082437.11	Selenof	annotated	start	859	0	0	-1	C				0	2.3229295e-05	0	2.3229295e-05
mouse_wang_liver	ENSMUST00000082437.11	Selenof	annotated	start	860	0	0	-1	T				0	1.5514459e-05	0	1.5514459e-05
mouse_wang_liver	ENSMUST00000082437.11	Selenof	annotated	start	861	0	0	-1	T				0	7.2286953e-06	0	7.2286953e-06
mouse_wang_liver	ENSMUST00000082437.11	Selenof	annotated	start	862	0	0	-1	A				0	2.4239505e-06	0	2.4239505e-06
mouse_wang_liver	ENSMUST00000082437.11	Selenof	annotated	start	863	0	0	-1	C				0	3.2018095e-06	0	3.2018095e-06
mouse_wang_liver	ENSMUST00000082437.11	Selenof	annotated	start	864	0	0	-1	A				0	6.6157663e-06	0	6.6157663e-06
mouse_wang_liver	ENSMUST00000082437.11	Selenof	annotated	start	865	0	0	-1	T				0	4.1777097e-05	0	4.1777097e-05
mouse_wang_liver	ENSMUST00000082437.11	Selenof	annotated	start	866	0	0	-1	T				0	1.2786772e-05	0	1.2786772e-05
mouse_wang_liver	ENSMUST00000082437.11	Selenof	annotated	start	867	0	0	-1	G				0	4.826819e-05	0	4.826819e-05
mouse_wang_liver	ENSMUST00000082437.11	Selenof	annotated	start	868	0	0	-1	G				0	0.00010499917	0	0.00010499917
mouse_wang_liver	ENSMUST00000082437.11	Selenof	annotated	start	869	0	0	-1	T				0	2.6028556e-05	0	2.6028556e-05
mouse_wang_liver	ENSMUST00000082437.11	Selenof	annotated	start	870	0	0	-1	C				0	1.0374319e-05	0	1.0374319e-05
mouse_wang_liver	ENSMUST00000082437.11	Selenof	annotated	start	871	0	0	-1	A				0	6.680626e-06	0	6.6806261e-06
mouse_wang_liver	ENSMUST00000082437.11	Selenof	annotated	start	872	0	0	-1	T				0	2.2576378e-05	0	2.2576378e-05
mouse_wang_liver	ENSMUST00000082437.11	Selenof	annotated	start	873	0	0	-1	C				0	1.1601833e-05	0	1.1601833e-05
mouse_wang_liver	ENSMUST00000082437.11	Selenof	annotated	start	874	0	0	-1	C				0	1.9999787e-05	0	1.9999787e-05
mouse_wang_liver	ENSMUST00000082437.11	Selenof	annotated	start	875	0	0	-1	T				0	2.7413653e-06	0	2.7413653e-06
mouse_wang_liver	ENSMUST00000082437.11	Selenof	annotated	start	876	0	0	-1	T				0	1.7937937e-05	0	1.7937937e-05
mouse_wang_liver	ENSMUST00000082437.11	Selenof	annotated	start	877	0	0	-1	T				0	2.8741937e-05	0	2.8741937e-05
mouse_wang_liver	ENSMUST00000082437.11	Selenof	annotated	start	878	0	0	-1	T				0	2.5289168e-05	0	2.5289168e-05
mouse_wang_liver	ENSMUST00000082437.11	Selenof	annotated	start	879	0	0	-1	T				0	2.5134181e-05	0	2.5134181e-05
mouse_wang_liver	ENSMUST00000082437.11	Selenof	annotated	start	880	0	0	-1	A				0	6.6027285e-05	0	6.6027286e-05
mouse_wang_liver	ENSMUST00000082437.11	Selenof	annotated	start	881	0	0	-1	T				0	7.2586422e-06	0	7.2586422e-06
mouse_wang_liver	ENSMUST00000082437.11	Selenof	annotated	start	882	0	0	-1	G				0	2.6104062e-06	0	2.6104062e-06
mouse_wang_liver	ENSMUST00000082437.11	Selenof	annotated	start	883	0	0	-1	T				0	1.6831017e-06	0	1.6831017e-06
mouse_wang_liver	ENSMUST00000082437.11	Selenof	annotated	start	884	0	0	-1	A				0	1.6832396e-06	0	1.6832396e-06
mouse_wang_liver	ENSMUST00000082437.11	Selenof	annotated	start	885	0	0	-1	C				0	2.4845183e-06	0	2.4845183e-06
mouse_wang_liver	ENSMUST00000082437.11	Selenof	annotated	start	886	0	0	-1	A				0	1.0245087e-05	0	1.0245087e-05
mouse_wang_liver	ENSMUST00000082437.11	Selenof	annotated	start	887	0	0	-1	T				0	1.706353e-05	0	1.706353e-05
mouse_wang_liver	ENSMUST00000082437.11	Selenof	annotated	start	888	0	0	-1	C				0	6.3998982e-06	0	6.3998982e-06
mouse_wang_liver	ENSMUST00000082437.11	Selenof	annotated	start	889	0	0	-1	A				0	4.4492401e-05	0	4.4492401e-05
mouse_wang_liver	ENSMUST00000082437.11	Selenof	annotated	start	890	0	0	-1	T				0	4.2365598e-05	0	4.2365599e-05
mouse_wang_liver	ENSMUST00000082437.11	Selenof	annotated	start	891	0	0	-1	T				0	1.315233e-05	0	1.315233e-05
mouse_wang_liver	ENSMUST00000082437.11	Selenof	annotated	start	892	0	0	-1	A				0	0.00020154024	0	0.00020154024
mouse_wang_liver	ENSMUST00000082437.11	Selenof	annotated	start	893	0	0	-1	A				0	0.00011673113	0	0.00011673113
mouse_wang_liver	ENSMUST00000082437.11	Selenof	annotated	start	894	0	0	-1	T				0	6.4666026e-05	0	6.4666027e-05
mouse_wang_liver	ENSMUST00000082437.11	Selenof	annotated	start	895	0	0	-1	C				0	1.0996805e-05	0	1.0996805e-05
mouse_wang_liver	ENSMUST00000082437.11	Selenof	annotated	start	896	0	0	-1	T				0	6.9517526e-05	0	6.9517526e-05
mouse_wang_liver	ENSMUST00000082437.11	Selenof	annotated	start	897	0	0	-1	T				0	3.8601553e-05	0	3.8601553e-05
mouse_wang_liver	ENSMUST00000082437.11	Selenof	annotated	start	898	0	0	-1	C				0	1.9645509e-05	0	1.9645509e-05
mouse_wang_liver	ENSMUST00000082437.11	Selenof	annotated	start	899	0	0	-1	T				0	3.6246693e-05	0	3.6246693e-05
mouse_wang_liver	ENSMUST00000082437.11	Selenof	annotated	start	900	0	0	-1	G				0	7.4996983e-06	0	7.4996983e-06
mouse_wang_liver	ENSMUST00000082437.11	Selenof	annotated	start	901	0	0	-1	A				0	1.898976e-05	0	1.898976e-05
mouse_wang_liver	ENSMUST00000082437.11	Selenof	annotated	start	902	0	0	-1	C				0	2.6856018e-05	0	2.6856018e-05
mouse_wang_liver	ENSMUST00000082437.11	Selenof	annotated	start	903	0	0	-1	A				0	4.8136946e-05	0	4.8136946e-05
mouse_wang_liver	ENSMUST00000082437.11	Selenof	annotated	start	904	0	0	-1	A				0	0.00026941043	0	0.00026941043
mouse_wang_liver	ENSMUST00000082437.11	Selenof	annotated	start	905	0	0	-1	G				0	1.0891536e-05	0	1.0891537e-05
mouse_wang_liver	ENSMUST00000082437.11	Selenof	annotated	start	906	0	0	-1	A				0	2.4988294e-05	0	2.4988294e-05
mouse_wang_liver	ENSMUST00000082437.11	Selenof	annotated	start	907	0	0	-1	A				0	0.0034281632	0	0.0034281633
mouse_wang_liver	ENSMUST00000082437.11	Selenof	annotated	start	908	0	0	-1	G				0	6.5885128e-05	0	6.5885128e-05
mouse_wang_liver	ENSMUST00000082437.11	Selenof	annotated	start	909	0	0	-1	C				0	4.9392012e-05	0	4.9392013e-05
mouse_wang_liver	ENSMUST00000082437.11	Selenof	annotated	start	910	0	0	-1	T				0	6.1654755e-05	0	6.1654755e-05
mouse_wang_liver	ENSMUST00000082437.11	Selenof	annotated	start	911	0	0	-1	G				0	0.00013987618	0	0.00013987618
mouse_wang_liver	ENSMUST00000082437.11	Selenof	annotated	start	912	0	0	-1	A				0	4.7196576e-05	0	4.7196576e-05
mouse_wang_liver	ENSMUST00000082437.11	Selenof	annotated	start	913	0	0	-1	A				0	2.4606352e-05	0	2.4606352e-05
mouse_wang_liver	ENSMUST00000082437.11	Selenof	annotated	start	914	0	0	-1	G				0	3.5270864e-06	0	3.5270864e-06
mouse_wang_liver	ENSMUST00000082437.11	Selenof	annotated	start	915	0	0	-1	T				0	9.2976161e-06	0	9.2976161e-06
mouse_wang_liver	ENSMUST00000082437.11	Selenof	annotated	start	916	0	0	-1	A				0	1.3974797e-05	0	1.3974797e-05
mouse_wang_liver	ENSMUST00000082437.11	Selenof	annotated	start	917	0	0	-1	G				0	1.2876371e-05	0	1.2876371e-05
mouse_wang_liver	ENSMUST00000082437.11	Selenof	annotated	start	918	0	0	-1	C				0	1.1830952e-05	0	1.1830952e-05
mouse_wang_liver	ENSMUST00000082437.11	Selenof	annotated	start	919	0	0	-1	A				0	5.3062786e-06	0	5.3062786e-06
mouse_wang_liver	ENSMUST00000082437.11	Selenof	annotated	start	920	0	0	-1	C				0	4.1510748e-06	0	4.1510748e-06
mouse_wang_liver	ENSMUST00000082437.11	Selenof	annotated	start	921	0	0	-1	C				0	2.3078017e-05	0	2.3078017e-05
mouse_wang_liver	ENSMUST00000082437.11	Selenof	annotated	start	922	0	0	-1	A				0	5.6375256e-06	0	5.6375257e-06
mouse_wang_liver	ENSMUST00000082437.11	Selenof	annotated	start	923	0	0	-1	C				0	3.7795389e-06	0	3.7795389e-06
mouse_wang_liver	ENSMUST00000082437.11	Selenof	annotated	start	924	0	0	-1	A				0	1.496594e-05	0	1.496594e-05
mouse_wang_liver	ENSMUST00000082437.11	Selenof	annotated	start	925	0	0	-1	G				0	1.8632023e-05	0	1.8632023e-05
mouse_wang_liver	ENSMUST00000082437.11	Selenof	annotated	start	926	0	0	-1	T				0	1.2545362e-05	0	1.2545362e-05
mouse_wang_liver	ENSMUST00000082437.11	Selenof	annotated	start	927	0	0	-1	C				0	8.3515435e-05	0	8.3515435e-05
mouse_wang_liver	ENSMUST00000082437.11	Selenof	annotated	start	928	0	0	-1	C				0	6.9705864e-05	0	6.9705864e-05
mouse_wang_liver	ENSMUST00000082437.11	Selenof	annotated	start	929	0	0	-1	A				0	4.1533162e-06	0	4.1533163e-06
mouse_wang_liver	ENSMUST00000082437.11	Selenof	annotated	start	930	0	0	-1	T				0	2.7015371e-06	0	2.7015372e-06
mouse_wang_liver	ENSMUST00000082437.11	Selenof	annotated	start	931	0	0	-1	A				0	1.8396697e-05	0	1.8396697e-05
mouse_wang_liver	ENSMUST00000082437.11	Selenof	annotated	start	932	0	0	-1	A				0	3.4061883e-05	0	3.4061883e-05
mouse_wang_liver	ENSMUST00000082437.11	Selenof	annotated	start	933	0	0	-1	T				0	3.2448015e-06	0	3.2448015e-06
mouse_wang_liver	ENSMUST00000082437.11	Selenof	annotated	start	934	0	0	-1	A				0	2.8749559e-05	0	2.8749559e-05
mouse_wang_liver	ENSMUST00000082437.11	Selenof	annotated	start	935	0	0	-1	T				0	5.4401829e-05	0	5.440183e-05
mouse_wang_liver	ENSMUST00000082437.11	Selenof	annotated	start	936	0	0	-1	A				0	2.0902087e-05	0	2.0902087e-05
mouse_wang_liver	ENSMUST00000082437.11	Selenof	annotated	start	937	0	0	-1	T				0	1.1292899e-05	0	1.1292899e-05
mouse_wang_liver	ENSMUST00000082437.11	Selenof	annotated	start	938	0	0	-1	C				0	3.5016014e-06	0	3.5016015e-06
mouse_wang_liver	ENSMUST00000082437.11	Selenof	annotated	start	939	0	0	-1	A				0	1.5163937e-06	0	1.5163937e-06
mouse_wang_liver	ENSMUST00000082437.11	Selenof	annotated	start	940	0	0	-1	G				0	2.2562117e-06	0	2.2562117e-06
mouse_wang_liver	ENSMUST00000082437.11	Selenof	annotated	start	941	0	0	-1	G				0	7.7980803e-06	0	7.7980804e-06
mouse_wang_liver	ENSMUST00000082437.11	Selenof	annotated	start	942	0	0	-1	A				0	1.6634e-05	0	1.6634e-05
mouse_wang_liver	ENSMUST00000082437.11	Selenof	annotated	start	943	0	0	-1	T				0	0.00019022451	0	0.00019022451
mouse_wang_liver	ENSMUST00000082437.11	Selenof	annotated	start	944	0	0	-1	C				0	0.00021697136	0	0.00021697136
mouse_wang_liver	ENSMUST00000082437.11	Selenof	annotated	start	945	0	0	-1	T				0	0.0001090208	0	0.0001090208
mouse_wang_liver	ENSMUST00000082437.11	Selenof	annotated	start	946	0	0	-1	G				0	7.0266309e-05	0	7.0266309e-05
mouse_wang_liver	ENSMUST00000082437.11	Selenof	annotated	start	947	0	0	-1	G				0	3.8924049e-05	0	3.8924049e-05
mouse_wang_liver	ENSMUST00000082437.11	Selenof	annotated	start	948	0	0	-1	C				0	6.5987435e-05	0	6.5987435e-05
mouse_wang_liver	ENSMUST00000082437.11	Selenof	annotated	start	949	0	0	-1	A				0	3.4249671e-05	0	3.4249672e-05
mouse_wang_liver	ENSMUST00000082437.11	Selenof	annotated	start	950	0	0	-1	A				0	9.6255026e-05	0	9.6255026e-05
mouse_wang_liver	ENSMUST00000082437.11	Selenof	annotated	start	951	0	0	-1	G				0	0.00019571692	0	0.00019571692
mouse_wang_liver	ENSMUST00000082437.11	Selenof	annotated	start	952	0	0	-1	C				0	2.8584158e-05	0	2.8584158e-05
mouse_wang_liver	ENSMUST00000082437.11	Selenof	annotated	start	953	0	0	-1	T				0	6.5220929e-06	0	6.5220929e-06
mouse_wang_liver	ENSMUST00000082437.11	Selenof	annotated	start	954	0	0	-1	T				0	2.5028348e-06	0	2.5028348e-06
mouse_wang_liver	ENSMUST00000082437.11	Selenof	annotated	start	955	0	0	-1	A				0	2.8489978e-06	0	2.8489978e-06
mouse_wang_liver	ENSMUST00000082437.11	Selenof	annotated	start	956	0	0	-1	A				0	9.2262653e-06	0	9.2262654e-06
mouse_wang_liver	ENSMUST00000082437.11	Selenof	annotated	start	957	0	0	-1	G				0	1.1477608e-05	0	1.1477609e-05
mouse_wang_liver	ENSMUST00000082437.11	Selenof	annotated	start	958	0	0	-1	G				0	1.5031079e-05	0	1.5031079e-05
mouse_wang_liver	ENSMUST00000082437.11	Selenof	annotated	start	959	0	0	-1	A				0	4.0833391e-05	0	4.0833391e-05
mouse_wang_liver	ENSMUST00000082437.11	Selenof	annotated	start	960	0	0	-1	A				0	5.9433455e-06	0	5.9433455e-06
mouse_wang_liver	ENSMUST00000082437.11	Selenof	annotated	start	961	0	0	-1	C				0	1.5672567e-05	0	1.5672567e-05
mouse_wang_liver	ENSMUST00000082437.11	Selenof	annotated	start	962	0	0	-1	C				0	1.0319731e-05	0	1.0319731e-05
mouse_wang_liver	ENSMUST00000082437.11	Selenof	annotated	start	963	0	0	-1	C				0	7.5620742e-06	0	7.5620742e-06
mouse_wang_liver	ENSMUST00000082437.11	Selenof	annotated	start	964	0	0	-1	A				0	8.6700684e-06	0	8.6700684e-06
mouse_wang_liver	ENSMUST00000082437.11	Selenof	annotated	start	965	0	0	-1	G				0	1.0187991e-05	0	1.0187991e-05
mouse_wang_liver	ENSMUST00000082437.11	Selenof	annotated	start	966	0	0	-1	C				0	6.039686e-06	0	6.039686e-06
mouse_wang_liver	ENSMUST00000082437.11	Selenof	annotated	start	967	0	0	-1	T				0	6.8983277e-06	0	6.8983277e-06
mouse_wang_liver	ENSMUST00000082437.11	Selenof	annotated	start	968	0	0	-1	C				0	3.512741e-05	0	3.512741e-05
mouse_wang_liver	ENSMUST00000082437.11	Selenof	annotated	start	969	0	0	-1	T				0	5.5407686e-06	0	5.5407686e-06
mouse_wang_liver	ENSMUST00000082437.11	Selenof	annotated	start	970	0	0	-1	T				0	3.0251254e-06	0	3.0251254e-06
mouse_wang_liver	ENSMUST00000082437.11	Selenof	annotated	start	971	0	0	-1	A				0	1.3638137e-05	0	1.3638137e-05
mouse_wang_liver	ENSMUST00000082437.11	Selenof	annotated	start	972	0	0	-1	G				0	7.1939244e-06	0	7.1939244e-06
mouse_wang_liver	ENSMUST00000082437.11	Selenof	annotated	start	973	0	0	-1	A				0	4.8912971e-06	0	4.8912971e-06
mouse_wang_liver	ENSMUST00000082437.11	Selenof	annotated	start	974	0	0	-1	A				0	7.106235e-06	0	7.106235e-06
mouse_wang_liver	ENSMUST00000082437.11	Selenof	annotated	start	975	0	0	-1	A				0	1.103955e-05	0	1.103955e-05
mouse_wang_liver	ENSMUST00000082437.11	Selenof	annotated	start	976	0	0	-1	T				0	9.1758538e-06	0	9.1758539e-06
mouse_wang_liver	ENSMUST00000082437.11	Selenof	annotated	start	977	0	0	-1	T				0	7.889249e-06	0	7.889249e-06
mouse_wang_liver	ENSMUST00000082437.11	Selenof	annotated	start	978	0	0	-1	T				0	1.7554225e-06	0	1.7554226e-06
mouse_wang_liver	ENSMUST00000082437.11	Selenof	annotated	start	979	0	0	-1	C				0	8.0482123e-06	0	8.0482123e-06
mouse_wang_liver	ENSMUST00000082437.11	Selenof	annotated	start	980	0	0	-1	T				0	1.0115531e-06	0	1.0115531e-06
mouse_wang_liver	ENSMUST00000082437.11	Selenof	annotated	start	981	0	0	-1	C				0	1.4574778e-07	0	1.4574778e-07
mouse_wang_liver	ENSMUST00000082437.11	Selenof	annotated	start	982	0	0	-1	T				0	1.2173375e-05	0	1.2173375e-05
mouse_wang_liver	ENSMUST00000082437.11	Selenof	annotated	start	983	0	0	-1	T				0	2.7182647e-05	0	2.7182647e-05
mouse_wang_liver	ENSMUST00000082437.11	Selenof	annotated	start	984	0	0	-1	C				0	1.2920796e-06	0	1.2920796e-06
mouse_wang_liver	ENSMUST00000082437.11	Selenof	annotated	start	985	0	0	-1	T				0	3.3431384e-06	0	3.3431384e-06
mouse_wang_liver	ENSMUST00000082437.11	Selenof	annotated	start	986	0	0	-1	T				0	5.1400016e-06	0	5.1400016e-06
mouse_wang_liver	ENSMUST00000082437.11	Selenof	annotated	start	987	0	0	-1	C				0	5.0102255e-07	0	5.0102256e-07
mouse_wang_liver	ENSMUST00000082437.11	Selenof	annotated	start	988	0	0	-1	T				0	4.7271506e-06	0	4.7271506e-06
mouse_wang_liver	ENSMUST00000082437.11	Selenof	annotated	start	989	0	0	-1	A				0	6.7142923e-06	0	6.7142924e-06
mouse_wang_liver	ENSMUST00000082437.11	Selenof	annotated	start	990	0	0	-1	C				0	1.5943655e-05	0	1.5943655e-05
mouse_wang_liver	ENSMUST00000082437.11	Selenof	annotated	start	991	0	0	-1	A				0	1.1701015e-05	0	1.1701015e-05
mouse_wang_liver	ENSMUST00000082437.11	Selenof	annotated	start	992	0	0	-1	C				0	1.8751347e-05	0	1.8751347e-05
mouse_wang_liver	ENSMUST00000082437.11	Selenof	annotated	start	993	0	0	-1	T				0	6.8841488e-05	0	6.8841488e-05
mouse_wang_liver	ENSMUST00000082437.11	Selenof	annotated	start	994	0	0	-1	T				0	0.00011224477	0	0.00011224477
mouse_wang_liver	ENSMUST00000082437.11	Selenof	annotated	start	995	0	0	-1	G				0	3.5498662e-05	0	3.5498662e-05
mouse_wang_liver	ENSMUST00000082437.11	Selenof	annotated	start	996	0	0	-1	T				1	0.00015891109	0.00028121485	0.00015891109
mouse_wang_liver	ENSMUST00000082437.11	Selenof	annotated	start	997	0	0	-1	T				0	7.2507108e-05	0	7.2507108e-05
mouse_wang_liver	ENSMUST00000082437.11	Selenof	annotated	start	998	0	0	-1	G				0	3.8959515e-05	0	3.8959515e-05
mouse_wang_liver	ENSMUST00000082437.11	Selenof	annotated	start	999	0	0	-1	C				0	3.1172371e-05	0	3.1172371e-05
mouse_wang_liver	ENSMUST00000082437.11	Selenof	annotated	start	1000	0	0	-1	T				0	0.00010979478	0	0.00010979478
mouse_wang_liver	ENSMUST00000082437.11	Selenof	annotated	start	1001	0	0	-1	C				0	1.7598788e-05	0	1.7598788e-05
mouse_wang_liver	ENSMUST00000082437.11	Selenof	annotated	start	1002	0	0	-1	T				0	7.1622708e-06	0	7.1622708e-06
mouse_wang_liver	ENSMUST00000082437.11	Selenof	annotated	start	1003	0	0	-1	C				0	7.2566972e-06	0	7.2566973e-06
mouse_wang_liver	ENSMUST00000082437.11	Selenof	annotated	start	1004	0	0	-1	A				0	8.9035475e-06	0	8.9035475e-06
mouse_wang_liver	ENSMUST00000082437.11	Selenof	annotated	start	1005	0	0	-1	C				0	4.018666e-06	0	4.018666e-06
mouse_wang_liver	ENSMUST00000082437.11	Selenof	annotated	start	1006	0	0	-1	C				0	1.6271795e-05	0	1.6271795e-05
mouse_wang_liver	ENSMUST00000082437.11	Selenof	annotated	start	1007	0	0	-1	A				0	1.8008592e-05	0	1.8008592e-05
mouse_wang_liver	ENSMUST00000082437.11	Selenof	annotated	start	1008	0	0	-1	G				0	0.00013910064	0	0.00013910064
mouse_wang_liver	ENSMUST00000082437.11	Selenof	annotated	start	1009	0	0	-1	T				0	0.00011877501	0	0.00011877501
mouse_wang_liver	ENSMUST00000082437.11	Selenof	annotated	start	1010	0	0	-1	G				0	1.2570081e-05	0	1.2570081e-05
mouse_wang_liver	ENSMUST00000082437.11	Selenof	annotated	start	1011	0	0	-1	A				0	1.0010757e-05	0	1.0010757e-05
mouse_wang_liver	ENSMUST00000082437.11	Selenof	annotated	start	1012	0	0	-1	A				0	3.61532e-05	0	3.61532e-05
mouse_wang_liver	ENSMUST00000082437.11	Selenof	annotated	start	1013	0	0	-1	A				0	4.0978706e-05	0	4.0978706e-05
mouse_wang_liver	ENSMUST00000082437.11	Selenof	annotated	start	1014	0	0	-1	C				0	7.2052262e-06	0	7.2052262e-06
mouse_wang_liver	ENSMUST00000082437.11	Selenof	annotated	start	1015	0	0	-1	G				0	1.8006016e-05	0	1.8006016e-05
mouse_wang_liver	ENSMUST00000082437.11	Selenof	annotated	start	1016	0	0	-1	C				0	2.1577771e-05	0	2.1577771e-05
mouse_wang_liver	ENSMUST00000082437.11	Selenof	annotated	start	1017	0	0	-1	T				0	6.580472e-06	0	6.580472e-06
mouse_wang_liver	ENSMUST00000082437.11	Selenof	annotated	start	1018	0	0	-1	T				0	1.8596413e-05	0	1.8596413e-05
mouse_wang_liver	ENSMUST00000082437.11	Selenof	annotated	start	1019	0	0	-1	T				0	2.8897995e-05	0	2.8897996e-05
mouse_wang_liver	ENSMUST00000082437.11	Selenof	annotated	start	1020	0	0	-1	G				0	3.5416138e-06	0	3.5416138e-06
mouse_wang_liver	ENSMUST00000082437.11	Selenof	annotated	start	1021	0	0	-1	T				0	4.5123161e-05	0	4.5123161e-05
mouse_wang_liver	ENSMUST00000082437.11	Selenof	annotated	start	1022	0	0	-1	A				0	2.4132196e-05	0	2.4132196e-05
mouse_wang_liver	ENSMUST00000082437.11	Selenof	annotated	start	1023	0	0	-1	A				0	3.3668887e-06	0	3.3668887e-06
mouse_wang_liver	ENSMUST00000082437.11	Selenof	annotated	start	1024	0	0	-1	G				0	1.6516286e-05	0	1.6516286e-05
mouse_wang_liver	ENSMUST00000082437.11	Selenof	annotated	start	1025	0	0	-1	G				0	1.8004161e-05	0	1.8004161e-05
mouse_wang_liver	ENSMUST00000082437.11	Selenof	annotated	start	1026	0	0	-1	A				0	7.4965519e-06	0	7.4965519e-06
mouse_wang_liver	ENSMUST00000082437.11	Selenof	annotated	start	1027	0	0	-1	G				0	2.4290971e-06	0	2.4290971e-06
mouse_wang_liver	ENSMUST00000082437.11	Selenof	annotated	start	1028	0	0	-1	G				0	5.7452442e-05	0	5.7452442e-05
mouse_wang_liver	ENSMUST00000082437.11	Selenof	annotated	start	1029	0	0	-1	C				0	9.5819296e-06	0	9.5819296e-06
mouse_wang_liver	ENSMUST00000082437.11	Selenof	annotated	start	1030	0	0	-1	A				0	7.0121609e-06	0	7.012161e-06
mouse_wang_liver	ENSMUST00000082437.11	Selenof	annotated	start	1031	0	0	-1	T				0	1.0646867e-05	0	1.0646867e-05
mouse_wang_liver	ENSMUST00000082437.11	Selenof	annotated	start	1032	0	0	-1	C				0	1.5211625e-05	0	1.5211625e-05
mouse_wang_liver	ENSMUST00000082437.11	Selenof	annotated	start	1033	0	0	-1	T				1	3.5935593e-06	0.00028121485	3.5935593e-06
mouse_wang_liver	ENSMUST00000082437.11	Selenof	annotated	start	1034	0	0	-1	G				1	7.3965839e-06	0.00028121485	7.3965839e-06
mouse_wang_liver	ENSMUST00000082437.11	Selenof	annotated	start	1035	0	0	-1	G				0	7.7287223e-06	0	7.7287223e-06
mouse_wang_liver	ENSMUST00000082437.11	Selenof	annotated	start	1036	0	0	-1	G				0	1.5371066e-06	0	1.5371066e-06
mouse_wang_liver	ENSMUST00000082437.11	Selenof	annotated	start	1037	0	0	-1	T				0	2.6450612e-06	0	2.6450612e-06
mouse_wang_liver	ENSMUST00000082437.11	Selenof	annotated	start	1038	0	0	-1	A				0	1.1829914e-05	0	1.1829914e-05
mouse_wang_liver	ENSMUST00000082437.11	Selenof	annotated	start	1039	0	0	-1	A				0	3.671187e-06	0	3.671187e-06
mouse_wang_liver	ENSMUST00000082437.11	Selenof	annotated	start	1040	0	0	-1	T				0	1.6555701e-06	0	1.6555702e-06
mouse_wang_liver	ENSMUST00000082437.11	Selenof	annotated	start	1041	0	0	-1	T				0	5.144876e-06	0	5.144876e-06
mouse_wang_liver	ENSMUST00000082437.11	Selenof	annotated	start	1042	0	0	-1	A				0	9.216895e-05	0	9.216895e-05
mouse_wang_liver	ENSMUST00000082437.11	Selenof	annotated	start	1043	0	0	-1	T				0	3.5185112e-05	0	3.5185112e-05
mouse_wang_liver	ENSMUST00000082437.11	Selenof	annotated	start	1044	0	0	-1	G				0	1.8170547e-05	0	1.8170547e-05
mouse_wang_liver	ENSMUST00000082437.11	Selenof	annotated	start	1045	0	0	-1	C				0	6.4213236e-05	0	6.4213237e-05
mouse_wang_liver	ENSMUST00000082437.11	Selenof	annotated	start	1046	0	0	-1	A				0	7.9350511e-06	0	7.9350512e-06
mouse_wang_liver	ENSMUST00000082437.11	Selenof	annotated	start	1047	0	0	-1	A				0	6.6344114e-06	0	6.6344114e-06
mouse_wang_liver	ENSMUST00000082437.11	Selenof	annotated	start	1048	0	0	-1	A				0	6.700323e-06	0	6.700323e-06
mouse_wang_liver	ENSMUST00000082437.11	Selenof	annotated	start	1049	0	0	-1	T				0	6.0944913e-06	0	6.0944913e-06
mouse_wang_liver	ENSMUST00000082437.11	Selenof	annotated	start	1050	0	0	-1	A				0	2.5803829e-06	0	2.5803829e-06
mouse_wang_liver	ENSMUST00000082437.11	Selenof	annotated	start	1051	0	0	-1	A				0	8.9385658e-06	0	8.9385658e-06
mouse_wang_liver	ENSMUST00000082437.11	Selenof	annotated	start	1052	0	0	-1	G				0	2.2553468e-06	0	2.2553468e-06
mouse_wang_liver	ENSMUST00000082437.11	Selenof	annotated	start	1053	0	0	-1	T				0	1.4189021e-05	0	1.4189021e-05
mouse_wang_liver	ENSMUST00000082437.11	Selenof	annotated	start	1054	0	0	-1	T				0	1.8515999e-05	0	1.8515999e-05
mouse_wang_liver	ENSMUST00000082437.11	Selenof	annotated	start	1055	0	0	-1	T				0	3.810296e-05	0	3.8102961e-05
mouse_wang_liver	ENSMUST00000082437.11	Selenof	annotated	start	1056	0	0	-1	G				0	5.7343346e-05	0	5.7343346e-05
mouse_wang_liver	ENSMUST00000082437.11	Selenof	annotated	start	1057	0	0	-1	T				0	5.7512825e-06	0	5.7512825e-06
mouse_wang_liver	ENSMUST00000082437.11	Selenof	annotated	start	1058	0	0	-1	G				0	2.0923178e-06	0	2.0923178e-06
mouse_wang_liver	ENSMUST00000082437.11	Selenof	annotated	start	1059	0	0	-1	A				0	4.2143824e-06	0	4.2143825e-06
mouse_wang_liver	ENSMUST00000082437.11	Selenof	annotated	start	1060	0	0	-1	T				0	1.191616e-05	0	1.1916161e-05
mouse_wang_liver	ENSMUST00000082437.11	Selenof	annotated	start	1061	0	0	-1	A				0	1.1779681e-05	0	1.1779681e-05
mouse_wang_liver	ENSMUST00000082437.11	Selenof	annotated	start	1062	0	0	-1	A				0	2.6155134e-05	0	2.6155134e-05
mouse_wang_liver	ENSMUST00000082437.11	Selenof	annotated	start	1063	0	0	-1	T				0	1.7689941e-05	0	1.7689941e-05
mouse_wang_liver	ENSMUST00000082437.11	Selenof	annotated	start	1064	0	0	-1	T				0	3.3273885e-05	0	3.3273886e-05
mouse_wang_liver	ENSMUST00000082437.11	Selenof	annotated	start	1065	0	0	-1	G				0	7.6819255e-05	0	7.6819255e-05
mouse_wang_liver	ENSMUST00000082437.11	Selenof	annotated	start	1066	0	0	-1	C				0	8.0951686e-06	0	8.0951686e-06
mouse_wang_liver	ENSMUST00000082437.11	Selenof	annotated	start	1067	0	0	-1	T				0	3.7745845e-05	0	3.7745846e-05
mouse_wang_liver	ENSMUST00000082437.11	Selenof	annotated	start	1068	0	0	-1	C				0	3.8420781e-05	0	3.8420782e-05
mouse_wang_liver	ENSMUST00000082437.11	Selenof	annotated	start	1069	0	0	-1	C				0	3.910868e-05	0	3.910868e-05
mouse_wang_liver	ENSMUST00000082437.11	Selenof	annotated	start	1070	0	0	-1	A				0	0.00011402063	0	0.00011402063
mouse_wang_liver	ENSMUST00000082437.11	Selenof	annotated	start	1071	0	0	-1	G				0	4.8020622e-05	0	4.8020622e-05
mouse_wang_liver	ENSMUST00000082437.11	Selenof	annotated	start	1072	0	0	-1	T				0	1.2522435e-05	0	1.2522435e-05
mouse_wang_liver	ENSMUST00000082437.11	Selenof	annotated	start	1073	0	0	-1	T				0	1.7725675e-05	0	1.7725675e-05
mouse_wang_liver	ENSMUST00000082437.11	Selenof	annotated	start	1074	0	0	-1	C				0	4.7486021e-05	0	4.7486021e-05
mouse_wang_liver	ENSMUST00000082437.11	Selenof	annotated	start	1075	0	0	-1	T				0	1.8304505e-05	0	1.8304505e-05
mouse_wang_liver	ENSMUST00000082437.11	Selenof	annotated	start	1076	0	0	-1	A				0	6.7383603e-06	0	6.7383603e-06
mouse_wang_liver	ENSMUST00000082437.11	Selenof	annotated	start	1077	0	0	-1	C				0	3.1860907e-07	0	3.1860907e-07
mouse_wang_liver	ENSMUST00000082437.11	Selenof	annotated	start	1078	0	0	-1	A				0	4.1565572e-06	0	4.1565572e-06
mouse_wang_liver	ENSMUST00000082437.11	Selenof	annotated	start	1079	0	0	-1	A				0	1.5413631e-05	0	1.5413631e-05
mouse_wang_liver	ENSMUST00000082437.11	Selenof	annotated	start	1080	0	0	-1	A				0	1.8619268e-05	0	1.8619268e-05
mouse_wang_liver	ENSMUST00000082437.11	Selenof	annotated	start	1081	0	0	-1	C				0	3.9153665e-06	0	3.9153665e-06
mouse_wang_liver	ENSMUST00000082437.11	Selenof	annotated	start	1082	0	0	-1	A				0	7.1090953e-06	0	7.1090954e-06
mouse_wang_liver	ENSMUST00000082437.11	Selenof	annotated	start	1083	0	0	-1	A				0	1.2394736e-05	0	1.2394736e-05
mouse_wang_liver	ENSMUST00000082437.11	Selenof	annotated	start	1084	0	0	-1	C				0	3.2940272e-06	0	3.2940272e-06
mouse_wang_liver	ENSMUST00000082437.11	Selenof	annotated	start	1085	0	0	-1	A				0	4.1981384e-05	0	4.1981384e-05
mouse_wang_liver	ENSMUST00000082437.11	Selenof	annotated	start	1086	0	0	-1	G				0	2.0571597e-05	0	2.0571597e-05
mouse_wang_liver	ENSMUST00000082437.11	Selenof	annotated	start	1087	0	0	-1	A				0	1.7679551e-05	0	1.7679551e-05
mouse_wang_liver	ENSMUST00000082437.11	Selenof	annotated	start	1088	0	0	-1	A				0	2.1232503e-05	0	2.1232503e-05
mouse_wang_liver	ENSMUST00000082437.11	Selenof	annotated	start	1089	0	0	-1	T				0	5.9476861e-05	0	5.9476861e-05
mouse_wang_liver	ENSMUST00000082437.11	Selenof	annotated	start	1090	0	0	-1	T				0	8.863835e-05	0	8.863835e-05
mouse_wang_liver	ENSMUST00000082437.11	Selenof	annotated	start	1091	0	0	-1	T				0	2.3144095e-05	0	2.3144095e-05
mouse_wang_liver	ENSMUST00000082437.11	Selenof	annotated	start	1092	0	0	-1	T				0	8.4633966e-06	0	8.4633967e-06
mouse_wang_liver	ENSMUST00000082437.11	Selenof	annotated	start	1093	0	0	-1	A				0	1.5888056e-05	0	1.5888056e-05
mouse_wang_liver	ENSMUST00000082437.11	Selenof	annotated	start	1094	0	0	-1	A				0	1.6148309e-05	0	1.614831e-05
mouse_wang_liver	ENSMUST00000082437.11	Selenof	annotated	start	1095	0	0	-1	A				0	2.1830085e-05	0	2.1830085e-05
mouse_wang_liver	ENSMUST00000082437.11	Selenof	annotated	start	1096	0	0	-1	T				0	9.6240747e-06	0	9.6240747e-06
mouse_wang_liver	ENSMUST00000082437.11	Selenof	annotated	start	1097	0	0	-1	A				0	2.5310071e-06	0	2.5310071e-06
mouse_wang_liver	ENSMUST00000082437.11	Selenof	annotated	start	1098	0	0	-1	G				0	6.6528258e-07	0	6.6528259e-07
mouse_wang_liver	ENSMUST00000082437.11	Selenof	annotated	start	1099	0	0	-1	A				0	1.9114902e-06	0	1.9114903e-06
mouse_wang_liver	ENSMUST00000082437.11	Selenof	annotated	start	1100	0	0	-1	G				0	6.3058046e-06	0	6.3058046e-06
mouse_wang_liver	ENSMUST00000082437.11	Selenof	annotated	start	1101	0	0	-1	G				0	5.5725586e-06	0	5.5725586e-06
mouse_wang_liver	ENSMUST00000082437.11	Selenof	annotated	start	1102	0	0	-1	A				0	1.067786e-05	0	1.067786e-05
mouse_wang_liver	ENSMUST00000082437.11	Selenof	annotated	start	1103	0	0	-1	A				0	3.5440546e-05	0	3.5440546e-05
mouse_wang_liver	ENSMUST00000082437.11	Selenof	annotated	start	1104	0	0	-1	G				0	6.9813643e-05	0	6.9813643e-05
mouse_wang_liver	ENSMUST00000082437.11	Selenof	annotated	start	1105	0	0	-1	T				0	2.2767163e-05	0	2.2767163e-05
mouse_wang_liver	ENSMUST00000082437.11	Selenof	annotated	start	1106	0	0	-1	G				0	2.6946582e-05	0	2.6946582e-05
mouse_wang_liver	ENSMUST00000082437.11	Selenof	annotated	start	1107	0	0	-1	G				0	5.3870168e-05	0	5.3870168e-05
mouse_wang_liver	ENSMUST00000082437.11	Selenof	annotated	start	1108	0	0	-1	A				0	4.6910077e-06	0	4.6910077e-06
mouse_wang_liver	ENSMUST00000082437.11	Selenof	annotated	start	1109	0	0	-1	T				0	7.6777542e-06	0	7.6777542e-06
mouse_wang_liver	ENSMUST00000082437.11	Selenof	annotated	start	1110	0	0	-1	A				0	5.0238164e-06	0	5.0238164e-06
mouse_wang_liver	ENSMUST00000082437.11	Selenof	annotated	start	1111	0	0	-1	A				0	1.024032e-05	0	1.024032e-05
mouse_wang_liver	ENSMUST00000082437.11	Selenof	annotated	start	1112	0	0	-1	A				0	7.3683309e-06	0	7.3683309e-06
mouse_wang_liver	ENSMUST00000082437.11	Selenof	annotated	start	1113	0	0	-1	G				0	2.3106868e-05	0	2.3106868e-05
mouse_wang_liver	ENSMUST00000082437.11	Selenof	annotated	start	1114	0	0	-1	G				0	7.1713062e-06	0	7.1713062e-06
mouse_wang_liver	ENSMUST00000082437.11	Selenof	annotated	start	1115	0	0	-1	A				0	2.5850344e-05	0	2.5850344e-05
mouse_wang_liver	ENSMUST00000082437.11	Selenof	annotated	start	1116	0	0	-1	G				0	1.1205146e-05	0	1.1205146e-05
mouse_wang_liver	ENSMUST00000082437.11	Selenof	annotated	start	1117	0	0	-1	A				0	5.4430635e-05	0	5.4430635e-05
mouse_wang_liver	ENSMUST00000082437.11	Selenof	annotated	start	1118	0	0	-1	C				0	9.9380259e-06	0	9.9380259e-06
mouse_wang_liver	ENSMUST00000082437.11	Selenof	annotated	start	1119	0	0	-1	A				0	6.9483984e-05	0	6.9483984e-05
mouse_wang_liver	ENSMUST00000082437.11	Selenof	annotated	start	1120	0	0	-1	C				0	0.00035999771	0	0.00035999771
mouse_wang_liver	ENSMUST00000082437.11	Selenof	annotated	start	1121	0	0	-1	C				0	8.6686836e-05	0	8.6686836e-05
mouse_wang_liver	ENSMUST00000082437.11	Selenof	annotated	start	1122	0	0	-1	T				0	7.1693947e-05	0	7.1693947e-05
mouse_wang_liver	ENSMUST00000082437.11	Selenof	annotated	start	1123	0	0	-1	C				0	5.5897639e-05	0	5.5897639e-05
mouse_wang_liver	ENSMUST00000082437.11	Selenof	annotated	start	1124	0	0	-1	C				0	2.6458019e-05	0	2.645802e-05
mouse_wang_liver	ENSMUST00000082437.11	Selenof	annotated	start	1125	0	0	-1	C				0	2.2804583e-05	0	2.2804583e-05
mouse_wang_liver	ENSMUST00000082437.11	Selenof	annotated	start	1126	0	0	-1	T				0	1.9231058e-05	0	1.9231058e-05
mouse_wang_liver	ENSMUST00000082437.11	Selenof	annotated	start	1127	0	0	-1	T				0	5.5611632e-05	0	5.5611632e-05
mouse_wang_liver	ENSMUST00000082437.11	Selenof	annotated	start	1128	0	0	-1	G				0	0.00019777917	0	0.00019777917
mouse_wang_liver	ENSMUST00000082437.11	Selenof	annotated	start	1129	0	0	-1	C				0	0.00013669654	0	0.00013669654
mouse_wang_liver	ENSMUST00000082437.11	Selenof	annotated	start	1130	0	0	-1	T				0	3.731684e-05	0	3.7316841e-05
mouse_wang_liver	ENSMUST00000082437.11	Selenof	annotated	start	1131	0	0	-1	G				0	7.2051334e-05	0	7.2051335e-05
mouse_wang_liver	ENSMUST00000082437.11	Selenof	annotated	start	1132	0	0	-1	T				0	1.6699534e-05	0	1.6699534e-05
mouse_wang_liver	ENSMUST00000082437.11	Selenof	annotated	start	1133	0	0	-1	G				0	2.352471e-05	0	2.352471e-05
mouse_wang_liver	ENSMUST00000082437.11	Selenof	annotated	start	1134	0	0	-1	T				0	3.5265501e-05	0	3.5265501e-05
mouse_wang_liver	ENSMUST00000082437.11	Selenof	annotated	start	1135	0	0	-1	G				0	8.8530636e-05	0	8.8530637e-05
mouse_wang_liver	ENSMUST00000082437.11	Selenof	annotated	start	1136	0	0	-1	C				0	4.6007386e-05	0	4.6007386e-05
mouse_wang_liver	ENSMUST00000082437.11	Selenof	annotated	start	1137	0	0	-1	T				0	4.8935999e-05	0	4.8935999e-05
mouse_wang_liver	ENSMUST00000082437.11	Selenof	annotated	start	1138	0	0	-1	C				0	5.9926308e-05	0	5.9926308e-05
mouse_wang_liver	ENSMUST00000082437.11	Selenof	annotated	start	1139	0	0	-1	T				0	5.1204581e-05	0	5.1204581e-05
mouse_wang_liver	ENSMUST00000082437.11	Selenof	annotated	start	1140	0	0	-1	T				0	2.7403525e-05	0	2.7403525e-05
mouse_wang_liver	ENSMUST00000082437.11	Selenof	annotated	start	1141	0	0	-1	T				0	4.1504081e-05	0	4.1504081e-05
mouse_wang_liver	ENSMUST00000082437.11	Selenof	annotated	start	1142	0	0	-1	G				0	7.4207448e-05	0	7.4207448e-05
mouse_wang_liver	ENSMUST00000082437.11	Selenof	annotated	start	1143	0	0	-1	A				0	9.983495e-05	0	9.983495e-05
mouse_wang_liver	ENSMUST00000082437.11	Selenof	annotated	start	1144	0	0	-1	A				0	3.4898014e-05	0	3.4898014e-05
mouse_wang_liver	ENSMUST00000082437.11	Selenof	annotated	start	1145	0	0	-1	A				0	8.2107661e-05	0	8.2107661e-05
mouse_wang_liver	ENSMUST00000082437.11	Selenof	annotated	start	1146	0	0	-1	G				0	8.5446427e-06	0	8.5446427e-06
mouse_wang_liver	ENSMUST00000082437.11	Selenof	annotated	start	1147	0	0	-1	T				0	2.7991741e-06	0	2.7991741e-06
mouse_wang_liver	ENSMUST00000082437.11	Selenof	annotated	start	1148	0	0	-1	A				0	9.8087276e-06	0	9.8087276e-06
mouse_wang_liver	ENSMUST00000082437.11	Selenof	annotated	start	1149	0	0	-1	A				0	1.6046191e-05	0	1.6046191e-05
mouse_wang_liver	ENSMUST00000082437.11	Selenof	annotated	start	1150	0	0	-1	T				0	1.9683317e-05	0	1.9683317e-05
mouse_wang_liver	ENSMUST00000082437.11	Selenof	annotated	start	1151	0	0	-1	T				0	8.9211071e-06	0	8.9211071e-06
mouse_wang_liver	ENSMUST00000082437.11	Selenof	annotated	start	1152	0	0	-1	G				0	7.4853975e-05	0	7.4853975e-05
mouse_wang_liver	ENSMUST00000082437.11	Selenof	annotated	start	1153	0	0	-1	A				0	1.7994824e-05	0	1.7994824e-05
mouse_wang_liver	ENSMUST00000082437.11	Selenof	annotated	start	1154	0	0	-1	C				0	4.2842166e-06	0	4.2842166e-06
mouse_wang_liver	ENSMUST00000082437.11	Selenof	annotated	start	1155	0	0	-1	A				0	4.6600007e-06	0	4.6600008e-06
mouse_wang_liver	ENSMUST00000082437.11	Selenof	annotated	start	1156	0	0	-1	G				0	3.7082605e-06	0	3.7082605e-06
mouse_wang_liver	ENSMUST00000082437.11	Selenof	annotated	start	1157	0	0	-1	A				0	1.5811494e-05	0	1.5811495e-05
mouse_wang_liver	ENSMUST00000082437.11	Selenof	annotated	start	1158	0	0	-1	A				0	2.5886757e-05	0	2.5886757e-05
mouse_wang_liver	ENSMUST00000082437.11	Selenof	annotated	start	1159	0	0	-1	A				0	3.2281282e-06	0	3.2281282e-06
mouse_wang_liver	ENSMUST00000082437.11	Selenof	annotated	start	1160	0	0	-1	A				0	2.8153832e-05	0	2.8153832e-05
mouse_wang_liver	ENSMUST00000082437.11	Selenof	annotated	start	1161	0	0	-1	C				0	3.3375618e-05	0	3.3375618e-05
mouse_wang_liver	ENSMUST00000082437.11	Selenof	annotated	start	1162	0	0	-1	T				0	3.0161073e-05	0	3.0161073e-05
mouse_wang_liver	ENSMUST00000082437.11	Selenof	annotated	start	1163	0	0	-1	A				0	2.2985458e-05	0	2.2985458e-05
mouse_wang_liver	ENSMUST00000082437.11	Selenof	annotated	start	1164	0	0	-1	C				0	2.7424858e-05	0	2.7424858e-05
mouse_wang_liver	ENSMUST00000082437.11	Selenof	annotated	start	1165	0	0	-1	A				0	4.5534152e-06	0	4.5534153e-06
mouse_wang_liver	ENSMUST00000082437.11	Selenof	annotated	start	1166	0	0	-1	A				0	1.2400718e-05	0	1.2400718e-05
mouse_wang_liver	ENSMUST00000082437.11	Selenof	annotated	start	1167	0	0	-1	A				0	6.5251847e-06	0	6.5251848e-06
mouse_wang_liver	ENSMUST00000082437.11	Selenof	annotated	start	1168	0	0	-1	C				0	5.921665e-06	0	5.921665e-06
mouse_wang_liver	ENSMUST00000082437.11	Selenof	annotated	start	1169	0	0	-1	A				0	6.1526007e-05	0	6.1526007e-05
mouse_wang_liver	ENSMUST00000082437.11	Selenof	annotated	start	1170	0	0	-1	C				0	4.5279725e-05	0	4.5279725e-05
mouse_wang_liver	ENSMUST00000082437.11	Selenof	annotated	start	1171	0	0	-1	G				0	1.0599696e-05	0	1.0599696e-05
mouse_wang_liver	ENSMUST00000082437.11	Selenof	annotated	start	1172	0	0	-1	T				0	1.0310779e-05	0	1.0310779e-05
mouse_wang_liver	ENSMUST00000082437.11	Selenof	annotated	start	1173	0	0	-1	A				0	6.8801414e-06	0	6.8801415e-06
mouse_wang_liver	ENSMUST00000082437.11	Selenof	annotated	start	1174	0	0	-1	G				0	1.2691742e-05	0	1.2691742e-05
mouse_wang_liver	ENSMUST00000082437.11	Selenof	annotated	start	1175	0	0	-1	G				0	1.9493595e-05	0	1.9493595e-05
mouse_wang_liver	ENSMUST00000082437.11	Selenof	annotated	start	1176	0	0	-1	A				1	6.2211133e-05	0.00028121485	6.2211133e-05
mouse_wang_liver	ENSMUST00000082437.11	Selenof	annotated	start	1177	0	0	-1	T				0	8.1882063e-05	0	8.1882063e-05
mouse_wang_liver	ENSMUST00000082437.11	Selenof	annotated	start	1178	0	0	-1	G				0	6.5632215e-05	0	6.5632216e-05
mouse_wang_liver	ENSMUST00000082437.11	Selenof	annotated	start	1179	0	0	-1	C				0	2.2162209e-05	0	2.2162209e-05
mouse_wang_liver	ENSMUST00000082437.11	Selenof	annotated	start	1180	0	0	-1	C				0	1.8954261e-05	0	1.8954261e-05
mouse_wang_liver	ENSMUST00000082437.11	Selenof	annotated	start	1181	0	0	-1	C				0	4.737547e-05	0	4.737547e-05
mouse_wang_liver	ENSMUST00000082437.11	Selenof	annotated	start	1182	0	0	-1	T				0	6.3562889e-05	0	6.356289e-05
mouse_wang_liver	ENSMUST00000082437.11	Selenof	annotated	start	1183	0	0	-1	G				0	4.459675e-06	0	4.459675e-06
mouse_wang_liver	ENSMUST00000082437.11	Selenof	annotated	start	1184	0	0	-1	C				0	4.9948758e-06	0	4.9948758e-06
mouse_wang_liver	ENSMUST00000082437.11	Selenof	annotated	start	1185	0	0	-1	G				0	1.4626032e-05	0	1.4626032e-05
mouse_wang_liver	ENSMUST00000082437.11	Selenof	annotated	start	1186	0	0	-1	C				0	2.2475099e-06	0	2.2475099e-06
mouse_wang_liver	ENSMUST00000082437.11	Selenof	annotated	start	1187	0	0	-1	C				0	4.0652668e-07	0	4.0652668e-07
mouse_wang_liver	ENSMUST00000082437.11	Selenof	annotated	start	1188	0	0	-1	T				0	2.1548292e-06	0	2.1548292e-06
mouse_wang_liver	ENSMUST00000082437.11	Selenof	annotated	start	1189	0	0	-1	C				0	2.1516196e-06	0	2.1516196e-06
mouse_wang_liver	ENSMUST00000082437.11	Selenof	annotated	start	1190	0	0	-1	A				0	2.4758046e-06	0	2.4758047e-06
mouse_wang_liver	ENSMUST00000082437.11	Selenof	annotated	start	1191	0	0	-1	G				0	4.415384e-06	0	4.415384e-06
mouse_wang_liver	ENSMUST00000082437.11	Selenof	annotated	start	1192	0	0	-1	C				0	2.5489248e-06	0	2.5489248e-06
mouse_wang_liver	ENSMUST00000082437.11	Selenof	annotated	start	1193	0	0	-1	A				0	1.2608091e-05	0	1.2608091e-05
mouse_wang_liver	ENSMUST00000082437.11	Selenof	annotated	start	1194	0	0	-1	G				0	1.1593957e-05	0	1.1593957e-05
mouse_wang_liver	ENSMUST00000082437.11	Selenof	annotated	start	1195	0	0	-1	C				0	8.5995083e-07	0	8.5995083e-07
mouse_wang_liver	ENSMUST00000082437.11	Selenof	annotated	start	1196	0	0	-1	A				0	6.7886299e-07	0	6.7886299e-07
mouse_wang_liver	ENSMUST00000082437.11	Selenof	annotated	start	1197	0	0	-1	C				0	1.9261508e-07	0	1.9261508e-07
mouse_wang_liver	ENSMUST00000082437.11	Selenof	annotated	start	1198	0	0	-1	C				0	6.4511107e-07	0	6.4511107e-07
mouse_wang_liver	ENSMUST00000082437.11	Selenof	annotated	start	1199	0	0	-1	C				0	3.6604192e-06	0	3.6604192e-06
mouse_wang_liver	ENSMUST00000082437.11	Selenof	annotated	start	1200	0	0	-1	A				0	9.8064447e-06	0	9.8064448e-06
mouse_wang_liver	ENSMUST00000082437.11	Selenof	annotated	start	1201	0	0	-1	C				0	2.5798563e-06	0	2.5798563e-06
mouse_wang_liver	ENSMUST00000082437.11	Selenof	annotated	start	1202	0	0	-1	C				0	1.3349324e-05	0	1.3349324e-05
mouse_wang_liver	ENSMUST00000082437.11	Selenof	annotated	start	1203	0	0	-1	C				0	9.11538e-07	0	9.11538e-07
mouse_wang_liver	ENSMUST00000082437.11	Selenof	annotated	start	1204	0	0	-1	C				0	2.8460133e-06	0	2.8460133e-06
mouse_wang_liver	ENSMUST00000082437.11	Selenof	annotated	start	1205	0	0	-1	A				0	1.1787188e-05	0	1.1787188e-05
mouse_wang_liver	ENSMUST00000082437.11	Selenof	annotated	start	1206	0	0	-1	G				0	1.5797742e-06	0	1.5797742e-06
mouse_wang_liver	ENSMUST00000082437.11	Selenof	annotated	start	1207	0	0	-1	A				0	1.9529757e-06	0	1.9529757e-06
mouse_wang_liver	ENSMUST00000082437.11	Selenof	annotated	start	1208	0	0	-1	G				0	4.4381854e-06	0	4.4381855e-06
mouse_wang_liver	ENSMUST00000082437.11	Selenof	annotated	start	1209	0	0	-1	C				0	9.0808344e-06	0	9.0808344e-06
mouse_wang_liver	ENSMUST00000082437.11	Selenof	annotated	start	1210	0	0	-1	C				0	2.1062358e-06	0	2.1062358e-06
mouse_wang_liver	ENSMUST00000082437.11	Selenof	annotated	start	1211	0	0	-1	T				0	8.19945e-07	0	8.19945e-07
mouse_wang_liver	ENSMUST00000082437.11	Selenof	annotated	start	1212	0	0	-1	C				0	4.8686188e-06	0	4.8686188e-06
mouse_wang_liver	ENSMUST00000082437.11	Selenof	annotated	start	1213	0	0	-1	T				0	2.9702858e-06	0	2.9702858e-06
mouse_wang_liver	ENSMUST00000082437.11	Selenof	annotated	start	1214	0	0	-1	T				0	2.94951e-06	0	2.94951e-06
mouse_wang_liver	ENSMUST00000082437.11	Selenof	annotated	start	1215	0	0	-1	G				0	2.1158239e-05	0	2.1158239e-05
mouse_wang_liver	ENSMUST00000082437.11	Selenof	annotated	start	1216	0	0	-1	G				0	2.4687033e-06	0	2.4687033e-06
mouse_wang_liver	ENSMUST00000082437.11	Selenof	annotated	start	1217	0	0	-1	C				0	1.1458141e-05	0	1.1458141e-05
mouse_wang_liver	ENSMUST00000082437.11	Selenof	annotated	start	1218	0	0	-1	A				0	4.9676792e-06	0	4.9676792e-06
mouse_wang_liver	ENSMUST00000082437.11	Selenof	annotated	start	1219	0	0	-1	T				0	5.7639113e-06	0	5.7639113e-06
mouse_wang_liver	ENSMUST00000082437.11	Selenof	annotated	start	1220	0	0	-1	G				0	1.3121723e-05	0	1.3121723e-05
mouse_wang_liver	ENSMUST00000082437.11	Selenof	annotated	start	1221	0	0	-1	C				0	6.9309099e-06	0	6.9309099e-06
mouse_wang_liver	ENSMUST00000082437.11	Selenof	annotated	start	1222	0	0	-1	C				0	3.8051596e-06	0	3.8051596e-06
mouse_wang_liver	ENSMUST00000082437.11	Selenof	annotated	start	1223	0	0	-1	C				0	4.334453e-06	0	4.334453e-06
mouse_wang_liver	ENSMUST00000082437.11	Selenof	annotated	start	1224	0	0	-1	A				0	2.1903645e-06	0	2.1903645e-06
mouse_wang_liver	ENSMUST00000082437.11	Selenof	annotated	start	1225	0	0	-1	G				0	1.382964e-06	0	1.382964e-06
mouse_wang_liver	ENSMUST00000082437.11	Selenof	annotated	start	1226	0	0	-1	C				0	2.3308082e-06	0	2.3308082e-06
mouse_wang_liver	ENSMUST00000082437.11	Selenof	annotated	start	1227	0	0	-1	T				0	2.0183163e-06	0	2.0183163e-06
mouse_wang_liver	ENSMUST00000082437.11	Selenof	annotated	start	1228	0	0	-1	T				0	3.0971357e-06	0	3.0971357e-06
mouse_wang_liver	ENSMUST00000082437.11	Selenof	annotated	start	1229	0	0	-1	T				0	2.5443007e-06	0	2.5443008e-06
mouse_wang_liver	ENSMUST00000082437.11	Selenof	annotated	start	1230	0	0	-1	C				0	1.0576915e-05	0	1.0576915e-05
mouse_wang_liver	ENSMUST00000082437.11	Selenof	annotated	start	1231	0	0	-1	T				0	5.376231e-06	0	5.376231e-06
mouse_wang_liver	ENSMUST00000082437.11	Selenof	annotated	start	1232	0	0	-1	T				0	1.65739e-06	0	1.65739e-06
mouse_wang_liver	ENSMUST00000082437.11	Selenof	annotated	start	1233	0	0	-1	T				0	1.9827548e-06	0	1.9827548e-06
mouse_wang_liver	ENSMUST00000082437.11	Selenof	annotated	start	1234	0	0	-1	T				0	2.8302256e-06	0	2.8302256e-06
mouse_wang_liver	ENSMUST00000082437.11	Selenof	annotated	start	1235	0	0	-1	C				0	1.1126468e-06	0	1.1126468e-06
mouse_wang_liver	ENSMUST00000082437.11	Selenof	annotated	start	1236	0	0	-1	A				0	6.7262263e-06	0	6.7262263e-06
mouse_wang_liver	ENSMUST00000082437.11	Selenof	annotated	start	1237	0	0	-1	G				0	9.6749409e-07	0	9.6749409e-07
mouse_wang_liver	ENSMUST00000082437.11	Selenof	annotated	start	1238	0	0	-1	T				0	1.5090162e-06	0	1.5090162e-06
mouse_wang_liver	ENSMUST00000082437.11	Selenof	annotated	start	1239	0	0	-1	A				0	1.102898e-06	0	1.102898e-06
mouse_wang_liver	ENSMUST00000082437.11	Selenof	annotated	start	1240	0	0	-1	C				0	7.0004245e-07	0	7.0004245e-07
mouse_wang_liver	ENSMUST00000082437.11	Selenof	annotated	start	1241	0	0	-1	A				0	2.2109864e-06	0	2.2109864e-06
mouse_wang_liver	ENSMUST00000082437.11	Selenof	annotated	start	1242	0	0	-1	A				0	1.8478627e-06	0	1.8478627e-06
mouse_wang_liver	ENSMUST00000082437.11	Selenof	annotated	start	1243	0	0	-1	G				0	1.838131e-06	0	1.838131e-06
mouse_wang_liver	ENSMUST00000082437.11	Selenof	annotated	start	1244	0	0	-1	T				0	4.6994078e-06	0	4.6994078e-06
mouse_wang_liver	ENSMUST00000082437.11	Selenof	annotated	start	1245	0	0	-1	A				0	7.3012361e-06	0	7.3012361e-06
mouse_wang_liver	ENSMUST00000082437.11	Selenof	annotated	start	1246	0	0	-1	T				0	4.3580958e-06	0	4.3580958e-06
mouse_wang_liver	ENSMUST00000082437.11	Selenof	annotated	start	1247	0	0	-1	T				0	1.3620564e-05	0	1.3620564e-05
mouse_wang_liver	ENSMUST00000082437.11	Selenof	annotated	start	1248	0	0	-1	T				0	1.4582578e-05	0	1.4582578e-05
mouse_wang_liver	ENSMUST00000082437.11	Selenof	annotated	start	1249	0	0	-1	G				0	3.12313e-06	0	3.12313e-06
mouse_wang_liver	ENSMUST00000082437.11	Selenof	annotated	start	1250	0	0	-1	T				0	3.2697271e-06	0	3.2697271e-06
mouse_wang_liver	ENSMUST00000082437.11	Selenof	annotated	start	1251	0	0	-1	A				0	4.1940184e-06	0	4.1940184e-06
mouse_wang_liver	ENSMUST00000082437.11	Selenof	annotated	start	1252	0	0	-1	G				0	4.2806391e-06	0	4.2806391e-06
mouse_wang_liver	ENSMUST00000082437.11	Selenof	annotated	start	1253	0	0	-1	T				0	2.0631007e-05	0	2.0631007e-05
mouse_wang_liver	ENSMUST00000082437.11	Selenof	annotated	start	1254	0	0	-1	T				0	2.1870508e-05	0	2.1870508e-05
mouse_wang_liver	ENSMUST00000082437.11	Selenof	annotated	start	1255	0	0	-1	T				0	1.3484776e-05	0	1.3484776e-05
mouse_wang_liver	ENSMUST00000082437.11	Selenof	annotated	start	1256	0	0	-1	G				0	1.9785575e-06	0	1.9785575e-06
mouse_wang_liver	ENSMUST00000082437.11	Selenof	annotated	start	1257	0	0	-1	T				0	4.2614138e-06	0	4.2614138e-06
mouse_wang_liver	ENSMUST00000082437.11	Selenof	annotated	start	1258	0	0	-1	A				0	5.6200797e-06	0	5.6200797e-06
mouse_wang_liver	ENSMUST00000082437.11	Selenof	annotated	start	1259	0	0	-1	A				0	2.0258651e-05	0	2.0258651e-05
mouse_wang_liver	ENSMUST00000082437.11	Selenof	annotated	start	1260	0	0	-1	T				0	2.4119217e-05	0	2.4119218e-05
mouse_wang_liver	ENSMUST00000082437.11	Selenof	annotated	start	1261	0	0	-1	G				0	8.4658022e-06	0	8.4658023e-06
mouse_wang_liver	ENSMUST00000082437.11	Selenof	annotated	start	1262	0	0	-1	A				0	7.2990078e-06	0	7.2990079e-06
mouse_wang_liver	ENSMUST00000082437.11	Selenof	annotated	start	1263	0	0	-1	A				0	1.362233e-05	0	1.362233e-05
mouse_wang_liver	ENSMUST00000082437.11	Selenof	annotated	start	1264	0	0	-1	T				0	6.4395585e-06	0	6.4395586e-06
mouse_wang_liver	ENSMUST00000082437.11	Selenof	annotated	start	1265	0	0	-1	G				0	3.4584045e-06	0	3.4584045e-06
mouse_wang_liver	ENSMUST00000082437.11	Selenof	annotated	start	1266	0	0	-1	T				0	6.1105829e-06	0	6.110583e-06
mouse_wang_liver	ENSMUST00000082437.11	Selenof	annotated	start	1267	0	0	-1	G				0	2.5632744e-05	0	2.5632744e-05
mouse_wang_liver	ENSMUST00000082437.11	Selenof	annotated	start	1268	0	0	-1	C				0	3.0983691e-05	0	3.0983691e-05
mouse_wang_liver	ENSMUST00000082437.11	Selenof	annotated	start	1269	0	0	-1	C				0	1.734997e-05	0	1.734997e-05
mouse_wang_liver	ENSMUST00000082437.11	Selenof	annotated	start	1270	0	0	-1	A				0	3.8283331e-05	0	3.8283332e-05
mouse_wang_liver	ENSMUST00000082437.11	Selenof	annotated	start	1271	0	0	-1	C				0	8.0064863e-05	0	8.0064863e-05
mouse_wang_liver	ENSMUST00000082437.11	Selenof	annotated	start	1272	0	0	-1	A				0	6.8074696e-05	0	6.8074696e-05
mouse_wang_liver	ENSMUST00000082437.11	Selenof	annotated	start	1273	0	0	-1	T				0	1.4656569e-05	0	1.4656569e-05
mouse_wang_liver	ENSMUST00000082437.11	Selenof	annotated	start	1274	0	0	-1	A				0	9.1489846e-06	0	9.1489847e-06
mouse_wang_liver	ENSMUST00000082437.11	Selenof	annotated	start	1275	0	0	-1	C				0	1.4984363e-05	0	1.4984363e-05
mouse_wang_liver	ENSMUST00000082437.11	Selenof	annotated	start	1276	0	0	-1	A				0	5.8183223e-06	0	5.8183223e-06
mouse_wang_liver	ENSMUST00000082437.11	Selenof	annotated	start	1277	0	0	-1	G				0	2.9683092e-06	0	2.9683092e-06
mouse_wang_liver	ENSMUST00000082437.11	Selenof	annotated	start	1278	0	0	-1	G				0	3.8330036e-06	0	3.8330036e-06
mouse_wang_liver	ENSMUST00000082437.11	Selenof	annotated	start	1279	0	0	-1	T				0	2.2346692e-06	0	2.2346692e-06
mouse_wang_liver	ENSMUST00000082437.11	Selenof	annotated	start	1280	0	0	-1	T				0	8.4922806e-07	0	8.4922806e-07
mouse_wang_liver	ENSMUST00000082437.11	Selenof	annotated	start	1281	0	0	-1	T				0	3.7637201e-06	0	3.7637201e-06
mouse_wang_liver	ENSMUST00000082437.11	Selenof	annotated	start	1282	0	0	-1	T				0	8.8862516e-06	0	8.8862517e-06
mouse_wang_liver	ENSMUST00000082437.11	Selenof	annotated	start	1283	0	0	-1	G				0	8.6378977e-06	0	8.6378978e-06
mouse_wang_liver	ENSMUST00000082437.11	Selenof	annotated	start	1284	0	0	-1	T				0	6.3106836e-06	0	6.3106836e-06
mouse_wang_liver	ENSMUST00000082437.11	Selenof	annotated	start	1285	0	0	-1	A				0	3.5306064e-06	0	3.5306064e-06
mouse_wang_liver	ENSMUST00000082437.11	Selenof	annotated	start	1286	0	0	-1	G				0	1.2116298e-05	0	1.2116298e-05
mouse_wang_liver	ENSMUST00000082437.11	Selenof	annotated	start	1287	0	0	-1	C				0	8.9738587e-06	0	8.9738587e-06
mouse_wang_liver	ENSMUST00000082437.11	Selenof	annotated	start	1288	0	0	-1	T				0	5.3740014e-06	0	5.3740014e-06
mouse_wang_liver	ENSMUST00000082437.11	Selenof	annotated	start	1289	0	0	-1	T				0	1.0354267e-06	0	1.0354268e-06
mouse_wang_liver	ENSMUST00000082437.11	Selenof	annotated	start	1290	0	0	-1	A				0	2.6636592e-06	0	2.6636592e-06
mouse_wang_liver	ENSMUST00000082437.11	Selenof	annotated	start	1291	0	0	-1	T				0	4.9585392e-06	0	4.9585392e-06
mouse_wang_liver	ENSMUST00000082437.11	Selenof	annotated	start	1292	0	0	-1	T				0	2.9017379e-05	0	2.9017379e-05
mouse_wang_liver	ENSMUST00000082437.11	Selenof	annotated	start	1293	0	0	-1	A				0	1.1486346e-05	0	1.1486346e-05
mouse_wang_liver	ENSMUST00000082437.11	Selenof	annotated	start	1294	0	0	-1	T				0	2.7351958e-05	0	2.7351958e-05
mouse_wang_liver	ENSMUST00000082437.11	Selenof	annotated	start	1295	0	0	-1	T				0	7.4617485e-05	0	7.4617485e-05
mouse_wang_liver	ENSMUST00000082437.11	Selenof	annotated	start	1296	0	0	-1	A				0	0.00017316389	0	0.00017316389
mouse_wang_liver	ENSMUST00000082437.11	Selenof	annotated	start	1297	0	0	-1	T				0	4.0302395e-05	0	4.0302395e-05
mouse_wang_liver	ENSMUST00000082437.11	Selenof	annotated	start	1298	0	0	-1	G				0	1.3487682e-05	0	1.3487682e-05
mouse_wang_liver	ENSMUST00000082437.11	Selenof	annotated	start	1299	0	0	-1	G				0	2.2877807e-06	0	2.2877807e-06
mouse_wang_liver	ENSMUST00000082437.11	Selenof	annotated	start	1300	0	0	-1	A				0	3.6655474e-06	0	3.6655474e-06
mouse_wang_liver	ENSMUST00000082437.11	Selenof	annotated	start	1301	0	0	-1	A				0	8.3547493e-06	0	8.3547493e-06
mouse_wang_liver	ENSMUST00000082437.11	Selenof	annotated	start	1302	0	0	-1	C				0	7.859122e-06	0	7.859122e-06
mouse_wang_liver	ENSMUST00000082437.11	Selenof	annotated	start	1303	0	0	-1	A				0	4.8105692e-05	0	4.8105692e-05
mouse_wang_liver	ENSMUST00000082437.11	Selenof	annotated	start	1304	0	0	-1	G				0	0.0002780364	0	0.0002780364
mouse_wang_liver	ENSMUST00000082437.11	Selenof	annotated	start	1305	0	0	-1	A				0	0.00031979493	0	0.00031979493
mouse_wang_liver	ENSMUST00000082437.11	Selenof	annotated	start	1306	0	0	-1	C				0	5.2841729e-05	0	5.284173e-05
mouse_wang_liver	ENSMUST00000082437.11	Selenof	annotated	start	1307	0	0	-1	T				0	5.6849636e-05	0	5.6849636e-05
mouse_wang_liver	ENSMUST00000082437.11	Selenof	annotated	start	1308	0	0	-1	G				0	0.00025129685	0	0.00025129685
mouse_wang_liver	ENSMUST00000082437.11	Selenof	annotated	start	1309	0	0	-1	A				0	7.2312439e-05	0	7.231244e-05
mouse_wang_liver	ENSMUST00000082437.11	Selenof	annotated	start	1310	0	0	-1	A				0	3.6842321e-05	0	3.6842321e-05
mouse_wang_liver	ENSMUST00000082437.11	Selenof	annotated	start	1311	0	0	-1	G				0	4.6155707e-05	0	4.6155707e-05
mouse_wang_liver	ENSMUST00000082437.11	Selenof	annotated	start	1312	0	0	-1	A				0	5.8666323e-05	0	5.8666323e-05
mouse_wang_liver	ENSMUST00000082437.11	Selenof	annotated	start	1313	0	0	-1	T				0	2.7177255e-05	0	2.7177255e-05
mouse_wang_liver	ENSMUST00000082437.11	Selenof	annotated	start	1314	0	0	-1	C				0	7.1216797e-05	0	7.1216797e-05
mouse_wang_liver	ENSMUST00000082437.11	Selenof	annotated	start	1315	0	0	-1	T				0	0.00024624346	0	0.00024624346
mouse_wang_liver	ENSMUST00000082437.11	Selenof	annotated	start	1316	0	0	-1	G				0	9.7275195e-05	0	9.7275195e-05
mouse_wang_liver	ENSMUST00000082437.11	Selenof	annotated	start	1317	0	0	-1	C				0	7.5819145e-05	0	7.5819146e-05
mouse_wang_liver	ENSMUST00000082437.11	Selenof	annotated	start	1318	0	0	-1	A				0	3.5729208e-05	0	3.5729208e-05
mouse_wang_liver	ENSMUST00000082437.11	Selenof	annotated	start	1319	0	0	-1	G				0	4.1512907e-05	0	4.1512907e-05
mouse_wang_liver	ENSMUST00000082437.11	Selenof	annotated	start	1320	0	0	-1	T				0	6.7597204e-05	0	6.7597204e-05
mouse_wang_liver	ENSMUST00000082437.11	Selenof	annotated	start	1321	0	0	-1	A				0	3.8222261e-05	0	3.8222261e-05
mouse_wang_liver	ENSMUST00000082437.11	Selenof	annotated	start	1322	0	0	-1	C				0	2.6570871e-05	0	2.6570871e-05
mouse_wang_liver	ENSMUST00000082437.11	Selenof	annotated	start	1323	0	0	-1	G				0	7.0920851e-06	0	7.0920851e-06
mouse_wang_liver	ENSMUST00000082437.11	Selenof	annotated	start	1324	0	0	-1	A				0	2.1082928e-05	0	2.1082928e-05
mouse_wang_liver	ENSMUST00000082437.11	Selenof	annotated	start	1325	0	0	-1	A				0	8.496493e-05	0	8.496493e-05
mouse_wang_liver	ENSMUST00000082437.11	Selenof	annotated	start	1326	0	0	-1	T				0	5.4594027e-05	0	5.4594028e-05
mouse_wang_liver	ENSMUST00000082437.11	Selenof	annotated	start	1327	0	0	-1	T				0	2.5963129e-05	0	2.5963129e-05
mouse_wang_liver	ENSMUST00000082437.11	Selenof	annotated	start	1328	0	0	-1	T				0	1.1648374e-05	0	1.1648374e-05
mouse_wang_liver	ENSMUST00000082437.11	Selenof	annotated	start	1329	0	0	-1	A				0	1.260184e-05	0	1.260184e-05
mouse_wang_liver	ENSMUST00000082437.11	Selenof	annotated	start	1330	0	0	-1	A				0	1.2295112e-05	0	1.2295112e-05
mouse_wang_liver	ENSMUST00000082437.11	Selenof	annotated	start	1331	0	0	-1	T				0	6.0955108e-07	0	6.0955108e-07
mouse_wang_liver	ENSMUST00000082437.11	Selenof	annotated	start	1332	0	0	-1	A				0	2.9393507e-06	0	2.9393507e-06
mouse_wang_liver	ENSMUST00000082437.11	Selenof	annotated	start	1333	0	0	-1	C				0	6.0026719e-06	0	6.0026719e-06
mouse_wang_liver	ENSMUST00000082437.11	Selenof	annotated	start	1334	0	0	-1	T				0	2.2713411e-06	0	2.2713412e-06
mouse_wang_liver	ENSMUST00000082437.11	Selenof	annotated	start	1335	0	0	-1	T				0	4.6636882e-07	0	4.6636882e-07
mouse_wang_liver	ENSMUST00000082437.11	Selenof	annotated	start	1336	0	0	-1	A				0	5.3850361e-08	0	5.3850361e-08
mouse_wang_liver	ENSMUST00000082437.11	Selenof	annotated	start	1337	0	0	-1	T				0	6.0581279e-08	0	6.0581279e-08
mouse_wang_liver	ENSMUST00000082437.11	Selenof	annotated	start	1338	0	0	-1	A				0	6.1098952e-08	0	6.1098952e-08
mouse_wang_liver	ENSMUST00000082437.11	Selenof	annotated	start	1339	0	0	-1	A				0	5.8081844e-07	0	5.8081844e-07
mouse_wang_liver	ENSMUST00000082437.11	Selenof	annotated	start	1340	0	0	-1	A				0	1.0034045e-06	0	1.0034045e-06
mouse_wang_liver	ENSMUST00000082437.11	Selenof	annotated	start	1341	0	0	-1	G				0	5.2421757e-07	0	5.2421757e-07
mouse_wang_liver	ENSMUST00000082437.11	Selenof	annotated	start	1342	0	0	-1	G				0	1.1669762e-06	0	1.1669762e-06
mouse_wang_liver	ENSMUST00000082437.11	Selenof	annotated	start	1343	0	0	-1	T				0	8.692798e-07	0	8.6927981e-07
mouse_wang_liver	ENSMUST00000082437.11	Selenof	annotated	start	1344	0	0	-1	T				0	1.2748629e-06	0	1.2748629e-06
mouse_wang_liver	ENSMUST00000082437.11	Selenof	annotated	start	1345	0	0	-1	T				0	2.4718413e-06	0	2.4718413e-06
mouse_wang_liver	ENSMUST00000082437.11	Selenof	annotated	start	1346	0	0	-1	G				0	4.5428837e-06	0	4.5428838e-06
mouse_wang_liver	ENSMUST00000082437.11	Selenof	annotated	start	1347	0	0	-1	C				0	1.1220597e-05	0	1.1220597e-05
mouse_wang_liver	ENSMUST00000082437.11	Selenof	annotated	start	1348	0	0	-1	A				0	1.1659044e-05	0	1.1659044e-05
mouse_wang_liver	ENSMUST00000082437.11	Selenof	annotated	start	1349	0	0	-1	T				0	7.5669868e-06	0	7.5669869e-06
mouse_wang_liver	ENSMUST00000082437.11	Selenof	annotated	start	1350	0	0	-1	T				0	4.4630024e-06	0	4.4630024e-06
mouse_wang_liver	ENSMUST00000082437.11	Selenof	annotated	start	1351	0	0	-1	A				0	3.4644243e-05	0	3.4644243e-05
mouse_wang_liver	ENSMUST00000082437.11	Selenof	annotated	start	1352	0	0	-1	A				0	7.1962335e-05	0	7.1962335e-05
mouse_wang_liver	ENSMUST00000082437.11	Selenof	annotated	start	1353	0	0	-1	T				0	2.628773e-06	0	2.628773e-06
mouse_wang_liver	ENSMUST00000082437.11	Selenof	annotated	start	1354	0	0	-1	G				0	1.5139134e-05	0	1.5139134e-05
mouse_wang_liver	ENSMUST00000082437.11	Selenof	annotated	start	1355	0	0	-1	A				0	1.483498e-05	0	1.483498e-05
mouse_wang_liver	ENSMUST00000082437.11	Selenof	annotated	start	1356	0	0	-1	G				0	6.1567057e-06	0	6.1567057e-06
mouse_wang_liver	ENSMUST00000082437.11	Selenof	annotated	start	1357	0	0	-1	G				0	1.1813837e-05	0	1.1813837e-05
mouse_wang_liver	ENSMUST00000082437.11	Selenof	annotated	start	1358	0	0	-1	A				0	4.6375808e-06	0	4.6375808e-06
mouse_wang_liver	ENSMUST00000082437.11	Selenof	annotated	start	1359	0	0	-1	T				0	5.1177335e-07	0	5.1177335e-07
mouse_wang_liver	ENSMUST00000082437.11	Selenof	annotated	start	1360	0	0	-1	T				0	1.1870327e-05	0	1.1870327e-05
mouse_wang_liver	ENSMUST00000082437.11	Selenof	annotated	start	1361	0	0	-1	A				0	1.0966412e-05	0	1.0966412e-05
mouse_wang_liver	ENSMUST00000082437.11	Selenof	annotated	start	1362	0	0	-1	C				0	4.7008425e-06	0	4.7008425e-06
mouse_wang_liver	ENSMUST00000082437.11	Selenof	annotated	start	1363	0	0	-1	A				0	3.8511829e-05	0	3.8511829e-05
mouse_wang_liver	ENSMUST00000082437.11	Selenof	annotated	start	1364	0	0	-1	C				0	1.2614032e-05	0	1.2614032e-05
mouse_wang_liver	ENSMUST00000082437.11	Selenof	annotated	start	1365	0	0	-1	A				0	2.3727764e-05	0	2.3727764e-05
mouse_wang_liver	ENSMUST00000082437.11	Selenof	annotated	start	1366	0	0	-1	G				0	0.00012966631	0	0.00012966631
mouse_wang_liver	ENSMUST00000082437.11	Selenof	annotated	start	1367	0	0	-1	A				0	1.5442807e-05	0	1.5442807e-05
mouse_wang_liver	ENSMUST00000082437.11	Selenof	annotated	start	1368	0	0	-1	A				0	5.4810812e-06	0	5.4810812e-06
mouse_wang_liver	ENSMUST00000082437.11	Selenof	annotated	start	1369	0	0	-1	A				0	1.586958e-05	0	1.586958e-05
mouse_wang_liver	ENSMUST00000082437.11	Selenof	annotated	start	1370	0	0	-1	A				0	4.9741834e-06	0	4.9741834e-06
mouse_wang_liver	ENSMUST00000082437.11	Selenof	annotated	start	1371	0	0	-1	C				0	6.7526162e-06	0	6.7526162e-06
mouse_wang_liver	ENSMUST00000082437.11	Selenof	annotated	start	1372	0	0	-1	C				0	1.0256837e-05	0	1.0256837e-05
mouse_wang_liver	ENSMUST00000082437.11	Selenof	annotated	start	1373	0	0	-1	T				0	6.5566051e-06	0	6.5566051e-06
mouse_wang_liver	ENSMUST00000082437.11	Selenof	annotated	start	1374	0	0	-1	T				0	1.9638992e-05	0	1.9638992e-05
mouse_wang_liver	ENSMUST00000082437.11	Selenof	annotated	start	1375	0	0	-1	T				0	4.7952522e-05	0	4.7952523e-05
mouse_wang_liver	ENSMUST00000082437.11	Selenof	annotated	start	1376	0	0	-1	G				0	7.3868778e-06	0	7.3868778e-06
mouse_wang_liver	ENSMUST00000082437.11	Selenof	annotated	start	1377	0	0	-1	T				0	4.5419161e-05	0	4.5419161e-05
mouse_wang_liver	ENSMUST00000082437.11	Selenof	annotated	start	1378	0	0	-1	T				0	2.6592479e-06	0	2.6592479e-06
mouse_wang_liver	ENSMUST00000082437.11	Selenof	annotated	start	1379	0	0	-1	A				0	1.4529327e-05	0	1.4529327e-05
mouse_wang_liver	ENSMUST00000082437.11	Selenof	annotated	start	1380	0	0	-1	A				0	1.2262745e-05	0	1.2262745e-05
mouse_wang_liver	ENSMUST00000082437.11	Selenof	annotated	start	1381	0	0	-1	G				0	2.7537342e-05	0	2.7537342e-05
mouse_wang_liver	ENSMUST00000082437.11	Selenof	annotated	start	1382	0	0	-1	G				0	1.891752e-06	0	1.8917521e-06
mouse_wang_liver	ENSMUST00000082437.11	Selenof	annotated	start	1383	0	0	-1	A				0	5.3095158e-07	0	5.3095158e-07
mouse_wang_liver	ENSMUST00000082437.11	Selenof	annotated	start	1384	0	0	-1	C				0	4.6918935e-06	0	4.6918936e-06
mouse_wang_liver	ENSMUST00000082437.11	Selenof	annotated	start	1385	0	0	-1	T				0	7.0305482e-06	0	7.0305482e-06
mouse_wang_liver	ENSMUST00000082437.11	Selenof	annotated	start	1386	0	0	-1	T				0	4.3731088e-06	0	4.3731088e-06
mouse_wang_liver	ENSMUST00000082437.11	Selenof	annotated	start	1387	0	0	-1	G				0	3.1107182e-05	0	3.1107182e-05
mouse_wang_liver	ENSMUST00000082437.11	Selenof	annotated	start	1388	0	0	-1	T				0	3.6515285e-06	0	3.6515285e-06
mouse_wang_liver	ENSMUST00000082437.11	Selenof	annotated	start	1389	0	0	-1	G				0	5.9359418e-06	0	5.9359418e-06
mouse_wang_liver	ENSMUST00000082437.11	Selenof	annotated	start	1390	0	0	-1	T				0	1.0098369e-05	0	1.0098369e-05
mouse_wang_liver	ENSMUST00000082437.11	Selenof	annotated	start	1391	0	0	-1	A				0	2.4267343e-05	0	2.4267343e-05
mouse_wang_liver	ENSMUST00000082437.11	Selenof	annotated	start	1392	0	0	-1	G				0	1.288717e-05	0	1.288717e-05
mouse_wang_liver	ENSMUST00000082437.11	Selenof	annotated	start	1393	0	0	-1	A				0	1.1616292e-05	0	1.1616292e-05
mouse_wang_liver	ENSMUST00000082437.11	Selenof	annotated	start	1394	0	0	-1	T				0	1.7007837e-05	0	1.7007837e-05
mouse_wang_liver	ENSMUST00000082437.11	Selenof	annotated	start	1395	0	0	-1	C				0	4.0852378e-06	0	4.0852378e-06
mouse_wang_liver	ENSMUST00000082437.11	Selenof	annotated	start	1396	0	0	-1	T				0	2.0941316e-05	0	2.0941316e-05
mouse_wang_liver	ENSMUST00000082437.11	Selenof	annotated	start	1397	0	0	-1	G				0	4.7268172e-06	0	4.7268172e-06
mouse_wang_liver	ENSMUST00000082437.11	Selenof	annotated	start	1398	0	0	-1	A				0	2.2321174e-06	0	2.2321174e-06
mouse_wang_liver	ENSMUST00000082437.11	Selenof	annotated	start	1399	0	0	-1	T				0	1.4312224e-06	0	1.4312224e-06
mouse_wang_liver	ENSMUST00000082437.11	Selenof	annotated	start	1400	0	0	-1	A				0	4.1028229e-06	0	4.1028229e-06
mouse_wang_liver	ENSMUST00000082437.11	Selenof	annotated	start	1401	0	0	-1	A				0	2.4015728e-05	0	2.4015728e-05
mouse_wang_liver	ENSMUST00000082437.11	Selenof	annotated	start	1402	0	0	-1	T				0	6.8619025e-05	0	6.8619025e-05
mouse_wang_liver	ENSMUST00000082437.11	Selenof	annotated	start	1403	0	0	-1	T				0	6.8608383e-06	0	6.8608383e-06
mouse_wang_liver	ENSMUST00000082437.11	Selenof	annotated	start	1404	0	0	-1	G				0	3.3179033e-06	0	3.3179033e-06
mouse_wang_liver	ENSMUST00000082437.11	Selenof	annotated	start	1405	0	0	-1	G				0	3.0870949e-06	0	3.0870949e-06
mouse_wang_liver	ENSMUST00000082437.11	Selenof	annotated	start	1406	0	0	-1	C				0	2.2505642e-06	0	2.2505642e-06
mouse_wang_liver	ENSMUST00000082437.11	Selenof	annotated	start	1407	0	0	-1	A				0	4.5483135e-05	0	4.5483135e-05
mouse_wang_liver	ENSMUST00000082437.11	Selenof	annotated	start	1408	0	0	-1	A				0	1.7456621e-05	0	1.7456621e-05
mouse_wang_liver	ENSMUST00000082437.11	Selenof	annotated	start	1409	0	0	-1	A				0	1.5738411e-05	0	1.5738411e-05
mouse_wang_liver	ENSMUST00000082437.11	Selenof	annotated	start	1410	0	0	-1	T				0	6.3218513e-06	0	6.3218513e-06
mouse_wang_liver	ENSMUST00000082437.11	Selenof	annotated	start	1411	0	0	-1	T				0	3.2494684e-06	0	3.2494684e-06
mouse_wang_liver	ENSMUST00000082437.11	Selenof	annotated	start	1412	0	0	-1	T				0	5.9035028e-06	0	5.9035028e-06
mouse_wang_liver	ENSMUST00000082437.11	Selenof	annotated	start	1413	0	0	-1	T				0	4.5425372e-06	0	4.5425372e-06
mouse_wang_liver	ENSMUST00000082437.11	Selenof	annotated	start	1414	0	0	-1	T				0	2.0572761e-06	0	2.0572761e-06
mouse_wang_liver	ENSMUST00000082437.11	Selenof	annotated	start	1415	0	0	-1	A				0	2.5158918e-06	0	2.5158918e-06
mouse_wang_liver	ENSMUST00000082437.11	Selenof	annotated	start	1416	0	0	-1	T				0	1.2795535e-06	0	1.2795535e-06
mouse_wang_liver	ENSMUST00000082437.11	Selenof	annotated	start	1417	0	0	-1	T				0	1.5520629e-07	0	1.5520629e-07
mouse_wang_liver	ENSMUST00000082437.11	Selenof	annotated	start	1418	0	0	-1	T				0	4.7885457e-08	0	4.7885458e-08
mouse_wang_liver	ENSMUST00000082437.11	Selenof	annotated	start	1419	0	0	-1	T				0	1.452767e-08	0	1.452767e-08
mouse_wang_liver	ENSMUST00000082437.11	Selenof	annotated	start	1420	0	0	-1	A				0	2.2005798e-08	0	2.2005798e-08
mouse_wang_liver	ENSMUST00000082437.11	Selenof	annotated	start	1421	0	0	-1	A				0	7.7107366e-08	0	7.7107366e-08
mouse_wang_liver	ENSMUST00000082437.11	Selenof	annotated	start	1422	0	0	-1	A				0	8.3968366e-08	0	8.3968367e-08
mouse_wang_liver	ENSMUST00000082437.11	Selenof	annotated	start	1423	0	0	-1	A				0	1.1679798e-07	0	1.1679799e-07
mouse_wang_liver	ENSMUST00000082437.11	Selenof	annotated	start	1424	0	0	-1	G				0	2.1120036e-07	0	2.1120036e-07
mouse_wang_liver	ENSMUST00000082437.11	Selenof	annotated	start	1425	0	0	-1	T				0	1.0823393e-07	0	1.0823393e-07
mouse_wang_liver	ENSMUST00000082437.11	Selenof	annotated	start	1426	0	0	-1	A				0	2.4977118e-07	0	2.4977118e-07
mouse_wang_liver	ENSMUST00000082437.11	Selenof	annotated	start	1427	0	0	-1	T				0	1.2423462e-06	0	1.2423462e-06
mouse_wang_liver	ENSMUST00000082437.11	Selenof	annotated	start	1428	0	0	-1	T				0	4.383069e-07	0	4.383069e-07
mouse_wang_liver	ENSMUST00000082437.11	Selenof	annotated	start	1429	0	0	-1	C				0	1.6463704e-06	0	1.6463704e-06
mouse_wang_liver	ENSMUST00000082437.11	Selenof	annotated	start	1430	0	0	-1	T				0	6.9515436e-06	0	6.9515436e-06
mouse_wang_liver	ENSMUST00000082437.11	Selenof	annotated	start	1431	0	0	-1	T				0	4.9999371e-06	0	4.9999371e-06
mouse_wang_liver	ENSMUST00000082437.11	Selenof	annotated	start	1432	0	0	-1	A				0	6.9596462e-07	0	6.9596462e-07
mouse_wang_liver	ENSMUST00000082437.11	Selenof	annotated	start	1433	0	0	-1	C				0	2.0186512e-06	0	2.0186512e-06
mouse_wang_liver	ENSMUST00000082437.11	Selenof	annotated	start	1434	0	0	-1	A				0	2.5403001e-06	0	2.5403001e-06
mouse_wang_liver	ENSMUST00000082437.11	Selenof	annotated	start	1435	0	0	-1	G				0	6.5603954e-06	0	6.5603954e-06
mouse_wang_liver	ENSMUST00000082437.11	Selenof	annotated	start	1436	0	0	-1	A				0	1.1014438e-05	0	1.1014438e-05
mouse_wang_liver	ENSMUST00000082437.11	Selenof	annotated	start	1437	0	0	-1	A				0	2.6993791e-06	0	2.6993791e-06
mouse_wang_liver	ENSMUST00000082437.11	Selenof	annotated	start	1438	0	0	-1	G				0	1.2562596e-06	0	1.2562596e-06
mouse_wang_liver	ENSMUST00000082437.11	Selenof	annotated	start	1439	0	0	-1	A				0	6.927698e-06	0	6.927698e-06
mouse_wang_liver	ENSMUST00000082437.11	Selenof	annotated	start	1440	0	0	-1	G				0	5.749615e-06	0	5.749615e-06
mouse_wang_liver	ENSMUST00000082437.11	Selenof	annotated	start	1441	0	0	-1	T				0	9.8033215e-06	0	9.8033216e-06
mouse_wang_liver	ENSMUST00000082437.11	Selenof	annotated	start	1442	0	0	-1	T				0	1.9955794e-05	0	1.9955794e-05
mouse_wang_liver	ENSMUST00000082437.11	Selenof	annotated	start	1443	0	0	-1	C				0	1.5359821e-05	0	1.5359821e-05
mouse_wang_liver	ENSMUST00000082437.11	Selenof	annotated	start	1444	0	0	-1	C				0	1.9592599e-05	0	1.9592599e-05
mouse_wang_liver	ENSMUST00000082437.11	Selenof	annotated	start	1445	0	0	-1	A				0	2.8269093e-05	0	2.8269093e-05
mouse_wang_liver	ENSMUST00000082437.11	Selenof	annotated	start	1446	0	0	-1	T				0	1.6557417e-05	0	1.6557417e-05
mouse_wang_liver	ENSMUST00000082437.11	Selenof	annotated	start	1447	0	0	-1	T				0	2.5804861e-06	0	2.5804861e-06
mouse_wang_liver	ENSMUST00000082437.11	Selenof	annotated	start	1448	0	0	-1	T				0	4.3482401e-06	0	4.3482401e-06
mouse_wang_liver	ENSMUST00000082437.11	Selenof	annotated	start	1449	0	0	-1	A				0	1.5588437e-05	0	1.5588437e-05
mouse_wang_liver	ENSMUST00000082437.11	Selenof	annotated	start	1450	0	0	-1	A				0	4.5425226e-05	0	4.5425226e-05
mouse_wang_liver	ENSMUST00000082437.11	Selenof	annotated	start	1451	0	0	-1	G				0	0.00016469564	0	0.00016469564
mouse_wang_liver	ENSMUST00000082437.11	Selenof	annotated	start	1452	0	0	-1	A				0	0.00020217012	0	0.00020217012
mouse_wang_liver	ENSMUST00000082437.11	Selenof	annotated	start	1453	0	0	-1	A				0	0.00043722338	0	0.00043722338
mouse_wang_liver	ENSMUST00000082437.11	Selenof	annotated	start	1454	0	0	-1	T				0	0.00020160789	0	0.0002016079
mouse_wang_liver	ENSMUST00000082437.11	Selenof	annotated	start	1455	0	0	-1	G				0	2.1768339e-05	0	2.1768339e-05
mouse_wang_liver	ENSMUST00000082437.11	Selenof	annotated	start	1456	0	0	-1	T				0	2.5714766e-05	0	2.5714766e-05
mouse_wang_liver	ENSMUST00000082437.11	Selenof	annotated	start	1457	0	0	-1	T				0	1.3766458e-05	0	1.3766458e-05
mouse_wang_liver	ENSMUST00000082437.11	Selenof	annotated	start	1458	0	0	-1	C				0	2.9726451e-05	0	2.9726451e-05
mouse_wang_liver	ENSMUST00000082437.11	Selenof	annotated	start	1459	0	0	-1	A				1	0.00014791096	0.00028121485	0.00014791096
mouse_wang_liver	ENSMUST00000082437.11	Selenof	annotated	start	1460	0	0	-1	C				0	6.5928878e-05	0	6.5928878e-05
mouse_wang_liver	ENSMUST00000082437.11	Selenof	annotated	start	1461	0	0	-1	T				0	4.7233676e-05	0	4.7233676e-05
mouse_wang_liver	ENSMUST00000082437.11	Selenof	annotated	start	1462	0	0	-1	T				0	4.7055855e-05	0	4.7055855e-05
mouse_wang_liver	ENSMUST00000082437.11	Selenof	annotated	start	1463	0	0	-1	A				0	8.0271369e-05	0	8.027137e-05
mouse_wang_liver	ENSMUST00000082437.11	Selenof	annotated	start	1464	0	0	-1	T				0	7.4428368e-05	0	7.4428368e-05
mouse_wang_liver	ENSMUST00000082437.11	Selenof	annotated	start	1465	0	0	-1	A				0	0.00019821519	0	0.00019821519
mouse_wang_liver	ENSMUST00000082437.11	Selenof	annotated	start	1466	0	0	-1	G				0	0.00010185219	0	0.00010185219
mouse_wang_liver	ENSMUST00000082437.11	Selenof	annotated	start	1467	0	0	-1	G				0	1.9912337e-05	0	1.9912337e-05
mouse_wang_liver	ENSMUST00000082437.11	Selenof	annotated	start	1468	0	0	-1	A				0	4.7932223e-05	0	4.7932223e-05
mouse_wang_liver	ENSMUST00000082437.11	Selenof	annotated	start	1469	0	0	-1	C				0	4.8063506e-05	0	4.8063506e-05
mouse_wang_liver	ENSMUST00000082437.11	Selenof	annotated	start	1470	0	0	-1	C				0	4.4983994e-05	0	4.4983994e-05
mouse_wang_liver	ENSMUST00000082437.11	Selenof	annotated	start	1471	0	0	-1	A				0	6.0940351e-05	0	6.0940351e-05
mouse_wang_liver	ENSMUST00000082437.11	Selenof	annotated	start	1472	0	0	-1	A				0	5.3126107e-05	0	5.3126107e-05
mouse_wang_liver	ENSMUST00000082437.11	Selenof	annotated	start	1473	0	0	-1	A				0	3.8378192e-05	0	3.8378192e-05
mouse_wang_liver	ENSMUST00000082437.11	Selenof	annotated	start	1474	0	0	-1	A				0	8.7658089e-05	0	8.7658089e-05
mouse_wang_liver	ENSMUST00000082437.11	Selenof	annotated	start	1475	0	0	-1	T				0	9.0543044e-06	0	9.0543045e-06
mouse_wang_liver	ENSMUST00000082437.11	Selenof	annotated	start	1476	0	0	-1	A				0	2.6813384e-05	0	2.6813385e-05
mouse_wang_liver	ENSMUST00000082437.11	Selenof	annotated	start	1477	0	0	-1	T				0	4.5448276e-05	0	4.5448276e-05
mouse_wang_liver	ENSMUST00000082437.11	Selenof	annotated	start	1478	0	0	-1	A				0	1.0015494e-05	0	1.0015494e-05
mouse_wang_liver	ENSMUST00000082437.11	Selenof	annotated	start	1479	0	0	-1	A				0	4.1052181e-06	0	4.1052181e-06
mouse_wang_liver	ENSMUST00000082437.11	Selenof	annotated	start	1480	0	0	-1	A				0	8.0460486e-06	0	8.0460486e-06
mouse_wang_liver	ENSMUST00000082437.11	Selenof	annotated	start	1481	0	0	-1	T				0	3.1233653e-06	0	3.1233653e-06
mouse_wang_liver	ENSMUST00000082437.11	Selenof	annotated	start	1482	0	0	-1	A				0	7.928557e-07	0	7.928557e-07
mouse_wang_liver	ENSMUST00000082437.11	Selenof	annotated	start	1483	0	0	-1	A				0	1.0479619e-06	0	1.0479619e-06
mouse_wang_liver	ENSMUST00000082437.11	Selenof	annotated	start	1484	0	0	-1	A				0	4.4280321e-07	0	4.4280321e-07
mouse_wang_liver	ENSMUST00000082437.11	Selenof	annotated	start	1485	0	0	-1	A				0	6.4503416e-07	0	6.4503417e-07
mouse_wang_liver	ENSMUST00000082437.11	Selenof	annotated	start	1486	0	0	-1	A				0	1.1577798e-06	0	1.1577798e-06
mouse_wang_liver	ENSMUST00000082437.11	Selenof	annotated	start	1487	0	0	-1	C				0	7.0043916e-07	0	7.0043916e-07
mouse_wang_liver	ENSMUST00000082437.11	Selenof	annotated	start	1488	0	0	-1	T				0	2.8160989e-06	0	2.8160989e-06
mouse_wang_liver	ENSMUST00000082437.11	Selenof	annotated	start	1489	0	0	-1	T				0	5.7653515e-06	0	5.7653515e-06
mouse_wang_liver	ENSMUST00000082437.11	Selenof	annotated	start	1490	0	0	-1	T				0	1.6059716e-06	0	1.6059717e-06
mouse_wang_liver	ENSMUST00000082437.11	Selenof	annotated	start	1491	0	0	-1	C				0	9.6051258e-07	0	9.6051258e-07
mouse_wang_liver	ENSMUST00000082437.11	Selenof	annotated	start	1492	0	0	-1	A				0	2.4323633e-06	0	2.4323633e-06
mouse_wang_liver	ENSMUST00000082437.11	Selenof	annotated	start	1493	0	0	-1	A				0	1.2236758e-06	0	1.2236758e-06
mouse_wang_liver	ENSMUST00000082437.11	Selenof	annotated	start	1494	0	0	-1	A				0	3.2416511e-07	0	3.2416512e-07
mouse_wang_liver	ENSMUST00000082437.11	Selenof	annotated	start	1495	0	0	-1	T				0	4.4838898e-06	0	4.4838898e-06
mouse_wang_liver	ENSMUST00000082437.11	Selenof	annotated	start	1496	0	0	-1	A				0	1.2497739e-05	0	1.2497739e-05
mouse_wang_liver	ENSMUST00000082437.11	Selenof	annotated	start	1497	0	0	-1	T				0	9.3568889e-07	0	9.3568889e-07
mouse_wang_liver	ENSMUST00000082437.11	Selenof	annotated	start	1498	0	0	-1	G				0	1.0313463e-07	0	1.0313463e-07
mouse_wang_liver	ENSMUST00000082437.11	Selenof	annotated	start	1499	0	0	-1	T				0	7.0269216e-08	0	7.0269216e-08
mouse_wang_liver	ENSMUST00000082437.11	Selenof	annotated	start	1500	0	0	-1	T				0	1.273231e-08	0	1.273231e-08
mouse_wang_liver	ENSMUST00000082437.11	Selenof	annotated	start	1501	0	0	-1	T				0	3.400007e-08	0	3.400007e-08
mouse_wang_liver	ENSMUST00000082437.11	Selenof	annotated	start	1502	0	0	-1	G				0	5.5574882e-09	0	5.5574883e-09
mouse_wang_liver	ENSMUST00000082437.11	Selenof	annotated	start	1503	0	0	-1	A				0	1.6797165e-08	0	1.6797165e-08
mouse_wang_liver	ENSMUST00000082437.11	Selenof	annotated	start	1504	0	0	-1	T				0	1.2013073e-08	0	1.2013073e-08
mouse_wang_liver	ENSMUST00000082437.11	Selenof	annotated	start	1505	0	0	-1	T				0	4.1361234e-09	0	4.1361235e-09
mouse_wang_liver	ENSMUST00000082437.11	Selenof	annotated	start	1506	0	0	-1	T				0	3.4755925e-09	0	3.4755925e-09
mouse_wang_liver	ENSMUST00000082437.11	Selenof	annotated	start	1507	0	0	-1	T				0	1.9546273e-09	0	1.9546274e-09
mouse_wang_liver	ENSMUST00000082437.11	Selenof	annotated	start	1508	0	0	-1	A				0	3.4992458e-09	0	3.4992458e-09
mouse_wang_liver	ENSMUST00000082437.11	Selenof	annotated	start	1509	0	0	-1	A				0	4.1247787e-09	0	4.1247788e-09
mouse_wang_liver	ENSMUST00000082437.11	Selenof	annotated	start	1510	0	0	-1	A				0	3.3695915e-09	0	3.3695915e-09
mouse_wang_liver	ENSMUST00000082437.11	Selenof	annotated	start	1511	0	0	-1	T				0	2.4402791e-08	0	2.4402791e-08
mouse_wang_liver	ENSMUST00000082437.11	Selenof	annotated	start	1512	0	0	-1	T				0	1.0145533e-07	0	1.0145533e-07
mouse_wang_liver	ENSMUST00000082437.11	Selenof	annotated	start	1513	0	0	-1	A				0	1.2250179e-07	0	1.2250179e-07
mouse_wang_liver	ENSMUST00000062601.14	Rpl34	uORF	start	0	0	0	-1	T				0	4.5250834e-11	0	4.5250831e-11
mouse_wang_liver	ENSMUST00000062601.14	Rpl34	uORF	start	1	0	0	-1	C				0	1.7190414e-12	0	1.7190412e-12
mouse_wang_liver	ENSMUST00000062601.14	Rpl34	uORF	start	2	0	0	-1	C				0	5.3730878e-14	0	5.3730874e-14
mouse_wang_liver	ENSMUST00000062601.14	Rpl34	uORF	start	3	0	0	-1	G				0	2.9906192e-14	0	2.990619e-14
mouse_wang_liver	ENSMUST00000062601.14	Rpl34	uORF	start	4	0	0	-1	G				0	3.7434313e-13	0	3.7434311e-13
mouse_wang_liver	ENSMUST00000062601.14	Rpl34	uORF	start	5	0	0	-1	G				0	2.7337662e-11	0	2.733766e-11
mouse_wang_liver	ENSMUST00000062601.14	Rpl34	uORF	start	6	0	0	-1	G				0	7.3889237e-09	0	7.3889232e-09
mouse_wang_liver	ENSMUST00000062601.14	Rpl34	uORF	start	7	0	0	-1	A				0	2.8306317e-07	0	2.8306315e-07
mouse_wang_liver	ENSMUST00000062601.14	Rpl34	uORF	start	8	0	0	-1	C				0	1.193037e-06	0	1.1930369e-06
mouse_wang_liver	ENSMUST00000062601.14	Rpl34	uORF	start	9	0	0	-1	G				0	1.2958415e-07	0	1.2958414e-07
mouse_wang_liver	ENSMUST00000062601.14	Rpl34	uORF	start	10	0	0	-1	G				0	1.4600174e-06	0	1.4600173e-06
mouse_wang_liver	ENSMUST00000062601.14	Rpl34	uORF	start	11	0	0	-1	T				0	1.1944975e-06	0	1.1944974e-06
mouse_wang_liver	ENSMUST00000062601.14	Rpl34	uORF	start	12	0	0	-1	G				0	8.2592178e-06	0	8.2592173e-06
mouse_wang_liver	ENSMUST00000062601.14	Rpl34	uORF	start	13	0	0	-1	C				0	5.5964929e-06	0	5.5964925e-06
mouse_wang_liver	ENSMUST00000062601.14	Rpl34	uORF	start	14	0	0	-1	T				0	1.0131693e-06	0	1.0131692e-06
mouse_wang_liver	ENSMUST00000062601.14	Rpl34	uORF	start	15	0	0	-1	C				0	1.134916e-05	0	1.1349159e-05
mouse_wang_liver	ENSMUST00000062601.14	Rpl34	uORF	start	16	0	0	-1	A				0	2.1271255e-05	0	2.1271253e-05
mouse_wang_liver	ENSMUST00000062601.14	Rpl34	uORF	start	17	0	0	-1	G				0	1.0406016e-05	0	1.0406016e-05
mouse_wang_liver	ENSMUST00000062601.14	Rpl34	uORF	start	18	0	0	-1	A				0	4.2758838e-05	0	4.2758836e-05
mouse_wang_liver	ENSMUST00000062601.14	Rpl34	uORF	start	19	0	0	-1	G				0	0.00025445363	0	0.00025445361
mouse_wang_liver	ENSMUST00000062601.14	Rpl34	uORF	start	20	0	0	-1	G				0	2.5504069e-05	0	2.5504067e-05
mouse_wang_liver	ENSMUST00000062601.14	Rpl34	uORF	start	21	0	0	-1	T				0	0.00030459484	0	0.00030459482
mouse_wang_liver	ENSMUST00000062601.14	Rpl34	uORF	start	22	1	1	0	A	ATG	M	0	2	0.0028124277	0.0038610039	0.0028124275
mouse_wang_liver	ENSMUST00000062601.14	Rpl34	uORF	start	23	1	1	1	T				0	0.00014913731	0	0.0001491373
mouse_wang_liver	ENSMUST00000062601.14	Rpl34	uORF	start	24	1	1	2	G				0	3.3318662e-05	0	3.331866e-05
mouse_wang_liver	ENSMUST00000062601.14	Rpl34	uORF	start	25	1	1	0	G	GTG	V	1	2	0.0019061067	0.0038610039	0.0019061066
mouse_wang_liver	ENSMUST00000062601.14	Rpl34	uORF	start	26	1	1	1	T				0	0.00011641217	0	0.00011641216
mouse_wang_liver	ENSMUST00000062601.14	Rpl34	uORF	start	27	1	1	2	G				0	7.9239537e-05	0	7.9239532e-05
mouse_wang_liver	ENSMUST00000062601.14	Rpl34	uORF	start	28	1	1	0	G	GCC	A	2	0	0.00053024141	0	0.00053024137
mouse_wang_liver	ENSMUST00000062601.14	Rpl34	uORF	start	29	1	1	1	C				0	4.7976355e-05	0	4.7976352e-05
mouse_wang_liver	ENSMUST00000062601.14	Rpl34	uORF	start	30	1	1	2	C				0	0.00017903834	0	0.00017903833
mouse_wang_liver	ENSMUST00000062601.14	Rpl34	uORF	start	31	1	1	0	T	TTC	F	3	7	0.00035846618	0.013513514	0.00035846615
mouse_wang_liver	ENSMUST00000062601.14	Rpl34	uORF	start	32	1	1	1	T				1	7.9345402e-05	0.0019305019	7.9345397e-05
mouse_wang_liver	ENSMUST00000062601.14	Rpl34	uORF	start	33	1	1	2	C				1	4.0844527e-05	0.0019305019	4.0844524e-05
mouse_wang_liver	ENSMUST00000062601.14	Rpl34	uORF	start	34	1	1	0	T	TTC	F	4	14	0.00060868415	0.027027027	0.00060868411
mouse_wang_liver	ENSMUST00000062601.14	Rpl34	uORF	start	35	1	1	1	T				2	1.4137923e-05	0.0038610039	1.4137922e-05
mouse_wang_liver	ENSMUST00000062601.14	Rpl34	uORF	start	36	1	1	2	C				1	1.5824951e-05	0.0019305019	1.582495e-05
mouse_wang_liver	ENSMUST00000062601.14	Rpl34	uORF	start	37	1	1	0	T	TGC	C	5	0	0.00034959559	0	0.00034959557
mouse_wang_liver	ENSMUST00000062601.14	Rpl34	uORF	start	38	1	1	1	G				0	9.0783018e-05	0	9.0783012e-05
mouse_wang_liver	ENSMUST00000062601.14	Rpl34	uORF	start	39	1	1	2	C				0	0.00013636048	0	0.00013636047
mouse_wang_liver	ENSMUST00000062601.14	Rpl34	uORF	start	40	1	1	0	T	TCT	S	6	4	0.00040609564	0.0077220077	0.00040609562
mouse_wang_liver	ENSMUST00000062601.14	Rpl34	uORF	start	41	1	1	1	C				0	0.00015082593	0	0.00015082592
mouse_wang_liver	ENSMUST00000062601.14	Rpl34	uORF	start	42	1	1	2	T				0	0.00020310408	0	0.00020310407
mouse_wang_liver	ENSMUST00000062601.14	Rpl34	uORF	start	43	1	1	0	G	GTG	V	7	0	0.0015596512	0	0.0015596511
mouse_wang_liver	ENSMUST00000062601.14	Rpl34	uORF	start	44	1	1	1	T				0	9.9901808e-05	0	9.9901802e-05
mouse_wang_liver	ENSMUST00000062601.14	Rpl34	uORF	start	45	1	1	2	G				0	0.0001229404	0	0.00012294039
mouse_wang_liver	ENSMUST00000062601.14	Rpl34	uORF	start	46	1	1	0	T	TTT	F	8	0	0.00094133802	0	0.00094133796
mouse_wang_liver	ENSMUST00000062601.14	Rpl34	uORF	start	47	1	1	1	T				0	0.00012010967	0	0.00012010966
mouse_wang_liver	ENSMUST00000062601.14	Rpl34	uORF	start	48	1	1	2	T				1	8.168746e-05	0.0019305019	8.1687455e-05
mouse_wang_liver	ENSMUST00000062601.14	Rpl34	uORF	start	49	1	1	0	T	TTT	F	9	0	0.00060363556	0	0.00060363552
mouse_wang_liver	ENSMUST00000062601.14	Rpl34	uORF	start	50	1	1	1	T				0	2.46083e-05	0	2.4608298e-05
mouse_wang_liver	ENSMUST00000062601.14	Rpl34	uORF	start	51	1	1	2	T				0	1.6197017e-05	0	1.6197015e-05
mouse_wang_liver	ENSMUST00000062601.14	Rpl34	uORF	start	52	1	1	0	T	TAC	Y	10	1	0.00012597257	0.0019305019	0.00012597256
mouse_wang_liver	ENSMUST00000062601.14	Rpl34	uORF	start	53	1	1	1	A				0	2.4163308e-05	0	2.4163306e-05
mouse_wang_liver	ENSMUST00000062601.14	Rpl34	uORF	start	54	1	1	2	C				0	8.8419465e-06	0	8.8419459e-06
mouse_wang_liver	ENSMUST00000062601.14	Rpl34	uORF	start	55	1	1	0	C	CGT	R	11	0	3.9616538e-05	0	3.9616535e-05
mouse_wang_liver	ENSMUST00000062601.14	Rpl34	uORF	start	56	1	1	1	G				0	7.9178617e-06	0	7.9178612e-06
mouse_wang_liver	ENSMUST00000062601.14	Rpl34	uORF	start	57	1	1	2	T				0	9.149011e-06	0	9.1490104e-06
mouse_wang_liver	ENSMUST00000062601.14	Rpl34	uORF	start	58	1	1	0	T	TTA	L	12	0	8.3774958e-06	0	8.3774952e-06
mouse_wang_liver	ENSMUST00000062601.14	Rpl34	uORF	start	59	1	1	1	T				0	3.9843726e-05	0	3.9843723e-05
mouse_wang_liver	ENSMUST00000062601.14	Rpl34	uORF	start	60	1	1	2	A				0	3.4871733e-05	0	3.4871731e-05
mouse_wang_liver	ENSMUST00000062601.14	Rpl34	uORF	start	61	1	1	0	C	CGA	R	13	0	0.00014325402	0	0.00014325401
mouse_wang_liver	ENSMUST00000062601.14	Rpl34	uORF	start	62	1	1	1	G				0	0.00048469147	0	0.00048469144
mouse_wang_liver	ENSMUST00000062601.14	Rpl34	uORF	start	63	1	1	2	A				0	0.0012825401	0	0.0012825401
mouse_wang_liver	ENSMUST00000062601.14	Rpl34	uORF	start	64	1	1	0	T	TCC	S	14	0	0.00023584519	0	0.00023584517
mouse_wang_liver	ENSMUST00000062601.14	Rpl34	uORF	start	65	1	1	1	C				0	0.00018646021	0	0.0001864602
mouse_wang_liver	ENSMUST00000062601.14	Rpl34	uORF	start	66	1	1	2	C				0	0.00025560695	0	0.00025560694
mouse_wang_liver	ENSMUST00000062601.14	Rpl34	uORF	start	67	1	1	0	G	GTA	V	15	1	0.00024790675	0.0019305019	0.00024790673
mouse_wang_liver	ENSMUST00000062601.14	Rpl34	uORF	start	68	1	1	1	T				0	0.00014696481	0	0.0001469648
mouse_wang_liver	ENSMUST00000062601.14	Rpl34	uORF	start	69	1	1	2	A				0	0.00043390525	0	0.00043390523
mouse_wang_liver	ENSMUST00000062601.14	Rpl34	uORF	start	70	1	1	0	G	GCC	A	16	0	8.7166656e-05	0	8.716665e-05
mouse_wang_liver	ENSMUST00000062601.14	Rpl34	uORF	start	71	1	1	1	C				0	7.1086251e-05	0	7.1086247e-05
mouse_wang_liver	ENSMUST00000062601.14	Rpl34	uORF	start	72	1	1	2	C				0	0.00030800753	0	0.00030800751
mouse_wang_liver	ENSMUST00000062601.14	Rpl34	uORF	start	73	1	1	0	A	ATC	I	17	1	0.001879032	0.0019305019	0.0018790319
mouse_wang_liver	ENSMUST00000062601.14	Rpl34	uORF	start	74	1	1	1	T				0	0.00037763146	0	0.00037763143
mouse_wang_liver	ENSMUST00000062601.14	Rpl34	uORF	start	75	1	1	2	C				1	0.00049247663	0.0019305019	0.00049247659
mouse_wang_liver	ENSMUST00000062601.14	Rpl34	uORF	start	76	1	1	0	C	CGA	R	18	3	0.0019702925	0.0057915058	0.0019702924
mouse_wang_liver	ENSMUST00000062601.14	Rpl34	uORF	start	77	1	1	1	G				0	8.2469829e-05	0	8.2469824e-05
mouse_wang_liver	ENSMUST00000062601.14	Rpl34	uORF	start	78	1	1	2	A				0	0.00019594646	0	0.00019594644
mouse_wang_liver	ENSMUST00000062601.14	Rpl34	uORF	start	79	1	1	0	G	GGC	G	19	0	0.00021077893	0	0.00021077892
mouse_wang_liver	ENSMUST00000062601.14	Rpl34	uORF	start	80	1	1	1	G				0	7.8923993e-05	0	7.8923988e-05
mouse_wang_liver	ENSMUST00000062601.14	Rpl34	uORF	start	81	1	1	2	C				0	0.00021129657	0	0.00021129656
mouse_wang_liver	ENSMUST00000062601.14	Rpl34	uORF	start	82	1	0	0	G	GTC	V	20	0	0.00052587327	0	0.00052587324
mouse_wang_liver	ENSMUST00000062601.14	Rpl34	uORF	start	83	1	0	1	T				0	8.9125911e-05	0	8.9125906e-05
mouse_wang_liver	ENSMUST00000062601.14	Rpl34	uORF	start	84	1	0	2	C				0	6.6612003e-05	0	6.6611999e-05
mouse_wang_liver	ENSMUST00000062601.14	Rpl34	uORF	start	85	1	0	0	A	AGG	R	21	0	0.00023423822	0	0.00023423821
mouse_wang_liver	ENSMUST00000062601.14	Rpl34	uORF	start	86	1	0	1	G				0	4.2889693e-05	0	4.288969e-05
mouse_wang_liver	ENSMUST00000062601.14	Rpl34	uORF	start	87	1	0	2	G				0	2.3813862e-05	0	2.381386e-05
mouse_wang_liver	ENSMUST00000062601.14	Rpl34	uORF	start	88	1	0	0	C	CGG	R	22	0	0.00017461093	0	0.00017461092
mouse_wang_liver	ENSMUST00000062601.14	Rpl34	uORF	start	89	1	0	1	G				0	0.00011874556	0	0.00011874556
mouse_wang_liver	ENSMUST00000062601.14	Rpl34	uORF	start	90	1	0	2	G				0	9.8976634e-05	0	9.8976628e-05
mouse_wang_liver	ENSMUST00000062601.14	Rpl34	uORF	start	91	1	0	0	G	GCG	A	23	0	0.00016992929	0	0.00016992928
mouse_wang_liver	ENSMUST00000062601.14	Rpl34	uORF	start	92	1	0	1	C				0	5.3949239e-05	0	5.3949236e-05
mouse_wang_liver	ENSMUST00000062601.14	Rpl34	uORF	start	93	1	0	2	G				0	0.00010269694	0	0.00010269693
mouse_wang_liver	ENSMUST00000062601.14	Rpl34	uORF	start	94	1	0	0	G	GGA	G	24	1	7.0792026e-05	0.0019305019	7.0792022e-05
mouse_wang_liver	ENSMUST00000062601.14	Rpl34	uORF	start	95	1	0	1	G				0	2.9802892e-05	0	2.980289e-05
mouse_wang_liver	ENSMUST00000062601.14	Rpl34	uORF	start	96	1	0	2	A				0	0.00018736986	0	0.00018736985
mouse_wang_liver	ENSMUST00000062601.14	Rpl34	uORF	start	97	1	0	0	C	CGC	R	25	0	0.00025990617	0	0.00025990615
mouse_wang_liver	ENSMUST00000062601.14	Rpl34	uORF	start	98	1	0	1	G				0	1.0926055e-05	0	1.0926055e-05
mouse_wang_liver	ENSMUST00000062601.14	Rpl34	uORF	start	99	1	0	2	C				0	0.00019959631	0	0.0001995963
mouse_wang_liver	ENSMUST00000062601.14	Rpl34	uORF	start	100	1	0	0	C	CCT	P	26	0	0.0003209578	0	0.00032095778
mouse_wang_liver	ENSMUST00000062601.14	Rpl34	uORF	start	101	1	0	1	C				0	5.1276023e-05	0	5.127602e-05
mouse_wang_liver	ENSMUST00000062601.14	Rpl34	uORF	start	102	1	0	2	T				0	0.00016557628	0	0.00016557626
mouse_wang_liver	ENSMUST00000062601.14	Rpl34	uORF	start	103	1	0	0	T	TGG	W	27	0	0.00030239773	0	0.00030239771
mouse_wang_liver	ENSMUST00000062601.14	Rpl34	uORF	start	104	1	0	1	G				0	9.5305972e-05	0	9.5305965e-05
mouse_wang_liver	ENSMUST00000062601.14	Rpl34	uORF	start	105	1	0	2	G				0	0.0001559759	0	0.00015597589
mouse_wang_liver	ENSMUST00000062601.14	Rpl34	uORF	start	106	1	0	0	G	GGT	G	28	1	0.00010855248	0.0019305019	0.00010855247
mouse_wang_liver	ENSMUST00000062601.14	Rpl34	uORF	start	107	1	0	1	G				0	0.0002496113	0	0.00024961128
mouse_wang_liver	ENSMUST00000062601.14	Rpl34	uORF	start	108	1	0	2	T				0	0.00032179913	0	0.00032179911
mouse_wang_liver	ENSMUST00000062601.14	Rpl34	uORF	start	109	1	0	0	C	CGG	R	29	0	0.00022103307	0	0.00022103306
mouse_wang_liver	ENSMUST00000062601.14	Rpl34	uORF	start	110	1	0	1	G				0	0.00016883312	0	0.00016883311
mouse_wang_liver	ENSMUST00000062601.14	Rpl34	uORF	start	111	1	0	2	G				0	0.00014155213	0	0.00014155212
mouse_wang_liver	ENSMUST00000062601.14	Rpl34	uORF	start	112	1	0	0	G	GAC	D	30	0	0.00041086102	0	0.00041086099
mouse_wang_liver	ENSMUST00000062601.14	Rpl34	uORF	start	113	1	0	1	A				0	0.00018380064	0	0.00018380063
mouse_wang_liver	ENSMUST00000062601.14	Rpl34	uORF	start	114	1	0	2	C				0	0.00010021279	0	0.00010021278
mouse_wang_liver	ENSMUST00000062601.14	Rpl34	uORF	start	115	1	0	0	T	TGT	C	31	0	4.2605297e-05	0	4.2605295e-05
mouse_wang_liver	ENSMUST00000062601.14	Rpl34	uORF	start	116	1	0	1	G				0	3.0446778e-05	0	3.0446776e-05
mouse_wang_liver	ENSMUST00000062601.14	Rpl34	uORF	start	117	1	0	2	T				0	3.9912749e-05	0	3.9912747e-05
mouse_wang_liver	ENSMUST00000062601.14	Rpl34	uORF	start	118	1	0	0	C	CGC	R	32	0	3.2184162e-05	0	3.218416e-05
mouse_wang_liver	ENSMUST00000062601.14	Rpl34	uORF	start	119	1	0	1	G				0	8.1368991e-05	0	8.1368986e-05
mouse_wang_liver	ENSMUST00000062601.14	Rpl34	uORF	start	120	1	0	2	C				1	0.00046078017	0.0019305019	0.00046078014
mouse_wang_liver	ENSMUST00000062601.14	Rpl34	uORF	start	121	1	0	0	T	TGG	W	33	0	7.3818672e-05	0	7.3818667e-05
mouse_wang_liver	ENSMUST00000062601.14	Rpl34	uORF	start	122	1	0	1	G				0	1.894922e-05	0	1.8949219e-05
mouse_wang_liver	ENSMUST00000062601.14	Rpl34	uORF	start	123	1	0	2	G				0	2.9978404e-05	0	2.9978402e-05
mouse_wang_liver	ENSMUST00000062601.14	Rpl34	uORF	start	124	1	0	0	G	GGT	G	34	0	9.1194241e-05	0	9.1194235e-05
mouse_wang_liver	ENSMUST00000062601.14	Rpl34	uORF	start	125	1	0	1	G				0	2.2147693e-05	0	2.2147692e-05
mouse_wang_liver	ENSMUST00000062601.14	Rpl34	uORF	start	126	1	0	2	T				0	4.1439969e-05	0	4.1439967e-05
mouse_wang_liver	ENSMUST00000062601.14	Rpl34	uORF	start	127	1	0	0	C	CGG	R	35	0	3.8455091e-05	0	3.8455089e-05
mouse_wang_liver	ENSMUST00000062601.14	Rpl34	uORF	start	128	1	0	1	G				0	2.486793e-05	0	2.4867928e-05
mouse_wang_liver	ENSMUST00000062601.14	Rpl34	uORF	start	129	1	0	2	G				0	0.00013061962	0	0.00013061961
mouse_wang_liver	ENSMUST00000062601.14	Rpl34	uORF	start	130	1	0	0	T	TGG	W	36	0	6.170199e-05	0	6.1701986e-05
mouse_wang_liver	ENSMUST00000062601.14	Rpl34	uORF	start	131	1	0	1	G				0	1.0484532e-05	0	1.0484531e-05
mouse_wang_liver	ENSMUST00000062601.14	Rpl34	uORF	start	132	1	0	2	G				0	4.0414976e-05	0	4.0414973e-05
mouse_wang_liver	ENSMUST00000062601.14	Rpl34	uORF	start	133	1	0	0	T	TGA	*	37	0	7.3399688e-06	0	7.3399683e-06
mouse_wang_liver	ENSMUST00000062601.14	Rpl34	uORF	start	134	1	0	1	G				0	3.0205963e-06	0	3.0205961e-06
mouse_wang_liver	ENSMUST00000062601.14	Rpl34	uORF	start	135	1	0	2	A				0	9.1515585e-06	0	9.1515579e-06
mouse_wang_liver	ENSMUST00000062601.14	Rpl34	uORF	start	136	0	0	-1	G				0	4.5655775e-06	0	4.5655772e-06
mouse_wang_liver	ENSMUST00000062601.14	Rpl34	uORF	start	137	0	0	-1	G				0	6.9339512e-06	0	6.9339508e-06
mouse_wang_liver	ENSMUST00000062601.14	Rpl34	uORF	start	138	0	0	-1	G				0	4.1767973e-05	0	4.176797e-05
mouse_wang_liver	ENSMUST00000062601.14	Rpl34	uORF	start	139	0	0	-1	A				0	1.6866197e-05	0	1.6866196e-05
mouse_wang_liver	ENSMUST00000062601.14	Rpl34	uORF	start	140	0	0	-1	C				0	2.586145e-06	0	2.5861448e-06
mouse_wang_liver	ENSMUST00000062601.14	Rpl34	uORF	start	141	0	0	-1	G				0	3.0916661e-05	0	3.0916659e-05
mouse_wang_liver	ENSMUST00000062601.14	Rpl34	uORF	start	142	0	0	-1	A				0	3.0427736e-05	0	3.0427734e-05
mouse_wang_liver	ENSMUST00000062601.14	Rpl34	uORF	start	143	0	0	-1	G				0	2.0750309e-05	0	2.0750308e-05
mouse_wang_liver	ENSMUST00000062601.14	Rpl34	uORF	start	144	0	0	-1	G				0	0.00038502176	0	0.00038502174
mouse_wang_liver	ENSMUST00000062601.14	Rpl34	uORF	start	145	0	0	-1	A				0	6.2647181e-05	0	6.2647177e-05
mouse_wang_liver	ENSMUST00000062601.14	Rpl34	uORF	start	146	0	0	-1	G				0	4.9730428e-05	0	4.9730425e-05
mouse_wang_liver	ENSMUST00000062601.14	Rpl34	uORF	start	147	0	0	-1	A				0	0.00022909706	0	0.00022909704
mouse_wang_liver	ENSMUST00000062601.14	Rpl34	uORF	start	148	0	0	-1	G				0	0.00013564999	0	0.00013564998
mouse_wang_liver	ENSMUST00000062601.14	Rpl34	uORF	start	149	0	0	-1	G				0	0.00034683413	0	0.00034683411
mouse_wang_liver	ENSMUST00000062601.14	Rpl34	uORF	start	150	0	0	-1	T				0	0.00031511215	0	0.00031511213
mouse_wang_liver	ENSMUST00000062601.14	Rpl34	uORF	start	151	0	0	-1	G				0	0.00016136187	0	0.00016136186
mouse_wang_liver	ENSMUST00000062601.14	Rpl34	uORF	start	152	0	0	-1	C				0	0.00022032722	0	0.0002203272
mouse_wang_liver	ENSMUST00000062601.14	Rpl34	uORF	start	153	0	0	-1	G				0	0.00061911717	0	0.00061911713
mouse_wang_liver	ENSMUST00000062601.14	Rpl34	uORF	start	154	0	0	-1	T				0	0.00011908545	0	0.00011908544
mouse_wang_liver	ENSMUST00000062601.14	Rpl34	uORF	start	155	0	0	-1	A				0	0.00012137907	0	0.00012137907
mouse_wang_liver	ENSMUST00000062601.14	Rpl34	uORF	start	156	0	0	-1	C				0	0.00019295623	0	0.00019295622
mouse_wang_liver	ENSMUST00000062601.14	Rpl34	uORF	start	157	0	0	-1	C				0	0.00012630167	0	0.00012630167
mouse_wang_liver	ENSMUST00000062601.14	Rpl34	uORF	start	158	0	0	-1	G				0	9.2526512e-05	0	9.2526506e-05
mouse_wang_liver	ENSMUST00000062601.14	Rpl34	uORF	start	159	0	0	-1	G				0	5.8268928e-05	0	5.8268924e-05
mouse_wang_liver	ENSMUST00000062601.14	Rpl34	uORF	start	160	0	0	-1	C				0	2.8777895e-05	0	2.8777893e-05
mouse_wang_liver	ENSMUST00000062601.14	Rpl34	uORF	start	161	0	0	-1	C				1	1.5758505e-05	0.0019305019	1.5758504e-05
mouse_wang_liver	ENSMUST00000062601.14	Rpl34	uORF	start	162	0	0	-1	G				1	0.00019987745	0.0019305019	0.00019987744
mouse_wang_liver	ENSMUST00000062601.14	Rpl34	uORF	start	163	0	0	-1	A				0	5.7787198e-05	0	5.7787194e-05
mouse_wang_liver	ENSMUST00000062601.14	Rpl34	uORF	start	164	0	0	-1	G				0	7.8792014e-05	0	7.8792009e-05
mouse_wang_liver	ENSMUST00000062601.14	Rpl34	uORF	start	165	0	0	-1	G				1	0.00017944243	0.0019305019	0.00017944242
mouse_wang_liver	ENSMUST00000062601.14	Rpl34	uORF	start	166	0	0	-1	C				0	1.6768925e-05	0	1.6768924e-05
mouse_wang_liver	ENSMUST00000062601.14	Rpl34	uORF	start	167	0	0	-1	C				0	4.6326324e-05	0	4.6326321e-05
mouse_wang_liver	ENSMUST00000062601.14	Rpl34	uORF	start	168	0	0	-1	T				0	5.2234271e-05	0	5.2234267e-05
mouse_wang_liver	ENSMUST00000062601.14	Rpl34	uORF	start	169	0	0	-1	C				0	3.0741812e-05	0	3.074181e-05
mouse_wang_liver	ENSMUST00000062601.14	Rpl34	uORF	start	170	0	0	-1	G				0	4.2386455e-05	0	4.2386452e-05
mouse_wang_liver	ENSMUST00000062601.14	Rpl34	uORF	start	171	0	0	-1	G				0	6.7145396e-05	0	6.7145392e-05
mouse_wang_liver	ENSMUST00000062601.14	Rpl34	uORF	start	172	0	0	-1	C				0	4.0765648e-05	0	4.0765645e-05
mouse_wang_liver	ENSMUST00000062601.14	Rpl34	uORF	start	173	0	0	-1	T				0	0.00010720456	0	0.00010720455
mouse_wang_liver	ENSMUST00000062601.14	Rpl34	uORF	start	174	0	0	-1	C				0	0.00014246668	0	0.00014246668
mouse_wang_liver	ENSMUST00000062601.14	Rpl34	uORF	start	175	0	0	-1	G				0	4.0288294e-05	0	4.0288292e-05
mouse_wang_liver	ENSMUST00000062601.14	Rpl34	uORF	start	176	0	0	-1	T				0	1.7952039e-05	0	1.7952038e-05
mouse_wang_liver	ENSMUST00000062601.14	Rpl34	uORF	start	177	0	0	-1	A				0	2.2968565e-05	0	2.2968563e-05
mouse_wang_liver	ENSMUST00000062601.14	Rpl34	uORF	start	178	0	0	-1	G				0	3.1136449e-05	0	3.1136447e-05
mouse_wang_liver	ENSMUST00000062601.14	Rpl34	uORF	start	179	0	0	-1	A				0	5.9647835e-05	0	5.9647831e-05
mouse_wang_liver	ENSMUST00000062601.14	Rpl34	uORF	start	180	0	0	-1	C				0	0.00020236919	0	0.00020236918
mouse_wang_liver	ENSMUST00000062601.14	Rpl34	uORF	start	181	0	0	-1	T				0	8.182531e-05	0	8.1825305e-05
mouse_wang_liver	ENSMUST00000062601.14	Rpl34	uORF	start	182	0	0	-1	C				0	8.0001286e-05	0	8.0001281e-05
mouse_wang_liver	ENSMUST00000062601.14	Rpl34	uORF	start	183	0	0	-1	G				0	0.00010863585	0	0.00010863584
mouse_wang_liver	ENSMUST00000062601.14	Rpl34	uORF	start	184	0	0	-1	G				0	8.4059757e-05	0	8.4059751e-05
mouse_wang_liver	ENSMUST00000062601.14	Rpl34	uORF	start	185	0	0	-1	G				0	7.9957957e-05	0	7.9957952e-05
mouse_wang_liver	ENSMUST00000062601.14	Rpl34	uORF	start	186	0	0	-1	A				0	0.00017479304	0	0.00017479303
mouse_wang_liver	ENSMUST00000062601.14	Rpl34	uORF	start	187	0	0	-1	A				0	0.00014161586	0	0.00014161585
mouse_wang_liver	ENSMUST00000062601.14	Rpl34	uORF	start	188	0	0	-1	G				0	1.1319272e-05	0	1.1319271e-05
mouse_wang_liver	ENSMUST00000062601.14	Rpl34	uORF	start	189	0	0	-1	C				0	4.6324156e-05	0	4.6324153e-05
mouse_wang_liver	ENSMUST00000062601.14	Rpl34	uORF	start	190	0	0	-1	C				0	1.6388442e-05	0	1.638844e-05
mouse_wang_liver	ENSMUST00000062601.14	Rpl34	uORF	start	191	0	0	-1	C				0	4.339623e-06	0	4.3396228e-06
mouse_wang_liver	ENSMUST00000062601.14	Rpl34	uORF	start	192	0	0	-1	G				0	1.5441363e-05	0	1.5441362e-05
mouse_wang_liver	ENSMUST00000062601.14	Rpl34	uORF	start	193	0	0	-1	A				0	1.6575648e-05	0	1.6575647e-05
mouse_wang_liver	ENSMUST00000062601.14	Rpl34	uORF	start	194	0	0	-1	G				0	2.3404096e-05	0	2.3404095e-05
mouse_wang_liver	ENSMUST00000062601.14	Rpl34	uORF	start	195	0	0	-1	A				0	0.00011324698	0	0.00011324698
mouse_wang_liver	ENSMUST00000062601.14	Rpl34	uORF	start	196	0	0	-1	T				0	2.5308371e-05	0	2.5308369e-05
mouse_wang_liver	ENSMUST00000062601.14	Rpl34	uORF	start	197	0	0	-1	C				0	7.2787007e-05	0	7.2787002e-05
mouse_wang_liver	ENSMUST00000062601.14	Rpl34	uORF	start	198	0	0	-1	A				0	0.00017736471	0	0.0001773647
mouse_wang_liver	ENSMUST00000062601.14	Rpl34	uORF	start	199	0	0	-1	A				0	4.9032136e-05	0	4.9032133e-05
mouse_wang_liver	ENSMUST00000062601.14	Rpl34	uORF	start	200	0	0	-1	A				0	5.8608948e-05	0	5.8608944e-05
mouse_wang_liver	ENSMUST00000062601.14	Rpl34	uORF	start	201	0	0	-1	C				0	4.9308943e-05	0	4.930894e-05
mouse_wang_liver	ENSMUST00000062601.14	Rpl34	uORF	start	202	0	0	-1	C				0	7.4335228e-05	0	7.4335224e-05
mouse_wang_liver	ENSMUST00000062601.14	Rpl34	uORF	start	203	0	0	-1	C				0	7.1215713e-05	0	7.1215708e-05
mouse_wang_liver	ENSMUST00000062601.14	Rpl34	uORF	start	204	0	0	-1	G				0	3.8591174e-05	0	3.8591171e-05
mouse_wang_liver	ENSMUST00000062601.14	Rpl34	uORF	start	205	0	0	-1	G				0	3.1740539e-05	0	3.1740537e-05
mouse_wang_liver	ENSMUST00000062601.14	Rpl34	uORF	start	206	0	0	-1	C				0	2.3837447e-05	0	2.3837445e-05
mouse_wang_liver	ENSMUST00000062601.14	Rpl34	uORF	start	207	0	0	-1	T				0	2.6833975e-05	0	2.6833974e-05
mouse_wang_liver	ENSMUST00000062601.14	Rpl34	uORF	start	208	0	0	-1	T				0	2.5478957e-05	0	2.5478956e-05
mouse_wang_liver	ENSMUST00000062601.14	Rpl34	uORF	start	209	0	0	-1	C				0	3.8341754e-05	0	3.8341751e-05
mouse_wang_liver	ENSMUST00000062601.14	Rpl34	uORF	start	210	0	0	-1	C				0	1.9069321e-05	0	1.906932e-05
mouse_wang_liver	ENSMUST00000062601.14	Rpl34	uORF	start	211	0	0	-1	G				0	1.8103334e-05	0	1.8103333e-05
mouse_wang_liver	ENSMUST00000062601.14	Rpl34	uORF	start	212	0	0	-1	A				0	2.5249283e-05	0	2.5249281e-05
mouse_wang_liver	ENSMUST00000062601.14	Rpl34	uORF	start	213	0	0	-1	A				0	1.5994765e-05	0	1.5994764e-05
mouse_wang_liver	ENSMUST00000062601.14	Rpl34	uORF	start	214	0	0	-1	G				0	4.5209392e-05	0	4.5209389e-05
mouse_wang_liver	ENSMUST00000062601.14	Rpl34	uORF	start	215	0	0	-1	C				0	9.235684e-06	0	9.2356834e-06
mouse_wang_liver	ENSMUST00000062601.14	Rpl34	uORF	start	216	0	0	-1	G				0	2.2907268e-05	0	2.2907267e-05
mouse_wang_liver	ENSMUST00000062601.14	Rpl34	uORF	start	217	0	0	-1	G				0	9.2200016e-06	0	9.220001e-06
mouse_wang_liver	ENSMUST00000062601.14	Rpl34	uORF	start	218	0	0	-1	C				0	3.3193701e-05	0	3.3193699e-05
mouse_wang_liver	ENSMUST00000062601.14	Rpl34	uORF	start	219	0	0	-1	A				0	2.6884618e-05	0	2.6884616e-05
mouse_wang_liver	ENSMUST00000062601.14	Rpl34	uORF	start	220	0	0	-1	C				0	1.0205164e-05	0	1.0205164e-05
mouse_wang_liver	ENSMUST00000062601.14	Rpl34	uORF	start	221	0	0	-1	T				0	2.9763896e-05	0	2.9763894e-05
mouse_wang_liver	ENSMUST00000062601.14	Rpl34	uORF	start	222	0	0	-1	C				0	1.3762232e-05	0	1.3762231e-05
mouse_wang_liver	ENSMUST00000062601.14	Rpl34	uORF	start	223	0	0	-1	A				0	9.4868155e-05	0	9.4868149e-05
mouse_wang_liver	ENSMUST00000062601.14	Rpl34	uORF	start	224	0	0	-1	G				0	0.00021166829	0	0.00021166827
mouse_wang_liver	ENSMUST00000062601.14	Rpl34	uORF	start	225	0	0	-1	G				4	0.00050323573	0.0077220077	0.0005032357
mouse_wang_liver	ENSMUST00000062601.14	Rpl34	uORF	start	226	0	0	-1	A				16	0.0018187035	0.030888031	0.0018187034
mouse_wang_liver	ENSMUST00000062601.14	Rpl34	uORF	start	227	0	0	-1	T				0	0.00057681347	0	0.00057681343
mouse_wang_liver	ENSMUST00000062601.14	Rpl34	uORF	start	228	0	0	-1	G				0	0.00022318748	0	0.00022318747
mouse_wang_liver	ENSMUST00000062601.14	Rpl34	uORF	start	229	0	0	-1	G				16	0.0006165232	0.030888031	0.00061652316
mouse_wang_liver	ENSMUST00000062601.14	Rpl34	uORF	start	230	0	0	-1	T				2	0.00053810736	0.0038610039	0.00053810732
mouse_wang_liver	ENSMUST00000062601.14	Rpl34	uORF	start	231	0	0	-1	C				0	0.00040193505	0	0.00040193502
mouse_wang_liver	ENSMUST00000062601.14	Rpl34	uORF	start	232	0	0	-1	C				0	0.0037166961	0	0.0037166958
mouse_wang_liver	ENSMUST00000062601.14	Rpl34	uORF	start	233	0	0	-1	A				0	0.00067005912	0	0.00067005907
mouse_wang_liver	ENSMUST00000062601.14	Rpl34	uORF	start	234	0	0	-1	G				7	0.00082653761	0.013513514	0.00082653756
mouse_wang_liver	ENSMUST00000062601.14	Rpl34	uORF	start	235	0	0	-1	C				37	0.032450061	0.071428571	0.032450059
mouse_wang_liver	ENSMUST00000062601.14	Rpl34	uORF	start	236	0	0	-1	G				1	0.00071097136	0.0019305019	0.00071097132
mouse_wang_liver	ENSMUST00000062601.14	Rpl34	uORF	start	237	0	0	-1	T				0	0.00038653659	0	0.00038653656
mouse_wang_liver	ENSMUST00000062601.14	Rpl34	uORF	start	238	0	0	-1	T				0	0.010436429	0	0.010436428
mouse_wang_liver	ENSMUST00000062601.14	Rpl34	uORF	start	239	0	0	-1	T				0	0.0012696385	0	0.0012696385
mouse_wang_liver	ENSMUST00000062601.14	Rpl34	uORF	start	240	0	0	-1	G				0	0.0011465772	0	0.0011465771
mouse_wang_liver	ENSMUST00000062601.14	Rpl34	uORF	start	241	0	0	-1	A				0	0.0062670913	0	0.0062670909
mouse_wang_liver	ENSMUST00000062601.14	Rpl34	uORF	start	242	0	0	-1	C				0	0.00064494414	0	0.0006449441
mouse_wang_liver	ENSMUST00000062601.14	Rpl34	uORF	start	243	0	0	-1	A				0	0.00068545999	0	0.00068545995
mouse_wang_liver	ENSMUST00000062601.14	Rpl34	uORF	start	244	0	0	-1	T				0	0.0029795547	0	0.0029795545
mouse_wang_liver	ENSMUST00000062601.14	Rpl34	uORF	start	245	0	0	-1	A				0	0.00094837631	0	0.00094837625
mouse_wang_liver	ENSMUST00000062601.14	Rpl34	uORF	start	246	0	0	-1	C				0	0.0010239626	0	0.0010239626
mouse_wang_liver	ENSMUST00000062601.14	Rpl34	uORF	start	247	0	0	-1	C				0	0.0025651536	0	0.0025651535
mouse_wang_liver	ENSMUST00000062601.14	Rpl34	uORF	start	248	0	0	-1	G				0	0.00049035292	0	0.00049035289
mouse_wang_liver	ENSMUST00000062601.14	Rpl34	uORF	start	249	0	0	-1	C				0	0.0048299502	0	0.0048299499
mouse_wang_liver	ENSMUST00000062601.14	Rpl34	uORF	start	250	0	0	-1	C				0	0.018537566	0	0.018537565
mouse_wang_liver	ENSMUST00000062601.14	Rpl34	uORF	start	251	0	0	-1	G				0	0.0039581498	0	0.0039581496
mouse_wang_liver	ENSMUST00000062601.14	Rpl34	uORF	start	252	0	0	-1	T				0	0.002808426	0	0.0028084259
mouse_wang_liver	ENSMUST00000062601.14	Rpl34	uORF	start	253	0	0	-1	A				0	0.0066185528	0	0.0066185524
mouse_wang_liver	ENSMUST00000062601.14	Rpl34	uORF	start	254	0	0	-1	G				0	0.002180499	0	0.0021804989
mouse_wang_liver	ENSMUST00000062601.14	Rpl34	uORF	start	255	0	0	-1	G				0	0.0018637782	0	0.0018637781
mouse_wang_liver	ENSMUST00000062601.14	Rpl34	uORF	start	256	0	0	-1	C				0	0.025693564	0	0.025693562
mouse_wang_liver	ENSMUST00000062601.14	Rpl34	uORF	start	257	0	0	-1	T				0	0.0022405817	0	0.0022405815
mouse_wang_liver	ENSMUST00000062601.14	Rpl34	uORF	start	258	0	0	-1	T				0	0.0001742975	0	0.00017429749
mouse_wang_liver	ENSMUST00000062601.14	Rpl34	uORF	start	259	0	0	-1	T				0	0.0014834506	0	0.0014834505
mouse_wang_liver	ENSMUST00000062601.14	Rpl34	uORF	start	260	0	0	-1	C				0	0.00015652948	0	0.00015652947
mouse_wang_liver	ENSMUST00000062601.14	Rpl34	uORF	start	261	0	0	-1	C				0	4.4721823e-05	0	4.472182e-05
mouse_wang_liver	ENSMUST00000062601.14	Rpl34	uORF	start	262	0	0	-1	T				0	0.0010692748	0	0.0010692748
mouse_wang_liver	ENSMUST00000062601.14	Rpl34	uORF	start	263	0	0	-1	A				0	0.00047973817	0	0.00047973814
mouse_wang_liver	ENSMUST00000062601.14	Rpl34	uORF	start	264	0	0	-1	C				0	0.00046328333	0	0.0004632833
mouse_wang_liver	ENSMUST00000062601.14	Rpl34	uORF	start	265	0	0	-1	A				0	0.0012980562	0	0.0012980561
mouse_wang_liver	ENSMUST00000062601.14	Rpl34	uORF	start	266	0	0	-1	A				0	0.00010071733	0	0.00010071732
mouse_wang_liver	ENSMUST00000062601.14	Rpl34	uORF	start	267	0	0	-1	C				0	0.00035191741	0	0.00035191738
mouse_wang_liver	ENSMUST00000062601.14	Rpl34	uORF	start	268	0	0	-1	A				0	0.0009555092	0	0.00095550913
mouse_wang_liver	ENSMUST00000062601.14	Rpl34	uORF	start	269	0	0	-1	C				0	0.00028545762	0	0.0002854576
mouse_wang_liver	ENSMUST00000062601.14	Rpl34	uORF	start	270	0	0	-1	A				0	0.00014394149	0	0.00014394148
mouse_wang_liver	ENSMUST00000062601.14	Rpl34	uORF	start	271	0	0	-1	G				0	0.00053739094	0	0.0005373909
mouse_wang_liver	ENSMUST00000062601.14	Rpl34	uORF	start	272	0	0	-1	C				0	0.00019126393	0	0.00019126391
mouse_wang_liver	ENSMUST00000062601.14	Rpl34	uORF	start	273	0	0	-1	C				0	9.2265866e-05	0	9.226586e-05
mouse_wang_liver	ENSMUST00000062601.14	Rpl34	uORF	start	274	0	0	-1	T				0	0.00072681467	0	0.00072681463
mouse_wang_liver	ENSMUST00000062601.14	Rpl34	uORF	start	275	0	0	-1	C				0	0.00016930023	0	0.00016930022
mouse_wang_liver	ENSMUST00000062601.14	Rpl34	uORF	start	276	0	0	-1	T				0	0.00011409786	0	0.00011409786
mouse_wang_liver	ENSMUST00000062601.14	Rpl34	uORF	start	277	0	0	-1	A				0	0.0012845893	0	0.0012845892
mouse_wang_liver	ENSMUST00000062601.14	Rpl34	uORF	start	278	0	0	-1	A				0	5.4584758e-05	0	5.4584754e-05
mouse_wang_liver	ENSMUST00000062601.14	Rpl34	uORF	start	279	0	0	-1	C				0	3.3515706e-05	0	3.3515703e-05
mouse_wang_liver	ENSMUST00000062601.14	Rpl34	uORF	start	280	0	0	-1	A				0	0.00028774972	0	0.0002877497
mouse_wang_liver	ENSMUST00000062601.14	Rpl34	uORF	start	281	0	0	-1	A				0	6.2422645e-05	0	6.2422641e-05
mouse_wang_liver	ENSMUST00000062601.14	Rpl34	uORF	start	282	0	0	-1	A				0	0.00060913945	0	0.00060913941
mouse_wang_liver	ENSMUST00000062601.14	Rpl34	uORF	start	283	0	0	-1	A				0	0.0019833883	0	0.0019833882
mouse_wang_liver	ENSMUST00000062601.14	Rpl34	uORF	start	284	0	0	-1	C				0	0.00024231187	0	0.00024231186
mouse_wang_liver	ENSMUST00000062601.14	Rpl34	uORF	start	285	0	0	-1	T				0	8.1499391e-05	0	8.1499386e-05
mouse_wang_liver	ENSMUST00000062601.14	Rpl34	uORF	start	286	0	0	-1	A				0	0.00043675161	0	0.00043675158
mouse_wang_liver	ENSMUST00000062601.14	Rpl34	uORF	start	287	0	0	-1	G				0	0.00011152805	0	0.00011152805
mouse_wang_liver	ENSMUST00000062601.14	Rpl34	uORF	start	288	0	0	-1	G				0	5.9670198e-05	0	5.9670194e-05
mouse_wang_liver	ENSMUST00000062601.14	Rpl34	uORF	start	289	0	0	-1	C				0	0.00035218566	0	0.00035218563
mouse_wang_liver	ENSMUST00000062601.14	Rpl34	uORF	start	290	0	0	-1	T				0	0.00013773373	0	0.00013773372
mouse_wang_liver	ENSMUST00000062601.14	Rpl34	uORF	start	291	0	0	-1	G				0	0.00015039618	0	0.00015039617
mouse_wang_liver	ENSMUST00000062601.14	Rpl34	uORF	start	292	0	0	-1	T				0	0.00060561765	0	0.00060561761
mouse_wang_liver	ENSMUST00000062601.14	Rpl34	uORF	start	293	0	0	-1	C				0	0.00022478164	0	0.00022478163
mouse_wang_liver	ENSMUST00000062601.14	Rpl34	uORF	start	294	0	0	-1	T				0	0.00026430393	0	0.00026430392
mouse_wang_liver	ENSMUST00000062601.14	Rpl34	uORF	start	295	0	0	-1	C				0	0.0010808839	0	0.0010808838
mouse_wang_liver	ENSMUST00000062601.14	Rpl34	uORF	start	296	0	0	-1	G				0	0.00034283852	0	0.0003428385
mouse_wang_liver	ENSMUST00000062601.14	Rpl34	uORF	start	297	0	0	-1	A				0	0.00043211511	0	0.00043211508
mouse_wang_liver	ENSMUST00000062601.14	Rpl34	uORF	start	298	0	0	-1	A				0	0.0012187745	0	0.0012187744
mouse_wang_liver	ENSMUST00000062601.14	Rpl34	uORF	start	299	0	0	-1	C				0	8.51515e-05	0	8.5151494e-05
mouse_wang_liver	ENSMUST00000062601.14	Rpl34	uORF	start	300	0	0	-1	C				0	0.00016857104	0	0.00016857103
mouse_wang_liver	ENSMUST00000062601.14	Rpl34	uORF	start	301	0	0	-1	C				0	0.00068645924	0	0.0006864592
mouse_wang_liver	ENSMUST00000062601.14	Rpl34	uORF	start	302	0	0	-1	C				0	0.00015846026	0	0.00015846025
mouse_wang_liver	ENSMUST00000062601.14	Rpl34	uORF	start	303	0	0	-1	T				0	0.00012486833	0	0.00012486832
mouse_wang_liver	ENSMUST00000062601.14	Rpl34	uORF	start	304	0	0	-1	G				0	0.00047479093	0	0.0004747909
mouse_wang_liver	ENSMUST00000062601.14	Rpl34	uORF	start	305	0	0	-1	G				0	8.7237517e-05	0	8.7237511e-05
mouse_wang_liver	ENSMUST00000062601.14	Rpl34	uORF	start	306	0	0	-1	C				0	1.407562e-05	0	1.4075619e-05
mouse_wang_liver	ENSMUST00000062601.14	Rpl34	uORF	start	307	0	0	-1	A				0	0.00025161199	0	0.00025161197
mouse_wang_liver	ENSMUST00000062601.14	Rpl34	uORF	start	308	0	0	-1	A				0	4.7677146e-05	0	4.7677143e-05
mouse_wang_liver	ENSMUST00000062601.14	Rpl34	uORF	start	309	0	0	-1	C				0	6.1839775e-05	0	6.1839771e-05
mouse_wang_liver	ENSMUST00000062601.14	Rpl34	uORF	start	310	0	0	-1	A				0	0.00012803715	0	0.00012803714
mouse_wang_liver	ENSMUST00000062601.14	Rpl34	uORF	start	311	0	0	-1	G				0	3.5535821e-05	0	3.5535818e-05
mouse_wang_liver	ENSMUST00000062601.14	Rpl34	uORF	start	312	0	0	-1	G				0	2.3774086e-05	0	2.3774084e-05
mouse_wang_liver	ENSMUST00000062601.14	Rpl34	uORF	start	313	0	0	-1	A				0	0.00045689466	0	0.00045689463
mouse_wang_liver	ENSMUST00000062601.14	Rpl34	uORF	start	314	0	0	-1	T				0	0.00016516387	0	0.00016516386
mouse_wang_liver	ENSMUST00000062601.14	Rpl34	uORF	start	315	0	0	-1	T				0	5.0936753e-05	0	5.093675e-05
mouse_wang_liver	ENSMUST00000062601.14	Rpl34	uORF	start	316	0	0	-1	G				0	0.00067165477	0	0.00067165472
mouse_wang_liver	ENSMUST00000062601.14	Rpl34	uORF	start	317	0	0	-1	T				0	7.6637196e-05	0	7.6637191e-05
mouse_wang_liver	ENSMUST00000062601.14	Rpl34	uORF	start	318	0	0	-1	T				0	0.00020235336	0	0.00020235335
mouse_wang_liver	ENSMUST00000062601.14	Rpl34	uORF	start	319	0	0	-1	T				0	0.0092799487	0	0.0092799481
mouse_wang_liver	ENSMUST00000062601.14	Rpl34	uORF	start	320	0	0	-1	A				0	0.0012664188	0	0.0012664188
mouse_wang_liver	ENSMUST00000062601.14	Rpl34	uORF	start	321	0	0	-1	C				0	0.0011908999	0	0.0011908998
mouse_wang_liver	ENSMUST00000062601.14	Rpl34	uORF	start	322	0	0	-1	C				0	0.013924081	0	0.01392408
mouse_wang_liver	ENSMUST00000062601.14	Rpl34	uORF	start	323	0	0	-1	T				0	0.00053643977	0	0.00053643973
mouse_wang_liver	ENSMUST00000062601.14	Rpl34	uORF	start	324	0	0	-1	C				0	0.00044772413	0	0.0004477241
mouse_wang_liver	ENSMUST00000062601.14	Rpl34	uORF	start	325	0	0	-1	T				0	0.00062759215	0	0.00062759211
mouse_wang_liver	ENSMUST00000062601.14	Rpl34	uORF	start	326	0	0	-1	A				0	0.0015508307	0	0.0015508306
mouse_wang_liver	ENSMUST00000062601.14	Rpl34	uORF	start	327	0	0	-1	C				0	0.00055943453	0	0.00055943449
mouse_wang_liver	ENSMUST00000062601.14	Rpl34	uORF	start	328	0	0	-1	A				0	0.0024236608	0	0.0024236607
mouse_wang_liver	ENSMUST00000062601.14	Rpl34	uORF	start	329	0	0	-1	C				0	0.00056308019	0	0.00056308015
mouse_wang_liver	ENSMUST00000062601.14	Rpl34	uORF	start	330	0	0	-1	C				0	0.00038376308	0	0.00038376305
mouse_wang_liver	ENSMUST00000062601.14	Rpl34	uORF	start	331	0	0	-1	A				0	0.0016596433	0	0.0016596431
mouse_wang_liver	ENSMUST00000062601.14	Rpl34	uORF	start	332	0	0	-1	A				0	0.00017734984	0	0.00017734983
mouse_wang_liver	ENSMUST00000062601.14	Rpl34	uORF	start	333	0	0	-1	G				0	5.7275302e-05	0	5.7275298e-05
mouse_wang_liver	ENSMUST00000062601.14	Rpl34	uORF	start	334	0	0	-1	A				0	0.00058769755	0	0.00058769751
mouse_wang_liver	ENSMUST00000062601.14	Rpl34	uORF	start	335	0	0	-1	A				0	2.1738464e-05	0	2.1738463e-05
mouse_wang_liver	ENSMUST00000062601.14	Rpl34	uORF	start	336	0	0	-1	G				0	7.4129889e-06	0	7.4129884e-06
mouse_wang_liver	ENSMUST00000062601.14	Rpl34	uORF	start	337	0	0	-1	G				0	0.00022401809	0	0.00022401808
mouse_wang_liver	ENSMUST00000062601.14	Rpl34	uORF	start	338	0	0	-1	T				0	4.2885193e-05	0	4.288519e-05
mouse_wang_liver	ENSMUST00000062601.14	Rpl34	uORF	start	339	0	0	-1	T				0	4.2902291e-05	0	4.2902288e-05
mouse_wang_liver	ENSMUST00000062601.14	Rpl34	uORF	start	340	0	0	-1	G				0	0.00063198199	0	0.00063198195
mouse_wang_liver	ENSMUST00000062601.14	Rpl34	uORF	start	341	0	0	-1	G				0	4.3085409e-05	0	4.3085406e-05
mouse_wang_liver	ENSMUST00000062601.14	Rpl34	uORF	start	342	0	0	-1	G				0	3.2280557e-05	0	3.2280555e-05
mouse_wang_liver	ENSMUST00000062601.14	Rpl34	uORF	start	343	0	0	-1	A				0	0.00036763126	0	0.00036763124
mouse_wang_liver	ENSMUST00000062601.14	Rpl34	uORF	start	344	0	0	-1	A				0	4.9183782e-05	0	4.9183779e-05
mouse_wang_liver	ENSMUST00000062601.14	Rpl34	uORF	start	345	0	0	-1	A				0	1.2442949e-05	0	1.2442948e-05
mouse_wang_liver	ENSMUST00000062601.14	Rpl34	uORF	start	346	0	0	-1	G				0	0.00030144412	0	0.0003014441
mouse_wang_liver	ENSMUST00000062601.14	Rpl34	uORF	start	347	0	0	-1	C				0	5.2081217e-05	0	5.2081214e-05
mouse_wang_liver	ENSMUST00000062601.14	Rpl34	uORF	start	348	0	0	-1	A				0	0.00022867795	0	0.00022867793
mouse_wang_liver	ENSMUST00000062601.14	Rpl34	uORF	start	349	0	0	-1	C				0	0.0012716895	0	0.0012716895
mouse_wang_liver	ENSMUST00000062601.14	Rpl34	uORF	start	350	0	0	-1	C				0	9.1009526e-05	0	9.100952e-05
mouse_wang_liver	ENSMUST00000062601.14	Rpl34	uORF	start	351	0	0	-1	T				0	0.00068378076	0	0.00068378072
mouse_wang_liver	ENSMUST00000062601.14	Rpl34	uORF	start	352	0	0	-1	A				0	0.0009189038	0	0.00091890374
mouse_wang_liver	ENSMUST00000062601.14	Rpl34	uORF	start	353	0	0	-1	A				0	7.2260249e-05	0	7.2260244e-05
mouse_wang_liver	ENSMUST00000062601.14	Rpl34	uORF	start	354	0	0	-1	A				0	0.0018438115	0	0.0018438114
mouse_wang_liver	ENSMUST00000062601.14	Rpl34	uORF	start	355	0	0	-1	T				0	0.0049260296	0	0.0049260293
mouse_wang_liver	ENSMUST00000062601.14	Rpl34	uORF	start	356	0	0	-1	C				0	0.00077748095	0	0.0007774809
mouse_wang_liver	ENSMUST00000062601.14	Rpl34	uORF	start	357	0	0	-1	T				0	0.0017826033	0	0.0017826032
mouse_wang_liver	ENSMUST00000062601.14	Rpl34	uORF	start	358	0	0	-1	G				0	0.0026473263	0	0.0026473262
mouse_wang_liver	ENSMUST00000062601.14	Rpl34	uORF	start	359	0	0	-1	C				0	0.00052638206	0	0.00052638203
mouse_wang_liver	ENSMUST00000062601.14	Rpl34	uORF	start	360	0	0	-1	A				0	0.00089666049	0	0.00089666044
mouse_wang_liver	ENSMUST00000062601.14	Rpl34	uORF	start	361	0	0	-1	T				4	0.0060857185	0.0077220077	0.0060857181
mouse_wang_liver	ENSMUST00000062601.14	Rpl34	uORF	start	362	0	0	-1	G				6	0.002674174	0.011583012	0.0026741739
mouse_wang_liver	ENSMUST00000062601.14	Rpl34	uORF	start	363	0	0	-1	T				0	0.010843463	0	0.010843463
mouse_wang_liver	ENSMUST00000062601.14	Rpl34	uORF	start	364	0	0	-1	G				0	0.0094261812	0	0.0094261806
mouse_wang_liver	ENSMUST00000062601.14	Rpl34	uORF	start	365	0	0	-1	G				0	0.0016792025	0	0.0016792024
mouse_wang_liver	ENSMUST00000062601.14	Rpl34	uORF	start	366	0	0	-1	C				0	0.00033816593	0	0.00033816591
mouse_wang_liver	ENSMUST00000062601.14	Rpl34	uORF	start	367	0	0	-1	G				0	0.012122865	0	0.012122864
mouse_wang_liver	ENSMUST00000062601.14	Rpl34	uORF	start	368	0	0	-1	T				0	0.0027336664	0	0.0027336663
mouse_wang_liver	ENSMUST00000062601.14	Rpl34	uORF	start	369	0	0	-1	G				0	0.0069332607	0	0.0069332603
mouse_wang_liver	ENSMUST00000062601.14	Rpl34	uORF	start	370	0	0	-1	T				12	0.038266473	0.023166023	0.03826647
mouse_wang_liver	ENSMUST00000062601.14	Rpl34	uORF	start	371	0	0	-1	G				0	0.003304787	0	0.0033047868
mouse_wang_liver	ENSMUST00000062601.14	Rpl34	uORF	start	372	0	0	-1	C				0	0.0037861972	0	0.0037861969
mouse_wang_liver	ENSMUST00000062601.14	Rpl34	uORF	start	373	0	0	-1	C				0	0.0356417	0	0.035641698
mouse_wang_liver	ENSMUST00000062601.14	Rpl34	uORF	start	374	0	0	-1	C				0	0.0028076228	0	0.0028076226
mouse_wang_liver	ENSMUST00000062601.14	Rpl34	uORF	start	375	0	0	-1	A				0	0.00099352119	0	0.00099352112
mouse_wang_liver	ENSMUST00000062601.14	Rpl34	uORF	start	376	0	0	-1	G				0	0.0078214724	0	0.0078214719
mouse_wang_liver	ENSMUST00000062601.14	Rpl34	uORF	start	377	0	0	-1	G				0	0.0005240459	0	0.00052404587
mouse_wang_liver	ENSMUST00000062601.14	Rpl34	uORF	start	378	0	0	-1	C				0	0.00047646239	0	0.00047646236
mouse_wang_liver	ENSMUST00000062601.14	Rpl34	uORF	start	379	0	0	-1	A				0	0.0040569813	0	0.004056981
mouse_wang_liver	ENSMUST00000062601.14	Rpl34	uORF	start	380	0	0	-1	G				0	0.00014584392	0	0.00014584391
mouse_wang_liver	ENSMUST00000062601.14	Rpl34	uORF	start	381	0	0	-1	A				0	0.00051150407	0	0.00051150404
mouse_wang_liver	ENSMUST00000062601.14	Rpl34	uORF	start	382	0	0	-1	C				0	0.0013510851	0	0.0013510851
mouse_wang_liver	ENSMUST00000062601.14	Rpl34	uORF	start	383	0	0	-1	T				0	0.00013604498	0	0.00013604497
mouse_wang_liver	ENSMUST00000062601.14	Rpl34	uORF	start	384	0	0	-1	T				0	6.5217726e-05	0	6.5217722e-05
mouse_wang_liver	ENSMUST00000062601.14	Rpl34	uORF	start	385	0	0	-1	C				0	0.00052228593	0	0.0005222859
mouse_wang_liver	ENSMUST00000062601.14	Rpl34	uORF	start	386	0	0	-1	G				0	0.00022705032	0	0.0002270503
mouse_wang_liver	ENSMUST00000062601.14	Rpl34	uORF	start	387	0	0	-1	A				0	0.00016834115	0	0.00016834114
mouse_wang_liver	ENSMUST00000062601.14	Rpl34	uORF	start	388	0	0	-1	G				0	0.00069566246	0	0.00069566241
mouse_wang_liver	ENSMUST00000062601.14	Rpl34	uORF	start	389	0	0	-1	G				0	0.0001848143	0	0.00018481429
mouse_wang_liver	ENSMUST00000062601.14	Rpl34	uORF	start	390	0	0	-1	G				0	0.00048103125	0	0.00048103122
mouse_wang_liver	ENSMUST00000062601.14	Rpl34	uORF	start	391	0	0	-1	G				0	0.0037813329	0	0.0037813326
mouse_wang_liver	ENSMUST00000062601.14	Rpl34	uORF	start	392	0	0	-1	T				0	0.00064675219	0	0.00064675215
mouse_wang_liver	ENSMUST00000062601.14	Rpl34	uORF	start	393	0	0	-1	T				0	0.00021950236	0	0.00021950234
mouse_wang_liver	ENSMUST00000062601.14	Rpl34	uORF	start	394	0	0	-1	C				0	0.0040754168	0	0.0040754166
mouse_wang_liver	ENSMUST00000062601.14	Rpl34	uORF	start	395	0	0	-1	G				0	0.00052713556	0	0.00052713553
mouse_wang_liver	ENSMUST00000062601.14	Rpl34	uORF	start	396	0	0	-1	T				0	0.00023601303	0	0.00023601302
mouse_wang_liver	ENSMUST00000062601.14	Rpl34	uORF	start	397	0	0	-1	G				0	0.0012507703	0	0.0012507702
mouse_wang_liver	ENSMUST00000062601.14	Rpl34	uORF	start	398	0	0	-1	C				0	0.00033392032	0	0.0003339203
mouse_wang_liver	ENSMUST00000062601.14	Rpl34	uORF	start	399	0	0	-1	T				0	0.00024281615	0	0.00024281614
mouse_wang_liver	ENSMUST00000062601.14	Rpl34	uORF	start	400	0	0	-1	G				0	0.00058556237	0	0.00058556234
mouse_wang_liver	ENSMUST00000062601.14	Rpl34	uORF	start	401	0	0	-1	T				0	8.6838751e-05	0	8.6838745e-05
mouse_wang_liver	ENSMUST00000062601.14	Rpl34	uORF	start	402	0	0	-1	G				0	0.00012416557	0	0.00012416556
mouse_wang_liver	ENSMUST00000062601.14	Rpl34	uORF	start	403	0	0	-1	C				0	0.00143543	0	0.0014354299
mouse_wang_liver	ENSMUST00000062601.14	Rpl34	uORF	start	404	0	0	-1	G				0	0.00057553593	0	0.00057553589
mouse_wang_liver	ENSMUST00000062601.14	Rpl34	uORF	start	405	0	0	-1	G				0	0.00039506165	0	0.00039506163
mouse_wang_liver	ENSMUST00000062601.14	Rpl34	uORF	start	406	0	0	-1	C				0	0.0044521545	0	0.0044521542
mouse_wang_liver	ENSMUST00000062601.14	Rpl34	uORF	start	407	0	0	-1	C				0	0.00062289467	0	0.00062289463
mouse_wang_liver	ENSMUST00000062601.14	Rpl34	uORF	start	408	0	0	-1	C				0	0.00037090902	0	0.000370909
mouse_wang_liver	ENSMUST00000062601.14	Rpl34	uORF	start	409	0	0	-1	A				0	0.0012403558	0	0.0012403557
mouse_wang_liver	ENSMUST00000062601.14	Rpl34	uORF	start	410	0	0	-1	A				0	6.307118e-05	0	6.3071176e-05
mouse_wang_liver	ENSMUST00000062601.14	Rpl34	uORF	start	411	0	0	-1	A				0	0.00019185162	0	0.00019185161
mouse_wang_liver	ENSMUST00000062601.14	Rpl34	uORF	start	412	0	0	-1	G				0	0.00027641706	0	0.00027641705
mouse_wang_liver	ENSMUST00000062601.14	Rpl34	uORF	start	413	0	0	-1	T				0	9.0447982e-05	0	9.0447976e-05
mouse_wang_liver	ENSMUST00000062601.14	Rpl34	uORF	start	414	0	0	-1	C				0	0.00011977863	0	0.00011977863
mouse_wang_liver	ENSMUST00000062601.14	Rpl34	uORF	start	415	0	0	-1	C				0	0.00030224377	0	0.00030224375
mouse_wang_liver	ENSMUST00000062601.14	Rpl34	uORF	start	416	0	0	-1	T				0	0.00043502211	0	0.00043502209
mouse_wang_liver	ENSMUST00000062601.14	Rpl34	uORF	start	417	0	0	-1	T				0	0.0002976479	0	0.00029764788
mouse_wang_liver	ENSMUST00000062601.14	Rpl34	uORF	start	418	0	0	-1	A				0	0.0046554613	0	0.004655461
mouse_wang_liver	ENSMUST00000062601.14	Rpl34	uORF	start	419	0	0	-1	T				0	0.0012902297	0	0.0012902296
mouse_wang_liver	ENSMUST00000062601.14	Rpl34	uORF	start	420	0	0	-1	G				0	0.00060114282	0	0.00060114278
mouse_wang_liver	ENSMUST00000062601.14	Rpl34	uORF	start	421	0	0	-1	A				0	0.00501166	0	0.0050116597
mouse_wang_liver	ENSMUST00000062601.14	Rpl34	uORF	start	422	0	0	-1	G				0	0.00091507874	0	0.00091507868
mouse_wang_liver	ENSMUST00000062601.14	Rpl34	uORF	start	423	0	0	-1	A				0	0.00088325673	0	0.00088325667
mouse_wang_liver	ENSMUST00000062601.14	Rpl34	uORF	start	424	0	0	-1	C				0	0.0041810581	0	0.0041810579
mouse_wang_liver	ENSMUST00000062601.14	Rpl34	uORF	start	425	0	0	-1	T				0	0.00058786705	0	0.00058786701
mouse_wang_liver	ENSMUST00000062601.14	Rpl34	uORF	start	426	0	0	-1	G				0	0.00040263616	0	0.00040263613
mouse_wang_liver	ENSMUST00000062601.14	Rpl34	uORF	start	427	0	0	-1	T				0	0.0084187323	0	0.0084187318
mouse_wang_liver	ENSMUST00000062601.14	Rpl34	uORF	start	428	0	0	-1	C				0	0.00026306065	0	0.00026306063
mouse_wang_liver	ENSMUST00000062601.14	Rpl34	uORF	start	429	0	0	-1	T				0	0.0015917235	0	0.0015917234
mouse_wang_liver	ENSMUST00000062601.14	Rpl34	uORF	start	430	0	0	-1	A				0	0.0058223554	0	0.005822355
mouse_wang_liver	ENSMUST00000062601.14	Rpl34	uORF	start	431	0	0	-1	A				0	0.000378072	0	0.00037807198
mouse_wang_liver	ENSMUST00000062601.14	Rpl34	uORF	start	432	0	0	-1	G				0	0.00017000322	0	0.0001700032
mouse_wang_liver	ENSMUST00000062601.14	Rpl34	uORF	start	433	0	0	-1	A				0	0.00018385974	0	0.00018385973
mouse_wang_liver	ENSMUST00000062601.14	Rpl34	uORF	start	434	0	0	-1	C				0	2.4124671e-05	0	2.4124669e-05
mouse_wang_liver	ENSMUST00000062601.14	Rpl34	uORF	start	435	0	0	-1	A				0	1.5151714e-05	0	1.5151713e-05
mouse_wang_liver	ENSMUST00000062601.14	Rpl34	uORF	start	436	0	0	-1	C				0	4.108965e-05	0	4.1089647e-05
mouse_wang_liver	ENSMUST00000062601.14	Rpl34	uORF	start	437	0	0	-1	A				0	1.1707612e-05	0	1.1707612e-05
mouse_wang_liver	ENSMUST00000062601.14	Rpl34	uORF	start	438	0	0	-1	G				0	2.0985097e-05	0	2.0985095e-05
mouse_wang_liver	ENSMUST00000062601.14	Rpl34	uORF	start	439	0	0	-1	A				0	0.00032981735	0	0.00032981733
mouse_wang_liver	ENSMUST00000062601.14	Rpl34	uORF	start	440	0	0	-1	A				0	2.795062e-05	0	2.7950618e-05
mouse_wang_liver	ENSMUST00000062601.14	Rpl34	uORF	start	441	0	0	-1	G				0	1.3630998e-05	0	1.3630997e-05
mouse_wang_liver	ENSMUST00000062601.14	Rpl34	uORF	start	442	0	0	-1	C				0	5.8282269e-05	0	5.8282265e-05
mouse_wang_liver	ENSMUST00000062601.14	Rpl34	uORF	start	443	0	0	-1	A				0	1.1982541e-05	0	1.198254e-05
mouse_wang_liver	ENSMUST00000062601.14	Rpl34	uORF	start	444	0	0	-1	C				0	8.9080371e-05	0	8.9080365e-05
mouse_wang_liver	ENSMUST00000062601.14	Rpl34	uORF	start	445	0	0	-1	G				0	0.00025664113	0	0.00025664111
mouse_wang_liver	ENSMUST00000062601.14	Rpl34	uORF	start	446	0	0	-1	T				0	0.00022029696	0	0.00022029695
mouse_wang_liver	ENSMUST00000062601.14	Rpl34	uORF	start	447	0	0	-1	C				0	4.355198e-05	0	4.3551977e-05
mouse_wang_liver	ENSMUST00000062601.14	Rpl34	uORF	start	448	0	0	-1	A				0	0.00032755043	0	0.00032755041
mouse_wang_liver	ENSMUST00000062601.14	Rpl34	uORF	start	449	0	0	-1	G				0	8.9088353e-05	0	8.9088347e-05
mouse_wang_liver	ENSMUST00000062601.14	Rpl34	uORF	start	450	0	0	-1	C				0	7.2879309e-05	0	7.2879305e-05
mouse_wang_liver	ENSMUST00000062601.14	Rpl34	uORF	start	451	0	0	-1	A				0	0.00066348922	0	0.00066348918
mouse_wang_liver	ENSMUST00000062601.14	Rpl34	uORF	start	452	0	0	-1	G				0	0.0001833042	0	0.00018330419
mouse_wang_liver	ENSMUST00000062601.14	Rpl34	uORF	start	453	0	0	-1	G				0	4.6259527e-05	0	4.6259524e-05
mouse_wang_liver	ENSMUST00000062601.14	Rpl34	uORF	start	454	0	0	-1	G				0	0.0010159584	0	0.0010159583
mouse_wang_liver	ENSMUST00000062601.14	Rpl34	uORF	start	455	0	0	-1	C				0	0.00056168973	0	0.00056168969
mouse_wang_liver	ENSMUST00000062601.14	Rpl34	uORF	start	456	0	0	-1	C				0	0.00018309246	0	0.00018309245
mouse_wang_liver	ENSMUST00000062601.14	Rpl34	uORF	start	457	0	0	-1	T				0	0.0010922232	0	0.0010922231
mouse_wang_liver	ENSMUST00000062601.14	Rpl34	uORF	start	458	0	0	-1	A				0	0.00057594886	0	0.00057594882
mouse_wang_liver	ENSMUST00000062601.14	Rpl34	uORF	start	459	0	0	-1	T				0	0.00031930034	0	0.00031930032
mouse_wang_liver	ENSMUST00000062601.14	Rpl34	uORF	start	460	0	0	-1	G				0	0.0048288913	0	0.0048288909
mouse_wang_liver	ENSMUST00000062601.14	Rpl34	uORF	start	461	0	0	-1	G				0	0.00028116553	0	0.00028116551
mouse_wang_liver	ENSMUST00000062601.14	Rpl34	uORF	start	462	0	0	-1	C				0	0.00015530588	0	0.00015530587
mouse_wang_liver	ENSMUST00000062601.14	Rpl34	uORF	start	463	0	0	-1	G				0	0.0010402922	0	0.0010402921
mouse_wang_liver	ENSMUST00000062601.14	Rpl34	uORF	start	464	0	0	-1	G				0	0.00011202971	0	0.0001120297
mouse_wang_liver	ENSMUST00000062601.14	Rpl34	uORF	start	465	0	0	-1	C				0	0.00036382969	0	0.00036382967
mouse_wang_liver	ENSMUST00000062601.14	Rpl34	uORF	start	466	0	0	-1	T				0	0.0023409242	0	0.0023409241
mouse_wang_liver	ENSMUST00000062601.14	Rpl34	uORF	start	467	0	0	-1	C				0	0.00051093142	0	0.00051093139
mouse_wang_liver	ENSMUST00000062601.14	Rpl34	uORF	start	468	0	0	-1	C				0	0.00045523301	0	0.00045523298
mouse_wang_liver	ENSMUST00000062601.14	Rpl34	uORF	start	469	0	0	-1	A				0	0.0032669206	0	0.0032669204
mouse_wang_liver	ENSMUST00000062601.14	Rpl34	uORF	start	470	0	0	-1	T				0	0.00088402315	0	0.00088402309
mouse_wang_liver	ENSMUST00000062601.14	Rpl34	uORF	start	471	0	0	-1	G				0	0.0015121027	0	0.0015121026
mouse_wang_liver	ENSMUST00000062601.14	Rpl34	uORF	start	472	0	0	-1	T				0	0.0050427802	0	0.0050427799
mouse_wang_liver	ENSMUST00000062601.14	Rpl34	uORF	start	473	0	0	-1	G				0	0.00077871309	0	0.00077871304
mouse_wang_liver	ENSMUST00000062601.14	Rpl34	uORF	start	474	0	0	-1	T				0	0.00065045612	0	0.00065045607
mouse_wang_liver	ENSMUST00000062601.14	Rpl34	uORF	start	475	0	0	-1	G				0	0.0041404814	0	0.0041404811
mouse_wang_liver	ENSMUST00000062601.14	Rpl34	uORF	start	476	0	0	-1	C				0	0.00039202595	0	0.00039202592
mouse_wang_liver	ENSMUST00000062601.14	Rpl34	uORF	start	477	0	0	-1	C				0	0.00069735688	0	0.00069735684
mouse_wang_liver	ENSMUST00000062601.14	Rpl34	uORF	start	478	0	0	-1	A				0	0.0024270746	0	0.0024270744
mouse_wang_liver	ENSMUST00000062601.14	Rpl34	uORF	start	479	0	0	-1	A				0	0.00039437882	0	0.00039437879
mouse_wang_liver	ENSMUST00000062601.14	Rpl34	uORF	start	480	0	0	-1	G				0	0.00097264716	0	0.0009726471
mouse_wang_liver	ENSMUST00000062601.14	Rpl34	uORF	start	481	0	0	-1	T				0	0.0026709638	0	0.0026709636
mouse_wang_liver	ENSMUST00000062601.14	Rpl34	uORF	start	482	0	0	-1	G				0	0.00014147155	0	0.00014147154
mouse_wang_liver	ENSMUST00000062601.14	Rpl34	uORF	start	483	0	0	-1	T				0	0.0001254769	0	0.00012547689
mouse_wang_liver	ENSMUST00000062601.14	Rpl34	uORF	start	484	0	0	-1	G				0	0.00052061677	0	0.00052061674
mouse_wang_liver	ENSMUST00000062601.14	Rpl34	uORF	start	485	0	0	-1	T				0	0.00035730115	0	0.00035730113
mouse_wang_liver	ENSMUST00000062601.14	Rpl34	uORF	start	486	0	0	-1	C				0	0.0026388206	0	0.0026388204
mouse_wang_liver	ENSMUST00000062601.14	Rpl34	uORF	start	487	0	0	-1	C				0	0.009438959	0	0.0094389583
mouse_wang_liver	ENSMUST00000062601.14	Rpl34	uORF	start	488	0	0	-1	G				0	0.0020172196	0	0.0020172194
mouse_wang_liver	ENSMUST00000062601.14	Rpl34	uORF	start	489	0	0	-1	T				0	0.0020280399	0	0.0020280398
mouse_wang_liver	ENSMUST00000062601.14	Rpl34	uORF	start	490	0	0	-1	G				0	0.015777402	0	0.015777401
mouse_wang_liver	ENSMUST00000062601.14	Rpl34	uORF	start	491	0	0	-1	A				0	0.0022139931	0	0.002213993
mouse_wang_liver	ENSMUST00000062601.14	Rpl34	uORF	start	492	0	0	-1	C				0	0.0020658416	0	0.0020658414
mouse_wang_liver	ENSMUST00000062601.14	Rpl34	uORF	start	493	0	0	-1	A				0	0.038719781	0	0.038719778
mouse_wang_liver	ENSMUST00000062601.14	Rpl34	uORF	start	494	0	0	-1	G				0	0.0041760169	0	0.0041760166
mouse_wang_liver	ENSMUST00000062601.14	Rpl34	uORF	start	495	0	0	-1	G				0	0.015873464	0	0.015873463
mouse_wang_liver	ENSMUST00000062601.14	Rpl34	uORF	start	496	0	0	-1	A				0	0.054945894	0	0.05494589
mouse_wang_liver	ENSMUST00000062601.14	Rpl34	uORF	start	497	0	0	-1	T				0	0.0022719402	0	0.0022719401
mouse_wang_liver	ENSMUST00000062601.14	Rpl34	uORF	start	498	0	0	-1	C				0	0.00023957541	0	0.0002395754
mouse_wang_liver	ENSMUST00000062601.14	Rpl34	uORF	start	499	0	0	-1	A				0	0.0046160286	0	0.0046160283
mouse_wang_liver	ENSMUST00000062601.14	Rpl34	uORF	start	500	0	0	-1	A				0	0.0013845478	0	0.0013845477
mouse_wang_liver	ENSMUST00000062601.14	Rpl34	uORF	start	501	0	0	-1	G				0	0.00094708928	0	0.00094708922
mouse_wang_liver	ENSMUST00000062601.14	Rpl34	uORF	start	502	0	0	-1	C				0	0.0041704527	0	0.0041704524
mouse_wang_liver	ENSMUST00000062601.14	Rpl34	uORF	start	503	0	0	-1	G				0	0.00062388991	0	0.00062388987
mouse_wang_liver	ENSMUST00000062601.14	Rpl34	uORF	start	504	0	0	-1	G				0	0.0004255696	0	0.00042556957
mouse_wang_liver	ENSMUST00000062601.14	Rpl34	uORF	start	505	0	0	-1	G				0	0.0023391	0	0.0023390998
mouse_wang_liver	ENSMUST00000062601.14	Rpl34	uORF	start	506	0	0	-1	C				0	0.00017712014	0	0.00017712012
mouse_wang_liver	ENSMUST00000062601.14	Rpl34	uORF	start	507	0	0	-1	T				0	0.00052634388	0	0.00052634385
mouse_wang_liver	ENSMUST00000062601.14	Rpl34	uORF	start	508	0	0	-1	T				0	0.00035757347	0	0.00035757345
mouse_wang_liver	ENSMUST00000062601.14	Rpl34	uORF	start	509	0	0	-1	T				0	0.00029625598	0	0.00029625596
mouse_wang_liver	ENSMUST00000062601.14	Rpl34	uORF	start	510	0	0	-1	C				0	0.00014925809	0	0.00014925808
mouse_wang_liver	ENSMUST00000062601.14	Rpl34	uORF	start	511	0	0	-1	C				0	0.00064844533	0	0.00064844529
mouse_wang_liver	ENSMUST00000062601.14	Rpl34	uORF	start	512	0	0	-1	T				0	0.00033775048	0	0.00033775045
mouse_wang_liver	ENSMUST00000062601.14	Rpl34	uORF	start	513	0	0	-1	T				0	0.00033375956	0	0.00033375953
mouse_wang_liver	ENSMUST00000062601.14	Rpl34	uORF	start	514	0	0	-1	A				0	0.0019220847	0	0.0019220846
mouse_wang_liver	ENSMUST00000062601.14	Rpl34	uORF	start	515	0	0	-1	T				0	0.00020062743	0	0.00020062742
mouse_wang_liver	ENSMUST00000062601.14	Rpl34	uORF	start	516	0	0	-1	T				0	0.00044021005	0	0.00044021002
mouse_wang_liver	ENSMUST00000062601.14	Rpl34	uORF	start	517	0	0	-1	G				0	0.0022573192	0	0.002257319
mouse_wang_liver	ENSMUST00000062601.14	Rpl34	uORF	start	518	0	0	-1	A				0	0.0004907843	0	0.00049078426
mouse_wang_liver	ENSMUST00000062601.14	Rpl34	uORF	start	519	0	0	-1	G				0	0.0007587705	0	0.00075877045
mouse_wang_liver	ENSMUST00000062601.14	Rpl34	uORF	start	520	0	0	-1	G				0	0.0011742758	0	0.0011742757
mouse_wang_liver	ENSMUST00000062601.14	Rpl34	uORF	start	521	0	0	-1	A				0	0.00022458108	0	0.00022458106
mouse_wang_liver	ENSMUST00000062601.14	Rpl34	uORF	start	522	0	0	-1	G				0	0.00019832731	0	0.0001983273
mouse_wang_liver	ENSMUST00000062601.14	Rpl34	uORF	start	523	0	0	-1	C				0	0.0015677279	0	0.0015677278
mouse_wang_liver	ENSMUST00000062601.14	Rpl34	uORF	start	524	0	0	-1	A				0	0.00051771099	0	0.00051771095
mouse_wang_liver	ENSMUST00000062601.14	Rpl34	uORF	start	525	0	0	-1	G				0	0.00069778564	0	0.00069778559
mouse_wang_liver	ENSMUST00000062601.14	Rpl34	uORF	start	526	0	0	-1	A				0	0.0068778852	0	0.0068778848
mouse_wang_liver	ENSMUST00000062601.14	Rpl34	uORF	start	527	0	0	-1	A				1	0.00048313758	0.0019305019	0.00048313755
mouse_wang_liver	ENSMUST00000062601.14	Rpl34	uORF	start	528	0	0	-1	A				3	0.00077341025	0.0057915058	0.0007734102
mouse_wang_liver	ENSMUST00000062601.14	Rpl34	uORF	start	529	0	0	-1	A				7	0.0013199596	0.013513514	0.0013199596
mouse_wang_liver	ENSMUST00000062601.14	Rpl34	uORF	start	530	0	0	-1	T				0	0.00023815146	0	0.00023815145
mouse_wang_liver	ENSMUST00000062601.14	Rpl34	uORF	start	531	0	0	-1	C				0	0.00030396978	0	0.00030396976
mouse_wang_liver	ENSMUST00000062601.14	Rpl34	uORF	start	532	0	0	-1	G				10	0.0049624494	0.019305019	0.0049624491
mouse_wang_liver	ENSMUST00000062601.14	Rpl34	uORF	start	533	0	0	-1	T				0	0.0028098768	0	0.0028098766
mouse_wang_liver	ENSMUST00000062601.14	Rpl34	uORF	start	534	0	0	-1	T				1	0.00074693636	0.0019305019	0.00074693631
mouse_wang_liver	ENSMUST00000062601.14	Rpl34	uORF	start	535	0	0	-1	G				19	0.0074360468	0.036679537	0.0074360464
mouse_wang_liver	ENSMUST00000062601.14	Rpl34	uORF	start	536	0	0	-1	T				3	0.0020214205	0.0057915058	0.0020214204
mouse_wang_liver	ENSMUST00000062601.14	Rpl34	uORF	start	537	0	0	-1	G				0	0.0006557387	0	0.00065573865
mouse_wang_liver	ENSMUST00000062601.14	Rpl34	uORF	start	538	0	0	-1	A				4	0.0053346758	0.0077220077	0.0053346754
mouse_wang_liver	ENSMUST00000062601.14	Rpl34	uORF	start	539	0	0	-1	A				0	0.00035200364	0	0.00035200362
mouse_wang_liver	ENSMUST00000062601.14	Rpl34	uORF	start	540	0	0	-1	A				0	0.0015410441	0	0.001541044
mouse_wang_liver	ENSMUST00000062601.14	Rpl34	uORF	start	541	0	0	-1	G				55	0.030266378	0.10617761	0.030266376
mouse_wang_liver	ENSMUST00000062601.14	Rpl34	uORF	start	542	0	0	-1	T				3	0.0015796244	0.0057915058	0.0015796243
mouse_wang_liver	ENSMUST00000062601.14	Rpl34	uORF	start	543	0	0	-1	C				1	0.00035284559	0.0019305019	0.00035284556
mouse_wang_liver	ENSMUST00000062601.14	Rpl34	uORF	start	544	0	0	-1	T				9	0.0032842655	0.017374517	0.0032842653
mouse_wang_liver	ENSMUST00000062601.14	Rpl34	uORF	start	545	0	0	-1	T				0	0.00027585193	0	0.00027585191
mouse_wang_liver	ENSMUST00000062601.14	Rpl34	uORF	start	546	0	0	-1	G				1	0.00062748708	0.0019305019	0.00062748704
mouse_wang_liver	ENSMUST00000062601.14	Rpl34	uORF	start	547	0	0	-1	A				21	0.017279766	0.040540541	0.017279765
mouse_wang_liver	ENSMUST00000062601.14	Rpl34	uORF	start	548	0	0	-1	A				0	0.00082032837	0	0.00082032831
mouse_wang_liver	ENSMUST00000062601.14	Rpl34	uORF	start	549	0	0	-1	G				8	0.00027974552	0.015444015	0.00027974551
mouse_wang_liver	ENSMUST00000062601.14	Rpl34	uORF	start	550	0	0	-1	G				18	0.0020422384	0.034749035	0.0020422382
mouse_wang_liver	ENSMUST00000062601.14	Rpl34	uORF	start	551	0	0	-1	C				2	6.9179965e-05	0.0038610039	6.9179961e-05
mouse_wang_liver	ENSMUST00000062601.14	Rpl34	uORF	start	552	0	0	-1	A				3	0.00018210734	0.0057915058	0.00018210733
mouse_wang_liver	ENSMUST00000062601.14	Rpl34	uORF	start	553	0	0	-1	C				47	0.0048429063	0.090733591	0.0048429059
mouse_wang_liver	ENSMUST00000062601.14	Rpl34	uORF	start	554	0	0	-1	A				5	0.00042507777	0.0096525097	0.00042507774
mouse_wang_liver	ENSMUST00000062601.14	Rpl34	uORF	start	555	0	0	-1	A				26	0.0025256774	0.05019305	0.0025256773
mouse_wang_liver	ENSMUST00000062601.14	Rpl34	uORF	start	556	0	0	-1	G				19	0.012224711	0.036679537	0.01222471
mouse_wang_liver	ENSMUST00000062601.14	Rpl34	uORF	start	557	0	0	-1	C				0	0.00047952821	0	0.00047952818
mouse_wang_liver	ENSMUST00000062601.14	Rpl34	uORF	start	558	0	0	-1	A				0	0.0011068003	0	0.0011068002
mouse_wang_liver	ENSMUST00000062601.14	Rpl34	uORF	start	559	0	0	-1	C				0	0.013364102	0	0.013364101
mouse_wang_liver	ENSMUST00000062601.14	Rpl34	uORF	start	560	0	0	-1	A				0	0.0015557968	0	0.0015557967
mouse_wang_liver	ENSMUST00000062601.14	Rpl34	uORF	start	561	0	0	-1	G				0	0.0020467294	0	0.0020467293
mouse_wang_liver	ENSMUST00000062601.14	Rpl34	uORF	start	562	0	0	-1	A				0	0.0029216241	0	0.0029216239
mouse_wang_liver	ENSMUST00000062601.14	Rpl34	uORF	start	563	0	0	-1	G				0	0.00039845795	0	0.00039845793
mouse_wang_liver	ENSMUST00000062601.14	Rpl34	uORF	start	564	0	0	-1	T				0	0.0011348316	0	0.0011348315
mouse_wang_liver	ENSMUST00000062601.14	Rpl34	uORF	start	565	0	0	-1	C				9	0.014567519	0.017374517	0.014567518
mouse_wang_liver	ENSMUST00000062601.14	Rpl34	uORF	start	566	0	0	-1	A				0	0.0018309396	0	0.0018309394
mouse_wang_liver	ENSMUST00000062601.14	Rpl34	uORF	start	567	0	0	-1	G				2	0.0042323926	0.0038610039	0.0042323924
mouse_wang_liver	ENSMUST00000062601.14	Rpl34	uORF	start	568	0	0	-1	A				13	0.0046417271	0.025096525	0.0046417268
mouse_wang_liver	ENSMUST00000062601.14	Rpl34	uORF	start	569	0	0	-1	A				0	0.0023656795	0	0.0023656793
mouse_wang_liver	ENSMUST00000062601.14	Rpl34	uORF	start	570	0	0	-1	A				2	0.0021402461	0.0038610039	0.002140246
mouse_wang_liver	ENSMUST00000062601.14	Rpl34	uORF	start	571	0	0	-1	G				8	0.024486663	0.015444015	0.024486661
mouse_wang_liver	ENSMUST00000062601.14	Rpl34	uORF	start	572	0	0	-1	C				1	0.0054385285	0.0019305019	0.0054385281
mouse_wang_liver	ENSMUST00000062601.14	Rpl34	uORF	start	573	0	0	-1	A				3	0.011344595	0.0057915058	0.011344594
mouse_wang_liver	ENSMUST00000062601.14	Rpl34	uORF	start	574	0	0	-1	A				46	0.080025986	0.088803089	0.080025981
mouse_wang_liver	ENSMUST00000062601.14	Rpl34	uORF	start	575	0	0	-1	A				2	0.0099961953	0.0038610039	0.0099961947
mouse_wang_liver	ENSMUST00000062601.14	Rpl34	uORF	start	576	0	0	-1	A				2	0.00053805369	0.0038610039	0.00053805365
mouse_wang_liver	ENSMUST00000062601.14	Rpl34	uORF	start	577	0	0	-1	T				1	0.0006527846	0.0019305019	0.00065278456
mouse_wang_liver	ENSMUST00000062601.14	Rpl34	uORF	start	578	0	0	-1	A				0	0.00020158733	0	0.00020158732
mouse_wang_liver	ENSMUST00000062601.14	Rpl34	uORF	start	579	0	0	-1	G				0	0.00022179959	0	0.00022179958
mouse_wang_liver	ENSMUST00000062601.14	Rpl34	uORF	start	580	0	0	-1	A				0	0.00034981038	0	0.00034981035
mouse_wang_liver	ENSMUST00000062601.14	Rpl34	uORF	start	581	0	0	-1	T				0	0.0013753101	0	0.00137531
mouse_wang_liver	ENSMUST00000062601.14	Rpl34	uORF	start	582	0	0	-1	A				4	0.0050781714	0.0077220077	0.005078171
mouse_wang_liver	ENSMUST00000062601.14	Rpl34	uORF	start	583	0	0	-1	T				1	0.00021771318	0.0019305019	0.00021771317
mouse_wang_liver	ENSMUST00000062601.14	Rpl34	uORF	start	584	0	0	-1	G				0	0.00020506106	0	0.00020506105
mouse_wang_liver	ENSMUST00000062601.14	Rpl34	uORF	start	585	0	0	-1	C				1	0.00062257814	0.0019305019	0.0006225781
mouse_wang_liver	ENSMUST00000062601.14	Rpl34	uORF	start	586	0	0	-1	A				0	0.00024558563	0	0.00024558561
mouse_wang_liver	ENSMUST00000062601.14	Rpl34	uORF	start	587	0	0	-1	C				3	0.0001638284	0.0057915058	0.00016382839
mouse_wang_liver	ENSMUST00000062601.14	Rpl34	uORF	start	588	0	0	-1	A				0	0.00038336252	0	0.0003833625
mouse_wang_liver	ENSMUST00000062601.14	Rpl34	uORF	start	589	0	0	-1	T				0	0.00080176885	0	0.0008017688
mouse_wang_liver	ENSMUST00000062601.14	Rpl34	uORF	start	590	0	0	-1	T				0	0.0014378297	0	0.0014378296
mouse_wang_liver	ENSMUST00000062601.14	Rpl34	uORF	start	591	0	0	-1	T				0	0.0010203841	0	0.0010203841
mouse_wang_liver	ENSMUST00000062601.14	Rpl34	uORF	start	592	0	0	-1	T				0	0.00020293951	0	0.0002029395
mouse_wang_liver	ENSMUST00000062601.14	Rpl34	uORF	start	593	0	0	-1	T				0	0.00013202794	0	0.00013202793
mouse_wang_liver	ENSMUST00000062601.14	Rpl34	uORF	start	594	0	0	-1	T				0	3.7119706e-05	0	3.7119703e-05
mouse_wang_liver	ENSMUST00000062601.14	Rpl34	uORF	start	595	0	0	-1	A				1	0.00027191293	0.0019305019	0.00027191291
mouse_wang_liver	ENSMUST00000062601.14	Rpl34	uORF	start	596	0	0	-1	A				0	0.00023880533	0	0.00023880531
mouse_wang_liver	ENSMUST00000062601.14	Rpl34	uORF	start	597	0	0	-1	G				0	2.3402868e-05	0	2.3402867e-05
mouse_wang_liver	ENSMUST00000062601.14	Rpl34	uORF	start	598	0	0	-1	T				0	1.3329637e-06	0	1.3329636e-06
mouse_wang_liver	ENSMUST00000062601.14	Rpl34	uORF	start	599	0	0	-1	A				0	7.4875811e-07	0	7.4875806e-07
mouse_wang_liver	ENSMUST00000062601.14	Rpl34	uORF	start	600	0	0	-1	A				0	9.8080864e-07	0	9.8080857e-07
mouse_wang_liver	ENSMUST00000062601.14	Rpl34	uORF	start	601	0	0	-1	T				0	9.5854705e-07	0	9.5854699e-07
mouse_wang_liver	ENSMUST00000062601.14	Rpl34	uORF	start	602	0	0	-1	A				0	2.800736e-06	0	2.8007358e-06
mouse_wang_liver	ENSMUST00000062601.14	Rpl34	uORF	start	603	0	0	-1	A				0	5.8220521e-06	0	5.8220517e-06
mouse_wang_liver	ENSMUST00000062601.14	Rpl34	uORF	start	604	0	0	-1	A				0	3.4003755e-05	0	3.4003753e-05
mouse_wang_liver	ENSMUST00000062601.14	Rpl34	uORF	start	605	0	0	-1	A				0	6.2368497e-05	0	6.2368493e-05
mouse_wang_liver	ENSMUST00000062601.14	Rpl34	uORF	start	606	0	0	-1	A				0	2.4805282e-05	0	2.480528e-05
mouse_wang_liver	ENSMUST00000062601.14	Rpl34	uORF	start	607	0	0	-1	T				0	7.1771392e-05	0	7.1771387e-05
mouse_wang_liver	ENSMUST00000062601.14	Rpl34	uORF	start	608	0	0	-1	C				0	1.6013018e-05	0	1.6013017e-05
mouse_wang_liver	ENSMUST00000062601.14	Rpl34	uORF	start	609	0	0	-1	A				0	8.3349178e-06	0	8.3349172e-06
mouse_wang_liver	ENSMUST00000062601.14	Rpl34	uORF	start	610	0	0	-1	A				0	8.7066206e-07	0	8.7066201e-07
mouse_wang_liver	ENSMUST00000062601.14	Rpl34	uORF	start	611	0	0	-1	G				0	3.6401605e-07	0	3.6401602e-07
mouse_wang_liver	ENSMUST00000062601.14	Rpl34	uORF	start	612	0	0	-1	A				0	3.4143429e-08	0	3.4143427e-08
mouse_wang_liver	ENSMUST00000062601.14	Rpl34	uORF	start	613	0	0	-1	C				0	1.4190955e-07	0	1.4190954e-07
mouse_wang_liver	ENSMUST00000062601.14	Rpl34	uORF	start	614	0	0	-1	T				0	2.8463908e-06	0	2.8463906e-06
mouse_wang_liver	ENSMUST00000062601.14	Rpl34	uORF	start	615	0	0	-1	T				0	1.5294081e-08	0	1.529408e-08
mouse_wang_liver	ENSMUST00000062601.14	Rpl34	uORF	start	616	0	0	-1	G				0	9.8222293e-09	0	9.8222286e-09
mouse_wang_liver	ENSMUST00000062601.14	Rpl34	uORF	start	617	0	0	-1	A				0	4.6107679e-08	0	4.6107676e-08
mouse_wang_liver	ENSMUST00000062601.14	Rpl34	uORF	start	618	0	0	-1	T				0	1.6309242e-08	0	1.6309241e-08
mouse_wang_liver	ENSMUST00000062601.14	Rpl34	uORF	start	619	0	0	-1	C				0	2.1059938e-07	0	2.1059937e-07
mouse_wang_liver	ENSMUST00000062601.14	Rpl34	uORF	start	620	0	0	-1	T				0	9.4868106e-08	0	9.48681e-08
mouse_wang_liver	ENSMUST00000062601.14	Rpl34	uORF	start	621	0	0	-1	A				0	2.8366907e-07	0	2.8366905e-07
mouse_wang_liver	ENSMUST00000062601.14	Rpl34	uORF	start	622	0	0	-1	C				0	5.7023556e-07	0	5.7023552e-07
mouse_wang_liver	ENSMUST00000062601.14	Rpl34	uORF	start	623	0	0	-1	G				0	4.4315053e-07	0	4.431505e-07
mouse_wang_liver	ENSMUST00000130645.8	Mtfr1	Overlap_uORF	start	0	0	0	-1	G				0	1.3352212e-11	0	1.3352211e-11
mouse_wang_liver	ENSMUST00000130645.8	Mtfr1	Overlap_uORF	start	1	0	0	-1	G				0	5.7982109e-11	0	5.7982105e-11
mouse_wang_liver	ENSMUST00000130645.8	Mtfr1	Overlap_uORF	start	2	0	0	-1	C				0	4.3341695e-11	0	4.3341692e-11
mouse_wang_liver	ENSMUST00000130645.8	Mtfr1	Overlap_uORF	start	3	0	0	-1	G				0	1.4414291e-11	0	1.441429e-11
mouse_wang_liver	ENSMUST00000130645.8	Mtfr1	Overlap_uORF	start	4	0	0	-1	A				0	4.4214091e-10	0	4.4214088e-10
mouse_wang_liver	ENSMUST00000130645.8	Mtfr1	Overlap_uORF	start	5	0	0	-1	G				0	1.35099e-09	0	1.3509899e-09
mouse_wang_liver	ENSMUST00000130645.8	Mtfr1	Overlap_uORF	start	6	0	0	-1	C				0	9.0785984e-10	0	9.0785979e-10
mouse_wang_liver	ENSMUST00000130645.8	Mtfr1	Overlap_uORF	start	7	0	0	-1	A				0	5.9006516e-07	0	5.9006512e-07
mouse_wang_liver	ENSMUST00000130645.8	Mtfr1	Overlap_uORF	start	8	0	0	-1	G				0	2.5387067e-06	0	2.5387065e-06
mouse_wang_liver	ENSMUST00000130645.8	Mtfr1	Overlap_uORF	start	9	0	0	-1	A				0	2.597342e-06	0	2.5973419e-06
mouse_wang_liver	ENSMUST00000130645.8	Mtfr1	Overlap_uORF	start	10	0	0	-1	C				0	1.0354233e-05	0	1.0354233e-05
mouse_wang_liver	ENSMUST00000130645.8	Mtfr1	Overlap_uORF	start	11	0	0	-1	A				0	5.4141441e-05	0	5.4141438e-05
mouse_wang_liver	ENSMUST00000130645.8	Mtfr1	Overlap_uORF	start	12	0	0	-1	C				0	1.1649274e-05	0	1.1649273e-05
mouse_wang_liver	ENSMUST00000130645.8	Mtfr1	Overlap_uORF	start	13	0	0	-1	G				0	5.3536419e-06	0	5.3536416e-06
mouse_wang_liver	ENSMUST00000130645.8	Mtfr1	Overlap_uORF	start	14	0	0	-1	C				0	1.5596155e-05	0	1.5596154e-05
mouse_wang_liver	ENSMUST00000130645.8	Mtfr1	Overlap_uORF	start	15	0	0	-1	C				0	3.9660672e-06	0	3.966067e-06
mouse_wang_liver	ENSMUST00000130645.8	Mtfr1	Overlap_uORF	start	16	0	0	-1	T				0	5.8029832e-06	0	5.8029828e-06
mouse_wang_liver	ENSMUST00000130645.8	Mtfr1	Overlap_uORF	start	17	0	0	-1	T				0	3.6578231e-06	0	3.6578228e-06
mouse_wang_liver	ENSMUST00000130645.8	Mtfr1	Overlap_uORF	start	18	0	0	-1	C				0	5.5494784e-06	0	5.549478e-06
mouse_wang_liver	ENSMUST00000130645.8	Mtfr1	Overlap_uORF	start	19	0	0	-1	C				0	1.927678e-05	0	1.9276779e-05
mouse_wang_liver	ENSMUST00000130645.8	Mtfr1	Overlap_uORF	start	20	0	0	-1	G				0	3.8966818e-06	0	3.8966816e-06
mouse_wang_liver	ENSMUST00000130645.8	Mtfr1	Overlap_uORF	start	21	0	0	-1	C				0	1.3872657e-05	0	1.3872656e-05
mouse_wang_liver	ENSMUST00000130645.8	Mtfr1	Overlap_uORF	start	22	0	0	-1	C				0	2.3089628e-06	0	2.3089627e-06
mouse_wang_liver	ENSMUST00000130645.8	Mtfr1	Overlap_uORF	start	23	0	0	-1	G				0	1.3442859e-06	0	1.3442858e-06
mouse_wang_liver	ENSMUST00000130645.8	Mtfr1	Overlap_uORF	start	24	0	0	-1	G				0	5.0228828e-06	0	5.0228825e-06
mouse_wang_liver	ENSMUST00000130645.8	Mtfr1	Overlap_uORF	start	25	0	0	-1	C				0	3.0453325e-06	0	3.0453323e-06
mouse_wang_liver	ENSMUST00000130645.8	Mtfr1	Overlap_uORF	start	26	0	0	-1	C				0	2.7214589e-06	0	2.7214588e-06
mouse_wang_liver	ENSMUST00000130645.8	Mtfr1	Overlap_uORF	start	27	0	0	-1	T				0	9.6952419e-07	0	9.6952413e-07
mouse_wang_liver	ENSMUST00000130645.8	Mtfr1	Overlap_uORF	start	28	0	0	-1	C				0	4.1123735e-06	0	4.1123733e-06
mouse_wang_liver	ENSMUST00000130645.8	Mtfr1	Overlap_uORF	start	29	0	0	-1	T				0	1.9324939e-06	0	1.9324938e-06
mouse_wang_liver	ENSMUST00000130645.8	Mtfr1	Overlap_uORF	start	30	0	0	-1	C				0	2.7599008e-06	0	2.7599006e-06
mouse_wang_liver	ENSMUST00000130645.8	Mtfr1	Overlap_uORF	start	31	0	0	-1	C				0	2.6323041e-05	0	2.632304e-05
mouse_wang_liver	ENSMUST00000130645.8	Mtfr1	Overlap_uORF	start	32	0	0	-1	T				0	6.9298194e-06	0	6.929819e-06
mouse_wang_liver	ENSMUST00000130645.8	Mtfr1	Overlap_uORF	start	33	0	0	-1	G				0	8.4614226e-07	0	8.461422e-07
mouse_wang_liver	ENSMUST00000130645.8	Mtfr1	Overlap_uORF	start	34	0	0	-1	A				0	3.1412333e-07	0	3.1412331e-07
mouse_wang_liver	ENSMUST00000130645.8	Mtfr1	Overlap_uORF	start	35	0	0	-1	G				0	2.2083678e-07	0	2.2083677e-07
mouse_wang_liver	ENSMUST00000130645.8	Mtfr1	Overlap_uORF	start	36	0	0	-1	C				0	1.5952033e-07	0	1.5952032e-07
mouse_wang_liver	ENSMUST00000130645.8	Mtfr1	Overlap_uORF	start	37	0	0	-1	C				0	1.7357706e-06	0	1.7357705e-06
mouse_wang_liver	ENSMUST00000130645.8	Mtfr1	Overlap_uORF	start	38	0	0	-1	C				0	7.2181314e-07	0	7.2181309e-07
mouse_wang_liver	ENSMUST00000130645.8	Mtfr1	Overlap_uORF	start	39	0	0	-1	G				0	1.4932315e-06	0	1.4932314e-06
mouse_wang_liver	ENSMUST00000130645.8	Mtfr1	Overlap_uORF	start	40	0	0	-1	C				0	3.6911462e-07	0	3.6911459e-07
mouse_wang_liver	ENSMUST00000130645.8	Mtfr1	Overlap_uORF	start	41	0	0	-1	C				0	3.0978697e-07	0	3.0978695e-07
mouse_wang_liver	ENSMUST00000130645.8	Mtfr1	Overlap_uORF	start	42	0	0	-1	C				0	5.1988314e-07	0	5.1988311e-07
mouse_wang_liver	ENSMUST00000130645.8	Mtfr1	Overlap_uORF	start	43	0	0	-1	C				0	1.8043986e-07	0	1.8043984e-07
mouse_wang_liver	ENSMUST00000130645.8	Mtfr1	Overlap_uORF	start	44	0	0	-1	C				0	3.3098456e-07	0	3.3098454e-07
mouse_wang_liver	ENSMUST00000130645.8	Mtfr1	Overlap_uORF	start	45	0	0	-1	G				0	2.9874443e-06	0	2.9874441e-06
mouse_wang_liver	ENSMUST00000130645.8	Mtfr1	Overlap_uORF	start	46	0	0	-1	G				0	4.4703015e-07	0	4.4703012e-07
mouse_wang_liver	ENSMUST00000130645.8	Mtfr1	Overlap_uORF	start	47	0	0	-1	G				0	2.8574044e-07	0	2.8574042e-07
mouse_wang_liver	ENSMUST00000130645.8	Mtfr1	Overlap_uORF	start	48	0	0	-1	C				0	8.4956662e-07	0	8.4956657e-07
mouse_wang_liver	ENSMUST00000130645.8	Mtfr1	Overlap_uORF	start	49	0	0	-1	C				0	6.652312e-07	0	6.6523116e-07
mouse_wang_liver	ENSMUST00000130645.8	Mtfr1	Overlap_uORF	start	50	0	0	-1	T				0	7.4429352e-07	0	7.4429347e-07
mouse_wang_liver	ENSMUST00000130645.8	Mtfr1	Overlap_uORF	start	51	0	0	-1	C				0	1.7547112e-06	0	1.7547111e-06
mouse_wang_liver	ENSMUST00000130645.8	Mtfr1	Overlap_uORF	start	52	0	0	-1	A				0	5.0240345e-07	0	5.0240342e-07
mouse_wang_liver	ENSMUST00000130645.8	Mtfr1	Overlap_uORF	start	53	0	0	-1	G				0	1.3439527e-06	0	1.3439526e-06
mouse_wang_liver	ENSMUST00000130645.8	Mtfr1	Overlap_uORF	start	54	0	0	-1	C				0	2.065419e-06	0	2.0654189e-06
mouse_wang_liver	ENSMUST00000130645.8	Mtfr1	Overlap_uORF	start	55	0	0	-1	G				0	7.0521276e-07	0	7.0521271e-07
mouse_wang_liver	ENSMUST00000130645.8	Mtfr1	Overlap_uORF	start	56	0	0	-1	A				0	2.9139076e-06	0	2.9139074e-06
mouse_wang_liver	ENSMUST00000130645.8	Mtfr1	Overlap_uORF	start	57	0	0	-1	G				0	1.5992987e-06	0	1.5992986e-06
mouse_wang_liver	ENSMUST00000130645.8	Mtfr1	Overlap_uORF	start	58	0	0	-1	C				0	1.1465197e-06	0	1.1465196e-06
mouse_wang_liver	ENSMUST00000130645.8	Mtfr1	Overlap_uORF	start	59	0	0	-1	C				0	2.5010738e-06	0	2.5010737e-06
mouse_wang_liver	ENSMUST00000130645.8	Mtfr1	Overlap_uORF	start	60	0	0	-1	G				0	2.3325472e-06	0	2.332547e-06
mouse_wang_liver	ENSMUST00000130645.8	Mtfr1	Overlap_uORF	start	61	0	0	-1	T				0	2.7342555e-06	0	2.7342554e-06
mouse_wang_liver	ENSMUST00000130645.8	Mtfr1	Overlap_uORF	start	62	0	0	-1	T				0	9.2249711e-06	0	9.2249705e-06
mouse_wang_liver	ENSMUST00000130645.8	Mtfr1	Overlap_uORF	start	63	0	0	-1	C				0	1.3777037e-06	0	1.3777036e-06
mouse_wang_liver	ENSMUST00000130645.8	Mtfr1	Overlap_uORF	start	64	0	0	-1	A				0	1.1083931e-05	0	1.108393e-05
mouse_wang_liver	ENSMUST00000130645.8	Mtfr1	Overlap_uORF	start	65	0	0	-1	C				0	1.7404658e-05	0	1.7404657e-05
mouse_wang_liver	ENSMUST00000130645.8	Mtfr1	Overlap_uORF	start	66	0	0	-1	T				0	1.3798372e-05	0	1.3798372e-05
mouse_wang_liver	ENSMUST00000130645.8	Mtfr1	Overlap_uORF	start	67	0	0	-1	G				0	4.6791897e-06	0	4.6791894e-06
mouse_wang_liver	ENSMUST00000130645.8	Mtfr1	Overlap_uORF	start	68	0	0	-1	G				0	7.7432088e-07	0	7.7432083e-07
mouse_wang_liver	ENSMUST00000130645.8	Mtfr1	Overlap_uORF	start	69	0	0	-1	T				0	6.585642e-07	0	6.5856416e-07
mouse_wang_liver	ENSMUST00000130645.8	Mtfr1	Overlap_uORF	start	70	0	0	-1	C				0	1.2722589e-06	0	1.2722589e-06
mouse_wang_liver	ENSMUST00000130645.8	Mtfr1	Overlap_uORF	start	71	0	0	-1	A				0	2.1469862e-07	0	2.146986e-07
mouse_wang_liver	ENSMUST00000130645.8	Mtfr1	Overlap_uORF	start	72	0	0	-1	G				0	1.4842955e-06	0	1.4842954e-06
mouse_wang_liver	ENSMUST00000130645.8	Mtfr1	Overlap_uORF	start	73	0	0	-1	C				0	6.0889779e-06	0	6.0889775e-06
mouse_wang_liver	ENSMUST00000130645.8	Mtfr1	Overlap_uORF	start	74	0	0	-1	C				0	9.3442975e-07	0	9.3442969e-07
mouse_wang_liver	ENSMUST00000130645.8	Mtfr1	Overlap_uORF	start	75	0	0	-1	T				0	1.3490629e-07	0	1.3490628e-07
mouse_wang_liver	ENSMUST00000130645.8	Mtfr1	Overlap_uORF	start	76	0	0	-1	A				0	1.2895609e-06	0	1.2895609e-06
mouse_wang_liver	ENSMUST00000130645.8	Mtfr1	Overlap_uORF	start	77	0	0	-1	G				0	4.5213139e-07	0	4.5213136e-07
mouse_wang_liver	ENSMUST00000130645.8	Mtfr1	Overlap_uORF	start	78	0	0	-1	G				0	5.1768257e-07	0	5.1768253e-07
mouse_wang_liver	ENSMUST00000130645.8	Mtfr1	Overlap_uORF	start	79	0	0	-1	C				0	1.1757587e-06	0	1.1757586e-06
mouse_wang_liver	ENSMUST00000130645.8	Mtfr1	Overlap_uORF	start	80	0	0	-1	C				0	9.7932445e-07	0	9.7932439e-07
mouse_wang_liver	ENSMUST00000130645.8	Mtfr1	Overlap_uORF	start	81	0	0	-1	G				0	4.4951139e-07	0	4.4951136e-07
mouse_wang_liver	ENSMUST00000130645.8	Mtfr1	Overlap_uORF	start	82	0	0	-1	G				0	2.6909882e-07	0	2.690988e-07
mouse_wang_liver	ENSMUST00000130645.8	Mtfr1	Overlap_uORF	start	83	0	0	-1	G				0	1.4854056e-06	0	1.4854055e-06
mouse_wang_liver	ENSMUST00000130645.8	Mtfr1	Overlap_uORF	start	84	0	0	-1	C				0	1.309823e-07	0	1.3098229e-07
mouse_wang_liver	ENSMUST00000130645.8	Mtfr1	Overlap_uORF	start	85	0	0	-1	C				0	2.9609595e-07	0	2.9609593e-07
mouse_wang_liver	ENSMUST00000130645.8	Mtfr1	Overlap_uORF	start	86	0	0	-1	A				0	6.6257451e-07	0	6.6257447e-07
mouse_wang_liver	ENSMUST00000130645.8	Mtfr1	Overlap_uORF	start	87	0	0	-1	G				0	1.4815053e-06	0	1.4815052e-06
mouse_wang_liver	ENSMUST00000130645.8	Mtfr1	Overlap_uORF	start	88	0	0	-1	G				0	6.6969847e-07	0	6.6969842e-07
mouse_wang_liver	ENSMUST00000130645.8	Mtfr1	Overlap_uORF	start	89	0	0	-1	G				0	2.5864423e-07	0	2.5864422e-07
mouse_wang_liver	ENSMUST00000130645.8	Mtfr1	Overlap_uORF	start	90	0	0	-1	G				0	1.8433752e-07	0	1.8433751e-07
mouse_wang_liver	ENSMUST00000130645.8	Mtfr1	Overlap_uORF	start	91	0	0	-1	C				0	1.6108086e-07	0	1.6108085e-07
mouse_wang_liver	ENSMUST00000130645.8	Mtfr1	Overlap_uORF	start	92	0	0	-1	G				0	5.8235923e-07	0	5.823592e-07
mouse_wang_liver	ENSMUST00000130645.8	Mtfr1	Overlap_uORF	start	93	0	0	-1	G				0	1.3511125e-07	0	1.3511124e-07
mouse_wang_liver	ENSMUST00000130645.8	Mtfr1	Overlap_uORF	start	94	0	0	-1	G				0	5.7901553e-07	0	5.790155e-07
mouse_wang_liver	ENSMUST00000130645.8	Mtfr1	Overlap_uORF	start	95	0	0	-1	G				0	4.5413134e-07	0	4.5413131e-07
mouse_wang_liver	ENSMUST00000130645.8	Mtfr1	Overlap_uORF	start	96	0	0	-1	A				0	6.0215268e-07	0	6.0215264e-07
mouse_wang_liver	ENSMUST00000130645.8	Mtfr1	Overlap_uORF	start	97	0	0	-1	T				0	9.0356156e-07	0	9.035615e-07
mouse_wang_liver	ENSMUST00000130645.8	Mtfr1	Overlap_uORF	start	98	0	0	-1	T				0	3.732107e-07	0	3.7321067e-07
mouse_wang_liver	ENSMUST00000130645.8	Mtfr1	Overlap_uORF	start	99	0	0	-1	G				0	2.5897793e-07	0	2.5897792e-07
mouse_wang_liver	ENSMUST00000130645.8	Mtfr1	Overlap_uORF	start	100	0	0	-1	G				0	3.6613113e-07	0	3.6613111e-07
mouse_wang_liver	ENSMUST00000130645.8	Mtfr1	Overlap_uORF	start	101	0	0	-1	C				0	2.2334505e-06	0	2.2334503e-06
mouse_wang_liver	ENSMUST00000130645.8	Mtfr1	Overlap_uORF	start	102	0	0	-1	T				0	4.085407e-07	0	4.0854067e-07
mouse_wang_liver	ENSMUST00000130645.8	Mtfr1	Overlap_uORF	start	103	0	0	-1	G				0	8.1832172e-07	0	8.1832167e-07
mouse_wang_liver	ENSMUST00000130645.8	Mtfr1	Overlap_uORF	start	104	0	0	-1	A				0	6.6603104e-07	0	6.66031e-07
mouse_wang_liver	ENSMUST00000130645.8	Mtfr1	Overlap_uORF	start	105	0	0	-1	T				0	1.0401716e-06	0	1.0401715e-06
mouse_wang_liver	ENSMUST00000130645.8	Mtfr1	Overlap_uORF	start	106	0	0	-1	T				0	1.6046337e-06	0	1.6046336e-06
mouse_wang_liver	ENSMUST00000130645.8	Mtfr1	Overlap_uORF	start	107	0	0	-1	G				0	1.1463824e-05	0	1.1463823e-05
mouse_wang_liver	ENSMUST00000130645.8	Mtfr1	Overlap_uORF	start	108	0	0	-1	G				0	5.9713484e-06	0	5.971348e-06
mouse_wang_liver	ENSMUST00000130645.8	Mtfr1	Overlap_uORF	start	109	0	0	-1	C				0	1.5236584e-05	0	1.5236583e-05
mouse_wang_liver	ENSMUST00000130645.8	Mtfr1	Overlap_uORF	start	110	0	0	-1	A				0	2.1215805e-05	0	2.1215803e-05
mouse_wang_liver	ENSMUST00000130645.8	Mtfr1	Overlap_uORF	start	111	0	0	-1	T				0	6.927034e-07	0	6.9270335e-07
mouse_wang_liver	ENSMUST00000130645.8	Mtfr1	Overlap_uORF	start	112	0	0	-1	A				0	1.7716937e-05	0	1.7716936e-05
mouse_wang_liver	ENSMUST00000130645.8	Mtfr1	Overlap_uORF	start	113	0	0	-1	A				0	5.0437175e-05	0	5.0437172e-05
mouse_wang_liver	ENSMUST00000130645.8	Mtfr1	Overlap_uORF	start	114	0	0	-1	G				0	1.4820244e-05	0	1.4820243e-05
mouse_wang_liver	ENSMUST00000130645.8	Mtfr1	Overlap_uORF	start	115	0	0	-1	G				0	5.3398035e-06	0	5.3398031e-06
mouse_wang_liver	ENSMUST00000130645.8	Mtfr1	Overlap_uORF	start	116	0	0	-1	T				0	4.8059946e-06	0	4.8059944e-06
mouse_wang_liver	ENSMUST00000130645.8	Mtfr1	Overlap_uORF	start	117	0	0	-1	C				0	1.0745169e-05	0	1.0745168e-05
mouse_wang_liver	ENSMUST00000130645.8	Mtfr1	Overlap_uORF	start	118	0	0	-1	C				0	0.00037117707	0	0.00037117705
mouse_wang_liver	ENSMUST00000130645.8	Mtfr1	Overlap_uORF	start	119	0	0	-1	T				0	7.5894777e-06	0	7.5894772e-06
mouse_wang_liver	ENSMUST00000130645.8	Mtfr1	Overlap_uORF	start	120	0	0	-1	G				0	2.0615382e-06	0	2.0615381e-06
mouse_wang_liver	ENSMUST00000130645.8	Mtfr1	Overlap_uORF	start	121	0	0	-1	G				0	0.00010395428	0	0.00010395427
mouse_wang_liver	ENSMUST00000130645.8	Mtfr1	Overlap_uORF	start	122	0	0	-1	G				0	1.09174e-05	0	1.0917399e-05
mouse_wang_liver	ENSMUST00000130645.8	Mtfr1	Overlap_uORF	start	123	0	0	-1	A				0	7.0443671e-06	0	7.0443666e-06
mouse_wang_liver	ENSMUST00000130645.8	Mtfr1	Overlap_uORF	start	124	0	0	-1	C				0	2.2224202e-05	0	2.22242e-05
mouse_wang_liver	ENSMUST00000130645.8	Mtfr1	Overlap_uORF	start	125	0	0	-1	A				0	2.0147318e-06	0	2.0147316e-06
mouse_wang_liver	ENSMUST00000130645.8	Mtfr1	Overlap_uORF	start	126	0	0	-1	G				0	9.8431315e-07	0	9.8431309e-07
mouse_wang_liver	ENSMUST00000130645.8	Mtfr1	Overlap_uORF	start	127	0	0	-1	C				0	8.357858e-06	0	8.3578574e-06
mouse_wang_liver	ENSMUST00000130645.8	Mtfr1	Overlap_uORF	start	128	0	0	-1	C				0	3.8197318e-06	0	3.8197315e-06
mouse_wang_liver	ENSMUST00000130645.8	Mtfr1	Overlap_uORF	start	129	0	0	-1	A				0	6.2694726e-06	0	6.2694722e-06
mouse_wang_liver	ENSMUST00000130645.8	Mtfr1	Overlap_uORF	start	130	0	0	-1	A				0	2.2300717e-05	0	2.2300716e-05
mouse_wang_liver	ENSMUST00000130645.8	Mtfr1	Overlap_uORF	start	131	0	0	-1	T				3	7.9112342e-06	0.0016949153	7.9112337e-06
mouse_wang_liver	ENSMUST00000130645.8	Mtfr1	Overlap_uORF	start	132	0	0	-1	C				3	8.0735035e-06	0.0016949153	8.073503e-06
mouse_wang_liver	ENSMUST00000130645.8	Mtfr1	Overlap_uORF	start	133	0	0	-1	T				0	1.6857344e-06	0	1.6857343e-06
mouse_wang_liver	ENSMUST00000130645.8	Mtfr1	Overlap_uORF	start	134	0	0	-1	G				0	1.0636368e-06	0	1.0636367e-06
mouse_wang_liver	ENSMUST00000130645.8	Mtfr1	Overlap_uORF	start	135	0	0	-1	G				0	6.8936843e-06	0	6.8936838e-06
mouse_wang_liver	ENSMUST00000130645.8	Mtfr1	Overlap_uORF	start	136	0	0	-1	A				0	6.9294097e-06	0	6.9294092e-06
mouse_wang_liver	ENSMUST00000130645.8	Mtfr1	Overlap_uORF	start	137	0	0	-1	A				0	1.719459e-05	0	1.7194589e-05
mouse_wang_liver	ENSMUST00000130645.8	Mtfr1	Overlap_uORF	start	138	0	0	-1	G				0	0.00023803134	0	0.00023803132
mouse_wang_liver	ENSMUST00000130645.8	Mtfr1	Overlap_uORF	start	139	0	0	-1	G				0	2.0036479e-05	0	2.0036478e-05
mouse_wang_liver	ENSMUST00000130645.8	Mtfr1	Overlap_uORF	start	140	0	0	-1	C				0	0.0002239935	0	0.00022399348
mouse_wang_liver	ENSMUST00000130645.8	Mtfr1	Overlap_uORF	start	141	0	0	-1	T				0	5.8894984e-05	0	5.8894981e-05
mouse_wang_liver	ENSMUST00000130645.8	Mtfr1	Overlap_uORF	start	142	0	0	-1	G				0	2.0886744e-05	0	2.0886743e-05
mouse_wang_liver	ENSMUST00000130645.8	Mtfr1	Overlap_uORF	start	143	0	0	-1	A				0	7.4360963e-05	0	7.4360959e-05
mouse_wang_liver	ENSMUST00000130645.8	Mtfr1	Overlap_uORF	start	144	0	0	-1	G				0	1.9750352e-05	0	1.9750351e-05
mouse_wang_liver	ENSMUST00000130645.8	Mtfr1	Overlap_uORF	start	145	0	0	-1	C				0	3.5457382e-05	0	3.545738e-05
mouse_wang_liver	ENSMUST00000130645.8	Mtfr1	Overlap_uORF	start	146	0	0	-1	A				0	3.0599076e-05	0	3.0599074e-05
mouse_wang_liver	ENSMUST00000130645.8	Mtfr1	Overlap_uORF	start	147	0	0	-1	G				0	1.0344601e-05	0	1.03446e-05
mouse_wang_liver	ENSMUST00000130645.8	Mtfr1	Overlap_uORF	start	148	0	0	-1	C				0	7.1142334e-05	0	7.114233e-05
mouse_wang_liver	ENSMUST00000130645.8	Mtfr1	Overlap_uORF	start	149	0	0	-1	T				0	3.1275249e-05	0	3.1275247e-05
mouse_wang_liver	ENSMUST00000130645.8	Mtfr1	Overlap_uORF	start	150	0	0	-1	G				0	6.2098361e-06	0	6.2098357e-06
mouse_wang_liver	ENSMUST00000130645.8	Mtfr1	Overlap_uORF	start	151	0	0	-1	C				0	3.6362089e-05	0	3.6362087e-05
mouse_wang_liver	ENSMUST00000130645.8	Mtfr1	Overlap_uORF	start	152	0	0	-1	G				0	0.00016408593	0	0.00016408592
mouse_wang_liver	ENSMUST00000130645.8	Mtfr1	Overlap_uORF	start	153	0	0	-1	A				0	6.7433401e-05	0	6.7433396e-05
mouse_wang_liver	ENSMUST00000130645.8	Mtfr1	Overlap_uORF	start	154	0	0	-1	A				0	0.0001501567	0	0.00015015669
mouse_wang_liver	ENSMUST00000130645.8	Mtfr1	Overlap_uORF	start	155	0	0	-1	G				10	0.00013369984	0.0056497175	0.00013369983
mouse_wang_liver	ENSMUST00000130645.8	Mtfr1	Overlap_uORF	start	156	0	0	-1	G				0	0.0001428314	0	0.00014283139
mouse_wang_liver	ENSMUST00000130645.8	Mtfr1	Overlap_uORF	start	157	0	0	-1	T				1	1.5459089e-05	0.00056497175	1.5459088e-05
mouse_wang_liver	ENSMUST00000130645.8	Mtfr1	Overlap_uORF	start	158	0	0	-1	G				1	3.5588659e-05	0.00056497175	3.5588656e-05
mouse_wang_liver	ENSMUST00000130645.8	Mtfr1	Overlap_uORF	start	159	0	0	-1	A				0	2.1101818e-05	0	2.1101816e-05
mouse_wang_liver	ENSMUST00000130645.8	Mtfr1	Overlap_uORF	start	160	0	0	-1	G				0	8.6324126e-06	0	8.632412e-06
mouse_wang_liver	ENSMUST00000130645.8	Mtfr1	Overlap_uORF	start	161	0	0	-1	G				0	4.7837053e-05	0	4.783705e-05
mouse_wang_liver	ENSMUST00000130645.8	Mtfr1	Overlap_uORF	start	162	0	0	-1	G				0	1.4889719e-05	0	1.4889718e-05
mouse_wang_liver	ENSMUST00000130645.8	Mtfr1	Overlap_uORF	start	163	0	0	-1	C				0	9.9685771e-05	0	9.9685765e-05
mouse_wang_liver	ENSMUST00000130645.8	Mtfr1	Overlap_uORF	start	164	0	0	-1	T				0	4.3867996e-05	0	4.3867994e-05
mouse_wang_liver	ENSMUST00000130645.8	Mtfr1	Overlap_uORF	start	165	0	0	-1	G				0	8.9733323e-05	0	8.9733317e-05
mouse_wang_liver	ENSMUST00000130645.8	Mtfr1	Overlap_uORF	start	166	0	0	-1	C				0	0.00015469051	0	0.0001546905
mouse_wang_liver	ENSMUST00000130645.8	Mtfr1	Overlap_uORF	start	167	0	0	-1	T				0	1.9412153e-05	0	1.9412152e-05
mouse_wang_liver	ENSMUST00000130645.8	Mtfr1	Overlap_uORF	start	168	0	0	-1	G				0	0.0001409766	0	0.00014097659
mouse_wang_liver	ENSMUST00000130645.8	Mtfr1	Overlap_uORF	start	169	0	0	-1	C				0	3.7226553e-05	0	3.7226551e-05
mouse_wang_liver	ENSMUST00000130645.8	Mtfr1	Overlap_uORF	start	170	0	0	-1	G				0	4.2130829e-05	0	4.2130826e-05
mouse_wang_liver	ENSMUST00000130645.8	Mtfr1	Overlap_uORF	start	171	0	0	-1	C				0	6.2165287e-05	0	6.2165283e-05
mouse_wang_liver	ENSMUST00000130645.8	Mtfr1	Overlap_uORF	start	172	0	0	-1	A				0	2.1224203e-05	0	2.1224202e-05
mouse_wang_liver	ENSMUST00000130645.8	Mtfr1	Overlap_uORF	start	173	0	0	-1	G				0	2.2085957e-05	0	2.2085955e-05
mouse_wang_liver	ENSMUST00000130645.8	Mtfr1	Overlap_uORF	start	174	0	0	-1	C				0	5.2170995e-05	0	5.2170992e-05
mouse_wang_liver	ENSMUST00000130645.8	Mtfr1	Overlap_uORF	start	175	0	0	-1	C				0	2.4038709e-05	0	2.4038707e-05
mouse_wang_liver	ENSMUST00000130645.8	Mtfr1	Overlap_uORF	start	176	0	0	-1	G				0	3.852498e-05	0	3.8524978e-05
mouse_wang_liver	ENSMUST00000130645.8	Mtfr1	Overlap_uORF	start	177	0	0	-1	A				0	3.0785908e-05	0	3.0785906e-05
mouse_wang_liver	ENSMUST00000130645.8	Mtfr1	Overlap_uORF	start	178	0	0	-1	G				0	4.6710287e-05	0	4.6710284e-05
mouse_wang_liver	ENSMUST00000130645.8	Mtfr1	Overlap_uORF	start	179	0	0	-1	T				0	3.9853949e-05	0	3.9853946e-05
mouse_wang_liver	ENSMUST00000130645.8	Mtfr1	Overlap_uORF	start	180	0	0	-1	G				0	1.0131233e-05	0	1.0131233e-05
mouse_wang_liver	ENSMUST00000130645.8	Mtfr1	Overlap_uORF	start	181	0	0	-1	T				0	1.3558692e-05	0	1.3558691e-05
mouse_wang_liver	ENSMUST00000130645.8	Mtfr1	Overlap_uORF	start	182	0	0	-1	G				0	7.1147493e-05	0	7.1147489e-05
mouse_wang_liver	ENSMUST00000130645.8	Mtfr1	Overlap_uORF	start	183	0	0	-1	C				0	4.9994964e-05	0	4.9994961e-05
mouse_wang_liver	ENSMUST00000130645.8	Mtfr1	Overlap_uORF	start	184	0	0	-1	T				2	5.068845e-05	0.0011299435	5.0688447e-05
mouse_wang_liver	ENSMUST00000130645.8	Mtfr1	Overlap_uORF	start	185	0	0	-1	C				0	6.2933119e-05	0	6.2933115e-05
mouse_wang_liver	ENSMUST00000130645.8	Mtfr1	Overlap_uORF	start	186	0	0	-1	T				1	5.8896443e-05	0.00056497175	5.8896439e-05
mouse_wang_liver	ENSMUST00000130645.8	Mtfr1	Overlap_uORF	start	187	1	1	0	A	ATG	M	0	26	0.0024639957	0.014689266	0.0024639956
mouse_wang_liver	ENSMUST00000130645.8	Mtfr1	Overlap_uORF	start	188	1	1	1	T				2	0.00023927973	0.0011299435	0.00023927972
mouse_wang_liver	ENSMUST00000130645.8	Mtfr1	Overlap_uORF	start	189	1	1	2	G				0	0.00019113191	0	0.0001911319
mouse_wang_liver	ENSMUST00000130645.8	Mtfr1	Overlap_uORF	start	190	1	1	0	G	GAC	D	1	0	0.0007751917	0	0.00077519165
mouse_wang_liver	ENSMUST00000130645.8	Mtfr1	Overlap_uORF	start	191	1	1	1	A				0	0.00015903253	0	0.00015903252
mouse_wang_liver	ENSMUST00000130645.8	Mtfr1	Overlap_uORF	start	192	1	1	2	C				1	0.00032885469	0.00056497175	0.00032885467
mouse_wang_liver	ENSMUST00000130645.8	Mtfr1	Overlap_uORF	start	193	1	1	0	C	CAT	H	2	26	0.0011262763	0.014689266	0.0011262763
mouse_wang_liver	ENSMUST00000130645.8	Mtfr1	Overlap_uORF	start	194	1	1	1	A				21	0.00057268422	0.011864407	0.00057268419
mouse_wang_liver	ENSMUST00000130645.8	Mtfr1	Overlap_uORF	start	195	1	1	2	T				8	0.00041359605	0.004519774	0.00041359602
mouse_wang_liver	ENSMUST00000130645.8	Mtfr1	Overlap_uORF	start	196	1	1	0	G	GTG	V	3	15	0.00049864734	0.0084745763	0.00049864731
mouse_wang_liver	ENSMUST00000130645.8	Mtfr1	Overlap_uORF	start	197	1	1	1	T				7	0.00016302077	0.0039548023	0.00016302076
mouse_wang_liver	ENSMUST00000130645.8	Mtfr1	Overlap_uORF	start	198	1	1	2	G				0	9.5065778e-05	0	9.5065772e-05
mouse_wang_liver	ENSMUST00000130645.8	Mtfr1	Overlap_uORF	start	199	1	1	0	C	CTG	L	4	15	0.00029493385	0.0084745763	0.00029493383
mouse_wang_liver	ENSMUST00000130645.8	Mtfr1	Overlap_uORF	start	200	1	1	1	T				11	0.00025152296	0.0062146893	0.00025152294
mouse_wang_liver	ENSMUST00000130645.8	Mtfr1	Overlap_uORF	start	201	1	1	2	G				3	5.8670019e-05	0.0016949153	5.8670015e-05
mouse_wang_liver	ENSMUST00000130645.8	Mtfr1	Overlap_uORF	start	202	1	1	0	C	CTA	L	5	10	0.0014531893	0.0056497175	0.0014531892
mouse_wang_liver	ENSMUST00000130645.8	Mtfr1	Overlap_uORF	start	203	1	1	1	T				10	0.00028856093	0.0056497175	0.00028856091
mouse_wang_liver	ENSMUST00000130645.8	Mtfr1	Overlap_uORF	start	204	1	1	2	A				4	0.0011882854	0.002259887	0.0011882853
mouse_wang_liver	ENSMUST00000130645.8	Mtfr1	Overlap_uORF	start	205	1	1	0	T	TGG	W	6	19	0.0036753225	0.010734463	0.0036753223
mouse_wang_liver	ENSMUST00000130645.8	Mtfr1	Overlap_uORF	start	206	1	1	1	G				19	0.00054357597	0.010734463	0.00054357593
mouse_wang_liver	ENSMUST00000130645.8	Mtfr1	Overlap_uORF	start	207	1	1	2	G				13	0.002411915	0.0073446328	0.0024119148
mouse_wang_liver	ENSMUST00000130645.8	Mtfr1	Overlap_uORF	start	208	1	1	0	A	ATG	M	7	21	0.0021846246	0.011864407	0.0021846244
mouse_wang_liver	ENSMUST00000130645.8	Mtfr1	Overlap_uORF	start	209	1	1	1	T				15	0.0010656883	0.0084745763	0.0010656883
mouse_wang_liver	ENSMUST00000130645.8	Mtfr1	Overlap_uORF	start	210	1	1	2	G				4	0.0032793502	0.002259887	0.00327935
mouse_wang_liver	ENSMUST00000130645.8	Mtfr1	Overlap_uORF	start	211	1	1	0	C	CCT	P	8	26	0.0025955604	0.014689266	0.0025955602
mouse_wang_liver	ENSMUST00000130645.8	Mtfr1	Overlap_uORF	start	212	1	1	1	C				1	0.00028435828	0.00056497175	0.00028435826
mouse_wang_liver	ENSMUST00000130645.8	Mtfr1	Overlap_uORF	start	213	1	1	2	T				0	3.6910056e-05	0	3.6910054e-05
mouse_wang_liver	ENSMUST00000130645.8	Mtfr1	Overlap_uORF	start	214	1	1	0	G	GAA	E	9	3	0.00016348051	0.0016949153	0.0001634805
mouse_wang_liver	ENSMUST00000130645.8	Mtfr1	Overlap_uORF	start	215	1	1	1	A				0	8.8872308e-05	0	8.8872302e-05
mouse_wang_liver	ENSMUST00000130645.8	Mtfr1	Overlap_uORF	start	216	1	1	2	A				0	0.00014593298	0	0.00014593297
mouse_wang_liver	ENSMUST00000130645.8	Mtfr1	Overlap_uORF	start	217	1	1	0	G	GTT	V	10	5	0.00019877247	0.0028248588	0.00019877246
mouse_wang_liver	ENSMUST00000130645.8	Mtfr1	Overlap_uORF	start	218	1	1	1	T				1	3.5753783e-05	0.00056497175	3.5753781e-05
mouse_wang_liver	ENSMUST00000130645.8	Mtfr1	Overlap_uORF	start	219	1	1	2	T				2	7.6558375e-05	0.0011299435	7.6558371e-05
mouse_wang_liver	ENSMUST00000130645.8	Mtfr1	Overlap_uORF	start	220	1	1	0	G	GTT	V	11	27	0.00022789484	0.015254237	0.00022789482
mouse_wang_liver	ENSMUST00000130645.8	Mtfr1	Overlap_uORF	start	221	1	1	1	T				3	0.00025952797	0.0016949153	0.00025952795
mouse_wang_liver	ENSMUST00000130645.8	Mtfr1	Overlap_uORF	start	222	1	1	2	T				3	1.2586958e-05	0.0016949153	1.2586958e-05
mouse_wang_liver	ENSMUST00000130645.8	Mtfr1	Overlap_uORF	start	223	1	1	0	G	GAC	D	12	8	0.00019921862	0.004519774	0.0001992186
mouse_wang_liver	ENSMUST00000130645.8	Mtfr1	Overlap_uORF	start	224	1	1	1	A				14	0.00029056799	0.0079096045	0.00029056797
mouse_wang_liver	ENSMUST00000130645.8	Mtfr1	Overlap_uORF	start	225	1	1	2	C				1	1.9623229e-05	0.00056497175	1.9623227e-05
mouse_wang_liver	ENSMUST00000130645.8	Mtfr1	Overlap_uORF	start	226	1	1	0	C	CTG	L	13	2	0.00014197148	0.0011299435	0.00014197147
mouse_wang_liver	ENSMUST00000130645.8	Mtfr1	Overlap_uORF	start	227	1	1	1	T				3	0.00019723634	0.0016949153	0.00019723633
mouse_wang_liver	ENSMUST00000130645.8	Mtfr1	Overlap_uORF	start	228	1	1	2	G				1	5.4081527e-05	0.00056497175	5.4081524e-05
mouse_wang_liver	ENSMUST00000130645.8	Mtfr1	Overlap_uORF	start	229	1	1	0	C	CAG	Q	14	7	0.00022198941	0.0039548023	0.00022198939
mouse_wang_liver	ENSMUST00000130645.8	Mtfr1	Overlap_uORF	start	230	1	1	1	A				2	0.00037037086	0.0011299435	0.00037037084
mouse_wang_liver	ENSMUST00000130645.8	Mtfr1	Overlap_uORF	start	231	1	1	2	G				0	0.0001538497	0	0.00015384969
mouse_wang_liver	ENSMUST00000130645.8	Mtfr1	Overlap_uORF	start	232	1	1	0	G	GTT	V	15	19	0.00055135199	0.010734463	0.00055135195
mouse_wang_liver	ENSMUST00000130645.8	Mtfr1	Overlap_uORF	start	233	1	1	1	T				1	0.00033174222	0.00056497175	0.0003317422
mouse_wang_liver	ENSMUST00000130645.8	Mtfr1	Overlap_uORF	start	234	1	1	2	T				7	3.2372987e-05	0.0039548023	3.2372985e-05
mouse_wang_liver	ENSMUST00000130645.8	Mtfr1	Overlap_uORF	start	235	1	1	0	G	GGG	G	16	15	9.6378113e-05	0.0084745763	9.6378107e-05
mouse_wang_liver	ENSMUST00000130645.8	Mtfr1	Overlap_uORF	start	236	1	1	1	G				11	5.5812361e-05	0.0062146893	5.5812358e-05
mouse_wang_liver	ENSMUST00000130645.8	Mtfr1	Overlap_uORF	start	237	1	1	2	G				4	2.3450702e-05	0.002259887	2.3450701e-05
mouse_wang_liver	ENSMUST00000130645.8	Mtfr1	Overlap_uORF	start	238	1	1	0	A	AAG	K	17	0	3.4533703e-05	0	3.4533701e-05
mouse_wang_liver	ENSMUST00000130645.8	Mtfr1	Overlap_uORF	start	239	1	1	1	A				3	8.9487541e-05	0.0016949153	8.9487536e-05
mouse_wang_liver	ENSMUST00000130645.8	Mtfr1	Overlap_uORF	start	240	1	1	2	G				0	4.8819438e-06	0	4.8819435e-06
mouse_wang_liver	ENSMUST00000130645.8	Mtfr1	Overlap_uORF	start	241	1	1	0	A	ACT	T	18	1	4.7957921e-05	0.00056497175	4.7957918e-05
mouse_wang_liver	ENSMUST00000130645.8	Mtfr1	Overlap_uORF	start	242	1	1	1	C				0	0.00013856757	0	0.00013856756
mouse_wang_liver	ENSMUST00000130645.8	Mtfr1	Overlap_uORF	start	243	1	1	2	T				0	1.3547382e-05	0	1.3547381e-05
mouse_wang_liver	ENSMUST00000130645.8	Mtfr1	Overlap_uORF	start	244	1	1	0	C	CAG	Q	19	2	0.00014673066	0.0011299435	0.00014673065
mouse_wang_liver	ENSMUST00000130645.8	Mtfr1	Overlap_uORF	start	245	1	1	1	A				6	0.00013059968	0.0033898305	0.00013059968
mouse_wang_liver	ENSMUST00000130645.8	Mtfr1	Overlap_uORF	start	246	1	1	2	G				0	0.00015502059	0	0.00015502058
mouse_wang_liver	ENSMUST00000130645.8	Mtfr1	Overlap_uORF	start	247	1	0	0	C	CCA	P	20	1	8.5370557e-05	0.00056497175	8.5370552e-05
mouse_wang_liver	ENSMUST00000130645.8	Mtfr1	Overlap_uORF	start	248	1	0	1	C				0	0.00021685798	0	0.00021685797
mouse_wang_liver	ENSMUST00000130645.8	Mtfr1	Overlap_uORF	start	249	1	0	2	A				0	0.00016479398	0	0.00016479397
mouse_wang_liver	ENSMUST00000130645.8	Mtfr1	Overlap_uORF	start	250	1	0	0	T	TCT	S	21	0	0.00050904823	0	0.0005090482
mouse_wang_liver	ENSMUST00000130645.8	Mtfr1	Overlap_uORF	start	251	1	0	1	C				0	0.0015931663	0	0.0015931662
mouse_wang_liver	ENSMUST00000130645.8	Mtfr1	Overlap_uORF	start	252	1	0	2	T				0	0.00011769772	0	0.00011769772
mouse_wang_liver	ENSMUST00000130645.8	Mtfr1	Overlap_uORF	start	253	1	0	0	C	CCA	P	22	0	3.3922748e-05	0	3.3922746e-05
mouse_wang_liver	ENSMUST00000130645.8	Mtfr1	Overlap_uORF	start	254	1	0	1	C				0	0.00029693966	0	0.00029693964
mouse_wang_liver	ENSMUST00000130645.8	Mtfr1	Overlap_uORF	start	255	1	0	2	A				0	0.00011368209	0	0.00011368209
mouse_wang_liver	ENSMUST00000130645.8	Mtfr1	Overlap_uORF	start	256	1	0	0	T	TGC	C	23	4	4.086288e-05	0.002259887	4.0862878e-05
mouse_wang_liver	ENSMUST00000130645.8	Mtfr1	Overlap_uORF	start	257	1	0	1	G				20	0.00050954125	0.011299435	0.00050954122
mouse_wang_liver	ENSMUST00000130645.8	Mtfr1	Overlap_uORF	start	258	1	0	2	C				3	0.00034174774	0.0016949153	0.00034174772
mouse_wang_liver	ENSMUST00000130645.8	Mtfr1	Overlap_uORF	start	259	1	0	0	T	TGG	W	24	0	0.00047908575	0	0.00047908572
mouse_wang_liver	ENSMUST00000130645.8	Mtfr1	Overlap_uORF	start	260	1	0	1	G				5	5.0404091e-05	0.0028248588	5.0404088e-05
mouse_wang_liver	ENSMUST00000130645.8	Mtfr1	Overlap_uORF	start	261	1	0	2	G				0	0.00015867213	0	0.00015867212
mouse_wang_liver	ENSMUST00000130645.8	Mtfr1	Overlap_uORF	start	262	1	0	0	G	GCT	A	25	2	8.1493949e-05	0.0011299435	8.1493943e-05
mouse_wang_liver	ENSMUST00000130645.8	Mtfr1	Overlap_uORF	start	263	1	0	1	C				0	5.9302241e-05	0	5.9302238e-05
mouse_wang_liver	ENSMUST00000130645.8	Mtfr1	Overlap_uORF	start	264	1	0	2	T				3	0.0002818552	0.0016949153	0.00028185518
mouse_wang_liver	ENSMUST00000130645.8	Mtfr1	Overlap_uORF	start	265	1	0	0	G	GGA	G	26	1	9.6435106e-05	0.00056497175	9.64351e-05
mouse_wang_liver	ENSMUST00000130645.8	Mtfr1	Overlap_uORF	start	266	1	0	1	G				4	0.00049264764	0.002259887	0.00049264761
mouse_wang_liver	ENSMUST00000130645.8	Mtfr1	Overlap_uORF	start	267	1	0	2	A				2	0.00083241152	0.0011299435	0.00083241147
mouse_wang_liver	ENSMUST00000130645.8	Mtfr1	Overlap_uORF	start	268	1	0	0	T	TTA	L	27	0	0.00061197684	0	0.0006119768
mouse_wang_liver	ENSMUST00000130645.8	Mtfr1	Overlap_uORF	start	269	1	0	1	T				0	7.4821713e-05	0	7.4821709e-05
mouse_wang_liver	ENSMUST00000130645.8	Mtfr1	Overlap_uORF	start	270	1	0	2	A				1	0.00048579887	0.00056497175	0.00048579884
mouse_wang_liver	ENSMUST00000130645.8	Mtfr1	Overlap_uORF	start	271	1	0	0	A	AGT	S	28	2	0.00029114328	0.0011299435	0.00029114326
mouse_wang_liver	ENSMUST00000130645.8	Mtfr1	Overlap_uORF	start	272	1	0	1	G				0	4.9436876e-05	0	4.9436873e-05
mouse_wang_liver	ENSMUST00000130645.8	Mtfr1	Overlap_uORF	start	273	1	0	2	T				0	0.00018064864	0	0.00018064863
mouse_wang_liver	ENSMUST00000130645.8	Mtfr1	Overlap_uORF	start	274	1	0	0	G	GCC	A	29	0	0.00062623504	0	0.000626235
mouse_wang_liver	ENSMUST00000130645.8	Mtfr1	Overlap_uORF	start	275	1	0	1	C				0	0.0005425947	0	0.00054259467
mouse_wang_liver	ENSMUST00000130645.8	Mtfr1	Overlap_uORF	start	276	1	0	2	C				0	0.00060255884	0	0.0006025588
mouse_wang_liver	ENSMUST00000130645.8	Mtfr1	Overlap_uORF	start	277	1	0	0	T	TGA	*	30	0	0.00015567141	0	0.0001556714
mouse_wang_liver	ENSMUST00000130645.8	Mtfr1	Overlap_uORF	start	278	1	0	1	G				0	0.00010836372	0	0.00010836371
mouse_wang_liver	ENSMUST00000130645.8	Mtfr1	Overlap_uORF	start	279	1	0	2	A				0	0.0009328872	0	0.00093288714
mouse_wang_liver	ENSMUST00000130645.8	Mtfr1	Overlap_uORF	start	280	0	0	-1	T				0	5.060132e-05	0	5.0601317e-05
mouse_wang_liver	ENSMUST00000130645.8	Mtfr1	Overlap_uORF	start	281	0	0	-1	G				0	5.5969496e-05	0	5.5969493e-05
mouse_wang_liver	ENSMUST00000130645.8	Mtfr1	Overlap_uORF	start	282	0	0	-1	A				1	0.00076967495	0.00056497175	0.00076967491
mouse_wang_liver	ENSMUST00000130645.8	Mtfr1	Overlap_uORF	start	283	0	0	-1	G				0	6.6941815e-05	0	6.6941811e-05
mouse_wang_liver	ENSMUST00000130645.8	Mtfr1	Overlap_uORF	start	284	0	0	-1	G				0	0.00023649272	0	0.00023649271
mouse_wang_liver	ENSMUST00000130645.8	Mtfr1	Overlap_uORF	start	285	0	0	-1	A				4	0.0010224746	0.002259887	0.0010224745
mouse_wang_liver	ENSMUST00000130645.8	Mtfr1	Overlap_uORF	start	286	0	0	-1	T				0	2.6022872e-05	0	2.602287e-05
mouse_wang_liver	ENSMUST00000130645.8	Mtfr1	Overlap_uORF	start	287	0	0	-1	G				0	4.5683453e-05	0	4.568345e-05
mouse_wang_liver	ENSMUST00000130645.8	Mtfr1	Overlap_uORF	start	288	0	0	-1	T				0	0.00099301629	0	0.00099301623
mouse_wang_liver	ENSMUST00000130645.8	Mtfr1	Overlap_uORF	start	289	0	0	-1	G				0	4.7460981e-05	0	4.7460978e-05
mouse_wang_liver	ENSMUST00000130645.8	Mtfr1	Overlap_uORF	start	290	0	0	-1	G				0	7.7225603e-05	0	7.7225598e-05
mouse_wang_liver	ENSMUST00000130645.8	Mtfr1	Overlap_uORF	start	291	0	0	-1	T				0	0.00039990994	0	0.00039990992
mouse_wang_liver	ENSMUST00000130645.8	Mtfr1	Overlap_uORF	start	292	0	0	-1	T				0	4.6611098e-05	0	4.6611095e-05
mouse_wang_liver	ENSMUST00000130645.8	Mtfr1	Overlap_uORF	start	293	0	0	-1	T				0	0.0001176774	0	0.00011767739
mouse_wang_liver	ENSMUST00000130645.8	Mtfr1	Overlap_uORF	start	294	0	0	-1	C				0	0.00021672588	0	0.00021672587
mouse_wang_liver	ENSMUST00000130645.8	Mtfr1	Overlap_uORF	start	295	0	0	-1	A				0	3.6095855e-06	0	3.6095853e-06
mouse_wang_liver	ENSMUST00000130645.8	Mtfr1	Overlap_uORF	start	296	0	0	-1	G				0	1.5303282e-05	0	1.5303281e-05
mouse_wang_liver	ENSMUST00000130645.8	Mtfr1	Overlap_uORF	start	297	0	0	-1	C				0	0.00054249691	0	0.00054249688
mouse_wang_liver	ENSMUST00000130645.8	Mtfr1	Overlap_uORF	start	298	0	0	-1	G				0	5.6991344e-06	0	5.699134e-06
mouse_wang_liver	ENSMUST00000130645.8	Mtfr1	Overlap_uORF	start	299	0	0	-1	A				0	8.5088177e-05	0	8.5088172e-05
mouse_wang_liver	ENSMUST00000130645.8	Mtfr1	Overlap_uORF	start	300	0	0	-1	G				0	0.00054602412	0	0.00054602409
mouse_wang_liver	ENSMUST00000130645.8	Mtfr1	Overlap_uORF	start	301	0	0	-1	T				0	4.1144271e-05	0	4.1144268e-05
mouse_wang_liver	ENSMUST00000130645.8	Mtfr1	Overlap_uORF	start	302	0	0	-1	T				0	0.00016969869	0	0.00016969868
mouse_wang_liver	ENSMUST00000130645.8	Mtfr1	Overlap_uORF	start	303	0	0	-1	G				0	0.00047246809	0	0.00047246806
mouse_wang_liver	ENSMUST00000130645.8	Mtfr1	Overlap_uORF	start	304	0	0	-1	G				0	4.2715841e-05	0	4.2715838e-05
mouse_wang_liver	ENSMUST00000130645.8	Mtfr1	Overlap_uORF	start	305	0	0	-1	G				0	1.7466829e-05	0	1.7466828e-05
mouse_wang_liver	ENSMUST00000130645.8	Mtfr1	Overlap_uORF	start	306	0	0	-1	G				0	0.00021929122	0	0.00021929121
mouse_wang_liver	ENSMUST00000130645.8	Mtfr1	Overlap_uORF	start	307	0	0	-1	T				0	6.4065876e-05	0	6.4065872e-05
mouse_wang_liver	ENSMUST00000130645.8	Mtfr1	Overlap_uORF	start	308	0	0	-1	C				0	1.2881371e-05	0	1.288137e-05
mouse_wang_liver	ENSMUST00000130645.8	Mtfr1	Overlap_uORF	start	309	0	0	-1	A				0	0.00041296697	0	0.00041296694
mouse_wang_liver	ENSMUST00000130645.8	Mtfr1	Overlap_uORF	start	310	0	0	-1	G				0	5.4328262e-05	0	5.4328259e-05
mouse_wang_liver	ENSMUST00000130645.8	Mtfr1	Overlap_uORF	start	311	0	0	-1	C				0	3.1547759e-05	0	3.1547757e-05
mouse_wang_liver	ENSMUST00000130645.8	Mtfr1	Overlap_uORF	start	312	0	0	-1	A				1	0.00069954572	0.00056497175	0.00069954568
mouse_wang_liver	ENSMUST00000130645.8	Mtfr1	Overlap_uORF	start	313	0	0	-1	T				0	4.0342275e-05	0	4.0342272e-05
mouse_wang_liver	ENSMUST00000130645.8	Mtfr1	Overlap_uORF	start	314	0	0	-1	G				0	7.3620482e-05	0	7.3620477e-05
mouse_wang_liver	ENSMUST00000130645.8	Mtfr1	Overlap_uORF	start	315	0	0	-1	C				1	0.00017292163	0.00056497175	0.00017292162
mouse_wang_liver	ENSMUST00000130645.8	Mtfr1	Overlap_uORF	start	316	0	0	-1	A				0	9.2280425e-06	0	9.2280419e-06
mouse_wang_liver	ENSMUST00000130645.8	Mtfr1	Overlap_uORF	start	317	0	0	-1	G				0	1.3021223e-05	0	1.3021222e-05
mouse_wang_liver	ENSMUST00000130645.8	Mtfr1	Overlap_uORF	start	318	0	0	-1	T				0	0.00034713544	0	0.00034713542
mouse_wang_liver	ENSMUST00000130645.8	Mtfr1	Overlap_uORF	start	319	0	0	-1	C				0	2.6102432e-05	0	2.6102431e-05
mouse_wang_liver	ENSMUST00000130645.8	Mtfr1	Overlap_uORF	start	320	0	0	-1	G				0	7.3657284e-05	0	7.3657279e-05
mouse_wang_liver	ENSMUST00000130645.8	Mtfr1	Overlap_uORF	start	321	0	0	-1	G				2	0.0032645068	0.0011299435	0.0032645066
mouse_wang_liver	ENSMUST00000130645.8	Mtfr1	Overlap_uORF	start	322	0	0	-1	T				0	5.8702815e-05	0	5.8702812e-05
mouse_wang_liver	ENSMUST00000130645.8	Mtfr1	Overlap_uORF	start	323	0	0	-1	A				0	0.00018888751	0	0.0001888875
mouse_wang_liver	ENSMUST00000130645.8	Mtfr1	Overlap_uORF	start	324	0	0	-1	C				2	0.0062539796	0.0011299435	0.0062539792
mouse_wang_liver	ENSMUST00000130645.8	Mtfr1	Overlap_uORF	start	325	0	0	-1	T				0	0.00027085154	0	0.00027085152
mouse_wang_liver	ENSMUST00000130645.8	Mtfr1	Overlap_uORF	start	326	0	0	-1	A				0	0.00035141903	0	0.00035141901
mouse_wang_liver	ENSMUST00000130645.8	Mtfr1	Overlap_uORF	start	327	0	0	-1	T				4	0.00050798932	0.002259887	0.00050798928
mouse_wang_liver	ENSMUST00000130645.8	Mtfr1	Overlap_uORF	start	328	0	0	-1	G				0	0.00019158212	0	0.00019158211
mouse_wang_liver	ENSMUST00000130645.8	Mtfr1	Overlap_uORF	start	329	0	0	-1	G				0	0.00013999001	0	0.00013999
mouse_wang_liver	ENSMUST00000130645.8	Mtfr1	Overlap_uORF	start	330	0	0	-1	T				0	0.0013613474	0	0.0013613473
mouse_wang_liver	ENSMUST00000130645.8	Mtfr1	Overlap_uORF	start	331	0	0	-1	C				0	0.0001054947	0	0.00010549469
mouse_wang_liver	ENSMUST00000130645.8	Mtfr1	Overlap_uORF	start	332	0	0	-1	T				0	0.00019057604	0	0.00019057603
mouse_wang_liver	ENSMUST00000130645.8	Mtfr1	Overlap_uORF	start	333	0	0	-1	G				2	0.0034864522	0.0011299435	0.0034864519
mouse_wang_liver	ENSMUST00000130645.8	Mtfr1	Overlap_uORF	start	334	0	0	-1	G				1	0.00028445892	0.00056497175	0.0002844589
mouse_wang_liver	ENSMUST00000130645.8	Mtfr1	Overlap_uORF	start	335	0	0	-1	A				0	0.00023355211	0	0.0002335521
mouse_wang_liver	ENSMUST00000130645.8	Mtfr1	Overlap_uORF	start	336	0	0	-1	A				0	0.0024495607	0	0.0024495605
mouse_wang_liver	ENSMUST00000130645.8	Mtfr1	Overlap_uORF	start	337	0	0	-1	A				0	0.00025556161	0	0.00025556159
mouse_wang_liver	ENSMUST00000130645.8	Mtfr1	Overlap_uORF	start	338	0	0	-1	A				0	0.0004658477	0	0.00046584767
mouse_wang_liver	ENSMUST00000130645.8	Mtfr1	Overlap_uORF	start	339	0	0	-1	C				0	0.0013751002	0	0.0013751001
mouse_wang_liver	ENSMUST00000130645.8	Mtfr1	Overlap_uORF	start	340	0	0	-1	C				0	2.4287394e-05	0	2.4287392e-05
mouse_wang_liver	ENSMUST00000130645.8	Mtfr1	Overlap_uORF	start	341	0	0	-1	A				4	0.00012758884	0.002259887	0.00012758883
mouse_wang_liver	ENSMUST00000130645.8	Mtfr1	Overlap_uORF	start	342	0	0	-1	T				16	0.0017100935	0.009039548	0.0017100934
mouse_wang_liver	ENSMUST00000130645.8	Mtfr1	Overlap_uORF	start	343	0	0	-1	A				1	0.0010665932	0.00056497175	0.0010665932
mouse_wang_liver	ENSMUST00000130645.8	Mtfr1	Overlap_uORF	start	344	0	0	-1	T				6	0.00033685108	0.0033898305	0.00033685106
mouse_wang_liver	ENSMUST00000130645.8	Mtfr1	Overlap_uORF	start	345	0	0	-1	G				19	0.00044101622	0.010734463	0.00044101619
mouse_wang_liver	ENSMUST00000130645.8	Mtfr1	Overlap_uORF	start	346	0	0	-1	G				2	4.1036077e-05	0.0011299435	4.1036075e-05
mouse_wang_liver	ENSMUST00000130645.8	Mtfr1	Overlap_uORF	start	347	0	0	-1	T				0	0.00015356606	0	0.00015356605
mouse_wang_liver	ENSMUST00000130645.8	Mtfr1	Overlap_uORF	start	348	0	0	-1	T				0	0.00067665894	0	0.00067665889
mouse_wang_liver	ENSMUST00000130645.8	Mtfr1	Overlap_uORF	start	349	0	0	-1	C				0	0.00016140465	0	0.00016140464
mouse_wang_liver	ENSMUST00000130645.8	Mtfr1	Overlap_uORF	start	350	0	0	-1	A				0	8.426579e-05	0	8.4265785e-05
mouse_wang_liver	ENSMUST00000130645.8	Mtfr1	Overlap_uORF	start	351	0	0	-1	T				11	0.0018233353	0.0062146893	0.0018233352
mouse_wang_liver	ENSMUST00000130645.8	Mtfr1	Overlap_uORF	start	352	0	0	-1	C				1	0.00072373601	0.00056497175	0.00072373597
mouse_wang_liver	ENSMUST00000130645.8	Mtfr1	Overlap_uORF	start	353	0	0	-1	T				2	0.00028967817	0.0011299435	0.00028967815
mouse_wang_liver	ENSMUST00000130645.8	Mtfr1	Overlap_uORF	start	354	0	0	-1	C				81	0.0054049869	0.045762712	0.0054049866
mouse_wang_liver	ENSMUST00000130645.8	Mtfr1	Overlap_uORF	start	355	0	0	-1	G				3	0.00048031681	0.0016949153	0.00048031678
mouse_wang_liver	ENSMUST00000130645.8	Mtfr1	Overlap_uORF	start	356	0	0	-1	A				0	0.00048201971	0	0.00048201968
mouse_wang_liver	ENSMUST00000130645.8	Mtfr1	Overlap_uORF	start	357	0	0	-1	A				8	0.0011570111	0.004519774	0.0011570111
mouse_wang_liver	ENSMUST00000130645.8	Mtfr1	Overlap_uORF	start	358	0	0	-1	G				1	0.00020479741	0.00056497175	0.0002047974
mouse_wang_liver	ENSMUST00000130645.8	Mtfr1	Overlap_uORF	start	359	0	0	-1	T				0	0.00041857117	0	0.00041857115
mouse_wang_liver	ENSMUST00000130645.8	Mtfr1	Overlap_uORF	start	360	0	0	-1	A				1	0.00092652999	0.00056497175	0.00092652993
mouse_wang_liver	ENSMUST00000130645.8	Mtfr1	Overlap_uORF	start	361	0	0	-1	T				0	0.00023958844	0	0.00023958842
mouse_wang_liver	ENSMUST00000130645.8	Mtfr1	Overlap_uORF	start	362	0	0	-1	C				0	0.00030465555	0	0.00030465553
mouse_wang_liver	ENSMUST00000130645.8	Mtfr1	Overlap_uORF	start	363	0	0	-1	G				0	0.0015434165	0	0.0015434164
mouse_wang_liver	ENSMUST00000130645.8	Mtfr1	Overlap_uORF	start	364	0	0	-1	T				1	0.00016751398	0.00056497175	0.00016751397
mouse_wang_liver	ENSMUST00000130645.8	Mtfr1	Overlap_uORF	start	365	0	0	-1	A				0	2.2066313e-05	0	2.2066312e-05
mouse_wang_liver	ENSMUST00000130645.8	Mtfr1	Overlap_uORF	start	366	0	0	-1	A				0	0.00038863649	0	0.00038863646
mouse_wang_liver	ENSMUST00000130645.8	Mtfr1	Overlap_uORF	start	367	0	0	-1	G				4	3.6616326e-05	0.002259887	3.6616324e-05
mouse_wang_liver	ENSMUST00000130645.8	Mtfr1	Overlap_uORF	start	368	0	0	-1	G				7	2.7518074e-05	0.0039548023	2.7518072e-05
mouse_wang_liver	ENSMUST00000130645.8	Mtfr1	Overlap_uORF	start	369	0	0	-1	A				12	0.00032303151	0.006779661	0.00032303149
mouse_wang_liver	ENSMUST00000130645.8	Mtfr1	Overlap_uORF	start	370	0	0	-1	A				3	7.3692163e-06	0.0016949153	7.3692158e-06
mouse_wang_liver	ENSMUST00000130645.8	Mtfr1	Overlap_uORF	start	371	0	0	-1	A				1	1.9008712e-05	0.00056497175	1.9008711e-05
mouse_wang_liver	ENSMUST00000130645.8	Mtfr1	Overlap_uORF	start	372	0	0	-1	A				0	0.00080488034	0	0.00080488029
mouse_wang_liver	ENSMUST00000130645.8	Mtfr1	Overlap_uORF	start	373	0	0	-1	T				0	0.00012685843	0	0.00012685842
mouse_wang_liver	ENSMUST00000130645.8	Mtfr1	Overlap_uORF	start	374	0	0	-1	T				0	3.1135558e-05	0	3.1135556e-05
mouse_wang_liver	ENSMUST00000130645.8	Mtfr1	Overlap_uORF	start	375	0	0	-1	G				0	0.00053124106	0	0.00053124103
mouse_wang_liver	ENSMUST00000130645.8	Mtfr1	Overlap_uORF	start	376	0	0	-1	G				0	5.0306702e-05	0	5.0306699e-05
mouse_wang_liver	ENSMUST00000130645.8	Mtfr1	Overlap_uORF	start	377	0	0	-1	T				0	7.4559444e-05	0	7.455944e-05
mouse_wang_liver	ENSMUST00000130645.8	Mtfr1	Overlap_uORF	start	378	0	0	-1	A				0	0.00071636995	0	0.0007163699
mouse_wang_liver	ENSMUST00000130645.8	Mtfr1	Overlap_uORF	start	379	0	0	-1	C				0	3.8246108e-05	0	3.8246105e-05
mouse_wang_liver	ENSMUST00000130645.8	Mtfr1	Overlap_uORF	start	380	0	0	-1	C				0	0.00019486484	0	0.00019486483
mouse_wang_liver	ENSMUST00000130645.8	Mtfr1	Overlap_uORF	start	381	0	0	-1	A				0	0.0019558547	0	0.0019558546
mouse_wang_liver	ENSMUST00000130645.8	Mtfr1	Overlap_uORF	start	382	0	0	-1	A				0	9.9324505e-05	0	9.9324499e-05
mouse_wang_liver	ENSMUST00000130645.8	Mtfr1	Overlap_uORF	start	383	0	0	-1	C				0	0.00017690337	0	0.00017690336
mouse_wang_liver	ENSMUST00000130645.8	Mtfr1	Overlap_uORF	start	384	0	0	-1	T				0	0.0011681983	0	0.0011681982
mouse_wang_liver	ENSMUST00000130645.8	Mtfr1	Overlap_uORF	start	385	0	0	-1	T				0	0.00021218973	0	0.00021218971
mouse_wang_liver	ENSMUST00000130645.8	Mtfr1	Overlap_uORF	start	386	0	0	-1	A				0	0.00024923097	0	0.00024923096
mouse_wang_liver	ENSMUST00000130645.8	Mtfr1	Overlap_uORF	start	387	0	0	-1	T				0	0.00083545269	0	0.00083545264
mouse_wang_liver	ENSMUST00000130645.8	Mtfr1	Overlap_uORF	start	388	0	0	-1	C				0	6.7180627e-05	0	6.7180622e-05
mouse_wang_liver	ENSMUST00000130645.8	Mtfr1	Overlap_uORF	start	389	0	0	-1	T				0	8.9497611e-05	0	8.9497606e-05
mouse_wang_liver	ENSMUST00000130645.8	Mtfr1	Overlap_uORF	start	390	0	0	-1	C				0	0.0040001506	0	0.0040001504
mouse_wang_liver	ENSMUST00000130645.8	Mtfr1	Overlap_uORF	start	391	0	0	-1	T				0	0.00030918623	0	0.00030918621
mouse_wang_liver	ENSMUST00000130645.8	Mtfr1	Overlap_uORF	start	392	0	0	-1	G				0	0.00012022231	0	0.00012022231
mouse_wang_liver	ENSMUST00000130645.8	Mtfr1	Overlap_uORF	start	393	0	0	-1	A				0	0.0025262146	0	0.0025262144
mouse_wang_liver	ENSMUST00000130645.8	Mtfr1	Overlap_uORF	start	394	0	0	-1	T				0	0.00014123983	0	0.00014123982
mouse_wang_liver	ENSMUST00000130645.8	Mtfr1	Overlap_uORF	start	395	0	0	-1	T				0	8.5833351e-05	0	8.5833346e-05
mouse_wang_liver	ENSMUST00000130645.8	Mtfr1	Overlap_uORF	start	396	0	0	-1	C				0	0.00047670762	0	0.00047670759
mouse_wang_liver	ENSMUST00000130645.8	Mtfr1	Overlap_uORF	start	397	0	0	-1	A				0	0.00013311535	0	0.00013311534
mouse_wang_liver	ENSMUST00000130645.8	Mtfr1	Overlap_uORF	start	398	0	0	-1	G				0	6.8246052e-05	0	6.8246048e-05
mouse_wang_liver	ENSMUST00000130645.8	Mtfr1	Overlap_uORF	start	399	0	0	-1	T				0	0.00096893229	0	0.00096893223
mouse_wang_liver	ENSMUST00000130645.8	Mtfr1	Overlap_uORF	start	400	0	0	-1	G				0	9.2852781e-05	0	9.2852775e-05
mouse_wang_liver	ENSMUST00000130645.8	Mtfr1	Overlap_uORF	start	401	0	0	-1	T				0	4.5045465e-05	0	4.5045462e-05
mouse_wang_liver	ENSMUST00000130645.8	Mtfr1	Overlap_uORF	start	402	0	0	-1	C				0	0.0013078697	0	0.0013078696
mouse_wang_liver	ENSMUST00000130645.8	Mtfr1	Overlap_uORF	start	403	0	0	-1	C				0	0.00014992918	0	0.00014992917
mouse_wang_liver	ENSMUST00000130645.8	Mtfr1	Overlap_uORF	start	404	0	0	-1	A				0	0.0002292048	0	0.00022920479
mouse_wang_liver	ENSMUST00000130645.8	Mtfr1	Overlap_uORF	start	405	0	0	-1	A				0	0.00096910703	0	0.00096910697
mouse_wang_liver	ENSMUST00000130645.8	Mtfr1	Overlap_uORF	start	406	0	0	-1	G				0	6.5493841e-05	0	6.5493837e-05
mouse_wang_liver	ENSMUST00000130645.8	Mtfr1	Overlap_uORF	start	407	0	0	-1	A				0	3.2470289e-05	0	3.2470287e-05
mouse_wang_liver	ENSMUST00000130645.8	Mtfr1	Overlap_uORF	start	408	0	0	-1	G				0	0.0005464523	0	0.00054645226
mouse_wang_liver	ENSMUST00000130645.8	Mtfr1	Overlap_uORF	start	409	0	0	-1	T				0	6.4987697e-05	0	6.4987693e-05
mouse_wang_liver	ENSMUST00000130645.8	Mtfr1	Overlap_uORF	start	410	0	0	-1	T				0	0.00026412046	0	0.00026412045
mouse_wang_liver	ENSMUST00000130645.8	Mtfr1	Overlap_uORF	start	411	0	0	-1	C				0	0.00086985005	0	0.00086984999
mouse_wang_liver	ENSMUST00000130645.8	Mtfr1	Overlap_uORF	start	412	0	0	-1	A				0	8.3973777e-05	0	8.3973772e-05
mouse_wang_liver	ENSMUST00000130645.8	Mtfr1	Overlap_uORF	start	413	0	0	-1	A				0	5.5694854e-05	0	5.5694851e-05
mouse_wang_liver	ENSMUST00000130645.8	Mtfr1	Overlap_uORF	start	414	0	0	-1	T				0	0.00071776839	0	0.00071776834
mouse_wang_liver	ENSMUST00000130645.8	Mtfr1	Overlap_uORF	start	415	0	0	-1	T				0	0.00011038671	0	0.0001103867
mouse_wang_liver	ENSMUST00000130645.8	Mtfr1	Overlap_uORF	start	416	0	0	-1	T				0	7.6790689e-05	0	7.6790685e-05
mouse_wang_liver	ENSMUST00000130645.8	Mtfr1	Overlap_uORF	start	417	0	0	-1	C				0	0.0021313839	0	0.0021313837
mouse_wang_liver	ENSMUST00000130645.8	Mtfr1	Overlap_uORF	start	418	0	0	-1	A				0	8.7951667e-05	0	8.7951661e-05
mouse_wang_liver	ENSMUST00000130645.8	Mtfr1	Overlap_uORF	start	419	0	0	-1	G				0	3.7814265e-05	0	3.7814263e-05
mouse_wang_liver	ENSMUST00000130645.8	Mtfr1	Overlap_uORF	start	420	0	0	-1	C				0	0.00020422519	0	0.00020422517
mouse_wang_liver	ENSMUST00000130645.8	Mtfr1	Overlap_uORF	start	421	0	0	-1	T				0	0.00031663099	0	0.00031663097
mouse_wang_liver	ENSMUST00000130645.8	Mtfr1	Overlap_uORF	start	422	0	0	-1	T				0	9.9099321e-05	0	9.9099315e-05
mouse_wang_liver	ENSMUST00000130645.8	Mtfr1	Overlap_uORF	start	423	0	0	-1	A				0	0.0006991062	0	0.00069910615
mouse_wang_liver	ENSMUST00000130645.8	Mtfr1	Overlap_uORF	start	424	0	0	-1	C				0	0.00024639288	0	0.00024639287
mouse_wang_liver	ENSMUST00000130645.8	Mtfr1	Overlap_uORF	start	425	0	0	-1	C				0	0.00035197815	0	0.00035197812
mouse_wang_liver	ENSMUST00000130645.8	Mtfr1	Overlap_uORF	start	426	0	0	-1	A				0	0.0022367472	0	0.002236747
mouse_wang_liver	ENSMUST00000130645.8	Mtfr1	Overlap_uORF	start	427	0	0	-1	G				0	0.00018374473	0	0.00018374472
mouse_wang_liver	ENSMUST00000130645.8	Mtfr1	Overlap_uORF	start	428	0	0	-1	C				0	0.0001167289	0	0.00011672889
mouse_wang_liver	ENSMUST00000130645.8	Mtfr1	Overlap_uORF	start	429	0	0	-1	C				0	0.001624646	0	0.0016246459
mouse_wang_liver	ENSMUST00000130645.8	Mtfr1	Overlap_uORF	start	430	0	0	-1	A				0	0.0012809791	0	0.0012809791
mouse_wang_liver	ENSMUST00000130645.8	Mtfr1	Overlap_uORF	start	431	0	0	-1	T				0	0.00010048333	0	0.00010048333
mouse_wang_liver	ENSMUST00000130645.8	Mtfr1	Overlap_uORF	start	432	0	0	-1	G				0	0.0010046795	0	0.0010046794
mouse_wang_liver	ENSMUST00000130645.8	Mtfr1	Overlap_uORF	start	433	0	0	-1	C				0	3.8177051e-05	0	3.8177049e-05
mouse_wang_liver	ENSMUST00000130645.8	Mtfr1	Overlap_uORF	start	434	0	0	-1	A				0	3.7498707e-05	0	3.7498704e-05
mouse_wang_liver	ENSMUST00000130645.8	Mtfr1	Overlap_uORF	start	435	0	0	-1	A				6	0.0002928302	0.0033898305	0.00029283018
mouse_wang_liver	ENSMUST00000130645.8	Mtfr1	Overlap_uORF	start	436	0	0	-1	C				3	4.8512775e-05	0.0016949153	4.8512772e-05
mouse_wang_liver	ENSMUST00000130645.8	Mtfr1	Overlap_uORF	start	437	0	0	-1	A				1	4.0595565e-05	0.00056497175	4.0595563e-05
mouse_wang_liver	ENSMUST00000130645.8	Mtfr1	Overlap_uORF	start	438	0	0	-1	G				8	0.0021585284	0.004519774	0.0021585283
mouse_wang_liver	ENSMUST00000130645.8	Mtfr1	Overlap_uORF	start	439	0	0	-1	A				3	3.8945178e-05	0.0016949153	3.8945176e-05
mouse_wang_liver	ENSMUST00000130645.8	Mtfr1	Overlap_uORF	start	440	0	0	-1	A				0	6.1723709e-05	0	6.1723705e-05
mouse_wang_liver	ENSMUST00000130645.8	Mtfr1	Overlap_uORF	start	441	0	0	-1	T				1	0.00067316747	0.00056497175	0.00067316742
mouse_wang_liver	ENSMUST00000130645.8	Mtfr1	Overlap_uORF	start	442	0	0	-1	G				0	6.877003e-05	0	6.8770026e-05
mouse_wang_liver	ENSMUST00000130645.8	Mtfr1	Overlap_uORF	start	443	0	0	-1	G				1	0.0004897645	0.00056497175	0.00048976447
mouse_wang_liver	ENSMUST00000130645.8	Mtfr1	Overlap_uORF	start	444	0	0	-1	A				0	0.00058067782	0	0.00058067778
mouse_wang_liver	ENSMUST00000130645.8	Mtfr1	Overlap_uORF	start	445	0	0	-1	G				0	8.7018154e-05	0	8.7018148e-05
mouse_wang_liver	ENSMUST00000130645.8	Mtfr1	Overlap_uORF	start	446	0	0	-1	T				0	9.9823425e-05	0	9.9823418e-05
mouse_wang_liver	ENSMUST00000130645.8	Mtfr1	Overlap_uORF	start	447	0	0	-1	C				0	0.0010531502	0	0.0010531501
mouse_wang_liver	ENSMUST00000130645.8	Mtfr1	Overlap_uORF	start	448	0	0	-1	C				0	0.00016823395	0	0.00016823394
mouse_wang_liver	ENSMUST00000130645.8	Mtfr1	Overlap_uORF	start	449	0	0	-1	C				0	0.00080754526	0	0.00080754521
mouse_wang_liver	ENSMUST00000130645.8	Mtfr1	Overlap_uORF	start	450	0	0	-1	G				0	0.00076586532	0	0.00076586527
mouse_wang_liver	ENSMUST00000130645.8	Mtfr1	Overlap_uORF	start	451	0	0	-1	C				0	9.6478623e-05	0	9.6478617e-05
mouse_wang_liver	ENSMUST00000130645.8	Mtfr1	Overlap_uORF	start	452	0	0	-1	A				0	0.00022929421	0	0.00022929419
mouse_wang_liver	ENSMUST00000130645.8	Mtfr1	Overlap_uORF	start	453	0	0	-1	C				0	0.0017636056	0	0.0017636055
mouse_wang_liver	ENSMUST00000130645.8	Mtfr1	Overlap_uORF	start	454	0	0	-1	A				0	7.7022079e-05	0	7.7022075e-05
mouse_wang_liver	ENSMUST00000130645.8	Mtfr1	Overlap_uORF	start	455	0	0	-1	C				0	0.00054122618	0	0.00054122615
mouse_wang_liver	ENSMUST00000130645.8	Mtfr1	Overlap_uORF	start	456	0	0	-1	T				1	0.0027716821	0.00056497175	0.0027716819
mouse_wang_liver	ENSMUST00000130645.8	Mtfr1	Overlap_uORF	start	457	0	0	-1	C				0	9.9070501e-05	0	9.9070495e-05
mouse_wang_liver	ENSMUST00000130645.8	Mtfr1	Overlap_uORF	start	458	0	0	-1	A				0	0.00010792106	0	0.00010792106
mouse_wang_liver	ENSMUST00000130645.8	Mtfr1	Overlap_uORF	start	459	0	0	-1	G				0	0.0011791911	0	0.001179191
mouse_wang_liver	ENSMUST00000130645.8	Mtfr1	Overlap_uORF	start	460	0	0	-1	G				0	7.0403214e-05	0	7.0403209e-05
mouse_wang_liver	ENSMUST00000130645.8	Mtfr1	Overlap_uORF	start	461	0	0	-1	A				0	8.7685759e-05	0	8.7685754e-05
mouse_wang_liver	ENSMUST00000130645.8	Mtfr1	Overlap_uORF	start	462	0	0	-1	G				0	0.00067832362	0	0.00067832357
mouse_wang_liver	ENSMUST00000130645.8	Mtfr1	Overlap_uORF	start	463	0	0	-1	A				1	0.00011226939	0.00056497175	0.00011226939
mouse_wang_liver	ENSMUST00000130645.8	Mtfr1	Overlap_uORF	start	464	0	0	-1	G				0	3.8600632e-05	0	3.860063e-05
mouse_wang_liver	ENSMUST00000130645.8	Mtfr1	Overlap_uORF	start	465	0	0	-1	G				2	0.00028897898	0.0011299435	0.00028897896
mouse_wang_liver	ENSMUST00000130645.8	Mtfr1	Overlap_uORF	start	466	0	0	-1	A				1	0.00013708886	0.00056497175	0.00013708886
mouse_wang_liver	ENSMUST00000130645.8	Mtfr1	Overlap_uORF	start	467	0	0	-1	T				0	7.0900402e-05	0	7.0900397e-05
mouse_wang_liver	ENSMUST00000130645.8	Mtfr1	Overlap_uORF	start	468	0	0	-1	G				1	0.00093839807	0.00056497175	0.00093839801
mouse_wang_liver	ENSMUST00000130645.8	Mtfr1	Overlap_uORF	start	469	0	0	-1	C				2	0.00017721896	0.0011299435	0.00017721895
mouse_wang_liver	ENSMUST00000130645.8	Mtfr1	Overlap_uORF	start	470	0	0	-1	G				16	0.00012457168	0.009039548	0.00012457168
mouse_wang_liver	ENSMUST00000130645.8	Mtfr1	Overlap_uORF	start	471	0	0	-1	G				5	0.00039141573	0.0028248588	0.0003914157
mouse_wang_liver	ENSMUST00000130645.8	Mtfr1	Overlap_uORF	start	472	0	0	-1	T				0	7.6144861e-05	0	7.6144856e-05
mouse_wang_liver	ENSMUST00000130645.8	Mtfr1	Overlap_uORF	start	473	0	0	-1	G				2	9.9385048e-05	0.0011299435	9.9385042e-05
mouse_wang_liver	ENSMUST00000130645.8	Mtfr1	Overlap_uORF	start	474	0	0	-1	G				14	0.0010673564	0.0079096045	0.0010673564
mouse_wang_liver	ENSMUST00000130645.8	Mtfr1	Overlap_uORF	start	475	0	0	-1	C				2	8.6399865e-05	0.0011299435	8.6399859e-05
mouse_wang_liver	ENSMUST00000130645.8	Mtfr1	Overlap_uORF	start	476	0	0	-1	A				0	2.6251821e-05	0	2.6251819e-05
mouse_wang_liver	ENSMUST00000130645.8	Mtfr1	Overlap_uORF	start	477	0	0	-1	T				0	0.00079275796	0	0.00079275791
mouse_wang_liver	ENSMUST00000130645.8	Mtfr1	Overlap_uORF	start	478	0	0	-1	C				2	0.00027379137	0.0011299435	0.00027379136
mouse_wang_liver	ENSMUST00000130645.8	Mtfr1	Overlap_uORF	start	479	0	0	-1	T				0	0.00018850851	0	0.0001885085
mouse_wang_liver	ENSMUST00000130645.8	Mtfr1	Overlap_uORF	start	480	0	0	-1	T				1	0.00052806013	0.00056497175	0.0005280601
mouse_wang_liver	ENSMUST00000130645.8	Mtfr1	Overlap_uORF	start	481	0	0	-1	T				0	9.6558702e-05	0	9.6558696e-05
mouse_wang_liver	ENSMUST00000130645.8	Mtfr1	Overlap_uORF	start	482	0	0	-1	T				0	3.8253405e-05	0	3.8253403e-05
mouse_wang_liver	ENSMUST00000130645.8	Mtfr1	Overlap_uORF	start	483	0	0	-1	G				8	0.0020024294	0.004519774	0.0020024293
mouse_wang_liver	ENSMUST00000130645.8	Mtfr1	Overlap_uORF	start	484	0	0	-1	C				2	0.00015668018	0.0011299435	0.00015668017
mouse_wang_liver	ENSMUST00000130645.8	Mtfr1	Overlap_uORF	start	485	0	0	-1	T				2	0.00040417502	0.0011299435	0.000404175
mouse_wang_liver	ENSMUST00000130645.8	Mtfr1	Overlap_uORF	start	486	0	0	-1	G				5	0.0012945188	0.0028248588	0.0012945187
mouse_wang_liver	ENSMUST00000130645.8	Mtfr1	Overlap_uORF	start	487	0	0	-1	A				0	9.0885675e-05	0	9.0885669e-05
mouse_wang_liver	ENSMUST00000130645.8	Mtfr1	Overlap_uORF	start	488	0	0	-1	T				0	2.8274429e-05	0	2.8274428e-05
mouse_wang_liver	ENSMUST00000130645.8	Mtfr1	Overlap_uORF	start	489	0	0	-1	G				1	0.00084900588	0.00056497175	0.00084900583
mouse_wang_liver	ENSMUST00000130645.8	Mtfr1	Overlap_uORF	start	490	0	0	-1	T				1	9.0625588e-05	0.00056497175	9.0625583e-05
mouse_wang_liver	ENSMUST00000130645.8	Mtfr1	Overlap_uORF	start	491	0	0	-1	T				0	6.2776184e-05	0	6.277618e-05
mouse_wang_liver	ENSMUST00000130645.8	Mtfr1	Overlap_uORF	start	492	0	0	-1	G				2	0.0013123126	0.0011299435	0.0013123125
mouse_wang_liver	ENSMUST00000130645.8	Mtfr1	Overlap_uORF	start	493	0	0	-1	G				4	0.00011424257	0.002259887	0.00011424256
mouse_wang_liver	ENSMUST00000130645.8	Mtfr1	Overlap_uORF	start	494	0	0	-1	A				0	0.00010978211	0	0.0001097821
mouse_wang_liver	ENSMUST00000130645.8	Mtfr1	Overlap_uORF	start	495	0	0	-1	T				1	0.0011055681	0.00056497175	0.0011055681
mouse_wang_liver	ENSMUST00000130645.8	Mtfr1	Overlap_uORF	start	496	0	0	-1	T				0	0.00021940586	0	0.00021940585
mouse_wang_liver	ENSMUST00000130645.8	Mtfr1	Overlap_uORF	start	497	0	0	-1	G				0	7.6806064e-05	0	7.6806059e-05
mouse_wang_liver	ENSMUST00000130645.8	Mtfr1	Overlap_uORF	start	498	0	0	-1	G				2	0.0011243703	0.0011299435	0.0011243702
mouse_wang_liver	ENSMUST00000130645.8	Mtfr1	Overlap_uORF	start	499	0	0	-1	T				1	5.6486093e-05	0.00056497175	5.6486089e-05
mouse_wang_liver	ENSMUST00000130645.8	Mtfr1	Overlap_uORF	start	500	0	0	-1	A				1	3.9158167e-05	0.00056497175	3.9158165e-05
mouse_wang_liver	ENSMUST00000130645.8	Mtfr1	Overlap_uORF	start	501	0	0	-1	G				2	0.00029639984	0.0011299435	0.00029639982
mouse_wang_liver	ENSMUST00000130645.8	Mtfr1	Overlap_uORF	start	502	0	0	-1	C				0	9.9667042e-05	0	9.9667036e-05
mouse_wang_liver	ENSMUST00000130645.8	Mtfr1	Overlap_uORF	start	503	0	0	-1	C				0	7.240643e-05	0	7.2406426e-05
mouse_wang_liver	ENSMUST00000130645.8	Mtfr1	Overlap_uORF	start	504	0	0	-1	A				0	0.00034327875	0	0.00034327873
mouse_wang_liver	ENSMUST00000130645.8	Mtfr1	Overlap_uORF	start	505	0	0	-1	C				0	5.4405671e-05	0	5.4405668e-05
mouse_wang_liver	ENSMUST00000130645.8	Mtfr1	Overlap_uORF	start	506	0	0	-1	T				0	8.3226347e-05	0	8.3226342e-05
mouse_wang_liver	ENSMUST00000130645.8	Mtfr1	Overlap_uORF	start	507	0	0	-1	G				3	0.0022432222	0.0016949153	0.0022432221
mouse_wang_liver	ENSMUST00000130645.8	Mtfr1	Overlap_uORF	start	508	0	0	-1	A				0	0.00018679429	0	0.00018679428
mouse_wang_liver	ENSMUST00000130645.8	Mtfr1	Overlap_uORF	start	509	0	0	-1	A				0	5.7008008e-05	0	5.7008005e-05
mouse_wang_liver	ENSMUST00000130645.8	Mtfr1	Overlap_uORF	start	510	0	0	-1	G				1	0.0038579581	0.00056497175	0.0038579579
mouse_wang_liver	ENSMUST00000130645.8	Mtfr1	Overlap_uORF	start	511	0	0	-1	A				1	0.00032938638	0.00056497175	0.00032938636
mouse_wang_liver	ENSMUST00000130645.8	Mtfr1	Overlap_uORF	start	512	0	0	-1	A				14	0.00088543096	0.0079096045	0.0008854309
mouse_wang_liver	ENSMUST00000130645.8	Mtfr1	Overlap_uORF	start	513	0	0	-1	G				41	0.0059102718	0.023163842	0.0059102714
mouse_wang_liver	ENSMUST00000130645.8	Mtfr1	Overlap_uORF	start	514	0	0	-1	G				2	0.00074578397	0.0011299435	0.00074578392
mouse_wang_liver	ENSMUST00000130645.8	Mtfr1	Overlap_uORF	start	515	0	0	-1	A				0	0.00014372599	0	0.00014372598
mouse_wang_liver	ENSMUST00000130645.8	Mtfr1	Overlap_uORF	start	516	0	0	-1	G				0	0.0081593022	0	0.0081593017
mouse_wang_liver	ENSMUST00000130645.8	Mtfr1	Overlap_uORF	start	517	0	0	-1	A				0	0.00036473278	0	0.00036473276
mouse_wang_liver	ENSMUST00000130645.8	Mtfr1	Overlap_uORF	start	518	0	0	-1	G				0	0.00018826436	0	0.00018826434
mouse_wang_liver	ENSMUST00000130645.8	Mtfr1	Overlap_uORF	start	519	0	0	-1	T				0	0.00086310715	0	0.0008631071
mouse_wang_liver	ENSMUST00000130645.8	Mtfr1	Overlap_uORF	start	520	0	0	-1	G				0	0.00026797905	0	0.00026797903
mouse_wang_liver	ENSMUST00000130645.8	Mtfr1	Overlap_uORF	start	521	0	0	-1	C				0	0.00011682835	0	0.00011682834
mouse_wang_liver	ENSMUST00000130645.8	Mtfr1	Overlap_uORF	start	522	0	0	-1	T				0	0.0027514847	0	0.0027514846
mouse_wang_liver	ENSMUST00000130645.8	Mtfr1	Overlap_uORF	start	523	0	0	-1	C				0	0.00082768337	0	0.00082768332
mouse_wang_liver	ENSMUST00000130645.8	Mtfr1	Overlap_uORF	start	524	0	0	-1	A				0	0.00036057737	0	0.00036057734
mouse_wang_liver	ENSMUST00000130645.8	Mtfr1	Overlap_uORF	start	525	0	0	-1	A				0	0.0028727222	0	0.002872722
mouse_wang_liver	ENSMUST00000130645.8	Mtfr1	Overlap_uORF	start	526	0	0	-1	T				0	0.00040840573	0	0.0004084057
mouse_wang_liver	ENSMUST00000130645.8	Mtfr1	Overlap_uORF	start	527	0	0	-1	A				0	0.00043548181	0	0.00043548178
mouse_wang_liver	ENSMUST00000130645.8	Mtfr1	Overlap_uORF	start	528	0	0	-1	A				0	0.0035342872	0	0.003534287
mouse_wang_liver	ENSMUST00000130645.8	Mtfr1	Overlap_uORF	start	529	0	0	-1	G				0	0.00039228197	0	0.00039228195
mouse_wang_liver	ENSMUST00000130645.8	Mtfr1	Overlap_uORF	start	530	0	0	-1	A				0	0.00071751792	0	0.00071751788
mouse_wang_liver	ENSMUST00000130645.8	Mtfr1	Overlap_uORF	start	531	0	0	-1	C				0	0.0029762476	0	0.0029762474
mouse_wang_liver	ENSMUST00000130645.8	Mtfr1	Overlap_uORF	start	532	0	0	-1	T				0	0.00012021819	0	0.00012021818
mouse_wang_liver	ENSMUST00000130645.8	Mtfr1	Overlap_uORF	start	533	0	0	-1	C				0	0.00023159738	0	0.00023159737
mouse_wang_liver	ENSMUST00000130645.8	Mtfr1	Overlap_uORF	start	534	0	0	-1	A				0	0.0018853702	0	0.0018853701
mouse_wang_liver	ENSMUST00000130645.8	Mtfr1	Overlap_uORF	start	535	0	0	-1	G				0	0.00016035154	0	0.00016035153
mouse_wang_liver	ENSMUST00000130645.8	Mtfr1	Overlap_uORF	start	536	0	0	-1	G				0	0.00010478	0	0.00010477999
mouse_wang_liver	ENSMUST00000130645.8	Mtfr1	Overlap_uORF	start	537	0	0	-1	G				21	0.0021027632	0.011864407	0.002102763
mouse_wang_liver	ENSMUST00000130645.8	Mtfr1	Overlap_uORF	start	538	0	0	-1	C				3	0.00016176693	0.0016949153	0.00016176692
mouse_wang_liver	ENSMUST00000130645.8	Mtfr1	Overlap_uORF	start	539	0	0	-1	A				0	0.00025312364	0	0.00025312362
mouse_wang_liver	ENSMUST00000130645.8	Mtfr1	Overlap_uORF	start	540	0	0	-1	G				1	0.0042914692	0.00056497175	0.004291469
mouse_wang_liver	ENSMUST00000130645.8	Mtfr1	Overlap_uORF	start	541	0	0	-1	A				0	6.7324167e-05	0	6.7324162e-05
mouse_wang_liver	ENSMUST00000130645.8	Mtfr1	Overlap_uORF	start	542	0	0	-1	A				0	3.2318512e-05	0	3.231851e-05
mouse_wang_liver	ENSMUST00000130645.8	Mtfr1	Overlap_uORF	start	543	0	0	-1	G				0	0.00046011622	0	0.00046011619
mouse_wang_liver	ENSMUST00000130645.8	Mtfr1	Overlap_uORF	start	544	0	0	-1	T				0	7.7073328e-06	0	7.7073323e-06
mouse_wang_liver	ENSMUST00000130645.8	Mtfr1	Overlap_uORF	start	545	0	0	-1	C				0	4.6503228e-06	0	4.6503225e-06
mouse_wang_liver	ENSMUST00000130645.8	Mtfr1	Overlap_uORF	start	546	0	0	-1	A				0	0.00034266739	0	0.00034266737
mouse_wang_liver	ENSMUST00000130645.8	Mtfr1	Overlap_uORF	start	547	0	0	-1	G				0	1.003942e-05	0	1.0039419e-05
mouse_wang_liver	ENSMUST00000130645.8	Mtfr1	Overlap_uORF	start	548	0	0	-1	T				0	4.668281e-05	0	4.6682807e-05
mouse_wang_liver	ENSMUST00000130645.8	Mtfr1	Overlap_uORF	start	549	0	0	-1	T				1	0.0006540661	0.00056497175	0.00065406606
mouse_wang_liver	ENSMUST00000130645.8	Mtfr1	Overlap_uORF	start	550	0	0	-1	C				2	9.6757816e-05	0.0011299435	9.675781e-05
mouse_wang_liver	ENSMUST00000130645.8	Mtfr1	Overlap_uORF	start	551	0	0	-1	C				0	4.9989099e-05	0	4.9989096e-05
mouse_wang_liver	ENSMUST00000130645.8	Mtfr1	Overlap_uORF	start	552	0	0	-1	A				0	0.0012287179	0	0.0012287178
mouse_wang_liver	ENSMUST00000130645.8	Mtfr1	Overlap_uORF	start	553	0	0	-1	A				0	0.00010211839	0	0.00010211838
mouse_wang_liver	ENSMUST00000130645.8	Mtfr1	Overlap_uORF	start	554	0	0	-1	G				0	0.00025750534	0	0.00025750532
mouse_wang_liver	ENSMUST00000130645.8	Mtfr1	Overlap_uORF	start	555	0	0	-1	C				0	0.002316894	0	0.0023168939
mouse_wang_liver	ENSMUST00000130645.8	Mtfr1	Overlap_uORF	start	556	0	0	-1	C				0	5.4818887e-05	0	5.4818884e-05
mouse_wang_liver	ENSMUST00000130645.8	Mtfr1	Overlap_uORF	start	557	0	0	-1	T				0	2.9333989e-05	0	2.9333987e-05
mouse_wang_liver	ENSMUST00000130645.8	Mtfr1	Overlap_uORF	start	558	0	0	-1	C				0	0.00097993319	0	0.00097993313
mouse_wang_liver	ENSMUST00000130645.8	Mtfr1	Overlap_uORF	start	559	0	0	-1	C				0	3.3044373e-05	0	3.3044371e-05
mouse_wang_liver	ENSMUST00000130645.8	Mtfr1	Overlap_uORF	start	560	0	0	-1	T				0	2.174226e-05	0	2.1742259e-05
mouse_wang_liver	ENSMUST00000130645.8	Mtfr1	Overlap_uORF	start	561	0	0	-1	C				3	0.0008281215	0.0016949153	0.00082812145
mouse_wang_liver	ENSMUST00000130645.8	Mtfr1	Overlap_uORF	start	562	0	0	-1	A				0	3.6244168e-05	0	3.6244166e-05
mouse_wang_liver	ENSMUST00000130645.8	Mtfr1	Overlap_uORF	start	563	0	0	-1	T				0	2.8388315e-05	0	2.8388313e-05
mouse_wang_liver	ENSMUST00000130645.8	Mtfr1	Overlap_uORF	start	564	0	0	-1	G				0	0.00032834982	0	0.0003283498
mouse_wang_liver	ENSMUST00000130645.8	Mtfr1	Overlap_uORF	start	565	0	0	-1	A				0	6.6519126e-05	0	6.6519121e-05
mouse_wang_liver	ENSMUST00000130645.8	Mtfr1	Overlap_uORF	start	566	0	0	-1	G				0	1.9848387e-05	0	1.9848386e-05
mouse_wang_liver	ENSMUST00000130645.8	Mtfr1	Overlap_uORF	start	567	0	0	-1	G				1	0.00027374309	0.00056497175	0.00027374307
mouse_wang_liver	ENSMUST00000130645.8	Mtfr1	Overlap_uORF	start	568	0	0	-1	A				0	5.1318973e-05	0	5.131897e-05
mouse_wang_liver	ENSMUST00000130645.8	Mtfr1	Overlap_uORF	start	569	0	0	-1	T				0	2.5316893e-05	0	2.5316891e-05
mouse_wang_liver	ENSMUST00000130645.8	Mtfr1	Overlap_uORF	start	570	0	0	-1	G				1	0.00054498547	0.00056497175	0.00054498543
mouse_wang_liver	ENSMUST00000130645.8	Mtfr1	Overlap_uORF	start	571	0	0	-1	A				0	0.00021624545	0	0.00021624543
mouse_wang_liver	ENSMUST00000130645.8	Mtfr1	Overlap_uORF	start	572	0	0	-1	C				1	3.3883916e-05	0.00056497175	3.3883914e-05
mouse_wang_liver	ENSMUST00000130645.8	Mtfr1	Overlap_uORF	start	573	0	0	-1	C				0	0.0043319059	0	0.0043319056
mouse_wang_liver	ENSMUST00000130645.8	Mtfr1	Overlap_uORF	start	574	0	0	-1	C				0	0.0026474856	0	0.0026474854
mouse_wang_liver	ENSMUST00000130645.8	Mtfr1	Overlap_uORF	start	575	0	0	-1	T				1	0.00065147423	0.00056497175	0.00065147419
mouse_wang_liver	ENSMUST00000130645.8	Mtfr1	Overlap_uORF	start	576	0	0	-1	C				0	0.009108942	0	0.0091089414
mouse_wang_liver	ENSMUST00000130645.8	Mtfr1	Overlap_uORF	start	577	0	0	-1	C				0	0.00044438403	0	0.000444384
mouse_wang_liver	ENSMUST00000130645.8	Mtfr1	Overlap_uORF	start	578	0	0	-1	T				0	4.4943641e-05	0	4.4943638e-05
mouse_wang_liver	ENSMUST00000130645.8	Mtfr1	Overlap_uORF	start	579	0	0	-1	T				0	0.00089427189	0	0.00089427183
mouse_wang_liver	ENSMUST00000130645.8	Mtfr1	Overlap_uORF	start	580	0	0	-1	G				0	8.0252459e-05	0	8.0252454e-05
mouse_wang_liver	ENSMUST00000130645.8	Mtfr1	Overlap_uORF	start	581	0	0	-1	C				0	0.00019268207	0	0.00019268206
mouse_wang_liver	ENSMUST00000130645.8	Mtfr1	Overlap_uORF	start	582	0	0	-1	T				2	0.00083849789	0.0011299435	0.00083849783
mouse_wang_liver	ENSMUST00000130645.8	Mtfr1	Overlap_uORF	start	583	0	0	-1	T				1	0.00023150243	0.00056497175	0.00023150242
mouse_wang_liver	ENSMUST00000130645.8	Mtfr1	Overlap_uORF	start	584	0	0	-1	T				0	2.2687553e-05	0	2.2687551e-05
mouse_wang_liver	ENSMUST00000130645.8	Mtfr1	Overlap_uORF	start	585	0	0	-1	G				1	0.00035431984	0.00056497175	0.00035431982
mouse_wang_liver	ENSMUST00000130645.8	Mtfr1	Overlap_uORF	start	586	0	0	-1	A				0	6.3037209e-05	0	6.3037205e-05
mouse_wang_liver	ENSMUST00000130645.8	Mtfr1	Overlap_uORF	start	587	0	0	-1	G				0	1.4923653e-05	0	1.4923652e-05
mouse_wang_liver	ENSMUST00000130645.8	Mtfr1	Overlap_uORF	start	588	0	0	-1	A				3	0.00036189269	0.0016949153	0.00036189266
mouse_wang_liver	ENSMUST00000130645.8	Mtfr1	Overlap_uORF	start	589	0	0	-1	A				0	5.3192471e-05	0	5.3192467e-05
mouse_wang_liver	ENSMUST00000130645.8	Mtfr1	Overlap_uORF	start	590	0	0	-1	G				0	5.4124816e-05	0	5.4124812e-05
mouse_wang_liver	ENSMUST00000130645.8	Mtfr1	Overlap_uORF	start	591	0	0	-1	C				8	0.0012968765	0.004519774	0.0012968764
mouse_wang_liver	ENSMUST00000130645.8	Mtfr1	Overlap_uORF	start	592	0	0	-1	C				3	4.5780274e-05	0.0016949153	4.5780272e-05
mouse_wang_liver	ENSMUST00000130645.8	Mtfr1	Overlap_uORF	start	593	0	0	-1	C				0	4.2418644e-05	0	4.2418641e-05
mouse_wang_liver	ENSMUST00000130645.8	Mtfr1	Overlap_uORF	start	594	0	0	-1	C				0	0.001248428	0	0.0012484279
mouse_wang_liver	ENSMUST00000130645.8	Mtfr1	Overlap_uORF	start	595	0	0	-1	C				0	0.00011071037	0	0.00011071037
mouse_wang_liver	ENSMUST00000130645.8	Mtfr1	Overlap_uORF	start	596	0	0	-1	A				0	0.00010793805	0	0.00010793805
mouse_wang_liver	ENSMUST00000130645.8	Mtfr1	Overlap_uORF	start	597	0	0	-1	A				1	0.00083984795	0.00056497175	0.0008398479
mouse_wang_liver	ENSMUST00000130645.8	Mtfr1	Overlap_uORF	start	598	0	0	-1	G				0	5.7769787e-05	0	5.7769783e-05
mouse_wang_liver	ENSMUST00000130645.8	Mtfr1	Overlap_uORF	start	599	0	0	-1	C				1	0.00014412362	0.00056497175	0.00014412361
mouse_wang_liver	ENSMUST00000130645.8	Mtfr1	Overlap_uORF	start	600	0	0	-1	A				0	0.0012393447	0	0.0012393446
mouse_wang_liver	ENSMUST00000130645.8	Mtfr1	Overlap_uORF	start	601	0	0	-1	G				0	0.00010199283	0	0.00010199283
mouse_wang_liver	ENSMUST00000130645.8	Mtfr1	Overlap_uORF	start	602	0	0	-1	G				0	0.00011205856	0	0.00011205855
mouse_wang_liver	ENSMUST00000130645.8	Mtfr1	Overlap_uORF	start	603	0	0	-1	C				0	0.0011812103	0	0.0011812102
mouse_wang_liver	ENSMUST00000130645.8	Mtfr1	Overlap_uORF	start	604	0	0	-1	A				0	0.00025853614	0	0.00025853612
mouse_wang_liver	ENSMUST00000130645.8	Mtfr1	Overlap_uORF	start	605	0	0	-1	C				0	4.7703707e-05	0	4.7703704e-05
mouse_wang_liver	ENSMUST00000130645.8	Mtfr1	Overlap_uORF	start	606	0	0	-1	A				1	0.00075949595	0.00056497175	0.0007594959
mouse_wang_liver	ENSMUST00000130645.8	Mtfr1	Overlap_uORF	start	607	0	0	-1	C				0	0.00040140661	0	0.00040140658
mouse_wang_liver	ENSMUST00000130645.8	Mtfr1	Overlap_uORF	start	608	0	0	-1	T				0	7.0086615e-05	0	7.0086611e-05
mouse_wang_liver	ENSMUST00000130645.8	Mtfr1	Overlap_uORF	start	609	0	0	-1	T				1	0.00068229291	0.00056497175	0.00068229287
mouse_wang_liver	ENSMUST00000130645.8	Mtfr1	Overlap_uORF	start	610	0	0	-1	C				0	5.0408133e-05	0	5.040813e-05
mouse_wang_liver	ENSMUST00000130645.8	Mtfr1	Overlap_uORF	start	611	0	0	-1	C				0	3.1267198e-05	0	3.1267196e-05
mouse_wang_liver	ENSMUST00000130645.8	Mtfr1	Overlap_uORF	start	612	0	0	-1	T				1	0.000427102	0.00056497175	0.00042710197
mouse_wang_liver	ENSMUST00000130645.8	Mtfr1	Overlap_uORF	start	613	0	0	-1	T				0	3.2702588e-05	0	3.2702586e-05
mouse_wang_liver	ENSMUST00000130645.8	Mtfr1	Overlap_uORF	start	614	0	0	-1	C				2	2.5947164e-05	0.0011299435	2.5947162e-05
mouse_wang_liver	ENSMUST00000130645.8	Mtfr1	Overlap_uORF	start	615	0	0	-1	C				3	0.0015316714	0.0016949153	0.0015316713
mouse_wang_liver	ENSMUST00000130645.8	Mtfr1	Overlap_uORF	start	616	0	0	-1	C				0	0.00014358612	0	0.00014358611
mouse_wang_liver	ENSMUST00000130645.8	Mtfr1	Overlap_uORF	start	617	0	0	-1	A				0	5.037896e-05	0	5.0378957e-05
mouse_wang_liver	ENSMUST00000130645.8	Mtfr1	Overlap_uORF	start	618	0	0	-1	A				0	0.0013924857	0	0.0013924856
mouse_wang_liver	ENSMUST00000130645.8	Mtfr1	Overlap_uORF	start	619	0	0	-1	G				0	0.00010881845	0	0.00010881844
mouse_wang_liver	ENSMUST00000130645.8	Mtfr1	Overlap_uORF	start	620	0	0	-1	C				0	7.4819429e-05	0	7.4819424e-05
mouse_wang_liver	ENSMUST00000130645.8	Mtfr1	Overlap_uORF	start	621	0	0	-1	C				0	0.0016840852	0	0.0016840851
mouse_wang_liver	ENSMUST00000130645.8	Mtfr1	Overlap_uORF	start	622	0	0	-1	T				0	0.00011097242	0	0.00011097241
mouse_wang_liver	ENSMUST00000130645.8	Mtfr1	Overlap_uORF	start	623	0	0	-1	G				4	0.00025317821	0.002259887	0.00025317819
mouse_wang_liver	ENSMUST00000130645.8	Mtfr1	Overlap_uORF	start	624	0	0	-1	T				11	0.00059840223	0.0062146893	0.00059840219
mouse_wang_liver	ENSMUST00000130645.8	Mtfr1	Overlap_uORF	start	625	0	0	-1	C				0	3.8510436e-05	0	3.8510433e-05
mouse_wang_liver	ENSMUST00000130645.8	Mtfr1	Overlap_uORF	start	626	0	0	-1	T				1	2.5499374e-05	0.00056497175	2.5499372e-05
mouse_wang_liver	ENSMUST00000130645.8	Mtfr1	Overlap_uORF	start	627	0	0	-1	C				19	0.00055141404	0.010734463	0.000551414
mouse_wang_liver	ENSMUST00000130645.8	Mtfr1	Overlap_uORF	start	628	0	0	-1	A				3	0.00014298459	0.0016949153	0.00014298458
mouse_wang_liver	ENSMUST00000130645.8	Mtfr1	Overlap_uORF	start	629	0	0	-1	A				4	0.00023143666	0.002259887	0.00023143664
mouse_wang_liver	ENSMUST00000130645.8	Mtfr1	Overlap_uORF	start	630	0	0	-1	G				20	0.0030727424	0.011299435	0.0030727422
mouse_wang_liver	ENSMUST00000130645.8	Mtfr1	Overlap_uORF	start	631	0	0	-1	A				5	0.00015741392	0.0028248588	0.00015741391
mouse_wang_liver	ENSMUST00000130645.8	Mtfr1	Overlap_uORF	start	632	0	0	-1	C				0	0.00011951003	0	0.00011951003
mouse_wang_liver	ENSMUST00000130645.8	Mtfr1	Overlap_uORF	start	633	0	0	-1	A				0	0.0030785736	0	0.0030785734
mouse_wang_liver	ENSMUST00000130645.8	Mtfr1	Overlap_uORF	start	634	0	0	-1	A				0	0.00065701443	0	0.00065701439
mouse_wang_liver	ENSMUST00000130645.8	Mtfr1	Overlap_uORF	start	635	0	0	-1	G				2	0.00015891473	0.0011299435	0.00015891472
mouse_wang_liver	ENSMUST00000130645.8	Mtfr1	Overlap_uORF	start	636	0	0	-1	C				3	0.004239697	0.0016949153	0.0042396967
mouse_wang_liver	ENSMUST00000130645.8	Mtfr1	Overlap_uORF	start	637	0	0	-1	C				0	0.00066956598	0	0.00066956594
mouse_wang_liver	ENSMUST00000130645.8	Mtfr1	Overlap_uORF	start	638	0	0	-1	T				0	0.00011197331	0	0.00011197331
mouse_wang_liver	ENSMUST00000130645.8	Mtfr1	Overlap_uORF	start	639	0	0	-1	T				0	0.0039405758	0	0.0039405755
mouse_wang_liver	ENSMUST00000130645.8	Mtfr1	Overlap_uORF	start	640	0	0	-1	C				0	0.0010932768	0	0.0010932767
mouse_wang_liver	ENSMUST00000130645.8	Mtfr1	Overlap_uORF	start	641	0	0	-1	T				2	0.00048765927	0.0011299435	0.00048765924
mouse_wang_liver	ENSMUST00000130645.8	Mtfr1	Overlap_uORF	start	642	0	0	-1	C				25	0.0019112473	0.014124294	0.0019112471
mouse_wang_liver	ENSMUST00000130645.8	Mtfr1	Overlap_uORF	start	643	0	0	-1	C				1	6.5484724e-05	0.00056497175	6.548472e-05
mouse_wang_liver	ENSMUST00000130645.8	Mtfr1	Overlap_uORF	start	644	0	0	-1	A				3	0.0001930328	0.0016949153	0.00019303279
mouse_wang_liver	ENSMUST00000130645.8	Mtfr1	Overlap_uORF	start	645	0	0	-1	G				2	0.0012960901	0.0011299435	0.00129609
mouse_wang_liver	ENSMUST00000130645.8	Mtfr1	Overlap_uORF	start	646	0	0	-1	A				0	0.00012781718	0	0.00012781718
mouse_wang_liver	ENSMUST00000130645.8	Mtfr1	Overlap_uORF	start	647	0	0	-1	G				0	7.2622395e-05	0	7.2622391e-05
mouse_wang_liver	ENSMUST00000130645.8	Mtfr1	Overlap_uORF	start	648	0	0	-1	A				0	0.0035994709	0	0.0035994707
mouse_wang_liver	ENSMUST00000130645.8	Mtfr1	Overlap_uORF	start	649	0	0	-1	G				0	0.00058935297	0	0.00058935294
mouse_wang_liver	ENSMUST00000130645.8	Mtfr1	Overlap_uORF	start	650	0	0	-1	G				0	0.00080017507	0	0.00080017502
mouse_wang_liver	ENSMUST00000130645.8	Mtfr1	Overlap_uORF	start	651	0	0	-1	A				0	0.0019384404	0	0.0019384403
mouse_wang_liver	ENSMUST00000130645.8	Mtfr1	Overlap_uORF	start	652	0	0	-1	C				0	0.00029553415	0	0.00029553413
mouse_wang_liver	ENSMUST00000130645.8	Mtfr1	Overlap_uORF	start	653	0	0	-1	G				1	0.0001131139	0.00056497175	0.00011311389
mouse_wang_liver	ENSMUST00000130645.8	Mtfr1	Overlap_uORF	start	654	0	0	-1	C				0	0.0021194876	0	0.0021194875
mouse_wang_liver	ENSMUST00000130645.8	Mtfr1	Overlap_uORF	start	655	0	0	-1	T				0	0.00021803711	0	0.00021803709
mouse_wang_liver	ENSMUST00000130645.8	Mtfr1	Overlap_uORF	start	656	0	0	-1	G				0	0.00012530685	0	0.00012530684
mouse_wang_liver	ENSMUST00000130645.8	Mtfr1	Overlap_uORF	start	657	0	0	-1	G				0	0.00050972833	0	0.0005097283
mouse_wang_liver	ENSMUST00000130645.8	Mtfr1	Overlap_uORF	start	658	0	0	-1	C				0	7.0287155e-05	0	7.028715e-05
mouse_wang_liver	ENSMUST00000130645.8	Mtfr1	Overlap_uORF	start	659	0	0	-1	C				0	0.00022208215	0	0.00022208213
mouse_wang_liver	ENSMUST00000130645.8	Mtfr1	Overlap_uORF	start	660	0	0	-1	A				0	0.001142387	0	0.001142387
mouse_wang_liver	ENSMUST00000130645.8	Mtfr1	Overlap_uORF	start	661	0	0	-1	G				0	0.00019965722	0	0.00019965721
mouse_wang_liver	ENSMUST00000130645.8	Mtfr1	Overlap_uORF	start	662	0	0	-1	C				1	0.00018974817	0.00056497175	0.00018974816
mouse_wang_liver	ENSMUST00000130645.8	Mtfr1	Overlap_uORF	start	663	0	0	-1	G				1	0.0013985878	0.00056497175	0.0013985877
mouse_wang_liver	ENSMUST00000130645.8	Mtfr1	Overlap_uORF	start	664	0	0	-1	A				0	0.00021669095	0	0.00021669094
mouse_wang_liver	ENSMUST00000130645.8	Mtfr1	Overlap_uORF	start	665	0	0	-1	G				0	4.7553589e-05	0	4.7553586e-05
mouse_wang_liver	ENSMUST00000130645.8	Mtfr1	Overlap_uORF	start	666	0	0	-1	G				0	0.0024578092	0	0.002457809
mouse_wang_liver	ENSMUST00000130645.8	Mtfr1	Overlap_uORF	start	667	0	0	-1	A				0	0.00033177229	0	0.00033177227
mouse_wang_liver	ENSMUST00000130645.8	Mtfr1	Overlap_uORF	start	668	0	0	-1	G				0	3.9805669e-05	0	3.9805667e-05
mouse_wang_liver	ENSMUST00000130645.8	Mtfr1	Overlap_uORF	start	669	0	0	-1	G				0	0.00053922157	0	0.00053922153
mouse_wang_liver	ENSMUST00000130645.8	Mtfr1	Overlap_uORF	start	670	0	0	-1	C				0	8.0166712e-05	0	8.0166707e-05
mouse_wang_liver	ENSMUST00000130645.8	Mtfr1	Overlap_uORF	start	671	0	0	-1	C				0	2.7706856e-05	0	2.7706854e-05
mouse_wang_liver	ENSMUST00000130645.8	Mtfr1	Overlap_uORF	start	672	0	0	-1	C				0	0.0040954677	0	0.0040954675
mouse_wang_liver	ENSMUST00000130645.8	Mtfr1	Overlap_uORF	start	673	0	0	-1	T				0	0.0002044409	0	0.00020444089
mouse_wang_liver	ENSMUST00000130645.8	Mtfr1	Overlap_uORF	start	674	0	0	-1	G				0	4.8839487e-05	0	4.8839484e-05
mouse_wang_liver	ENSMUST00000130645.8	Mtfr1	Overlap_uORF	start	675	0	0	-1	C				0	0.0010167512	0	0.0010167511
mouse_wang_liver	ENSMUST00000130645.8	Mtfr1	Overlap_uORF	start	676	0	0	-1	A				0	0.00011259407	0	0.00011259406
mouse_wang_liver	ENSMUST00000130645.8	Mtfr1	Overlap_uORF	start	677	0	0	-1	G				0	1.3717838e-05	0	1.3717837e-05
mouse_wang_liver	ENSMUST00000130645.8	Mtfr1	Overlap_uORF	start	678	0	0	-1	A				0	0.00059767446	0	0.00059767442
mouse_wang_liver	ENSMUST00000130645.8	Mtfr1	Overlap_uORF	start	679	0	0	-1	A				0	0.00017362757	0	0.00017362756
mouse_wang_liver	ENSMUST00000130645.8	Mtfr1	Overlap_uORF	start	680	0	0	-1	G				0	0.00011296997	0	0.00011296997
mouse_wang_liver	ENSMUST00000130645.8	Mtfr1	Overlap_uORF	start	681	0	0	-1	A				0	0.001112082	0	0.001112082
mouse_wang_liver	ENSMUST00000130645.8	Mtfr1	Overlap_uORF	start	682	0	0	-1	T				0	0.00017260117	0	0.00017260116
mouse_wang_liver	ENSMUST00000130645.8	Mtfr1	Overlap_uORF	start	683	0	0	-1	C				0	0.00012191761	0	0.0001219176
mouse_wang_liver	ENSMUST00000130645.8	Mtfr1	Overlap_uORF	start	684	0	0	-1	T				2	0.0064300746	0.0011299435	0.0064300742
mouse_wang_liver	ENSMUST00000130645.8	Mtfr1	Overlap_uORF	start	685	0	0	-1	C				0	0.0013970747	0	0.0013970746
mouse_wang_liver	ENSMUST00000130645.8	Mtfr1	Overlap_uORF	start	686	0	0	-1	T				0	0.00028734386	0	0.00028734385
mouse_wang_liver	ENSMUST00000130645.8	Mtfr1	Overlap_uORF	start	687	0	0	-1	G				1	0.0032271943	0.00056497175	0.0032271941
mouse_wang_liver	ENSMUST00000130645.8	Mtfr1	Overlap_uORF	start	688	0	0	-1	C				0	0.00086815859	0	0.00086815854
mouse_wang_liver	ENSMUST00000130645.8	Mtfr1	Overlap_uORF	start	689	0	0	-1	C				0	0.00043905934	0	0.00043905931
mouse_wang_liver	ENSMUST00000130645.8	Mtfr1	Overlap_uORF	start	690	0	0	-1	C				0	0.0068521653	0	0.0068521649
mouse_wang_liver	ENSMUST00000130645.8	Mtfr1	Overlap_uORF	start	691	0	0	-1	T				0	0.00075686473	0	0.00075686468
mouse_wang_liver	ENSMUST00000130645.8	Mtfr1	Overlap_uORF	start	692	0	0	-1	T				0	0.0034751389	0	0.0034751387
mouse_wang_liver	ENSMUST00000130645.8	Mtfr1	Overlap_uORF	start	693	0	0	-1	G				0	0.0042198063	0	0.004219806
mouse_wang_liver	ENSMUST00000130645.8	Mtfr1	Overlap_uORF	start	694	0	0	-1	A				0	0.00023202979	0	0.00023202978
mouse_wang_liver	ENSMUST00000130645.8	Mtfr1	Overlap_uORF	start	695	0	0	-1	G				0	3.882662e-05	0	3.8826617e-05
mouse_wang_liver	ENSMUST00000130645.8	Mtfr1	Overlap_uORF	start	696	0	0	-1	A				7	0.0011360628	0.0039548023	0.0011360627
mouse_wang_liver	ENSMUST00000130645.8	Mtfr1	Overlap_uORF	start	697	0	0	-1	A				1	5.741421e-05	0.00056497175	5.7414207e-05
mouse_wang_liver	ENSMUST00000130645.8	Mtfr1	Overlap_uORF	start	698	0	0	-1	T				0	0.00019133525	0	0.00019133523
mouse_wang_liver	ENSMUST00000130645.8	Mtfr1	Overlap_uORF	start	699	0	0	-1	G				0	0.00049180008	0	0.00049180005
mouse_wang_liver	ENSMUST00000130645.8	Mtfr1	Overlap_uORF	start	700	0	0	-1	A				0	0.00016615159	0	0.00016615158
mouse_wang_liver	ENSMUST00000130645.8	Mtfr1	Overlap_uORF	start	701	0	0	-1	G				0	7.2251161e-05	0	7.2251157e-05
mouse_wang_liver	ENSMUST00000130645.8	Mtfr1	Overlap_uORF	start	702	0	0	-1	C				0	0.0042757252	0	0.004275725
mouse_wang_liver	ENSMUST00000130645.8	Mtfr1	Overlap_uORF	start	703	0	0	-1	T				0	0.00063066586	0	0.00063066582
mouse_wang_liver	ENSMUST00000130645.8	Mtfr1	Overlap_uORF	start	704	0	0	-1	T				2	0.00030249581	0.0011299435	0.00030249579
mouse_wang_liver	ENSMUST00000130645.8	Mtfr1	Overlap_uORF	start	705	0	0	-1	G				4	0.0018905754	0.002259887	0.0018905753
mouse_wang_liver	ENSMUST00000130645.8	Mtfr1	Overlap_uORF	start	706	0	0	-1	C				0	0.00012371558	0	0.00012371557
mouse_wang_liver	ENSMUST00000130645.8	Mtfr1	Overlap_uORF	start	707	0	0	-1	T				0	5.531052e-05	0	5.5310517e-05
mouse_wang_liver	ENSMUST00000130645.8	Mtfr1	Overlap_uORF	start	708	0	0	-1	G				0	0.0030024385	0	0.0030024383
mouse_wang_liver	ENSMUST00000130645.8	Mtfr1	Overlap_uORF	start	709	0	0	-1	C				0	0.00015622794	0	0.00015622793
mouse_wang_liver	ENSMUST00000130645.8	Mtfr1	Overlap_uORF	start	710	0	0	-1	C				1	0.00044553398	0.00056497175	0.00044553395
mouse_wang_liver	ENSMUST00000130645.8	Mtfr1	Overlap_uORF	start	711	0	0	-1	C				0	0.0010162966	0	0.0010162965
mouse_wang_liver	ENSMUST00000130645.8	Mtfr1	Overlap_uORF	start	712	0	0	-1	T				0	0.00011320207	0	0.00011320206
mouse_wang_liver	ENSMUST00000130645.8	Mtfr1	Overlap_uORF	start	713	0	0	-1	T				1	1.5037861e-05	0.00056497175	1.503786e-05
mouse_wang_liver	ENSMUST00000130645.8	Mtfr1	Overlap_uORF	start	714	0	0	-1	A				0	0.0005406742	0	0.00054067417
mouse_wang_liver	ENSMUST00000130645.8	Mtfr1	Overlap_uORF	start	715	0	0	-1	G				1	0.00010248883	0.00056497175	0.00010248883
mouse_wang_liver	ENSMUST00000130645.8	Mtfr1	Overlap_uORF	start	716	0	0	-1	A				0	5.5156343e-05	0	5.5156339e-05
mouse_wang_liver	ENSMUST00000130645.8	Mtfr1	Overlap_uORF	start	717	0	0	-1	G				1	0.00098465744	0.00056497175	0.00098465738
mouse_wang_liver	ENSMUST00000130645.8	Mtfr1	Overlap_uORF	start	718	0	0	-1	C				0	0.00013229981	0	0.00013229981
mouse_wang_liver	ENSMUST00000130645.8	Mtfr1	Overlap_uORF	start	719	0	0	-1	T				0	0.00035252166	0	0.00035252164
mouse_wang_liver	ENSMUST00000130645.8	Mtfr1	Overlap_uORF	start	720	0	0	-1	C				1	0.0011000949	0.00056497175	0.0011000948
mouse_wang_liver	ENSMUST00000130645.8	Mtfr1	Overlap_uORF	start	721	0	0	-1	A				0	0.00013857009	0	0.00013857008
mouse_wang_liver	ENSMUST00000130645.8	Mtfr1	Overlap_uORF	start	722	0	0	-1	G				0	7.497464e-05	0	7.4974635e-05
mouse_wang_liver	ENSMUST00000130645.8	Mtfr1	Overlap_uORF	start	723	0	0	-1	A				1	0.0043884693	0.00056497175	0.004388469
mouse_wang_liver	ENSMUST00000130645.8	Mtfr1	Overlap_uORF	start	724	0	0	-1	T				0	0.00036434966	0	0.00036434964
mouse_wang_liver	ENSMUST00000130645.8	Mtfr1	Overlap_uORF	start	725	0	0	-1	T				0	0.00010804516	0	0.00010804516
mouse_wang_liver	ENSMUST00000130645.8	Mtfr1	Overlap_uORF	start	726	0	0	-1	G				1	0.0023111629	0.00056497175	0.0023111627
mouse_wang_liver	ENSMUST00000130645.8	Mtfr1	Overlap_uORF	start	727	0	0	-1	C				0	0.0001018653	0	0.00010186529
mouse_wang_liver	ENSMUST00000130645.8	Mtfr1	Overlap_uORF	start	728	0	0	-1	C				0	0.00016009864	0	0.00016009863
mouse_wang_liver	ENSMUST00000130645.8	Mtfr1	Overlap_uORF	start	729	0	0	-1	A				0	0.0006186199	0	0.00061861986
mouse_wang_liver	ENSMUST00000130645.8	Mtfr1	Overlap_uORF	start	730	0	0	-1	A				0	0.00014950885	0	0.00014950884
mouse_wang_liver	ENSMUST00000130645.8	Mtfr1	Overlap_uORF	start	731	0	0	-1	G				0	8.4637395e-05	0	8.463739e-05
mouse_wang_liver	ENSMUST00000130645.8	Mtfr1	Overlap_uORF	start	732	0	0	-1	A				0	0.0016494785	0	0.0016494783
mouse_wang_liver	ENSMUST00000130645.8	Mtfr1	Overlap_uORF	start	733	0	0	-1	T				0	0.00085419876	0	0.00085419871
mouse_wang_liver	ENSMUST00000130645.8	Mtfr1	Overlap_uORF	start	734	0	0	-1	T				1	0.00020221062	0.00056497175	0.00020221061
mouse_wang_liver	ENSMUST00000130645.8	Mtfr1	Overlap_uORF	start	735	0	0	-1	G				9	0.001342954	0.0050847458	0.0013429539
mouse_wang_liver	ENSMUST00000130645.8	Mtfr1	Overlap_uORF	start	736	0	0	-1	T				0	7.4881893e-05	0	7.4881888e-05
mouse_wang_liver	ENSMUST00000130645.8	Mtfr1	Overlap_uORF	start	737	0	0	-1	G				0	0.00030725385	0	0.00030725383
mouse_wang_liver	ENSMUST00000130645.8	Mtfr1	Overlap_uORF	start	738	0	0	-1	A				0	0.0034891097	0	0.0034891095
mouse_wang_liver	ENSMUST00000130645.8	Mtfr1	Overlap_uORF	start	739	0	0	-1	C				0	0.00024509124	0	0.00024509123
mouse_wang_liver	ENSMUST00000130645.8	Mtfr1	Overlap_uORF	start	740	0	0	-1	C				0	0.00027648982	0	0.00027648981
mouse_wang_liver	ENSMUST00000130645.8	Mtfr1	Overlap_uORF	start	741	0	0	-1	C				0	0.014863453	0	0.014863452
mouse_wang_liver	ENSMUST00000130645.8	Mtfr1	Overlap_uORF	start	742	0	0	-1	T				0	0.00078868511	0	0.00078868506
mouse_wang_liver	ENSMUST00000130645.8	Mtfr1	Overlap_uORF	start	743	0	0	-1	G				2	0.00085850916	0.0011299435	0.0008585091
mouse_wang_liver	ENSMUST00000130645.8	Mtfr1	Overlap_uORF	start	744	0	0	-1	C				5	0.0051119979	0.0028248588	0.0051119976
mouse_wang_liver	ENSMUST00000130645.8	Mtfr1	Overlap_uORF	start	745	0	0	-1	A				0	0.00023767975	0	0.00023767973
mouse_wang_liver	ENSMUST00000130645.8	Mtfr1	Overlap_uORF	start	746	0	0	-1	G				2	0.00021020621	0.0011299435	0.0002102062
mouse_wang_liver	ENSMUST00000130645.8	Mtfr1	Overlap_uORF	start	747	0	0	-1	G				25	0.0029025795	0.014124294	0.0029025793
mouse_wang_liver	ENSMUST00000130645.8	Mtfr1	Overlap_uORF	start	748	0	0	-1	A				0	0.00029236084	0	0.00029236082
mouse_wang_liver	ENSMUST00000130645.8	Mtfr1	Overlap_uORF	start	749	0	0	-1	G				0	0.00083525514	0	0.00083525509
mouse_wang_liver	ENSMUST00000130645.8	Mtfr1	Overlap_uORF	start	750	0	0	-1	C				2	0.0012716628	0.0011299435	0.0012716627
mouse_wang_liver	ENSMUST00000130645.8	Mtfr1	Overlap_uORF	start	751	0	0	-1	A				0	6.3277112e-05	0	6.3277108e-05
mouse_wang_liver	ENSMUST00000130645.8	Mtfr1	Overlap_uORF	start	752	0	0	-1	A				0	8.541526e-05	0	8.5415255e-05
mouse_wang_liver	ENSMUST00000130645.8	Mtfr1	Overlap_uORF	start	753	0	0	-1	C				0	0.0020830689	0	0.0020830688
mouse_wang_liver	ENSMUST00000130645.8	Mtfr1	Overlap_uORF	start	754	0	0	-1	A				0	0.00018466226	0	0.00018466225
mouse_wang_liver	ENSMUST00000130645.8	Mtfr1	Overlap_uORF	start	755	0	0	-1	G				0	1.4671771e-05	0	1.467177e-05
mouse_wang_liver	ENSMUST00000130645.8	Mtfr1	Overlap_uORF	start	756	0	0	-1	A				1	0.00077159528	0.00056497175	0.00077159523
mouse_wang_liver	ENSMUST00000130645.8	Mtfr1	Overlap_uORF	start	757	0	0	-1	G				0	0.00014418908	0	0.00014418907
mouse_wang_liver	ENSMUST00000130645.8	Mtfr1	Overlap_uORF	start	758	0	0	-1	T				0	5.1293235e-05	0	5.1293232e-05
mouse_wang_liver	ENSMUST00000130645.8	Mtfr1	Overlap_uORF	start	759	0	0	-1	C				0	0.00046056183	0	0.0004605618
mouse_wang_liver	ENSMUST00000130645.8	Mtfr1	Overlap_uORF	start	760	0	0	-1	C				0	6.3390544e-05	0	6.339054e-05
mouse_wang_liver	ENSMUST00000130645.8	Mtfr1	Overlap_uORF	start	761	0	0	-1	A				0	5.0226026e-05	0	5.0226023e-05
mouse_wang_liver	ENSMUST00000130645.8	Mtfr1	Overlap_uORF	start	762	0	0	-1	A				1	0.0012739619	0.00056497175	0.0012739618
mouse_wang_liver	ENSMUST00000130645.8	Mtfr1	Overlap_uORF	start	763	0	0	-1	G				0	0.00037644917	0	0.00037644915
mouse_wang_liver	ENSMUST00000130645.8	Mtfr1	Overlap_uORF	start	764	0	0	-1	T				0	7.1640912e-05	0	7.1640908e-05
mouse_wang_liver	ENSMUST00000130645.8	Mtfr1	Overlap_uORF	start	765	0	0	-1	G				2	0.0018251097	0.0011299435	0.0018251096
mouse_wang_liver	ENSMUST00000130645.8	Mtfr1	Overlap_uORF	start	766	0	0	-1	C				0	0.00030754879	0	0.00030754877
mouse_wang_liver	ENSMUST00000130645.8	Mtfr1	Overlap_uORF	start	767	0	0	-1	A				15	0.00023271811	0.0084745763	0.0002327181
mouse_wang_liver	ENSMUST00000130645.8	Mtfr1	Overlap_uORF	start	768	0	0	-1	G				20	0.0026944245	0.011299435	0.0026944243
mouse_wang_liver	ENSMUST00000130645.8	Mtfr1	Overlap_uORF	start	769	0	0	-1	G				3	0.00020836381	0.0016949153	0.0002083638
mouse_wang_liver	ENSMUST00000130645.8	Mtfr1	Overlap_uORF	start	770	0	0	-1	T				0	5.3226828e-05	0	5.3226824e-05
mouse_wang_liver	ENSMUST00000130645.8	Mtfr1	Overlap_uORF	start	771	0	0	-1	T				2	0.0017230326	0.0011299435	0.0017230325
mouse_wang_liver	ENSMUST00000130645.8	Mtfr1	Overlap_uORF	start	772	0	0	-1	G				0	0.00067310908	0	0.00067310904
mouse_wang_liver	ENSMUST00000130645.8	Mtfr1	Overlap_uORF	start	773	0	0	-1	C				0	0.00019783559	0	0.00019783557
mouse_wang_liver	ENSMUST00000130645.8	Mtfr1	Overlap_uORF	start	774	0	0	-1	T				2	0.0090101296	0.0011299435	0.0090101291
mouse_wang_liver	ENSMUST00000130645.8	Mtfr1	Overlap_uORF	start	775	0	0	-1	T				0	0.00025184653	0	0.00025184652
mouse_wang_liver	ENSMUST00000130645.8	Mtfr1	Overlap_uORF	start	776	0	0	-1	A				0	0.00029789156	0	0.00029789154
mouse_wang_liver	ENSMUST00000130645.8	Mtfr1	Overlap_uORF	start	777	0	0	-1	G				8	0.0019453778	0.004519774	0.0019453777
mouse_wang_liver	ENSMUST00000130645.8	Mtfr1	Overlap_uORF	start	778	0	0	-1	A				0	0.00014914968	0	0.00014914967
mouse_wang_liver	ENSMUST00000130645.8	Mtfr1	Overlap_uORF	start	779	0	0	-1	T				0	0.00015895414	0	0.00015895413
mouse_wang_liver	ENSMUST00000130645.8	Mtfr1	Overlap_uORF	start	780	0	0	-1	T				0	0.0012406905	0	0.0012406904
mouse_wang_liver	ENSMUST00000130645.8	Mtfr1	Overlap_uORF	start	781	0	0	-1	C				0	0.0001962642	0	0.00019626419
mouse_wang_liver	ENSMUST00000130645.8	Mtfr1	Overlap_uORF	start	782	0	0	-1	T				0	9.1091926e-05	0	9.1091921e-05
mouse_wang_liver	ENSMUST00000130645.8	Mtfr1	Overlap_uORF	start	783	0	0	-1	T				2	0.0016743582	0.0011299435	0.001674358
mouse_wang_liver	ENSMUST00000130645.8	Mtfr1	Overlap_uORF	start	784	0	0	-1	C				0	4.2513693e-05	0	4.2513691e-05
mouse_wang_liver	ENSMUST00000130645.8	Mtfr1	Overlap_uORF	start	785	0	0	-1	C				0	8.006578e-05	0	8.0065775e-05
mouse_wang_liver	ENSMUST00000130645.8	Mtfr1	Overlap_uORF	start	786	0	0	-1	A				0	0.0028431206	0	0.0028431204
mouse_wang_liver	ENSMUST00000130645.8	Mtfr1	Overlap_uORF	start	787	0	0	-1	C				0	0.00075976108	0	0.00075976104
mouse_wang_liver	ENSMUST00000130645.8	Mtfr1	Overlap_uORF	start	788	0	0	-1	A				2	0.00033045709	0.0011299435	0.00033045707
mouse_wang_liver	ENSMUST00000130645.8	Mtfr1	Overlap_uORF	start	789	0	0	-1	T				1	0.0018103058	0.00056497175	0.0018103056
mouse_wang_liver	ENSMUST00000130645.8	Mtfr1	Overlap_uORF	start	790	0	0	-1	C				2	8.949847e-05	0.0011299435	8.9498464e-05
mouse_wang_liver	ENSMUST00000130645.8	Mtfr1	Overlap_uORF	start	791	0	0	-1	T				1	5.419982e-05	0.00056497175	5.4199816e-05
mouse_wang_liver	ENSMUST00000130645.8	Mtfr1	Overlap_uORF	start	792	0	0	-1	G				0	0.0038606818	0	0.0038606815
mouse_wang_liver	ENSMUST00000130645.8	Mtfr1	Overlap_uORF	start	793	0	0	-1	T				0	0.00023174917	0	0.00023174916
mouse_wang_liver	ENSMUST00000130645.8	Mtfr1	Overlap_uORF	start	794	0	0	-1	T				0	0.00012615806	0	0.00012615805
mouse_wang_liver	ENSMUST00000130645.8	Mtfr1	Overlap_uORF	start	795	0	0	-1	A				1	0.0019736232	0.00056497175	0.0019736231
mouse_wang_liver	ENSMUST00000130645.8	Mtfr1	Overlap_uORF	start	796	0	0	-1	C				0	0.00011690827	0	0.00011690826
mouse_wang_liver	ENSMUST00000130645.8	Mtfr1	Overlap_uORF	start	797	0	0	-1	T				0	0.00018773976	0	0.00018773975
mouse_wang_liver	ENSMUST00000130645.8	Mtfr1	Overlap_uORF	start	798	0	0	-1	G				3	0.0035370793	0.0016949153	0.0035370791
mouse_wang_liver	ENSMUST00000130645.8	Mtfr1	Overlap_uORF	start	799	0	0	-1	T				0	0.00011788656	0	0.00011788655
mouse_wang_liver	ENSMUST00000130645.8	Mtfr1	Overlap_uORF	start	800	0	0	-1	A				0	4.3808421e-05	0	4.3808418e-05
mouse_wang_liver	ENSMUST00000130645.8	Mtfr1	Overlap_uORF	start	801	0	0	-1	G				1	0.0017414356	0.00056497175	0.0017414355
mouse_wang_liver	ENSMUST00000130645.8	Mtfr1	Overlap_uORF	start	802	0	0	-1	C				3	0.00026572909	0.0016949153	0.00026572907
mouse_wang_liver	ENSMUST00000130645.8	Mtfr1	Overlap_uORF	start	803	0	0	-1	A				0	7.9521233e-05	0	7.9521228e-05
mouse_wang_liver	ENSMUST00000130645.8	Mtfr1	Overlap_uORF	start	804	0	0	-1	C				3	0.00049919664	0.0016949153	0.00049919661
mouse_wang_liver	ENSMUST00000130645.8	Mtfr1	Overlap_uORF	start	805	0	0	-1	C				0	1.5650507e-05	0	1.5650506e-05
mouse_wang_liver	ENSMUST00000130645.8	Mtfr1	Overlap_uORF	start	806	0	0	-1	A				0	1.1579538e-05	0	1.1579538e-05
mouse_wang_liver	ENSMUST00000130645.8	Mtfr1	Overlap_uORF	start	807	0	0	-1	C				2	0.00034411161	0.0011299435	0.00034411159
mouse_wang_liver	ENSMUST00000130645.8	Mtfr1	Overlap_uORF	start	808	0	0	-1	C				0	1.4210646e-05	0	1.4210646e-05
mouse_wang_liver	ENSMUST00000130645.8	Mtfr1	Overlap_uORF	start	809	0	0	-1	A				0	1.5582922e-05	0	1.5582921e-05
mouse_wang_liver	ENSMUST00000130645.8	Mtfr1	Overlap_uORF	start	810	0	0	-1	C				2	0.00021171653	0.0011299435	0.00021171651
mouse_wang_liver	ENSMUST00000130645.8	Mtfr1	Overlap_uORF	start	811	0	0	-1	C				0	6.815158e-06	0	6.8151576e-06
mouse_wang_liver	ENSMUST00000130645.8	Mtfr1	Overlap_uORF	start	812	0	0	-1	A				0	7.0889713e-05	0	7.0889709e-05
mouse_wang_liver	ENSMUST00000130645.8	Mtfr1	Overlap_uORF	start	813	0	0	-1	C				0	4.8749487e-05	0	4.8749484e-05
mouse_wang_liver	ENSMUST00000130645.8	Mtfr1	Overlap_uORF	start	814	0	0	-1	C				0	1.9723518e-06	0	1.9723517e-06
mouse_wang_liver	ENSMUST00000130645.8	Mtfr1	Overlap_uORF	start	815	0	0	-1	A				0	9.7411521e-06	0	9.7411515e-06
mouse_wang_liver	ENSMUST00000130645.8	Mtfr1	Overlap_uORF	start	816	0	0	-1	C				0	3.1028667e-05	0	3.1028665e-05
mouse_wang_liver	ENSMUST00000130645.8	Mtfr1	Overlap_uORF	start	817	0	0	-1	C				0	3.1592244e-06	0	3.1592242e-06
mouse_wang_liver	ENSMUST00000130645.8	Mtfr1	Overlap_uORF	start	818	0	0	-1	T				0	1.1289625e-05	0	1.1289624e-05
mouse_wang_liver	ENSMUST00000130645.8	Mtfr1	Overlap_uORF	start	819	0	0	-1	C				0	3.8026832e-05	0	3.802683e-05
mouse_wang_liver	ENSMUST00000130645.8	Mtfr1	Overlap_uORF	start	820	0	0	-1	C				0	3.31396e-06	0	3.3139597e-06
mouse_wang_liver	ENSMUST00000130645.8	Mtfr1	Overlap_uORF	start	821	0	0	-1	T				0	7.0648603e-06	0	7.0648598e-06
mouse_wang_liver	ENSMUST00000130645.8	Mtfr1	Overlap_uORF	start	822	0	0	-1	C				0	3.0519048e-05	0	3.0519046e-05
mouse_wang_liver	ENSMUST00000130645.8	Mtfr1	Overlap_uORF	start	823	0	0	-1	C				0	3.8199651e-06	0	3.8199648e-06
mouse_wang_liver	ENSMUST00000130645.8	Mtfr1	Overlap_uORF	start	824	0	0	-1	T				0	1.1222984e-05	0	1.1222983e-05
mouse_wang_liver	ENSMUST00000130645.8	Mtfr1	Overlap_uORF	start	825	0	0	-1	C				1	8.5181389e-05	0.00056497175	8.5181384e-05
mouse_wang_liver	ENSMUST00000130645.8	Mtfr1	Overlap_uORF	start	826	0	0	-1	C				0	2.0080421e-05	0	2.0080419e-05
mouse_wang_liver	ENSMUST00000130645.8	Mtfr1	Overlap_uORF	start	827	0	0	-1	T				0	1.6740962e-05	0	1.6740961e-05
mouse_wang_liver	ENSMUST00000130645.8	Mtfr1	Overlap_uORF	start	828	0	0	-1	C				0	0.00023607697	0	0.00023607696
mouse_wang_liver	ENSMUST00000130645.8	Mtfr1	Overlap_uORF	start	829	0	0	-1	C				0	3.3892833e-05	0	3.3892831e-05
mouse_wang_liver	ENSMUST00000130645.8	Mtfr1	Overlap_uORF	start	830	0	0	-1	C				0	3.4075463e-05	0	3.4075461e-05
mouse_wang_liver	ENSMUST00000130645.8	Mtfr1	Overlap_uORF	start	831	0	0	-1	C				0	0.00086163747	0	0.00086163742
mouse_wang_liver	ENSMUST00000130645.8	Mtfr1	Overlap_uORF	start	832	0	0	-1	C				0	7.4617768e-05	0	7.4617764e-05
mouse_wang_liver	ENSMUST00000130645.8	Mtfr1	Overlap_uORF	start	833	0	0	-1	T				0	3.9207491e-05	0	3.9207488e-05
mouse_wang_liver	ENSMUST00000130645.8	Mtfr1	Overlap_uORF	start	834	0	0	-1	C				0	0.00049939379	0	0.00049939376
mouse_wang_liver	ENSMUST00000130645.8	Mtfr1	Overlap_uORF	start	835	0	0	-1	C				0	4.8045542e-05	0	4.8045539e-05
mouse_wang_liver	ENSMUST00000130645.8	Mtfr1	Overlap_uORF	start	836	0	0	-1	C				0	9.827726e-06	0	9.8277254e-06
mouse_wang_liver	ENSMUST00000130645.8	Mtfr1	Overlap_uORF	start	837	0	0	-1	C				0	0.00048971968	0	0.00048971965
mouse_wang_liver	ENSMUST00000130645.8	Mtfr1	Overlap_uORF	start	838	0	0	-1	T				0	6.647651e-05	0	6.6476506e-05
mouse_wang_liver	ENSMUST00000130645.8	Mtfr1	Overlap_uORF	start	839	0	0	-1	T				0	3.1834486e-05	0	3.1834484e-05
mouse_wang_liver	ENSMUST00000130645.8	Mtfr1	Overlap_uORF	start	840	0	0	-1	C				0	0.00035014813	0	0.0003501481
mouse_wang_liver	ENSMUST00000130645.8	Mtfr1	Overlap_uORF	start	841	0	0	-1	C				0	2.3088694e-05	0	2.3088693e-05
mouse_wang_liver	ENSMUST00000130645.8	Mtfr1	Overlap_uORF	start	842	0	0	-1	G				0	8.8193643e-05	0	8.8193638e-05
mouse_wang_liver	ENSMUST00000130645.8	Mtfr1	Overlap_uORF	start	843	0	0	-1	T				1	0.0021604025	0.00056497175	0.0021604023
mouse_wang_liver	ENSMUST00000130645.8	Mtfr1	Overlap_uORF	start	844	0	0	-1	T				2	0.00040091958	0.0011299435	0.00040091956
mouse_wang_liver	ENSMUST00000130645.8	Mtfr1	Overlap_uORF	start	845	0	0	-1	G				0	0.00020926373	0	0.00020926372
mouse_wang_liver	ENSMUST00000130645.8	Mtfr1	Overlap_uORF	start	846	0	0	-1	G				5	0.00095326657	0.0028248588	0.00095326651
mouse_wang_liver	ENSMUST00000130645.8	Mtfr1	Overlap_uORF	start	847	0	0	-1	T				1	8.6011496e-05	0.00056497175	8.6011491e-05
mouse_wang_liver	ENSMUST00000130645.8	Mtfr1	Overlap_uORF	start	848	0	0	-1	A				0	6.2217958e-05	0	6.2217954e-05
mouse_wang_liver	ENSMUST00000130645.8	Mtfr1	Overlap_uORF	start	849	0	0	-1	C				1	0.0019903833	0.00056497175	0.0019903831
mouse_wang_liver	ENSMUST00000130645.8	Mtfr1	Overlap_uORF	start	850	0	0	-1	T				0	0.00019798752	0	0.00019798751
mouse_wang_liver	ENSMUST00000130645.8	Mtfr1	Overlap_uORF	start	851	0	0	-1	C				0	0.00014083349	0	0.00014083349
mouse_wang_liver	ENSMUST00000130645.8	Mtfr1	Overlap_uORF	start	852	0	0	-1	C				1	0.0017157767	0.00056497175	0.0017157766
mouse_wang_liver	ENSMUST00000130645.8	Mtfr1	Overlap_uORF	start	853	0	0	-1	A				0	0.0001358141	0	0.00013581409
mouse_wang_liver	ENSMUST00000130645.8	Mtfr1	Overlap_uORF	start	854	0	0	-1	C				1	0.00014389813	0.00056497175	0.00014389812
mouse_wang_liver	ENSMUST00000130645.8	Mtfr1	Overlap_uORF	start	855	0	0	-1	C				7	0.004154487	0.0039548023	0.0041544868
mouse_wang_liver	ENSMUST00000130645.8	Mtfr1	Overlap_uORF	start	856	0	0	-1	A				2	0.00033785388	0.0011299435	0.00033785386
mouse_wang_liver	ENSMUST00000130645.8	Mtfr1	Overlap_uORF	start	857	0	0	-1	A				0	8.8946501e-05	0	8.8946495e-05
mouse_wang_liver	ENSMUST00000130645.8	Mtfr1	Overlap_uORF	start	858	0	0	-1	A				2	0.0021990456	0.0011299435	0.0021990455
mouse_wang_liver	ENSMUST00000130645.8	Mtfr1	Overlap_uORF	start	859	0	0	-1	G				0	0.00038955265	0	0.00038955262
mouse_wang_liver	ENSMUST00000130645.8	Mtfr1	Overlap_uORF	start	860	0	0	-1	T				0	0.00011895059	0	0.00011895059
mouse_wang_liver	ENSMUST00000130645.8	Mtfr1	Overlap_uORF	start	861	0	0	-1	A				0	0.0012722354	0	0.0012722353
mouse_wang_liver	ENSMUST00000130645.8	Mtfr1	Overlap_uORF	start	862	0	0	-1	C				0	0.00028705818	0	0.00028705816
mouse_wang_liver	ENSMUST00000130645.8	Mtfr1	Overlap_uORF	start	863	0	0	-1	G				0	8.6172498e-05	0	8.6172493e-05
mouse_wang_liver	ENSMUST00000130645.8	Mtfr1	Overlap_uORF	start	864	0	0	-1	T				0	0.0026308286	0	0.0026308285
mouse_wang_liver	ENSMUST00000130645.8	Mtfr1	Overlap_uORF	start	865	0	0	-1	C				0	0.00056579342	0	0.00056579339
mouse_wang_liver	ENSMUST00000130645.8	Mtfr1	Overlap_uORF	start	866	0	0	-1	T				0	0.00015842084	0	0.00015842083
mouse_wang_liver	ENSMUST00000130645.8	Mtfr1	Overlap_uORF	start	867	0	0	-1	G				0	0.0035686714	0	0.0035686712
mouse_wang_liver	ENSMUST00000130645.8	Mtfr1	Overlap_uORF	start	868	0	0	-1	C				0	0.00050692732	0	0.00050692729
mouse_wang_liver	ENSMUST00000130645.8	Mtfr1	Overlap_uORF	start	869	0	0	-1	T				0	0.0012655326	0	0.0012655325
mouse_wang_liver	ENSMUST00000130645.8	Mtfr1	Overlap_uORF	start	870	0	0	-1	C				0	0.014293866	0	0.014293865
mouse_wang_liver	ENSMUST00000130645.8	Mtfr1	Overlap_uORF	start	871	0	0	-1	T				0	0.00095023407	0	0.00095023401
mouse_wang_liver	ENSMUST00000130645.8	Mtfr1	Overlap_uORF	start	872	0	0	-1	T				1	0.0025801924	0.00056497175	0.0025801922
mouse_wang_liver	ENSMUST00000130645.8	Mtfr1	Overlap_uORF	start	873	0	0	-1	G				3	0.0096853646	0.0016949153	0.009685364
mouse_wang_liver	ENSMUST00000130645.8	Mtfr1	Overlap_uORF	start	874	0	0	-1	A				0	0.00074723491	0	0.00074723486
mouse_wang_liver	ENSMUST00000130645.8	Mtfr1	Overlap_uORF	start	875	0	0	-1	T				1	0.0007998416	0.00056497175	0.00079984155
mouse_wang_liver	ENSMUST00000130645.8	Mtfr1	Overlap_uORF	start	876	0	0	-1	C				4	0.012674719	0.002259887	0.012674718
mouse_wang_liver	ENSMUST00000130645.8	Mtfr1	Overlap_uORF	start	877	0	0	-1	T				0	0.0022627679	0	0.0022627677
mouse_wang_liver	ENSMUST00000130645.8	Mtfr1	Overlap_uORF	start	878	0	0	-1	G				0	0.0011327782	0	0.0011327782
mouse_wang_liver	ENSMUST00000130645.8	Mtfr1	Overlap_uORF	start	879	0	0	-1	A				2	0.0063054408	0.0011299435	0.0063054404
mouse_wang_liver	ENSMUST00000130645.8	Mtfr1	Overlap_uORF	start	880	0	0	-1	T				0	0.00067136687	0	0.00067136683
mouse_wang_liver	ENSMUST00000130645.8	Mtfr1	Overlap_uORF	start	881	0	0	-1	T				0	0.00010287633	0	0.00010287632
mouse_wang_liver	ENSMUST00000130645.8	Mtfr1	Overlap_uORF	start	882	0	0	-1	A				5	0.0055930708	0.0028248588	0.0055930704
mouse_wang_liver	ENSMUST00000130645.8	Mtfr1	Overlap_uORF	start	883	0	0	-1	A				0	0.00062296476	0	0.00062296472
mouse_wang_liver	ENSMUST00000130645.8	Mtfr1	Overlap_uORF	start	884	0	0	-1	A				4	0.00077212235	0.002259887	0.0007721223
mouse_wang_liver	ENSMUST00000130645.8	Mtfr1	Overlap_uORF	start	885	0	0	-1	G				10	0.0032055082	0.0056497175	0.003205508
mouse_wang_liver	ENSMUST00000130645.8	Mtfr1	Overlap_uORF	start	886	0	0	-1	A				0	0.00029899529	0	0.00029899527
mouse_wang_liver	ENSMUST00000130645.8	Mtfr1	Overlap_uORF	start	887	0	0	-1	A				0	0.00019764493	0	0.00019764492
mouse_wang_liver	ENSMUST00000130645.8	Mtfr1	Overlap_uORF	start	888	0	0	-1	A				3	0.0041645868	0.0016949153	0.0041645865
mouse_wang_liver	ENSMUST00000130645.8	Mtfr1	Overlap_uORF	start	889	0	0	-1	G				0	0.00040837578	0	0.00040837576
mouse_wang_liver	ENSMUST00000130645.8	Mtfr1	Overlap_uORF	start	890	0	0	-1	A				0	0.00015599332	0	0.00015599331
mouse_wang_liver	ENSMUST00000130645.8	Mtfr1	Overlap_uORF	start	891	0	0	-1	A				0	0.0023387496	0	0.0023387494
mouse_wang_liver	ENSMUST00000130645.8	Mtfr1	Overlap_uORF	start	892	0	0	-1	G				0	0.0025485032	0	0.0025485031
mouse_wang_liver	ENSMUST00000130645.8	Mtfr1	Overlap_uORF	start	893	0	0	-1	A				8	0.00053974689	0.004519774	0.00053974686
mouse_wang_liver	ENSMUST00000130645.8	Mtfr1	Overlap_uORF	start	894	0	0	-1	G				16	0.0030521669	0.009039548	0.0030521667
mouse_wang_liver	ENSMUST00000130645.8	Mtfr1	Overlap_uORF	start	895	0	0	-1	A				0	0.00068258186	0	0.00068258181
mouse_wang_liver	ENSMUST00000130645.8	Mtfr1	Overlap_uORF	start	896	0	0	-1	G				2	0.00057895208	0.0011299435	0.00057895204
mouse_wang_liver	ENSMUST00000130645.8	Mtfr1	Overlap_uORF	start	897	0	0	-1	C				6	0.002637896	0.0033898305	0.0026378958
mouse_wang_liver	ENSMUST00000130645.8	Mtfr1	Overlap_uORF	start	898	0	0	-1	A				0	0.00042045832	0	0.0004204583
mouse_wang_liver	ENSMUST00000130645.8	Mtfr1	Overlap_uORF	start	899	0	0	-1	G				0	0.00047259789	0	0.00047259787
mouse_wang_liver	ENSMUST00000130645.8	Mtfr1	Overlap_uORF	start	900	0	0	-1	A				14	0.008602364	0.0079096045	0.0086023635
mouse_wang_liver	ENSMUST00000130645.8	Mtfr1	Overlap_uORF	start	901	0	0	-1	G				3	0.00039051453	0.0016949153	0.0003905145
mouse_wang_liver	ENSMUST00000130645.8	Mtfr1	Overlap_uORF	start	902	0	0	-1	A				0	0.00072019291	0	0.00072019287
mouse_wang_liver	ENSMUST00000130645.8	Mtfr1	Overlap_uORF	start	903	0	0	-1	C				7	0.0090801641	0.0039548023	0.0090801636
mouse_wang_liver	ENSMUST00000130645.8	Mtfr1	Overlap_uORF	start	904	0	0	-1	T				0	0.00021998289	0	0.00021998288
mouse_wang_liver	ENSMUST00000130645.8	Mtfr1	Overlap_uORF	start	905	0	0	-1	C				0	0.0006379679	0	0.00063796786
mouse_wang_liver	ENSMUST00000130645.8	Mtfr1	Overlap_uORF	start	906	0	0	-1	A				1	0.0020891847	0.00056497175	0.0020891846
mouse_wang_liver	ENSMUST00000130645.8	Mtfr1	Overlap_uORF	start	907	0	0	-1	G				0	0.00033477772	0	0.0003347777
mouse_wang_liver	ENSMUST00000130645.8	Mtfr1	Overlap_uORF	start	908	0	0	-1	T				2	0.00030343307	0.0011299435	0.00030343305
mouse_wang_liver	ENSMUST00000130645.8	Mtfr1	Overlap_uORF	start	909	0	0	-1	G				11	0.0042447257	0.0062146893	0.0042447254
mouse_wang_liver	ENSMUST00000130645.8	Mtfr1	Overlap_uORF	start	910	0	0	-1	C				1	0.0058232876	0.00056497175	0.0058232873
mouse_wang_liver	ENSMUST00000130645.8	Mtfr1	Overlap_uORF	start	911	0	0	-1	T				4	0.00098616851	0.002259887	0.00098616845
mouse_wang_liver	ENSMUST00000130645.8	Mtfr1	Overlap_uORF	start	912	0	0	-1	G				54	0.0071180342	0.030508475	0.0071180337
mouse_wang_liver	ENSMUST00000130645.8	Mtfr1	Overlap_uORF	start	913	0	0	-1	G				5	0.00028807012	0.0028248588	0.0002880701
mouse_wang_liver	ENSMUST00000130645.8	Mtfr1	Overlap_uORF	start	914	0	0	-1	A				0	0.00013198628	0	0.00013198627
mouse_wang_liver	ENSMUST00000130645.8	Mtfr1	Overlap_uORF	start	915	0	0	-1	A				1	0.0019134703	0.00056497175	0.0019134702
mouse_wang_liver	ENSMUST00000130645.8	Mtfr1	Overlap_uORF	start	916	0	0	-1	A				0	0.00043024248	0	0.00043024245
mouse_wang_liver	ENSMUST00000130645.8	Mtfr1	Overlap_uORF	start	917	0	0	-1	G				0	6.8889429e-05	0	6.8889425e-05
mouse_wang_liver	ENSMUST00000130645.8	Mtfr1	Overlap_uORF	start	918	0	0	-1	A				0	0.002900457	0	0.0029004568
mouse_wang_liver	ENSMUST00000130645.8	Mtfr1	Overlap_uORF	start	919	0	0	-1	C				0	0.00015550878	0	0.00015550877
mouse_wang_liver	ENSMUST00000130645.8	Mtfr1	Overlap_uORF	start	920	0	0	-1	T				0	0.00061411317	0	0.00061411314
mouse_wang_liver	ENSMUST00000130645.8	Mtfr1	Overlap_uORF	start	921	0	0	-1	T				0	0.003099995	0	0.0030999948
mouse_wang_liver	ENSMUST00000130645.8	Mtfr1	Overlap_uORF	start	922	0	0	-1	T				0	0.00037538339	0	0.00037538336
mouse_wang_liver	ENSMUST00000130645.8	Mtfr1	Overlap_uORF	start	923	0	0	-1	G				2	0.00056736899	0.0011299435	0.00056736895
mouse_wang_liver	ENSMUST00000130645.8	Mtfr1	Overlap_uORF	start	924	0	0	-1	G				1	0.0028209279	0.00056497175	0.0028209277
mouse_wang_liver	ENSMUST00000130645.8	Mtfr1	Overlap_uORF	start	925	0	0	-1	C				0	0.00083657447	0	0.00083657442
mouse_wang_liver	ENSMUST00000130645.8	Mtfr1	Overlap_uORF	start	926	0	0	-1	T				0	0.0010460663	0	0.0010460662
mouse_wang_liver	ENSMUST00000130645.8	Mtfr1	Overlap_uORF	start	927	0	0	-1	A				1	0.0068748458	0.00056497175	0.0068748454
mouse_wang_liver	ENSMUST00000130645.8	Mtfr1	Overlap_uORF	start	928	0	0	-1	C				0	0.0007018933	0	0.00070189325
mouse_wang_liver	ENSMUST00000130645.8	Mtfr1	Overlap_uORF	start	929	0	0	-1	G				0	0.0018478568	0	0.0018478567
mouse_wang_liver	ENSMUST00000130645.8	Mtfr1	Overlap_uORF	start	930	0	0	-1	G				1	0.0039400575	0.00056497175	0.0039400572
mouse_wang_liver	ENSMUST00000130645.8	Mtfr1	Overlap_uORF	start	931	0	0	-1	G				0	0.00016133294	0	0.00016133293
mouse_wang_liver	ENSMUST00000130645.8	Mtfr1	Overlap_uORF	start	932	0	0	-1	C				0	0.00015929846	0	0.00015929845
mouse_wang_liver	ENSMUST00000130645.8	Mtfr1	Overlap_uORF	start	933	0	0	-1	C				0	0.0010354393	0	0.0010354393
mouse_wang_liver	ENSMUST00000130645.8	Mtfr1	Overlap_uORF	start	934	0	0	-1	A				0	8.3365041e-05	0	8.3365036e-05
mouse_wang_liver	ENSMUST00000130645.8	Mtfr1	Overlap_uORF	start	935	0	0	-1	C				0	0.00010141795	0	0.00010141794
mouse_wang_liver	ENSMUST00000130645.8	Mtfr1	Overlap_uORF	start	936	0	0	-1	C				6	0.00037822002	0.0033898305	0.00037822
mouse_wang_liver	ENSMUST00000130645.8	Mtfr1	Overlap_uORF	start	937	0	0	-1	C				0	8.5777785e-05	0	8.577778e-05
mouse_wang_liver	ENSMUST00000130645.8	Mtfr1	Overlap_uORF	start	938	0	0	-1	A				0	0.00017577111	0	0.0001757711
mouse_wang_liver	ENSMUST00000130645.8	Mtfr1	Overlap_uORF	start	939	0	0	-1	A				2	0.0023157608	0.0011299435	0.0023157607
mouse_wang_liver	ENSMUST00000130645.8	Mtfr1	Overlap_uORF	start	940	0	0	-1	A				0	0.00023130359	0	0.00023130358
mouse_wang_liver	ENSMUST00000130645.8	Mtfr1	Overlap_uORF	start	941	0	0	-1	G				0	0.00042203072	0	0.00042203069
mouse_wang_liver	ENSMUST00000130645.8	Mtfr1	Overlap_uORF	start	942	0	0	-1	A				0	0.0012342834	0	0.0012342834
mouse_wang_liver	ENSMUST00000130645.8	Mtfr1	Overlap_uORF	start	943	0	0	-1	A				0	5.5167391e-05	0	5.5167388e-05
mouse_wang_liver	ENSMUST00000130645.8	Mtfr1	Overlap_uORF	start	944	0	0	-1	G				0	2.7873797e-05	0	2.7873795e-05
mouse_wang_liver	ENSMUST00000130645.8	Mtfr1	Overlap_uORF	start	945	0	0	-1	C				15	0.00047720247	0.0084745763	0.00047720244
mouse_wang_liver	ENSMUST00000130645.8	Mtfr1	Overlap_uORF	start	946	0	0	-1	C				0	5.4230946e-05	0	5.4230943e-05
mouse_wang_liver	ENSMUST00000130645.8	Mtfr1	Overlap_uORF	start	947	0	0	-1	T				0	4.0627052e-05	0	4.0627049e-05
mouse_wang_liver	ENSMUST00000130645.8	Mtfr1	Overlap_uORF	start	948	0	0	-1	G				1	0.0022125884	0.00056497175	0.0022125883
mouse_wang_liver	ENSMUST00000130645.8	Mtfr1	Overlap_uORF	start	949	0	0	-1	A				0	0.00038056241	0	0.00038056239
mouse_wang_liver	ENSMUST00000130645.8	Mtfr1	Overlap_uORF	start	950	0	0	-1	C				0	0.00012634469	0	0.00012634468
mouse_wang_liver	ENSMUST00000130645.8	Mtfr1	Overlap_uORF	start	951	0	0	-1	A				0	0.0016351069	0	0.0016351068
mouse_wang_liver	ENSMUST00000130645.8	Mtfr1	Overlap_uORF	start	952	0	0	-1	T				1	0.00014350301	0.00056497175	0.000143503
mouse_wang_liver	ENSMUST00000130645.8	Mtfr1	Overlap_uORF	start	953	0	0	-1	G				1	0.00046106678	0.00056497175	0.00046106675
mouse_wang_liver	ENSMUST00000130645.8	Mtfr1	Overlap_uORF	start	954	0	0	-1	C				3	0.0051791961	0.0016949153	0.0051791958
mouse_wang_liver	ENSMUST00000130645.8	Mtfr1	Overlap_uORF	start	955	0	0	-1	C				0	0.00028327614	0	0.00028327612
mouse_wang_liver	ENSMUST00000130645.8	Mtfr1	Overlap_uORF	start	956	0	0	-1	A				0	5.7911715e-05	0	5.7911711e-05
mouse_wang_liver	ENSMUST00000130645.8	Mtfr1	Overlap_uORF	start	957	0	0	-1	A				0	0.0016191041	0	0.001619104
mouse_wang_liver	ENSMUST00000130645.8	Mtfr1	Overlap_uORF	start	958	0	0	-1	A				1	0.00050595892	0.00056497175	0.00050595889
mouse_wang_liver	ENSMUST00000130645.8	Mtfr1	Overlap_uORF	start	959	0	0	-1	T				0	0.00023631708	0	0.00023631706
mouse_wang_liver	ENSMUST00000130645.8	Mtfr1	Overlap_uORF	start	960	0	0	-1	A				0	0.00095748773	0	0.00095748767
mouse_wang_liver	ENSMUST00000130645.8	Mtfr1	Overlap_uORF	start	961	0	0	-1	T				0	0.00011900915	0	0.00011900914
mouse_wang_liver	ENSMUST00000130645.8	Mtfr1	Overlap_uORF	start	962	0	0	-1	G				0	0.00042951806	0	0.00042951803
mouse_wang_liver	ENSMUST00000130645.8	Mtfr1	Overlap_uORF	start	963	0	0	-1	C				1	0.019818073	0.00056497175	0.019818072
mouse_wang_liver	ENSMUST00000130645.8	Mtfr1	Overlap_uORF	start	964	0	0	-1	T				1	0.00087419036	0.00056497175	0.0008741903
mouse_wang_liver	ENSMUST00000130645.8	Mtfr1	Overlap_uORF	start	965	0	0	-1	T				0	3.3522389e-05	0	3.3522386e-05
mouse_wang_liver	ENSMUST00000130645.8	Mtfr1	Overlap_uORF	start	966	0	0	-1	G				2	0.0034591123	0.0011299435	0.003459112
mouse_wang_liver	ENSMUST00000130645.8	Mtfr1	Overlap_uORF	start	967	0	0	-1	A				2	0.0011582995	0.0011299435	0.0011582994
mouse_wang_liver	ENSMUST00000130645.8	Mtfr1	Overlap_uORF	start	968	0	0	-1	G				1	0.00021585211	0.00056497175	0.0002158521
mouse_wang_liver	ENSMUST00000130645.8	Mtfr1	Overlap_uORF	start	969	0	0	-1	A				0	0.0060604783	0	0.0060604779
mouse_wang_liver	ENSMUST00000130645.8	Mtfr1	Overlap_uORF	start	970	0	0	-1	T				0	0.00011347608	0	0.00011347607
mouse_wang_liver	ENSMUST00000130645.8	Mtfr1	Overlap_uORF	start	971	0	0	-1	C				0	0.00062894024	0	0.0006289402
mouse_wang_liver	ENSMUST00000130645.8	Mtfr1	Overlap_uORF	start	972	0	0	-1	C				0	0.0031476747	0	0.0031476745
mouse_wang_liver	ENSMUST00000130645.8	Mtfr1	Overlap_uORF	start	973	0	0	-1	T				0	0.00042793498	0	0.00042793496
mouse_wang_liver	ENSMUST00000130645.8	Mtfr1	Overlap_uORF	start	974	0	0	-1	T				0	2.6374631e-05	0	2.637463e-05
mouse_wang_liver	ENSMUST00000130645.8	Mtfr1	Overlap_uORF	start	975	0	0	-1	A				0	0.002673655	0	0.0026736549
mouse_wang_liver	ENSMUST00000130645.8	Mtfr1	Overlap_uORF	start	976	0	0	-1	A				0	0.00055474468	0	0.00055474464
mouse_wang_liver	ENSMUST00000130645.8	Mtfr1	Overlap_uORF	start	977	0	0	-1	A				0	0.00059630349	0	0.00059630346
mouse_wang_liver	ENSMUST00000130645.8	Mtfr1	Overlap_uORF	start	978	0	0	-1	G				7	0.0060132407	0.0039548023	0.0060132403
mouse_wang_liver	ENSMUST00000130645.8	Mtfr1	Overlap_uORF	start	979	0	0	-1	A				0	0.0002713156	0	0.00027131558
mouse_wang_liver	ENSMUST00000130645.8	Mtfr1	Overlap_uORF	start	980	0	0	-1	C				1	0.00046573486	0.00056497175	0.00046573483
mouse_wang_liver	ENSMUST00000130645.8	Mtfr1	Overlap_uORF	start	981	0	0	-1	A				1	0.0028965429	0.00056497175	0.0028965427
mouse_wang_liver	ENSMUST00000130645.8	Mtfr1	Overlap_uORF	start	982	0	0	-1	T				0	0.0011716202	0	0.0011716201
mouse_wang_liver	ENSMUST00000130645.8	Mtfr1	Overlap_uORF	start	983	0	0	-1	G				0	9.0481364e-05	0	9.0481359e-05
mouse_wang_liver	ENSMUST00000130645.8	Mtfr1	Overlap_uORF	start	984	0	0	-1	A				3	0.01170763	0.0016949153	0.011707629
mouse_wang_liver	ENSMUST00000130645.8	Mtfr1	Overlap_uORF	start	985	0	0	-1	A				0	0.0013893261	0	0.001389326
mouse_wang_liver	ENSMUST00000130645.8	Mtfr1	Overlap_uORF	start	986	0	0	-1	C				0	0.00083933712	0	0.00083933707
mouse_wang_liver	ENSMUST00000130645.8	Mtfr1	Overlap_uORF	start	987	0	0	-1	A				1	0.0063157324	0.00056497175	0.006315732
mouse_wang_liver	ENSMUST00000130645.8	Mtfr1	Overlap_uORF	start	988	0	0	-1	G				0	0.0011889724	0	0.0011889723
mouse_wang_liver	ENSMUST00000130645.8	Mtfr1	Overlap_uORF	start	989	0	0	-1	T				0	0.00074366108	0	0.00074366103
mouse_wang_liver	ENSMUST00000130645.8	Mtfr1	Overlap_uORF	start	990	0	0	-1	G				6	0.0043529226	0.0033898305	0.0043529223
mouse_wang_liver	ENSMUST00000130645.8	Mtfr1	Overlap_uORF	start	991	0	0	-1	T				0	0.00020194831	0	0.00020194829
mouse_wang_liver	ENSMUST00000130645.8	Mtfr1	Overlap_uORF	start	992	0	0	-1	G				0	0.00018655432	0	0.0001865543
mouse_wang_liver	ENSMUST00000130645.8	Mtfr1	Overlap_uORF	start	993	0	0	-1	A				0	0.0092983851	0	0.0092983845
mouse_wang_liver	ENSMUST00000130645.8	Mtfr1	Overlap_uORF	start	994	0	0	-1	A				0	0.00057393737	0	0.00057393734
mouse_wang_liver	ENSMUST00000130645.8	Mtfr1	Overlap_uORF	start	995	0	0	-1	G				0	0.00050133234	0	0.00050133231
mouse_wang_liver	ENSMUST00000130645.8	Mtfr1	Overlap_uORF	start	996	0	0	-1	C				2	0.010727021	0.0011299435	0.01072702
mouse_wang_liver	ENSMUST00000130645.8	Mtfr1	Overlap_uORF	start	997	0	0	-1	T				0	0.00065993168	0	0.00065993164
mouse_wang_liver	ENSMUST00000130645.8	Mtfr1	Overlap_uORF	start	998	0	0	-1	A				0	0.00019599748	0	0.00019599746
mouse_wang_liver	ENSMUST00000130645.8	Mtfr1	Overlap_uORF	start	999	0	0	-1	C				1	0.0046985145	0.00056497175	0.0046985142
mouse_wang_liver	ENSMUST00000130645.8	Mtfr1	Overlap_uORF	start	1000	0	0	-1	G				0	0.00020867842	0	0.00020867841
mouse_wang_liver	ENSMUST00000130645.8	Mtfr1	Overlap_uORF	start	1001	0	0	-1	G				0	0.00011747299	0	0.00011747298
mouse_wang_liver	ENSMUST00000130645.8	Mtfr1	Overlap_uORF	start	1002	0	0	-1	T				0	0.0020938402	0	0.00209384
mouse_wang_liver	ENSMUST00000130645.8	Mtfr1	Overlap_uORF	start	1003	0	0	-1	C				0	0.00011460595	0	0.00011460594
mouse_wang_liver	ENSMUST00000130645.8	Mtfr1	Overlap_uORF	start	1004	0	0	-1	A				2	0.000231004	0.0011299435	0.00023100399
mouse_wang_liver	ENSMUST00000130645.8	Mtfr1	Overlap_uORF	start	1005	0	0	-1	G				33	0.0020168859	0.018644068	0.0020168858
mouse_wang_liver	ENSMUST00000130645.8	Mtfr1	Overlap_uORF	start	1006	0	0	-1	T				5	0.00011832583	0.0028248588	0.00011832582
mouse_wang_liver	ENSMUST00000130645.8	Mtfr1	Overlap_uORF	start	1007	0	0	-1	C				0	6.6881068e-05	0	6.6881064e-05
mouse_wang_liver	ENSMUST00000130645.8	Mtfr1	Overlap_uORF	start	1008	0	0	-1	A				2	0.0025931185	0.0011299435	0.0025931183
mouse_wang_liver	ENSMUST00000130645.8	Mtfr1	Overlap_uORF	start	1009	0	0	-1	A				0	0.00062119629	0	0.00062119625
mouse_wang_liver	ENSMUST00000130645.8	Mtfr1	Overlap_uORF	start	1010	0	0	-1	G				0	0.00054614805	0	0.00054614801
mouse_wang_liver	ENSMUST00000130645.8	Mtfr1	Overlap_uORF	start	1011	0	0	-1	A				4	0.0021197465	0.002259887	0.0021197464
mouse_wang_liver	ENSMUST00000130645.8	Mtfr1	Overlap_uORF	start	1012	0	0	-1	G				0	6.9053938e-05	0	6.9053934e-05
mouse_wang_liver	ENSMUST00000130645.8	Mtfr1	Overlap_uORF	start	1013	0	0	-1	G				0	0.00013724806	0	0.00013724805
mouse_wang_liver	ENSMUST00000130645.8	Mtfr1	Overlap_uORF	start	1014	0	0	-1	T				3	0.0067556864	0.0016949153	0.0067556859
mouse_wang_liver	ENSMUST00000130645.8	Mtfr1	Overlap_uORF	start	1015	0	0	-1	C				1	0.00034567164	0.00056497175	0.00034567162
mouse_wang_liver	ENSMUST00000130645.8	Mtfr1	Overlap_uORF	start	1016	0	0	-1	A				0	0.0004246817	0	0.00042468167
mouse_wang_liver	ENSMUST00000130645.8	Mtfr1	Overlap_uORF	start	1017	0	0	-1	G				4	0.0034855278	0.002259887	0.0034855276
mouse_wang_liver	ENSMUST00000130645.8	Mtfr1	Overlap_uORF	start	1018	0	0	-1	A				0	0.00010045698	0	0.00010045697
mouse_wang_liver	ENSMUST00000130645.8	Mtfr1	Overlap_uORF	start	1019	0	0	-1	G				0	9.0922513e-05	0	9.0922507e-05
mouse_wang_liver	ENSMUST00000130645.8	Mtfr1	Overlap_uORF	start	1020	0	0	-1	A				2	0.0027808272	0.0011299435	0.0027808271
mouse_wang_liver	ENSMUST00000130645.8	Mtfr1	Overlap_uORF	start	1021	0	0	-1	A				0	0.00011697496	0	0.00011697495
mouse_wang_liver	ENSMUST00000130645.8	Mtfr1	Overlap_uORF	start	1022	0	0	-1	A				1	0.00045615344	0.00056497175	0.00045615342
mouse_wang_liver	ENSMUST00000130645.8	Mtfr1	Overlap_uORF	start	1023	0	0	-1	G				1	0.0013417328	0.00056497175	0.0013417327
mouse_wang_liver	ENSMUST00000130645.8	Mtfr1	Overlap_uORF	start	1024	0	0	-1	A				0	3.7314028e-05	0	3.7314026e-05
mouse_wang_liver	ENSMUST00000130645.8	Mtfr1	Overlap_uORF	start	1025	0	0	-1	T				0	0.00018262719	0	0.00018262718
mouse_wang_liver	ENSMUST00000130645.8	Mtfr1	Overlap_uORF	start	1026	0	0	-1	G				1	0.0024756126	0.00056497175	0.0024756124
mouse_wang_liver	ENSMUST00000130645.8	Mtfr1	Overlap_uORF	start	1027	0	0	-1	T				0	0.00019238149	0	0.00019238147
mouse_wang_liver	ENSMUST00000130645.8	Mtfr1	Overlap_uORF	start	1028	0	0	-1	A				0	0.00032482354	0	0.00032482352
mouse_wang_liver	ENSMUST00000130645.8	Mtfr1	Overlap_uORF	start	1029	0	0	-1	A				0	0.0010657544	0	0.0010657544
mouse_wang_liver	ENSMUST00000130645.8	Mtfr1	Overlap_uORF	start	1030	0	0	-1	A				0	0.00018343327	0	0.00018343325
mouse_wang_liver	ENSMUST00000130645.8	Mtfr1	Overlap_uORF	start	1031	0	0	-1	A				0	0.00056085177	0	0.00056085173
mouse_wang_liver	ENSMUST00000130645.8	Mtfr1	Overlap_uORF	start	1032	0	0	-1	C				1	0.0023437578	0.00056497175	0.0023437576
mouse_wang_liver	ENSMUST00000130645.8	Mtfr1	Overlap_uORF	start	1033	0	0	-1	C				0	0.00019271458	0	0.00019271457
mouse_wang_liver	ENSMUST00000130645.8	Mtfr1	Overlap_uORF	start	1034	0	0	-1	C				0	5.6453995e-05	0	5.6453992e-05
mouse_wang_liver	ENSMUST00000130645.8	Mtfr1	Overlap_uORF	start	1035	0	0	-1	A				0	0.00086782582	0	0.00086782576
mouse_wang_liver	ENSMUST00000130645.8	Mtfr1	Overlap_uORF	start	1036	0	0	-1	G				0	0.00017788069	0	0.00017788068
mouse_wang_liver	ENSMUST00000130645.8	Mtfr1	Overlap_uORF	start	1037	0	0	-1	G				0	0.0002576547	0	0.00025765468
mouse_wang_liver	ENSMUST00000130645.8	Mtfr1	Overlap_uORF	start	1038	0	0	-1	C				0	0.00097867707	0	0.00097867701
mouse_wang_liver	ENSMUST00000130645.8	Mtfr1	Overlap_uORF	start	1039	0	0	-1	C				0	3.5411122e-05	0	3.5411119e-05
mouse_wang_liver	ENSMUST00000130645.8	Mtfr1	Overlap_uORF	start	1040	0	0	-1	A				0	0.00024806662	0	0.0002480666
mouse_wang_liver	ENSMUST00000130645.8	Mtfr1	Overlap_uORF	start	1041	0	0	-1	G				6	0.0026228924	0.0033898305	0.0026228922
mouse_wang_liver	ENSMUST00000130645.8	Mtfr1	Overlap_uORF	start	1042	0	0	-1	C				1	0.00011186455	0.00056497175	0.00011186454
mouse_wang_liver	ENSMUST00000130645.8	Mtfr1	Overlap_uORF	start	1043	0	0	-1	G				0	4.5698966e-05	0	4.5698963e-05
mouse_wang_liver	ENSMUST00000130645.8	Mtfr1	Overlap_uORF	start	1044	0	0	-1	G				2	0.0018265027	0.0011299435	0.0018265026
mouse_wang_liver	ENSMUST00000130645.8	Mtfr1	Overlap_uORF	start	1045	0	0	-1	A				0	8.3342544e-05	0	8.3342539e-05
mouse_wang_liver	ENSMUST00000130645.8	Mtfr1	Overlap_uORF	start	1046	0	0	-1	T				2	0.00010215063	0.0011299435	0.00010215062
mouse_wang_liver	ENSMUST00000130645.8	Mtfr1	Overlap_uORF	start	1047	0	0	-1	A				3	0.0006895769	0.0016949153	0.00068957686
mouse_wang_liver	ENSMUST00000130645.8	Mtfr1	Overlap_uORF	start	1048	0	0	-1	C				0	1.6732452e-05	0	1.6732451e-05
mouse_wang_liver	ENSMUST00000130645.8	Mtfr1	Overlap_uORF	start	1049	0	0	-1	T				0	6.6874178e-05	0	6.6874174e-05
mouse_wang_liver	ENSMUST00000130645.8	Mtfr1	Overlap_uORF	start	1050	0	0	-1	G				3	0.0013693435	0.0016949153	0.0013693434
mouse_wang_liver	ENSMUST00000130645.8	Mtfr1	Overlap_uORF	start	1051	0	0	-1	A				0	9.931266e-05	0	9.9312653e-05
mouse_wang_liver	ENSMUST00000130645.8	Mtfr1	Overlap_uORF	start	1052	0	0	-1	C				0	0.00072987715	0	0.00072987711
mouse_wang_liver	ENSMUST00000130645.8	Mtfr1	Overlap_uORF	start	1053	0	0	-1	C				1	0.0087231528	0.00056497175	0.0087231523
mouse_wang_liver	ENSMUST00000130645.8	Mtfr1	Overlap_uORF	start	1054	0	0	-1	A				1	0.00057298708	0.00056497175	0.00057298704
mouse_wang_liver	ENSMUST00000130645.8	Mtfr1	Overlap_uORF	start	1055	0	0	-1	T				0	0.00073000108	0	0.00073000103
mouse_wang_liver	ENSMUST00000130645.8	Mtfr1	Overlap_uORF	start	1056	0	0	-1	G				1	0.0042455071	0.00056497175	0.0042455068
mouse_wang_liver	ENSMUST00000130645.8	Mtfr1	Overlap_uORF	start	1057	0	0	-1	C				0	0.00038429815	0	0.00038429813
mouse_wang_liver	ENSMUST00000130645.8	Mtfr1	Overlap_uORF	start	1058	0	0	-1	T				0	0.00019554007	0	0.00019554005
mouse_wang_liver	ENSMUST00000130645.8	Mtfr1	Overlap_uORF	start	1059	0	0	-1	G				0	0.0046248017	0	0.0046248014
mouse_wang_liver	ENSMUST00000130645.8	Mtfr1	Overlap_uORF	start	1060	0	0	-1	C				0	0.000452067	0	0.00045206698
mouse_wang_liver	ENSMUST00000130645.8	Mtfr1	Overlap_uORF	start	1061	0	0	-1	C				0	0.00094018067	0	0.00094018062
mouse_wang_liver	ENSMUST00000130645.8	Mtfr1	Overlap_uORF	start	1062	0	0	-1	T				0	0.0010897147	0	0.0010897146
mouse_wang_liver	ENSMUST00000130645.8	Mtfr1	Overlap_uORF	start	1063	0	0	-1	T				0	0.00015237145	0	0.00015237144
mouse_wang_liver	ENSMUST00000130645.8	Mtfr1	Overlap_uORF	start	1064	0	0	-1	C				0	5.66077e-05	0	5.6607696e-05
mouse_wang_liver	ENSMUST00000130645.8	Mtfr1	Overlap_uORF	start	1065	0	0	-1	A				0	0.0025082889	0	0.0025082888
mouse_wang_liver	ENSMUST00000130645.8	Mtfr1	Overlap_uORF	start	1066	0	0	-1	T				0	0.0015179543	0	0.0015179542
mouse_wang_liver	ENSMUST00000130645.8	Mtfr1	Overlap_uORF	start	1067	0	0	-1	A				3	0.0013170519	0.0016949153	0.0013170519
mouse_wang_liver	ENSMUST00000130645.8	Mtfr1	Overlap_uORF	start	1068	0	0	-1	G				6	0.010993834	0.0033898305	0.010993833
mouse_wang_liver	ENSMUST00000130645.8	Mtfr1	Overlap_uORF	start	1069	0	0	-1	C				0	0.0011302673	0	0.0011302672
mouse_wang_liver	ENSMUST00000130645.8	Mtfr1	Overlap_uORF	start	1070	0	0	-1	A				0	0.00050844421	0	0.00050844418
mouse_wang_liver	ENSMUST00000130645.8	Mtfr1	Overlap_uORF	start	1071	0	0	-1	G				1	0.003897323	0.00056497175	0.0038973228
mouse_wang_liver	ENSMUST00000130645.8	Mtfr1	Overlap_uORF	start	1072	0	0	-1	A				0	0.00016966178	0	0.00016966177
mouse_wang_liver	ENSMUST00000130645.8	Mtfr1	Overlap_uORF	start	1073	0	0	-1	G				0	0.00065980706	0	0.00065980702
mouse_wang_liver	ENSMUST00000130645.8	Mtfr1	Overlap_uORF	start	1074	0	0	-1	G				6	0.0046207015	0.0033898305	0.0046207013
mouse_wang_liver	ENSMUST00000130645.8	Mtfr1	Overlap_uORF	start	1075	0	0	-1	C				1	0.0001885121	0.00056497175	0.00018851209
mouse_wang_liver	ENSMUST00000130645.8	Mtfr1	Overlap_uORF	start	1076	0	0	-1	T				0	0.00025009405	0	0.00025009403
mouse_wang_liver	ENSMUST00000130645.8	Mtfr1	Overlap_uORF	start	1077	0	0	-1	C				0	0.0063616559	0	0.0063616555
mouse_wang_liver	ENSMUST00000130645.8	Mtfr1	Overlap_uORF	start	1078	0	0	-1	T				0	0.00019533672	0	0.00019533671
mouse_wang_liver	ENSMUST00000130645.8	Mtfr1	Overlap_uORF	start	1079	0	0	-1	G				0	0.00052643748	0	0.00052643745
mouse_wang_liver	ENSMUST00000130645.8	Mtfr1	Overlap_uORF	start	1080	0	0	-1	A				4	0.0015815794	0.002259887	0.0015815793
mouse_wang_liver	ENSMUST00000130645.8	Mtfr1	Overlap_uORF	start	1081	0	0	-1	A				0	9.5481002e-05	0	9.5480996e-05
mouse_wang_liver	ENSMUST00000130645.8	Mtfr1	Overlap_uORF	start	1082	0	0	-1	A				0	9.7154392e-05	0	9.7154386e-05
mouse_wang_liver	ENSMUST00000130645.8	Mtfr1	Overlap_uORF	start	1083	0	0	-1	A				4	0.0013654769	0.002259887	0.0013654768
mouse_wang_liver	ENSMUST00000130645.8	Mtfr1	Overlap_uORF	start	1084	0	0	-1	A				0	0.00015905163	0	0.00015905162
mouse_wang_liver	ENSMUST00000130645.8	Mtfr1	Overlap_uORF	start	1085	0	0	-1	G				0	0.00031391295	0	0.00031391294
mouse_wang_liver	ENSMUST00000130645.8	Mtfr1	Overlap_uORF	start	1086	0	0	-1	A				0	0.001669116	0	0.0016691159
mouse_wang_liver	ENSMUST00000130645.8	Mtfr1	Overlap_uORF	start	1087	0	0	-1	A				0	9.86011e-05	0	9.8601094e-05
mouse_wang_liver	ENSMUST00000130645.8	Mtfr1	Overlap_uORF	start	1088	0	0	-1	G				0	7.6452583e-05	0	7.6452578e-05
mouse_wang_liver	ENSMUST00000130645.8	Mtfr1	Overlap_uORF	start	1089	0	0	-1	T				16	0.0044141952	0.009039548	0.0044141949
mouse_wang_liver	ENSMUST00000130645.8	Mtfr1	Overlap_uORF	start	1090	0	0	-1	T				4	0.00035599674	0.002259887	0.00035599672
mouse_wang_liver	ENSMUST00000130645.8	Mtfr1	Overlap_uORF	start	1091	0	0	-1	T				1	0.0011072014	0.00056497175	0.0011072014
mouse_wang_liver	ENSMUST00000130645.8	Mtfr1	Overlap_uORF	start	1092	0	0	-1	G				4	0.0054994728	0.002259887	0.0054994725
mouse_wang_liver	ENSMUST00000130645.8	Mtfr1	Overlap_uORF	start	1093	0	0	-1	C				1	0.00088032021	0.00056497175	0.00088032015
mouse_wang_liver	ENSMUST00000130645.8	Mtfr1	Overlap_uORF	start	1094	0	0	-1	A				0	0.00039544501	0	0.00039544498
mouse_wang_liver	ENSMUST00000130645.8	Mtfr1	Overlap_uORF	start	1095	0	0	-1	T				0	0.0065344982	0	0.0065344978
mouse_wang_liver	ENSMUST00000130645.8	Mtfr1	Overlap_uORF	start	1096	0	0	-1	A				2	0.00047699409	0.0011299435	0.00047699406
mouse_wang_liver	ENSMUST00000130645.8	Mtfr1	Overlap_uORF	start	1097	0	0	-1	T				0	0.00051368336	0	0.00051368333
mouse_wang_liver	ENSMUST00000130645.8	Mtfr1	Overlap_uORF	start	1098	0	0	-1	C				0	0.0042124242	0	0.0042124239
mouse_wang_liver	ENSMUST00000130645.8	Mtfr1	Overlap_uORF	start	1099	0	0	-1	G				0	0.00033523937	0	0.00033523935
mouse_wang_liver	ENSMUST00000130645.8	Mtfr1	Overlap_uORF	start	1100	0	0	-1	A				0	0.00072532182	0	0.00072532178
mouse_wang_liver	ENSMUST00000130645.8	Mtfr1	Overlap_uORF	start	1101	0	0	-1	C				3	0.0031294078	0.0016949153	0.0031294076
mouse_wang_liver	ENSMUST00000130645.8	Mtfr1	Overlap_uORF	start	1102	0	0	-1	A				0	0.00050719641	0	0.00050719638
mouse_wang_liver	ENSMUST00000130645.8	Mtfr1	Overlap_uORF	start	1103	0	0	-1	C				0	0.0014280942	0	0.0014280941
mouse_wang_liver	ENSMUST00000130645.8	Mtfr1	Overlap_uORF	start	1104	0	0	-1	A				6	0.0017308787	0.0033898305	0.0017308786
mouse_wang_liver	ENSMUST00000130645.8	Mtfr1	Overlap_uORF	start	1105	0	0	-1	A				3	0.00044946145	0.0016949153	0.00044946143
mouse_wang_liver	ENSMUST00000130645.8	Mtfr1	Overlap_uORF	start	1106	0	0	-1	T				0	0.00047329703	0	0.000473297
mouse_wang_liver	ENSMUST00000130645.8	Mtfr1	Overlap_uORF	start	1107	0	0	-1	A				0	0.001837275	0	0.0018372749
mouse_wang_liver	ENSMUST00000130645.8	Mtfr1	Overlap_uORF	start	1108	0	0	-1	G				0	0.00015222648	0	0.00015222647
mouse_wang_liver	ENSMUST00000130645.8	Mtfr1	Overlap_uORF	start	1109	0	0	-1	C				0	0.00013726874	0	0.00013726873
mouse_wang_liver	ENSMUST00000130645.8	Mtfr1	Overlap_uORF	start	1110	0	0	-1	C				4	0.0045402921	0.002259887	0.0045402918
mouse_wang_liver	ENSMUST00000130645.8	Mtfr1	Overlap_uORF	start	1111	0	0	-1	A				1	0.00033500066	0.00056497175	0.00033500064
mouse_wang_liver	ENSMUST00000130645.8	Mtfr1	Overlap_uORF	start	1112	0	0	-1	A				3	0.0001215052	0.0016949153	0.0001215052
mouse_wang_liver	ENSMUST00000130645.8	Mtfr1	Overlap_uORF	start	1113	0	0	-1	G				40	0.0035867137	0.02259887	0.0035867135
mouse_wang_liver	ENSMUST00000130645.8	Mtfr1	Overlap_uORF	start	1114	0	0	-1	G				5	0.00035020692	0.0028248588	0.00035020689
mouse_wang_liver	ENSMUST00000130645.8	Mtfr1	Overlap_uORF	start	1115	0	0	-1	A				0	0.00040968449	0	0.00040968447
mouse_wang_liver	ENSMUST00000130645.8	Mtfr1	Overlap_uORF	start	1116	0	0	-1	G				5	0.0018949653	0.0028248588	0.0018949652
mouse_wang_liver	ENSMUST00000130645.8	Mtfr1	Overlap_uORF	start	1117	0	0	-1	A				0	0.00039694807	0	0.00039694805
mouse_wang_liver	ENSMUST00000130645.8	Mtfr1	Overlap_uORF	start	1118	0	0	-1	A				0	0.00027579063	0	0.00027579062
mouse_wang_liver	ENSMUST00000130645.8	Mtfr1	Overlap_uORF	start	1119	0	0	-1	A				0	0.0029104433	0	0.0029104432
mouse_wang_liver	ENSMUST00000130645.8	Mtfr1	Overlap_uORF	start	1120	0	0	-1	C				0	7.9649428e-05	0	7.9649423e-05
mouse_wang_liver	ENSMUST00000130645.8	Mtfr1	Overlap_uORF	start	1121	0	0	-1	T				0	4.9027738e-05	0	4.9027735e-05
mouse_wang_liver	ENSMUST00000130645.8	Mtfr1	Overlap_uORF	start	1122	0	0	-1	G				0	0.0021206338	0	0.0021206337
mouse_wang_liver	ENSMUST00000130645.8	Mtfr1	Overlap_uORF	start	1123	0	0	-1	A				0	0.00066382845	0	0.00066382841
mouse_wang_liver	ENSMUST00000130645.8	Mtfr1	Overlap_uORF	start	1124	0	0	-1	A				6	0.00028271237	0.0033898305	0.00028271235
mouse_wang_liver	ENSMUST00000130645.8	Mtfr1	Overlap_uORF	start	1125	0	0	-1	A				36	0.0020766228	0.020338983	0.0020766227
mouse_wang_liver	ENSMUST00000130645.8	Mtfr1	Overlap_uORF	start	1126	0	0	-1	G				4	0.00011220292	0.002259887	0.00011220291
mouse_wang_liver	ENSMUST00000130645.8	Mtfr1	Overlap_uORF	start	1127	0	0	-1	A				0	0.00021541018	0	0.00021541017
mouse_wang_liver	ENSMUST00000130645.8	Mtfr1	Overlap_uORF	start	1128	0	0	-1	G				7	0.0020990144	0.0039548023	0.0020990142
mouse_wang_liver	ENSMUST00000130645.8	Mtfr1	Overlap_uORF	start	1129	0	0	-1	G				3	0.00015832024	0.0016949153	0.00015832023
mouse_wang_liver	ENSMUST00000130645.8	Mtfr1	Overlap_uORF	start	1130	0	0	-1	A				0	0.00024734682	0	0.0002473468
mouse_wang_liver	ENSMUST00000130645.8	Mtfr1	Overlap_uORF	start	1131	0	0	-1	A				3	0.0022372976	0.0016949153	0.0022372975
mouse_wang_liver	ENSMUST00000130645.8	Mtfr1	Overlap_uORF	start	1132	0	0	-1	T				0	0.00029922865	0	0.00029922863
mouse_wang_liver	ENSMUST00000130645.8	Mtfr1	Overlap_uORF	start	1133	0	0	-1	T				0	0.00026885222	0	0.00026885221
mouse_wang_liver	ENSMUST00000130645.8	Mtfr1	Overlap_uORF	start	1134	0	0	-1	C				0	0.0012531026	0	0.0012531025
mouse_wang_liver	ENSMUST00000130645.8	Mtfr1	Overlap_uORF	start	1135	0	0	-1	C				0	0.00012985479	0	0.00012985478
mouse_wang_liver	ENSMUST00000130645.8	Mtfr1	Overlap_uORF	start	1136	0	0	-1	A				0	0.00013015704	0	0.00013015704
mouse_wang_liver	ENSMUST00000130645.8	Mtfr1	Overlap_uORF	start	1137	0	0	-1	A				0	0.0027325705	0	0.0027325703
mouse_wang_liver	ENSMUST00000130645.8	Mtfr1	Overlap_uORF	start	1138	0	0	-1	A				0	0.00017008866	0	0.00017008865
mouse_wang_liver	ENSMUST00000130645.8	Mtfr1	Overlap_uORF	start	1139	0	0	-1	G				2	0.00015427814	0.0011299435	0.00015427813
mouse_wang_liver	ENSMUST00000130645.8	Mtfr1	Overlap_uORF	start	1140	0	0	-1	C				1	0.00071899471	0.00056497175	0.00071899466
mouse_wang_liver	ENSMUST00000130645.8	Mtfr1	Overlap_uORF	start	1141	0	0	-1	C				0	5.9131973e-05	0	5.9131969e-05
mouse_wang_liver	ENSMUST00000130645.8	Mtfr1	Overlap_uORF	start	1142	0	0	-1	A				0	0.00016291866	0	0.00016291865
mouse_wang_liver	ENSMUST00000130645.8	Mtfr1	Overlap_uORF	start	1143	0	0	-1	G				0	0.00093258033	0	0.00093258027
mouse_wang_liver	ENSMUST00000130645.8	Mtfr1	Overlap_uORF	start	1144	0	0	-1	A				0	5.112329e-05	0	5.1123287e-05
mouse_wang_liver	ENSMUST00000130645.8	Mtfr1	Overlap_uORF	start	1145	0	0	-1	G				0	3.3708129e-05	0	3.3708127e-05
mouse_wang_liver	ENSMUST00000130645.8	Mtfr1	Overlap_uORF	start	1146	0	0	-1	T				0	0.001726258	0	0.0017262579
mouse_wang_liver	ENSMUST00000130645.8	Mtfr1	Overlap_uORF	start	1147	0	0	-1	C				0	0.00019443622	0	0.0001944362
mouse_wang_liver	ENSMUST00000130645.8	Mtfr1	Overlap_uORF	start	1148	0	0	-1	A				0	0.00049178599	0	0.00049178596
mouse_wang_liver	ENSMUST00000130645.8	Mtfr1	Overlap_uORF	start	1149	0	0	-1	G				0	0.0019004365	0	0.0019004364
mouse_wang_liver	ENSMUST00000130645.8	Mtfr1	Overlap_uORF	start	1150	0	0	-1	A				0	6.3570777e-05	0	6.3570773e-05
mouse_wang_liver	ENSMUST00000130645.8	Mtfr1	Overlap_uORF	start	1151	0	0	-1	G				0	4.986782e-05	0	4.9867817e-05
mouse_wang_liver	ENSMUST00000130645.8	Mtfr1	Overlap_uORF	start	1152	0	0	-1	G				0	0.0023059384	0	0.0023059383
mouse_wang_liver	ENSMUST00000130645.8	Mtfr1	Overlap_uORF	start	1153	0	0	-1	C				0	7.2449671e-05	0	7.2449667e-05
mouse_wang_liver	ENSMUST00000130645.8	Mtfr1	Overlap_uORF	start	1154	0	0	-1	C				1	7.3665149e-05	0.00056497175	7.3665145e-05
mouse_wang_liver	ENSMUST00000130645.8	Mtfr1	Overlap_uORF	start	1155	0	0	-1	A				0	0.0003824631	0	0.00038246307
mouse_wang_liver	ENSMUST00000130645.8	Mtfr1	Overlap_uORF	start	1156	0	0	-1	C				0	2.7183165e-05	0	2.7183163e-05
mouse_wang_liver	ENSMUST00000130645.8	Mtfr1	Overlap_uORF	start	1157	0	0	-1	C				0	7.0862137e-05	0	7.0862133e-05
mouse_wang_liver	ENSMUST00000130645.8	Mtfr1	Overlap_uORF	start	1158	0	0	-1	T				1	0.00039612327	0.00056497175	0.00039612325
mouse_wang_liver	ENSMUST00000130645.8	Mtfr1	Overlap_uORF	start	1159	0	0	-1	C				1	1.8907791e-05	0.00056497175	1.890779e-05
mouse_wang_liver	ENSMUST00000130645.8	Mtfr1	Overlap_uORF	start	1160	0	0	-1	A				0	6.3517808e-05	0	6.3517804e-05
mouse_wang_liver	ENSMUST00000130645.8	Mtfr1	Overlap_uORF	start	1161	0	0	-1	G				1	0.00059569417	0.00056497175	0.00059569414
mouse_wang_liver	ENSMUST00000130645.8	Mtfr1	Overlap_uORF	start	1162	0	0	-1	A				0	2.8339815e-05	0	2.8339813e-05
mouse_wang_liver	ENSMUST00000130645.8	Mtfr1	Overlap_uORF	start	1163	0	0	-1	G				0	6.6557834e-05	0	6.655783e-05
mouse_wang_liver	ENSMUST00000130645.8	Mtfr1	Overlap_uORF	start	1164	0	0	-1	C				0	0.00037551441	0	0.00037551439
mouse_wang_liver	ENSMUST00000130645.8	Mtfr1	Overlap_uORF	start	1165	0	0	-1	C				0	9.6471304e-06	0	9.6471298e-06
mouse_wang_liver	ENSMUST00000130645.8	Mtfr1	Overlap_uORF	start	1166	0	0	-1	A				0	6.4493793e-06	0	6.4493789e-06
mouse_wang_liver	ENSMUST00000130645.8	Mtfr1	Overlap_uORF	start	1167	0	0	-1	G				0	0.00049906981	0	0.00049906978
mouse_wang_liver	ENSMUST00000130645.8	Mtfr1	Overlap_uORF	start	1168	0	0	-1	C				0	2.0497591e-05	0	2.049759e-05
mouse_wang_liver	ENSMUST00000130645.8	Mtfr1	Overlap_uORF	start	1169	0	0	-1	C				1	3.6466961e-05	0.00056497175	3.6466959e-05
mouse_wang_liver	ENSMUST00000130645.8	Mtfr1	Overlap_uORF	start	1170	0	0	-1	C				2	0.00021720343	0.0011299435	0.00021720342
mouse_wang_liver	ENSMUST00000130645.8	Mtfr1	Overlap_uORF	start	1171	0	0	-1	T				0	1.205321e-05	0	1.205321e-05
mouse_wang_liver	ENSMUST00000130645.8	Mtfr1	Overlap_uORF	start	1172	0	0	-1	G				0	6.8002548e-05	0	6.8002544e-05
mouse_wang_liver	ENSMUST00000130645.8	Mtfr1	Overlap_uORF	start	1173	0	0	-1	T				4	0.00011561975	0.002259887	0.00011561975
mouse_wang_liver	ENSMUST00000130645.8	Mtfr1	Overlap_uORF	start	1174	0	0	-1	T				1	1.6697863e-05	0.00056497175	1.6697861e-05
mouse_wang_liver	ENSMUST00000130645.8	Mtfr1	Overlap_uORF	start	1175	0	0	-1	T				2	2.3453698e-05	0.0011299435	2.3453697e-05
mouse_wang_liver	ENSMUST00000130645.8	Mtfr1	Overlap_uORF	start	1176	0	0	-1	G				14	0.00085796817	0.0079096045	0.00085796812
mouse_wang_liver	ENSMUST00000130645.8	Mtfr1	Overlap_uORF	start	1177	0	0	-1	G				3	0.00027208283	0.0016949153	0.00027208282
mouse_wang_liver	ENSMUST00000130645.8	Mtfr1	Overlap_uORF	start	1178	0	0	-1	C				0	0.00031196891	0	0.00031196889
mouse_wang_liver	ENSMUST00000130645.8	Mtfr1	Overlap_uORF	start	1179	0	0	-1	C				0	0.00087302976	0	0.0008730297
mouse_wang_liver	ENSMUST00000130645.8	Mtfr1	Overlap_uORF	start	1180	0	0	-1	C				0	6.2306492e-05	0	6.2306488e-05
mouse_wang_liver	ENSMUST00000130645.8	Mtfr1	Overlap_uORF	start	1181	0	0	-1	A				0	3.9149916e-05	0	3.9149914e-05
mouse_wang_liver	ENSMUST00000130645.8	Mtfr1	Overlap_uORF	start	1182	0	0	-1	C				0	0.0013403784	0	0.0013403783
mouse_wang_liver	ENSMUST00000130645.8	Mtfr1	Overlap_uORF	start	1183	0	0	-1	A				0	0.0001281867	0	0.00012818669
mouse_wang_liver	ENSMUST00000130645.8	Mtfr1	Overlap_uORF	start	1184	0	0	-1	T				0	0.00029030818	0	0.00029030816
mouse_wang_liver	ENSMUST00000130645.8	Mtfr1	Overlap_uORF	start	1185	0	0	-1	A				0	0.00067853776	0	0.00067853772
mouse_wang_liver	ENSMUST00000130645.8	Mtfr1	Overlap_uORF	start	1186	0	0	-1	T				0	0.00015314238	0	0.00015314237
mouse_wang_liver	ENSMUST00000130645.8	Mtfr1	Overlap_uORF	start	1187	0	0	-1	A				0	0.0004440434	0	0.00044404337
mouse_wang_liver	ENSMUST00000130645.8	Mtfr1	Overlap_uORF	start	1188	0	0	-1	T				0	0.00041847097	0	0.00041847094
mouse_wang_liver	ENSMUST00000130645.8	Mtfr1	Overlap_uORF	start	1189	0	0	-1	T				0	5.7401125e-05	0	5.7401121e-05
mouse_wang_liver	ENSMUST00000130645.8	Mtfr1	Overlap_uORF	start	1190	0	0	-1	G				0	8.8767018e-05	0	8.8767012e-05
mouse_wang_liver	ENSMUST00000130645.8	Mtfr1	Overlap_uORF	start	1191	0	0	-1	A				0	0.0016770556	0	0.0016770555
mouse_wang_liver	ENSMUST00000130645.8	Mtfr1	Overlap_uORF	start	1192	0	0	-1	A				0	0.00013480437	0	0.00013480437
mouse_wang_liver	ENSMUST00000130645.8	Mtfr1	Overlap_uORF	start	1193	0	0	-1	G				0	3.6963986e-05	0	3.6963983e-05
mouse_wang_liver	ENSMUST00000130645.8	Mtfr1	Overlap_uORF	start	1194	0	0	-1	T				0	0.00021877843	0	0.00021877841
mouse_wang_liver	ENSMUST00000130645.8	Mtfr1	Overlap_uORF	start	1195	0	0	-1	C				0	0.00041181661	0	0.00041181659
mouse_wang_liver	ENSMUST00000130645.8	Mtfr1	Overlap_uORF	start	1196	0	0	-1	T				0	0.00030905887	0	0.00030905885
mouse_wang_liver	ENSMUST00000130645.8	Mtfr1	Overlap_uORF	start	1197	0	0	-1	A				0	0.0016688597	0	0.0016688596
mouse_wang_liver	ENSMUST00000130645.8	Mtfr1	Overlap_uORF	start	1198	0	0	-1	C				0	6.2112842e-05	0	6.2112838e-05
mouse_wang_liver	ENSMUST00000130645.8	Mtfr1	Overlap_uORF	start	1199	0	0	-1	A				1	8.5420397e-05	0.00056497175	8.5420392e-05
mouse_wang_liver	ENSMUST00000130645.8	Mtfr1	Overlap_uORF	start	1200	0	0	-1	G				6	0.00067705562	0.0033898305	0.00067705558
mouse_wang_liver	ENSMUST00000130645.8	Mtfr1	Overlap_uORF	start	1201	0	0	-1	G				0	2.9612054e-05	0	2.9612052e-05
mouse_wang_liver	ENSMUST00000130645.8	Mtfr1	Overlap_uORF	start	1202	0	0	-1	G				0	3.789517e-05	0	3.7895168e-05
mouse_wang_liver	ENSMUST00000130645.8	Mtfr1	Overlap_uORF	start	1203	0	0	-1	A				1	0.00085021154	0.00056497175	0.00085021149
mouse_wang_liver	ENSMUST00000130645.8	Mtfr1	Overlap_uORF	start	1204	0	0	-1	A				0	0.00015556633	0	0.00015556632
mouse_wang_liver	ENSMUST00000130645.8	Mtfr1	Overlap_uORF	start	1205	0	0	-1	A				2	0.00039962359	0.0011299435	0.00039962357
mouse_wang_liver	ENSMUST00000130645.8	Mtfr1	Overlap_uORF	start	1206	0	0	-1	A				3	0.0018795213	0.0016949153	0.0018795212
mouse_wang_liver	ENSMUST00000130645.8	Mtfr1	Overlap_uORF	start	1207	0	0	-1	T				0	6.5790759e-05	0	6.5790754e-05
mouse_wang_liver	ENSMUST00000130645.8	Mtfr1	Overlap_uORF	start	1208	0	0	-1	G				0	0.00022011824	0	0.00022011822
mouse_wang_liver	ENSMUST00000130645.8	Mtfr1	Overlap_uORF	start	1209	0	0	-1	A				1	0.0012884345	0.00056497175	0.0012884344
mouse_wang_liver	ENSMUST00000130645.8	Mtfr1	Overlap_uORF	start	1210	0	0	-1	A				0	6.7161724e-05	0	6.7161719e-05
mouse_wang_liver	ENSMUST00000130645.8	Mtfr1	Overlap_uORF	start	1211	0	0	-1	G				0	7.022846e-05	0	7.0228455e-05
mouse_wang_liver	ENSMUST00000130645.8	Mtfr1	Overlap_uORF	start	1212	0	0	-1	G				1	0.0001876141	0.00056497175	0.00018761409
mouse_wang_liver	ENSMUST00000130645.8	Mtfr1	Overlap_uORF	start	1213	0	0	-1	C				0	1.7515824e-05	0	1.7515823e-05
mouse_wang_liver	ENSMUST00000130645.8	Mtfr1	Overlap_uORF	start	1214	0	0	-1	T				0	0.0002148632	0	0.00021486319
mouse_wang_liver	ENSMUST00000130645.8	Mtfr1	Overlap_uORF	start	1215	0	0	-1	T				0	0.0019773853	0	0.0019773851
mouse_wang_liver	ENSMUST00000130645.8	Mtfr1	Overlap_uORF	start	1216	0	0	-1	T				0	0.00011318793	0	0.00011318792
mouse_wang_liver	ENSMUST00000130645.8	Mtfr1	Overlap_uORF	start	1217	0	0	-1	A				0	7.8913909e-05	0	7.8913904e-05
mouse_wang_liver	ENSMUST00000130645.8	Mtfr1	Overlap_uORF	start	1218	0	0	-1	A				0	0.0014935856	0	0.0014935856
mouse_wang_liver	ENSMUST00000130645.8	Mtfr1	Overlap_uORF	start	1219	0	0	-1	T				0	5.1232371e-05	0	5.1232368e-05
mouse_wang_liver	ENSMUST00000130645.8	Mtfr1	Overlap_uORF	start	1220	0	0	-1	T				1	0.00031578963	0.00056497175	0.00031578961
mouse_wang_liver	ENSMUST00000130645.8	Mtfr1	Overlap_uORF	start	1221	0	0	-1	G				6	0.0027232568	0.0033898305	0.0027232567
mouse_wang_liver	ENSMUST00000130645.8	Mtfr1	Overlap_uORF	start	1222	0	0	-1	A				2	0.00021957792	0.0011299435	0.00021957791
mouse_wang_liver	ENSMUST00000130645.8	Mtfr1	Overlap_uORF	start	1223	0	0	-1	A				0	9.6853648e-05	0	9.6853642e-05
mouse_wang_liver	ENSMUST00000130645.8	Mtfr1	Overlap_uORF	start	1224	0	0	-1	A				2	0.00016425768	0.0011299435	0.00016425767
mouse_wang_liver	ENSMUST00000130645.8	Mtfr1	Overlap_uORF	start	1225	0	0	-1	A				0	3.2665961e-05	0	3.2665959e-05
mouse_wang_liver	ENSMUST00000130645.8	Mtfr1	Overlap_uORF	start	1226	0	0	-1	T				0	3.847156e-05	0	3.8471558e-05
mouse_wang_liver	ENSMUST00000130645.8	Mtfr1	Overlap_uORF	start	1227	0	0	-1	G				0	0.00038621417	0	0.00038621415
mouse_wang_liver	ENSMUST00000130645.8	Mtfr1	Overlap_uORF	start	1228	0	0	-1	T				0	0.00052144856	0	0.00052144853
mouse_wang_liver	ENSMUST00000130645.8	Mtfr1	Overlap_uORF	start	1229	0	0	-1	T				0	0.00014877165	0	0.00014877164
mouse_wang_liver	ENSMUST00000130645.8	Mtfr1	Overlap_uORF	start	1230	0	0	-1	C				0	0.0017038507	0	0.0017038506
mouse_wang_liver	ENSMUST00000130645.8	Mtfr1	Overlap_uORF	start	1231	0	0	-1	C				3	0.001442267	0.0016949153	0.0014422669
mouse_wang_liver	ENSMUST00000130645.8	Mtfr1	Overlap_uORF	start	1232	0	0	-1	C				0	0.00091703871	0	0.00091703865
mouse_wang_liver	ENSMUST00000130645.8	Mtfr1	Overlap_uORF	start	1233	0	0	-1	G				0	0.0026559471	0	0.002655947
mouse_wang_liver	ENSMUST00000130645.8	Mtfr1	Overlap_uORF	start	1234	0	0	-1	A				0	0.00055637071	0	0.00055637067
mouse_wang_liver	ENSMUST00000130645.8	Mtfr1	Overlap_uORF	start	1235	0	0	-1	C				0	0.00038483032	0	0.00038483029
mouse_wang_liver	ENSMUST00000130645.8	Mtfr1	Overlap_uORF	start	1236	0	0	-1	T				2	0.026810195	0.0011299435	0.026810194
mouse_wang_liver	ENSMUST00000130645.8	Mtfr1	Overlap_uORF	start	1237	0	0	-1	C				0	0.0014314662	0	0.0014314661
mouse_wang_liver	ENSMUST00000130645.8	Mtfr1	Overlap_uORF	start	1238	0	0	-1	C				0	0.00039328923	0	0.0003932892
mouse_wang_liver	ENSMUST00000130645.8	Mtfr1	Overlap_uORF	start	1239	0	0	-1	T				0	7.9855767e-05	0	7.9855762e-05
mouse_wang_liver	ENSMUST00000130645.8	Mtfr1	Overlap_uORF	start	1240	0	0	-1	A				0	3.0255567e-05	0	3.0255565e-05
mouse_wang_liver	ENSMUST00000130645.8	Mtfr1	Overlap_uORF	start	1241	0	0	-1	A				0	6.1135295e-05	0	6.1135291e-05
mouse_wang_liver	ENSMUST00000130645.8	Mtfr1	Overlap_uORF	start	1242	0	0	-1	T				0	6.8643902e-05	0	6.8643897e-05
mouse_wang_liver	ENSMUST00000130645.8	Mtfr1	Overlap_uORF	start	1243	0	0	-1	G				0	3.137024e-05	0	3.1370238e-05
mouse_wang_liver	ENSMUST00000130645.8	Mtfr1	Overlap_uORF	start	1244	0	0	-1	G				0	0.00010390086	0	0.00010390085
mouse_wang_liver	ENSMUST00000130645.8	Mtfr1	Overlap_uORF	start	1245	0	0	-1	A				0	0.00013908723	0	0.00013908723
mouse_wang_liver	ENSMUST00000130645.8	Mtfr1	Overlap_uORF	start	1246	0	0	-1	C				0	3.5908892e-05	0	3.590889e-05
mouse_wang_liver	ENSMUST00000130645.8	Mtfr1	Overlap_uORF	start	1247	0	0	-1	A				0	1.2466112e-05	0	1.2466111e-05
mouse_wang_liver	ENSMUST00000130645.8	Mtfr1	Overlap_uORF	start	1248	0	0	-1	A				0	0.00017501089	0	0.00017501088
mouse_wang_liver	ENSMUST00000130645.8	Mtfr1	Overlap_uORF	start	1249	0	0	-1	T				0	2.9457366e-05	0	2.9457364e-05
mouse_wang_liver	ENSMUST00000130645.8	Mtfr1	Overlap_uORF	start	1250	0	0	-1	G				0	3.5399979e-05	0	3.5399976e-05
mouse_wang_liver	ENSMUST00000130645.8	Mtfr1	Overlap_uORF	start	1251	0	0	-1	A				0	0.00025828081	0	0.00025828079
mouse_wang_liver	ENSMUST00000130645.8	Mtfr1	Overlap_uORF	start	1252	0	0	-1	A				0	1.7147477e-05	0	1.7147476e-05
mouse_wang_liver	ENSMUST00000130645.8	Mtfr1	Overlap_uORF	start	1253	0	0	-1	T				0	7.9534198e-05	0	7.9534194e-05
mouse_wang_liver	ENSMUST00000130645.8	Mtfr1	Overlap_uORF	start	1254	0	0	-1	T				0	9.4253228e-05	0	9.4253222e-05
mouse_wang_liver	ENSMUST00000130645.8	Mtfr1	Overlap_uORF	start	1255	0	0	-1	C				0	5.1350846e-05	0	5.1350843e-05
mouse_wang_liver	ENSMUST00000130645.8	Mtfr1	Overlap_uORF	start	1256	0	0	-1	A				0	2.3269715e-05	0	2.3269713e-05
mouse_wang_liver	ENSMUST00000130645.8	Mtfr1	Overlap_uORF	start	1257	0	0	-1	G				0	3.914316e-05	0	3.9143158e-05
mouse_wang_liver	ENSMUST00000130645.8	Mtfr1	Overlap_uORF	start	1258	0	0	-1	A				0	2.7380734e-06	0	2.7380732e-06
mouse_wang_liver	ENSMUST00000130645.8	Mtfr1	Overlap_uORF	start	1259	0	0	-1	A				0	1.1755653e-05	0	1.1755652e-05
mouse_wang_liver	ENSMUST00000130645.8	Mtfr1	Overlap_uORF	start	1260	0	0	-1	A				0	0.0001012134	0	0.0001012134
mouse_wang_liver	ENSMUST00000130645.8	Mtfr1	Overlap_uORF	start	1261	0	0	-1	G				0	0.00011203517	0	0.00011203516
mouse_wang_liver	ENSMUST00000130645.8	Mtfr1	Overlap_uORF	start	1262	0	0	-1	A				0	2.7358557e-05	0	2.7358556e-05
mouse_wang_liver	ENSMUST00000130645.8	Mtfr1	Overlap_uORF	start	1263	0	0	-1	C				0	0.00010107268	0	0.00010107267
mouse_wang_liver	ENSMUST00000130645.8	Mtfr1	Overlap_uORF	start	1264	0	0	-1	T				0	1.3260441e-05	0	1.326044e-05
mouse_wang_liver	ENSMUST00000130645.8	Mtfr1	Overlap_uORF	start	1265	0	0	-1	C				0	9.4867799e-05	0	9.4867793e-05
mouse_wang_liver	ENSMUST00000130645.8	Mtfr1	Overlap_uORF	start	1266	0	0	-1	C				0	2.1268374e-05	0	2.1268372e-05
mouse_wang_liver	ENSMUST00000130645.8	Mtfr1	Overlap_uORF	start	1267	0	0	-1	T				1	2.4917199e-06	0.00056497175	2.4917197e-06
mouse_wang_liver	ENSMUST00000130645.8	Mtfr1	Overlap_uORF	start	1268	0	0	-1	G				0	1.9094416e-05	0	1.9094414e-05
mouse_wang_liver	ENSMUST00000130645.8	Mtfr1	Overlap_uORF	start	1269	0	0	-1	G				0	4.1646758e-06	0	4.1646756e-06
mouse_wang_liver	ENSMUST00000130645.8	Mtfr1	Overlap_uORF	start	1270	0	0	-1	T				0	5.7563743e-06	0	5.756374e-06
mouse_wang_liver	ENSMUST00000130645.8	Mtfr1	Overlap_uORF	start	1271	0	0	-1	T				0	3.9028405e-06	0	3.9028402e-06
mouse_wang_liver	ENSMUST00000130645.8	Mtfr1	Overlap_uORF	start	1272	0	0	-1	C				0	7.3341784e-05	0	7.3341779e-05
mouse_wang_liver	ENSMUST00000130645.8	Mtfr1	Overlap_uORF	start	1273	0	0	-1	A				0	1.2915985e-05	0	1.2915984e-05
mouse_wang_liver	ENSMUST00000130645.8	Mtfr1	Overlap_uORF	start	1274	0	0	-1	C				0	1.6862065e-05	0	1.6862063e-05
mouse_wang_liver	ENSMUST00000130645.8	Mtfr1	Overlap_uORF	start	1275	0	0	-1	C				0	4.3392738e-05	0	4.3392735e-05
mouse_wang_liver	ENSMUST00000130645.8	Mtfr1	Overlap_uORF	start	1276	0	0	-1	A				0	6.5985332e-06	0	6.5985328e-06
mouse_wang_liver	ENSMUST00000130645.8	Mtfr1	Overlap_uORF	start	1277	0	0	-1	G				0	7.3013193e-06	0	7.3013189e-06
mouse_wang_liver	ENSMUST00000130645.8	Mtfr1	Overlap_uORF	start	1278	0	0	-1	T				0	1.8546591e-05	0	1.8546589e-05
mouse_wang_liver	ENSMUST00000130645.8	Mtfr1	Overlap_uORF	start	1279	0	0	-1	T				0	2.7201786e-05	0	2.7201784e-05
mouse_wang_liver	ENSMUST00000130645.8	Mtfr1	Overlap_uORF	start	1280	0	0	-1	G				0	1.4302243e-05	0	1.4302243e-05
mouse_wang_liver	ENSMUST00000130645.8	Mtfr1	Overlap_uORF	start	1281	0	0	-1	G				0	4.159359e-05	0	4.1593588e-05
mouse_wang_liver	ENSMUST00000130645.8	Mtfr1	Overlap_uORF	start	1282	0	0	-1	C				0	1.0593692e-05	0	1.0593692e-05
mouse_wang_liver	ENSMUST00000130645.8	Mtfr1	Overlap_uORF	start	1283	0	0	-1	T				0	4.4303329e-06	0	4.4303326e-06
mouse_wang_liver	ENSMUST00000130645.8	Mtfr1	Overlap_uORF	start	1284	0	0	-1	T				0	1.8673114e-05	0	1.8673113e-05
mouse_wang_liver	ENSMUST00000130645.8	Mtfr1	Overlap_uORF	start	1285	0	0	-1	G				0	1.4441895e-05	0	1.4441895e-05
mouse_wang_liver	ENSMUST00000130645.8	Mtfr1	Overlap_uORF	start	1286	0	0	-1	C				0	2.6930124e-06	0	2.6930123e-06
mouse_wang_liver	ENSMUST00000130645.8	Mtfr1	Overlap_uORF	start	1287	0	0	-1	A				0	1.6716871e-05	0	1.671687e-05
mouse_wang_liver	ENSMUST00000130645.8	Mtfr1	Overlap_uORF	start	1288	0	0	-1	G				0	1.4785602e-05	0	1.4785601e-05
mouse_wang_liver	ENSMUST00000130645.8	Mtfr1	Overlap_uORF	start	1289	0	0	-1	A				0	5.2246229e-05	0	5.2246226e-05
mouse_wang_liver	ENSMUST00000130645.8	Mtfr1	Overlap_uORF	start	1290	0	0	-1	G				0	9.7007738e-05	0	9.7007732e-05
mouse_wang_liver	ENSMUST00000130645.8	Mtfr1	Overlap_uORF	start	1291	0	0	-1	C				0	4.1042964e-05	0	4.1042961e-05
mouse_wang_liver	ENSMUST00000130645.8	Mtfr1	Overlap_uORF	start	1292	0	0	-1	T				0	1.3316659e-05	0	1.3316658e-05
mouse_wang_liver	ENSMUST00000130645.8	Mtfr1	Overlap_uORF	start	1293	0	0	-1	G				0	7.0563532e-05	0	7.0563528e-05
mouse_wang_liver	ENSMUST00000130645.8	Mtfr1	Overlap_uORF	start	1294	0	0	-1	A				0	1.5562695e-05	0	1.5562694e-05
mouse_wang_liver	ENSMUST00000130645.8	Mtfr1	Overlap_uORF	start	1295	0	0	-1	G				0	2.6699961e-05	0	2.669996e-05
mouse_wang_liver	ENSMUST00000130645.8	Mtfr1	Overlap_uORF	start	1296	0	0	-1	T				0	0.00012171327	0	0.00012171326
mouse_wang_liver	ENSMUST00000130645.8	Mtfr1	Overlap_uORF	start	1297	0	0	-1	T				0	5.8987193e-06	0	5.898719e-06
mouse_wang_liver	ENSMUST00000130645.8	Mtfr1	Overlap_uORF	start	1298	0	0	-1	T				0	1.0481373e-05	0	1.0481372e-05
mouse_wang_liver	ENSMUST00000130645.8	Mtfr1	Overlap_uORF	start	1299	0	0	-1	G				0	0.0003113501	0	0.00031135008
mouse_wang_liver	ENSMUST00000130645.8	Mtfr1	Overlap_uORF	start	1300	0	0	-1	T				0	6.5262029e-05	0	6.5262025e-05
mouse_wang_liver	ENSMUST00000130645.8	Mtfr1	Overlap_uORF	start	1301	0	0	-1	C				0	9.3143726e-06	0	9.314372e-06
mouse_wang_liver	ENSMUST00000130645.8	Mtfr1	Overlap_uORF	start	1302	0	0	-1	T				0	1.1138938e-05	0	1.1138937e-05
mouse_wang_liver	ENSMUST00000130645.8	Mtfr1	Overlap_uORF	start	1303	0	0	-1	A				0	3.1364543e-06	0	3.1364541e-06
mouse_wang_liver	ENSMUST00000130645.8	Mtfr1	Overlap_uORF	start	1304	0	0	-1	G				0	1.0263545e-06	0	1.0263545e-06
mouse_wang_liver	ENSMUST00000130645.8	Mtfr1	Overlap_uORF	start	1305	0	0	-1	G				0	9.4265891e-07	0	9.4265886e-07
mouse_wang_liver	ENSMUST00000130645.8	Mtfr1	Overlap_uORF	start	1306	0	0	-1	A				0	2.5259217e-06	0	2.5259215e-06
mouse_wang_liver	ENSMUST00000130645.8	Mtfr1	Overlap_uORF	start	1307	0	0	-1	G				0	2.5382369e-06	0	2.5382368e-06
mouse_wang_liver	ENSMUST00000130645.8	Mtfr1	Overlap_uORF	start	1308	0	0	-1	A				0	1.6554817e-06	0	1.6554816e-06
mouse_wang_liver	ENSMUST00000130645.8	Mtfr1	Overlap_uORF	start	1309	0	0	-1	A				0	3.7229588e-06	0	3.7229586e-06
mouse_wang_liver	ENSMUST00000130645.8	Mtfr1	Overlap_uORF	start	1310	0	0	-1	A				0	6.5843956e-06	0	6.5843952e-06
mouse_wang_liver	ENSMUST00000130645.8	Mtfr1	Overlap_uORF	start	1311	0	0	-1	T				0	1.6159732e-06	0	1.6159731e-06
mouse_wang_liver	ENSMUST00000130645.8	Mtfr1	Overlap_uORF	start	1312	0	0	-1	C				0	4.4386893e-06	0	4.438689e-06
mouse_wang_liver	ENSMUST00000130645.8	Mtfr1	Overlap_uORF	start	1313	0	0	-1	A				0	6.9071157e-06	0	6.9071152e-06
mouse_wang_liver	ENSMUST00000130645.8	Mtfr1	Overlap_uORF	start	1314	0	0	-1	C				0	1.1641305e-06	0	1.1641304e-06
mouse_wang_liver	ENSMUST00000130645.8	Mtfr1	Overlap_uORF	start	1315	0	0	-1	C				0	9.3449921e-07	0	9.3449915e-07
mouse_wang_liver	ENSMUST00000130645.8	Mtfr1	Overlap_uORF	start	1316	0	0	-1	A				0	2.0738942e-06	0	2.073894e-06
mouse_wang_liver	ENSMUST00000130645.8	Mtfr1	Overlap_uORF	start	1317	0	0	-1	G				0	1.2171976e-06	0	1.2171975e-06
mouse_wang_liver	ENSMUST00000130645.8	Mtfr1	Overlap_uORF	start	1318	0	0	-1	T				0	1.4671932e-06	0	1.4671931e-06
mouse_wang_liver	ENSMUST00000130645.8	Mtfr1	Overlap_uORF	start	1319	0	0	-1	A				0	4.2892943e-06	0	4.2892941e-06
mouse_wang_liver	ENSMUST00000130645.8	Mtfr1	Overlap_uORF	start	1320	0	0	-1	T				0	1.7191483e-06	0	1.7191482e-06
mouse_wang_liver	ENSMUST00000130645.8	Mtfr1	Overlap_uORF	start	1321	0	0	-1	T				0	2.8257002e-06	0	2.8257e-06
mouse_wang_liver	ENSMUST00000130645.8	Mtfr1	Overlap_uORF	start	1322	0	0	-1	T				0	6.1035998e-06	0	6.1035995e-06
mouse_wang_liver	ENSMUST00000130645.8	Mtfr1	Overlap_uORF	start	1323	0	0	-1	A				0	2.3940047e-06	0	2.3940045e-06
mouse_wang_liver	ENSMUST00000130645.8	Mtfr1	Overlap_uORF	start	1324	0	0	-1	G				0	2.7865171e-06	0	2.786517e-06
mouse_wang_liver	ENSMUST00000130645.8	Mtfr1	Overlap_uORF	start	1325	0	0	-1	T				0	1.0829573e-06	0	1.0829572e-06
mouse_wang_liver	ENSMUST00000130645.8	Mtfr1	Overlap_uORF	start	1326	0	0	-1	A				0	5.4480745e-07	0	5.4480742e-07
mouse_wang_liver	ENSMUST00000130645.8	Mtfr1	Overlap_uORF	start	1327	0	0	-1	A				0	9.4687744e-07	0	9.4687738e-07
mouse_wang_liver	ENSMUST00000130645.8	Mtfr1	Overlap_uORF	start	1328	0	0	-1	A				0	8.537242e-07	0	8.5372415e-07
mouse_wang_liver	ENSMUST00000130645.8	Mtfr1	Overlap_uORF	start	1329	0	0	-1	T				0	1.195204e-06	0	1.195204e-06
mouse_wang_liver	ENSMUST00000130645.8	Mtfr1	Overlap_uORF	start	1330	0	0	-1	T				0	8.7199987e-07	0	8.7199982e-07
mouse_wang_liver	ENSMUST00000130645.8	Mtfr1	Overlap_uORF	start	1331	0	0	-1	C				0	1.3748576e-07	0	1.3748575e-07
mouse_wang_liver	ENSMUST00000130645.8	Mtfr1	Overlap_uORF	start	1332	0	0	-1	C				0	7.6410953e-07	0	7.6410948e-07
mouse_wang_liver	ENSMUST00000130645.8	Mtfr1	Overlap_uORF	start	1333	0	0	-1	T				0	5.2019786e-06	0	5.2019783e-06
mouse_wang_liver	ENSMUST00000130645.8	Mtfr1	Overlap_uORF	start	1334	0	0	-1	T				0	2.8608877e-06	0	2.8608875e-06
mouse_wang_liver	ENSMUST00000130645.8	Mtfr1	Overlap_uORF	start	1335	0	0	-1	G				0	7.5594562e-06	0	7.5594557e-06
mouse_wang_liver	ENSMUST00000130645.8	Mtfr1	Overlap_uORF	start	1336	0	0	-1	C				0	1.9471003e-05	0	1.9471002e-05
mouse_wang_liver	ENSMUST00000130645.8	Mtfr1	Overlap_uORF	start	1337	0	0	-1	T				0	3.0012773e-06	0	3.0012771e-06
mouse_wang_liver	ENSMUST00000130645.8	Mtfr1	Overlap_uORF	start	1338	0	0	-1	G				0	4.1715125e-06	0	4.1715122e-06
mouse_wang_liver	ENSMUST00000130645.8	Mtfr1	Overlap_uORF	start	1339	0	0	-1	T				0	4.2912252e-06	0	4.2912249e-06
mouse_wang_liver	ENSMUST00000130645.8	Mtfr1	Overlap_uORF	start	1340	0	0	-1	A				0	1.0351968e-06	0	1.0351967e-06
mouse_wang_liver	ENSMUST00000130645.8	Mtfr1	Overlap_uORF	start	1341	0	0	-1	G				0	3.195699e-06	0	3.1956988e-06
mouse_wang_liver	ENSMUST00000130645.8	Mtfr1	Overlap_uORF	start	1342	0	0	-1	T				0	1.6791544e-06	0	1.6791543e-06
mouse_wang_liver	ENSMUST00000130645.8	Mtfr1	Overlap_uORF	start	1343	0	0	-1	G				0	8.448763e-07	0	8.4487624e-07
mouse_wang_liver	ENSMUST00000130645.8	Mtfr1	Overlap_uORF	start	1344	0	0	-1	T				0	7.3976566e-06	0	7.3976562e-06
mouse_wang_liver	ENSMUST00000130645.8	Mtfr1	Overlap_uORF	start	1345	0	0	-1	T				0	1.6500722e-06	0	1.6500721e-06
mouse_wang_liver	ENSMUST00000130645.8	Mtfr1	Overlap_uORF	start	1346	0	0	-1	C				0	2.441348e-06	0	2.4413478e-06
mouse_wang_liver	ENSMUST00000130645.8	Mtfr1	Overlap_uORF	start	1347	0	0	-1	A				0	4.6375321e-06	0	4.6375318e-06
mouse_wang_liver	ENSMUST00000130645.8	Mtfr1	Overlap_uORF	start	1348	0	0	-1	T				0	4.1204999e-06	0	4.1204996e-06
mouse_wang_liver	ENSMUST00000130645.8	Mtfr1	Overlap_uORF	start	1349	0	0	-1	T				0	8.5559777e-06	0	8.5559772e-06
mouse_wang_liver	ENSMUST00000130645.8	Mtfr1	Overlap_uORF	start	1350	0	0	-1	G				0	1.4290177e-05	0	1.4290176e-05
mouse_wang_liver	ENSMUST00000130645.8	Mtfr1	Overlap_uORF	start	1351	0	0	-1	G				0	5.5533646e-06	0	5.5533643e-06
mouse_wang_liver	ENSMUST00000130645.8	Mtfr1	Overlap_uORF	start	1352	0	0	-1	T				0	1.0653021e-05	0	1.0653021e-05
mouse_wang_liver	ENSMUST00000130645.8	Mtfr1	Overlap_uORF	start	1353	0	0	-1	C				0	3.3823846e-06	0	3.3823844e-06
mouse_wang_liver	ENSMUST00000130645.8	Mtfr1	Overlap_uORF	start	1354	0	0	-1	T				0	1.9363736e-06	0	1.9363734e-06
mouse_wang_liver	ENSMUST00000130645.8	Mtfr1	Overlap_uORF	start	1355	0	0	-1	C				0	1.0779866e-06	0	1.0779865e-06
mouse_wang_liver	ENSMUST00000130645.8	Mtfr1	Overlap_uORF	start	1356	0	0	-1	C				0	2.7617334e-06	0	2.7617332e-06
mouse_wang_liver	ENSMUST00000130645.8	Mtfr1	Overlap_uORF	start	1357	0	0	-1	T				0	7.6646694e-07	0	7.6646689e-07
mouse_wang_liver	ENSMUST00000130645.8	Mtfr1	Overlap_uORF	start	1358	0	0	-1	T				0	4.0818631e-07	0	4.0818628e-07
mouse_wang_liver	ENSMUST00000130645.8	Mtfr1	Overlap_uORF	start	1359	0	0	-1	C				0	4.3781579e-06	0	4.3781576e-06
mouse_wang_liver	ENSMUST00000130645.8	Mtfr1	Overlap_uORF	start	1360	0	0	-1	C				0	5.2714734e-07	0	5.271473e-07
mouse_wang_liver	ENSMUST00000130645.8	Mtfr1	Overlap_uORF	start	1361	0	0	-1	T				0	1.7006272e-06	0	1.7006271e-06
mouse_wang_liver	ENSMUST00000130645.8	Mtfr1	Overlap_uORF	start	1362	0	0	-1	T				0	6.6992493e-06	0	6.6992489e-06
mouse_wang_liver	ENSMUST00000130645.8	Mtfr1	Overlap_uORF	start	1363	0	0	-1	C				0	7.9744696e-06	0	7.9744691e-06
mouse_wang_liver	ENSMUST00000130645.8	Mtfr1	Overlap_uORF	start	1364	0	0	-1	T				0	1.064172e-05	0	1.0641719e-05
mouse_wang_liver	ENSMUST00000130645.8	Mtfr1	Overlap_uORF	start	1365	0	0	-1	G				0	4.250066e-06	0	4.2500658e-06
mouse_wang_liver	ENSMUST00000130645.8	Mtfr1	Overlap_uORF	start	1366	0	0	-1	A				0	7.4081404e-06	0	7.4081399e-06
mouse_wang_liver	ENSMUST00000130645.8	Mtfr1	Overlap_uORF	start	1367	0	0	-1	G				0	2.2075901e-06	0	2.20759e-06
mouse_wang_liver	ENSMUST00000130645.8	Mtfr1	Overlap_uORF	start	1368	0	0	-1	C				0	8.1320231e-06	0	8.1320226e-06
mouse_wang_liver	ENSMUST00000130645.8	Mtfr1	Overlap_uORF	start	1369	0	0	-1	C				0	6.1972942e-06	0	6.1972938e-06
mouse_wang_liver	ENSMUST00000130645.8	Mtfr1	Overlap_uORF	start	1370	0	0	-1	C				0	1.0699257e-05	0	1.0699256e-05
mouse_wang_liver	ENSMUST00000130645.8	Mtfr1	Overlap_uORF	start	1371	0	0	-1	A				0	4.1052834e-05	0	4.1052831e-05
mouse_wang_liver	ENSMUST00000130645.8	Mtfr1	Overlap_uORF	start	1372	0	0	-1	A				0	5.0736282e-05	0	5.0736279e-05
mouse_wang_liver	ENSMUST00000130645.8	Mtfr1	Overlap_uORF	start	1373	0	0	-1	C				0	1.1332158e-05	0	1.1332157e-05
mouse_wang_liver	ENSMUST00000130645.8	Mtfr1	Overlap_uORF	start	1374	0	0	-1	T				0	1.4041693e-06	0	1.4041692e-06
mouse_wang_liver	ENSMUST00000130645.8	Mtfr1	Overlap_uORF	start	1375	0	0	-1	A				0	5.615183e-06	0	5.6151827e-06
mouse_wang_liver	ENSMUST00000130645.8	Mtfr1	Overlap_uORF	start	1376	0	0	-1	G				0	1.0258423e-05	0	1.0258422e-05
mouse_wang_liver	ENSMUST00000130645.8	Mtfr1	Overlap_uORF	start	1377	0	0	-1	A				0	2.1029493e-05	0	2.1029492e-05
mouse_wang_liver	ENSMUST00000130645.8	Mtfr1	Overlap_uORF	start	1378	0	0	-1	G				0	1.4062176e-05	0	1.4062175e-05
mouse_wang_liver	ENSMUST00000130645.8	Mtfr1	Overlap_uORF	start	1379	0	0	-1	G				0	2.2675202e-05	0	2.26752e-05
mouse_wang_liver	ENSMUST00000130645.8	Mtfr1	Overlap_uORF	start	1380	0	0	-1	A				0	8.8968591e-06	0	8.8968585e-06
mouse_wang_liver	ENSMUST00000130645.8	Mtfr1	Overlap_uORF	start	1381	0	0	-1	G				0	2.4342884e-05	0	2.4342882e-05
mouse_wang_liver	ENSMUST00000130645.8	Mtfr1	Overlap_uORF	start	1382	0	0	-1	T				0	1.500195e-05	0	1.5001949e-05
mouse_wang_liver	ENSMUST00000130645.8	Mtfr1	Overlap_uORF	start	1383	0	0	-1	A				0	8.0486579e-06	0	8.0486574e-06
mouse_wang_liver	ENSMUST00000130645.8	Mtfr1	Overlap_uORF	start	1384	0	0	-1	A				0	2.7962551e-06	0	2.7962549e-06
mouse_wang_liver	ENSMUST00000130645.8	Mtfr1	Overlap_uORF	start	1385	0	0	-1	G				0	4.0851128e-06	0	4.0851125e-06
mouse_wang_liver	ENSMUST00000130645.8	Mtfr1	Overlap_uORF	start	1386	0	0	-1	A				0	5.6820852e-07	0	5.6820849e-07
mouse_wang_liver	ENSMUST00000130645.8	Mtfr1	Overlap_uORF	start	1387	0	0	-1	A				0	1.2469089e-06	0	1.2469089e-06
mouse_wang_liver	ENSMUST00000130645.8	Mtfr1	Overlap_uORF	start	1388	0	0	-1	G				0	1.7266801e-06	0	1.72668e-06
mouse_wang_liver	ENSMUST00000130645.8	Mtfr1	Overlap_uORF	start	1389	0	0	-1	C				0	1.9318224e-05	0	1.9318223e-05
mouse_wang_liver	ENSMUST00000130645.8	Mtfr1	Overlap_uORF	start	1390	0	0	-1	A				0	2.9544876e-06	0	2.9544874e-06
mouse_wang_liver	ENSMUST00000130645.8	Mtfr1	Overlap_uORF	start	1391	0	0	-1	G				0	4.6171617e-06	0	4.6171614e-06
mouse_wang_liver	ENSMUST00000130645.8	Mtfr1	Overlap_uORF	start	1392	0	0	-1	T				0	7.601705e-06	0	7.6017045e-06
mouse_wang_liver	ENSMUST00000130645.8	Mtfr1	Overlap_uORF	start	1393	0	0	-1	G				0	2.761001e-06	0	2.7610009e-06
mouse_wang_liver	ENSMUST00000130645.8	Mtfr1	Overlap_uORF	start	1394	0	0	-1	A				0	1.6022435e-06	0	1.6022434e-06
mouse_wang_liver	ENSMUST00000130645.8	Mtfr1	Overlap_uORF	start	1395	0	0	-1	A				0	3.6407698e-06	0	3.6407696e-06
mouse_wang_liver	ENSMUST00000130645.8	Mtfr1	Overlap_uORF	start	1396	0	0	-1	A				0	2.789596e-06	0	2.7895958e-06
mouse_wang_liver	ENSMUST00000130645.8	Mtfr1	Overlap_uORF	start	1397	0	0	-1	G				0	1.3399521e-06	0	1.339952e-06
mouse_wang_liver	ENSMUST00000130645.8	Mtfr1	Overlap_uORF	start	1398	0	0	-1	C				0	8.182468e-07	0	8.1824675e-07
mouse_wang_liver	ENSMUST00000130645.8	Mtfr1	Overlap_uORF	start	1399	0	0	-1	A				0	3.4890013e-06	0	3.4890011e-06
mouse_wang_liver	ENSMUST00000130645.8	Mtfr1	Overlap_uORF	start	1400	0	0	-1	G				0	6.0871571e-07	0	6.0871567e-07
mouse_wang_liver	ENSMUST00000130645.8	Mtfr1	Overlap_uORF	start	1401	0	0	-1	C				0	4.5671294e-07	0	4.5671291e-07
mouse_wang_liver	ENSMUST00000130645.8	Mtfr1	Overlap_uORF	start	1402	0	0	-1	A				0	2.5838797e-06	0	2.5838795e-06
mouse_wang_liver	ENSMUST00000130645.8	Mtfr1	Overlap_uORF	start	1403	0	0	-1	G				0	3.2204564e-06	0	3.2204562e-06
mouse_wang_liver	ENSMUST00000130645.8	Mtfr1	Overlap_uORF	start	1404	0	0	-1	G				0	1.0925653e-06	0	1.0925652e-06
mouse_wang_liver	ENSMUST00000130645.8	Mtfr1	Overlap_uORF	start	1405	0	0	-1	A				0	5.5531314e-06	0	5.553131e-06
mouse_wang_liver	ENSMUST00000130645.8	Mtfr1	Overlap_uORF	start	1406	0	0	-1	G				0	1.3528803e-05	0	1.3528802e-05
mouse_wang_liver	ENSMUST00000130645.8	Mtfr1	Overlap_uORF	start	1407	0	0	-1	G				0	1.1799773e-05	0	1.1799773e-05
mouse_wang_liver	ENSMUST00000130645.8	Mtfr1	Overlap_uORF	start	1408	0	0	-1	T				0	1.1217645e-05	0	1.1217644e-05
mouse_wang_liver	ENSMUST00000130645.8	Mtfr1	Overlap_uORF	start	1409	0	0	-1	C				0	1.2850707e-05	0	1.2850706e-05
mouse_wang_liver	ENSMUST00000130645.8	Mtfr1	Overlap_uORF	start	1410	0	0	-1	T				0	9.1518996e-06	0	9.151899e-06
mouse_wang_liver	ENSMUST00000130645.8	Mtfr1	Overlap_uORF	start	1411	0	0	-1	G				0	1.7137996e-05	0	1.7137995e-05
mouse_wang_liver	ENSMUST00000130645.8	Mtfr1	Overlap_uORF	start	1412	0	0	-1	G				0	2.1415957e-05	0	2.1415956e-05
mouse_wang_liver	ENSMUST00000130645.8	Mtfr1	Overlap_uORF	start	1413	0	0	-1	C				0	1.1849612e-06	0	1.1849611e-06
mouse_wang_liver	ENSMUST00000130645.8	Mtfr1	Overlap_uORF	start	1414	0	0	-1	T				0	1.7714605e-05	0	1.7714604e-05
mouse_wang_liver	ENSMUST00000130645.8	Mtfr1	Overlap_uORF	start	1415	0	0	-1	T				0	2.3082232e-06	0	2.3082231e-06
mouse_wang_liver	ENSMUST00000130645.8	Mtfr1	Overlap_uORF	start	1416	0	0	-1	C				0	8.373263e-06	0	8.3732625e-06
mouse_wang_liver	ENSMUST00000130645.8	Mtfr1	Overlap_uORF	start	1417	0	0	-1	T				0	3.484831e-06	0	3.4848308e-06
mouse_wang_liver	ENSMUST00000130645.8	Mtfr1	Overlap_uORF	start	1418	0	0	-1	G				0	2.106495e-06	0	2.1064949e-06
mouse_wang_liver	ENSMUST00000130645.8	Mtfr1	Overlap_uORF	start	1419	0	0	-1	A				0	1.9395589e-05	0	1.9395588e-05
mouse_wang_liver	ENSMUST00000130645.8	Mtfr1	Overlap_uORF	start	1420	0	0	-1	G				0	2.022482e-06	0	2.0224819e-06
mouse_wang_liver	ENSMUST00000130645.8	Mtfr1	Overlap_uORF	start	1421	0	0	-1	A				0	1.0852815e-06	0	1.0852814e-06
mouse_wang_liver	ENSMUST00000130645.8	Mtfr1	Overlap_uORF	start	1422	0	0	-1	G				0	1.1329764e-06	0	1.1329764e-06
mouse_wang_liver	ENSMUST00000130645.8	Mtfr1	Overlap_uORF	start	1423	0	0	-1	G				0	1.0642923e-06	0	1.0642922e-06
mouse_wang_liver	ENSMUST00000130645.8	Mtfr1	Overlap_uORF	start	1424	0	0	-1	T				0	2.482936e-06	0	2.4829358e-06
mouse_wang_liver	ENSMUST00000130645.8	Mtfr1	Overlap_uORF	start	1425	0	0	-1	C				0	1.567031e-05	0	1.5670309e-05
mouse_wang_liver	ENSMUST00000130645.8	Mtfr1	Overlap_uORF	start	1426	0	0	-1	A				0	6.2702738e-06	0	6.2702735e-06
mouse_wang_liver	ENSMUST00000130645.8	Mtfr1	Overlap_uORF	start	1427	0	0	-1	G				0	3.917944e-06	0	3.9179438e-06
mouse_wang_liver	ENSMUST00000130645.8	Mtfr1	Overlap_uORF	start	1428	0	0	-1	C				0	3.9894389e-06	0	3.9894387e-06
mouse_wang_liver	ENSMUST00000130645.8	Mtfr1	Overlap_uORF	start	1429	0	0	-1	T				0	3.8305152e-06	0	3.830515e-06
mouse_wang_liver	ENSMUST00000130645.8	Mtfr1	Overlap_uORF	start	1430	0	0	-1	C				0	5.2437181e-06	0	5.2437178e-06
mouse_wang_liver	ENSMUST00000130645.8	Mtfr1	Overlap_uORF	start	1431	0	0	-1	T				0	4.5587594e-06	0	4.5587591e-06
mouse_wang_liver	ENSMUST00000130645.8	Mtfr1	Overlap_uORF	start	1432	0	0	-1	G				0	6.7915475e-06	0	6.7915471e-06
mouse_wang_liver	ENSMUST00000130645.8	Mtfr1	Overlap_uORF	start	1433	0	0	-1	G				0	6.6100774e-06	0	6.610077e-06
mouse_wang_liver	ENSMUST00000130645.8	Mtfr1	Overlap_uORF	start	1434	0	0	-1	A				0	1.1759157e-06	0	1.1759156e-06
mouse_wang_liver	ENSMUST00000130645.8	Mtfr1	Overlap_uORF	start	1435	0	0	-1	G				0	1.5551277e-06	0	1.5551276e-06
mouse_wang_liver	ENSMUST00000130645.8	Mtfr1	Overlap_uORF	start	1436	0	0	-1	C				0	3.7273001e-06	0	3.7272998e-06
mouse_wang_liver	ENSMUST00000130645.8	Mtfr1	Overlap_uORF	start	1437	0	0	-1	T				0	1.1729588e-06	0	1.1729588e-06
mouse_wang_liver	ENSMUST00000130645.8	Mtfr1	Overlap_uORF	start	1438	0	0	-1	C				0	7.8261155e-06	0	7.826115e-06
mouse_wang_liver	ENSMUST00000130645.8	Mtfr1	Overlap_uORF	start	1439	0	0	-1	T				0	2.4541753e-06	0	2.4541751e-06
mouse_wang_liver	ENSMUST00000130645.8	Mtfr1	Overlap_uORF	start	1440	0	0	-1	C				0	7.3871311e-06	0	7.3871306e-06
mouse_wang_liver	ENSMUST00000130645.8	Mtfr1	Overlap_uORF	start	1441	0	0	-1	C				0	1.7821536e-06	0	1.7821535e-06
mouse_wang_liver	ENSMUST00000130645.8	Mtfr1	Overlap_uORF	start	1442	0	0	-1	C				0	2.2079521e-06	0	2.207952e-06
mouse_wang_liver	ENSMUST00000130645.8	Mtfr1	Overlap_uORF	start	1443	0	0	-1	T				0	1.5855973e-06	0	1.5855972e-06
mouse_wang_liver	ENSMUST00000130645.8	Mtfr1	Overlap_uORF	start	1444	0	0	-1	A				0	5.3548752e-07	0	5.3548748e-07
mouse_wang_liver	ENSMUST00000130645.8	Mtfr1	Overlap_uORF	start	1445	0	0	-1	A				0	2.4170001e-06	0	2.417e-06
mouse_wang_liver	ENSMUST00000130645.8	Mtfr1	Overlap_uORF	start	1446	0	0	-1	C				0	3.3600529e-06	0	3.3600527e-06
mouse_wang_liver	ENSMUST00000130645.8	Mtfr1	Overlap_uORF	start	1447	0	0	-1	A				0	7.8638905e-06	0	7.86389e-06
mouse_wang_liver	ENSMUST00000130645.8	Mtfr1	Overlap_uORF	start	1448	0	0	-1	C				0	1.3208322e-06	0	1.3208321e-06
mouse_wang_liver	ENSMUST00000130645.8	Mtfr1	Overlap_uORF	start	1449	0	0	-1	A				0	1.5527834e-06	0	1.5527833e-06
mouse_wang_liver	ENSMUST00000130645.8	Mtfr1	Overlap_uORF	start	1450	0	0	-1	C				0	1.6041317e-06	0	1.6041316e-06
mouse_wang_liver	ENSMUST00000130645.8	Mtfr1	Overlap_uORF	start	1451	0	0	-1	A				0	2.4493014e-05	0	2.4493013e-05
mouse_wang_liver	ENSMUST00000130645.8	Mtfr1	Overlap_uORF	start	1452	0	0	-1	T				0	3.8582357e-06	0	3.8582354e-06
mouse_wang_liver	ENSMUST00000130645.8	Mtfr1	Overlap_uORF	start	1453	0	0	-1	G				0	1.3495679e-06	0	1.3495678e-06
mouse_wang_liver	ENSMUST00000130645.8	Mtfr1	Overlap_uORF	start	1454	0	0	-1	T				0	3.382972e-06	0	3.3829717e-06
mouse_wang_liver	ENSMUST00000130645.8	Mtfr1	Overlap_uORF	start	1455	0	0	-1	A				0	2.3302948e-06	0	2.3302947e-06
mouse_wang_liver	ENSMUST00000130645.8	Mtfr1	Overlap_uORF	start	1456	0	0	-1	C				0	2.8405498e-06	0	2.8405496e-06
mouse_wang_liver	ENSMUST00000130645.8	Mtfr1	Overlap_uORF	start	1457	0	0	-1	T				0	4.5927927e-06	0	4.5927924e-06
mouse_wang_liver	ENSMUST00000130645.8	Mtfr1	Overlap_uORF	start	1458	0	0	-1	A				0	1.0572327e-05	0	1.0572327e-05
mouse_wang_liver	ENSMUST00000130645.8	Mtfr1	Overlap_uORF	start	1459	0	0	-1	T				0	6.2212821e-06	0	6.2212817e-06
mouse_wang_liver	ENSMUST00000130645.8	Mtfr1	Overlap_uORF	start	1460	0	0	-1	G				0	2.4598198e-06	0	2.4598197e-06
mouse_wang_liver	ENSMUST00000130645.8	Mtfr1	Overlap_uORF	start	1461	0	0	-1	T				0	1.2181469e-05	0	1.2181468e-05
mouse_wang_liver	ENSMUST00000130645.8	Mtfr1	Overlap_uORF	start	1462	0	0	-1	G				0	4.1223707e-06	0	4.1223704e-06
mouse_wang_liver	ENSMUST00000130645.8	Mtfr1	Overlap_uORF	start	1463	0	0	-1	C				0	2.6602869e-05	0	2.6602868e-05
mouse_wang_liver	ENSMUST00000130645.8	Mtfr1	Overlap_uORF	start	1464	0	0	-1	A				0	1.2611014e-05	0	1.2611013e-05
mouse_wang_liver	ENSMUST00000130645.8	Mtfr1	Overlap_uORF	start	1465	0	0	-1	T				0	6.9624439e-06	0	6.9624434e-06
mouse_wang_liver	ENSMUST00000130645.8	Mtfr1	Overlap_uORF	start	1466	0	0	-1	G				0	9.0827489e-06	0	9.0827483e-06
mouse_wang_liver	ENSMUST00000130645.8	Mtfr1	Overlap_uORF	start	1467	0	0	-1	T				0	5.0892882e-06	0	5.0892878e-06
mouse_wang_liver	ENSMUST00000130645.8	Mtfr1	Overlap_uORF	start	1468	0	0	-1	T				0	3.5749574e-06	0	3.5749572e-06
mouse_wang_liver	ENSMUST00000130645.8	Mtfr1	Overlap_uORF	start	1469	0	0	-1	C				0	0.00012411443	0	0.00012411443
mouse_wang_liver	ENSMUST00000130645.8	Mtfr1	Overlap_uORF	start	1470	0	0	-1	T				0	0.00015242099	0	0.00015242099
mouse_wang_liver	ENSMUST00000130645.8	Mtfr1	Overlap_uORF	start	1471	0	0	-1	G				0	6.5901186e-06	0	6.5901182e-06
mouse_wang_liver	ENSMUST00000130645.8	Mtfr1	Overlap_uORF	start	1472	0	0	-1	T				0	4.1917374e-05	0	4.1917371e-05
mouse_wang_liver	ENSMUST00000130645.8	Mtfr1	Overlap_uORF	start	1473	0	0	-1	T				0	5.208849e-06	0	5.2088486e-06
mouse_wang_liver	ENSMUST00000130645.8	Mtfr1	Overlap_uORF	start	1474	0	0	-1	C				0	1.3590429e-06	0	1.3590428e-06
mouse_wang_liver	ENSMUST00000130645.8	Mtfr1	Overlap_uORF	start	1475	0	0	-1	T				0	6.5748886e-06	0	6.5748882e-06
mouse_wang_liver	ENSMUST00000130645.8	Mtfr1	Overlap_uORF	start	1476	0	0	-1	T				0	3.568751e-06	0	3.5687508e-06
mouse_wang_liver	ENSMUST00000130645.8	Mtfr1	Overlap_uORF	start	1477	0	0	-1	A				0	2.8275226e-06	0	2.8275224e-06
mouse_wang_liver	ENSMUST00000130645.8	Mtfr1	Overlap_uORF	start	1478	0	0	-1	A				0	1.9183122e-05	0	1.9183121e-05
mouse_wang_liver	ENSMUST00000130645.8	Mtfr1	Overlap_uORF	start	1479	0	0	-1	C				0	5.379049e-07	0	5.3790486e-07
mouse_wang_liver	ENSMUST00000130645.8	Mtfr1	Overlap_uORF	start	1480	0	0	-1	A				0	3.320996e-06	0	3.3209958e-06
mouse_wang_liver	ENSMUST00000130645.8	Mtfr1	Overlap_uORF	start	1481	0	0	-1	C				0	1.6341995e-05	0	1.6341994e-05
mouse_wang_liver	ENSMUST00000130645.8	Mtfr1	Overlap_uORF	start	1482	0	0	-1	T				0	1.5527995e-06	0	1.5527994e-06
mouse_wang_liver	ENSMUST00000130645.8	Mtfr1	Overlap_uORF	start	1483	0	0	-1	A				0	2.4753042e-06	0	2.475304e-06
mouse_wang_liver	ENSMUST00000130645.8	Mtfr1	Overlap_uORF	start	1484	0	0	-1	A				0	5.4973098e-06	0	5.4973094e-06
mouse_wang_liver	ENSMUST00000130645.8	Mtfr1	Overlap_uORF	start	1485	0	0	-1	A				0	2.6676707e-06	0	2.6676706e-06
mouse_wang_liver	ENSMUST00000130645.8	Mtfr1	Overlap_uORF	start	1486	0	0	-1	A				0	6.0564248e-06	0	6.0564244e-06
mouse_wang_liver	ENSMUST00000130645.8	Mtfr1	Overlap_uORF	start	1487	0	0	-1	T				0	9.6960612e-06	0	9.6960606e-06
mouse_wang_liver	ENSMUST00000130645.8	Mtfr1	Overlap_uORF	start	1488	0	0	-1	C				0	1.4227666e-05	0	1.4227665e-05
mouse_wang_liver	ENSMUST00000130645.8	Mtfr1	Overlap_uORF	start	1489	0	0	-1	T				0	2.3656117e-05	0	2.3656116e-05
mouse_wang_liver	ENSMUST00000130645.8	Mtfr1	Overlap_uORF	start	1490	0	0	-1	G				0	9.6041098e-05	0	9.6041092e-05
mouse_wang_liver	ENSMUST00000130645.8	Mtfr1	Overlap_uORF	start	1491	0	0	-1	T				0	3.5863491e-06	0	3.5863488e-06
mouse_wang_liver	ENSMUST00000130645.8	Mtfr1	Overlap_uORF	start	1492	0	0	-1	G				0	1.884686e-06	0	1.8846858e-06
mouse_wang_liver	ENSMUST00000130645.8	Mtfr1	Overlap_uORF	start	1493	0	0	-1	C				0	3.8169081e-05	0	3.8169078e-05
mouse_wang_liver	ENSMUST00000130645.8	Mtfr1	Overlap_uORF	start	1494	0	0	-1	A				0	1.1162599e-05	0	1.1162598e-05
mouse_wang_liver	ENSMUST00000130645.8	Mtfr1	Overlap_uORF	start	1495	0	0	-1	C				0	1.1163494e-05	0	1.1163493e-05
mouse_wang_liver	ENSMUST00000130645.8	Mtfr1	Overlap_uORF	start	1496	0	0	-1	A				0	0.00010317797	0	0.00010317796
mouse_wang_liver	ENSMUST00000130645.8	Mtfr1	Overlap_uORF	start	1497	0	0	-1	C				0	1.3186755e-05	0	1.3186755e-05
mouse_wang_liver	ENSMUST00000130645.8	Mtfr1	Overlap_uORF	start	1498	0	0	-1	A				0	3.587201e-06	0	3.5872008e-06
mouse_wang_liver	ENSMUST00000130645.8	Mtfr1	Overlap_uORF	start	1499	0	0	-1	T				0	1.1671158e-05	0	1.1671157e-05
mouse_wang_liver	ENSMUST00000130645.8	Mtfr1	Overlap_uORF	start	1500	0	0	-1	T				0	3.6253309e-06	0	3.6253307e-06
mouse_wang_liver	ENSMUST00000130645.8	Mtfr1	Overlap_uORF	start	1501	0	0	-1	T				0	3.7328637e-06	0	3.7328634e-06
mouse_wang_liver	ENSMUST00000130645.8	Mtfr1	Overlap_uORF	start	1502	0	0	-1	C				0	3.6132087e-06	0	3.6132085e-06
mouse_wang_liver	ENSMUST00000130645.8	Mtfr1	Overlap_uORF	start	1503	0	0	-1	A				0	2.2168726e-06	0	2.2168725e-06
mouse_wang_liver	ENSMUST00000130645.8	Mtfr1	Overlap_uORF	start	1504	0	0	-1	C				0	7.6539354e-06	0	7.653935e-06
mouse_wang_liver	ENSMUST00000130645.8	Mtfr1	Overlap_uORF	start	1505	0	0	-1	C				0	3.8241913e-05	0	3.8241911e-05
mouse_wang_liver	ENSMUST00000130645.8	Mtfr1	Overlap_uORF	start	1506	0	0	-1	A				0	2.8786048e-05	0	2.8786046e-05
mouse_wang_liver	ENSMUST00000130645.8	Mtfr1	Overlap_uORF	start	1507	0	0	-1	T				0	4.4600283e-06	0	4.460028e-06
mouse_wang_liver	ENSMUST00000130645.8	Mtfr1	Overlap_uORF	start	1508	0	0	-1	G				0	3.2008036e-05	0	3.2008034e-05
mouse_wang_liver	ENSMUST00000130645.8	Mtfr1	Overlap_uORF	start	1509	0	0	-1	A				0	2.261635e-05	0	2.2616349e-05
mouse_wang_liver	ENSMUST00000130645.8	Mtfr1	Overlap_uORF	start	1510	0	0	-1	A				0	1.3801478e-05	0	1.3801478e-05
mouse_wang_liver	ENSMUST00000130645.8	Mtfr1	Overlap_uORF	start	1511	0	0	-1	T				0	1.5974261e-05	0	1.597426e-05
mouse_wang_liver	ENSMUST00000130645.8	Mtfr1	Overlap_uORF	start	1512	0	0	-1	G				0	1.2624515e-05	0	1.2624514e-05
mouse_wang_liver	ENSMUST00000130645.8	Mtfr1	Overlap_uORF	start	1513	0	0	-1	G				0	3.738129e-06	0	3.7381287e-06
mouse_wang_liver	ENSMUST00000130645.8	Mtfr1	Overlap_uORF	start	1514	0	0	-1	C				0	6.4393435e-06	0	6.4393431e-06
mouse_wang_liver	ENSMUST00000130645.8	Mtfr1	Overlap_uORF	start	1515	0	0	-1	A				0	1.8314231e-05	0	1.831423e-05
mouse_wang_liver	ENSMUST00000130645.8	Mtfr1	Overlap_uORF	start	1516	0	0	-1	T				0	1.3078384e-05	0	1.3078383e-05
mouse_wang_liver	ENSMUST00000130645.8	Mtfr1	Overlap_uORF	start	1517	0	0	-1	C				0	2.034118e-05	0	2.0341179e-05
mouse_wang_liver	ENSMUST00000130645.8	Mtfr1	Overlap_uORF	start	1518	0	0	-1	A				0	4.1614141e-05	0	4.1614139e-05
mouse_wang_liver	ENSMUST00000130645.8	Mtfr1	Overlap_uORF	start	1519	0	0	-1	G				0	6.4816149e-06	0	6.4816145e-06
mouse_wang_liver	ENSMUST00000130645.8	Mtfr1	Overlap_uORF	start	1520	0	0	-1	A				0	1.3170561e-06	0	1.317056e-06
mouse_wang_liver	ENSMUST00000130645.8	Mtfr1	Overlap_uORF	start	1521	0	0	-1	G				0	1.1110802e-05	0	1.1110801e-05
mouse_wang_liver	ENSMUST00000130645.8	Mtfr1	Overlap_uORF	start	1522	0	0	-1	A				0	1.3238494e-05	0	1.3238493e-05
mouse_wang_liver	ENSMUST00000130645.8	Mtfr1	Overlap_uORF	start	1523	0	0	-1	G				0	1.7785584e-05	0	1.7785583e-05
mouse_wang_liver	ENSMUST00000130645.8	Mtfr1	Overlap_uORF	start	1524	0	0	-1	G				0	1.0718917e-05	0	1.0718916e-05
mouse_wang_liver	ENSMUST00000130645.8	Mtfr1	Overlap_uORF	start	1525	0	0	-1	A				0	1.9378588e-06	0	1.9378586e-06
mouse_wang_liver	ENSMUST00000130645.8	Mtfr1	Overlap_uORF	start	1526	0	0	-1	C				0	1.2549419e-05	0	1.2549418e-05
mouse_wang_liver	ENSMUST00000130645.8	Mtfr1	Overlap_uORF	start	1527	0	0	-1	A				0	2.1954747e-05	0	2.1954746e-05
mouse_wang_liver	ENSMUST00000130645.8	Mtfr1	Overlap_uORF	start	1528	0	0	-1	C				0	9.7565339e-07	0	9.7565333e-07
mouse_wang_liver	ENSMUST00000130645.8	Mtfr1	Overlap_uORF	start	1529	0	0	-1	T				0	1.1369537e-05	0	1.1369536e-05
mouse_wang_liver	ENSMUST00000130645.8	Mtfr1	Overlap_uORF	start	1530	0	0	-1	G				0	2.5376621e-05	0	2.537662e-05
mouse_wang_liver	ENSMUST00000130645.8	Mtfr1	Overlap_uORF	start	1531	0	0	-1	T				0	1.8129188e-06	0	1.8129186e-06
mouse_wang_liver	ENSMUST00000130645.8	Mtfr1	Overlap_uORF	start	1532	0	0	-1	T				0	1.9336287e-05	0	1.9336285e-05
mouse_wang_liver	ENSMUST00000130645.8	Mtfr1	Overlap_uORF	start	1533	0	0	-1	A				0	4.388938e-05	0	4.3889378e-05
mouse_wang_liver	ENSMUST00000130645.8	Mtfr1	Overlap_uORF	start	1534	0	0	-1	T				0	8.0805594e-06	0	8.0805589e-06
mouse_wang_liver	ENSMUST00000130645.8	Mtfr1	Overlap_uORF	start	1535	0	0	-1	C				0	8.5913152e-06	0	8.5913147e-06
mouse_wang_liver	ENSMUST00000130645.8	Mtfr1	Overlap_uORF	start	1536	0	0	-1	T				0	1.7968774e-05	0	1.7968773e-05
mouse_wang_liver	ENSMUST00000130645.8	Mtfr1	Overlap_uORF	start	1537	0	0	-1	T				0	6.5873155e-06	0	6.5873151e-06
mouse_wang_liver	ENSMUST00000130645.8	Mtfr1	Overlap_uORF	start	1538	0	0	-1	C				0	2.8227589e-06	0	2.8227587e-06
mouse_wang_liver	ENSMUST00000130645.8	Mtfr1	Overlap_uORF	start	1539	0	0	-1	C				0	1.1720414e-05	0	1.1720414e-05
mouse_wang_liver	ENSMUST00000130645.8	Mtfr1	Overlap_uORF	start	1540	0	0	-1	T				0	1.3004667e-05	0	1.3004667e-05
mouse_wang_liver	ENSMUST00000130645.8	Mtfr1	Overlap_uORF	start	1541	0	0	-1	C				0	5.3145081e-06	0	5.3145078e-06
mouse_wang_liver	ENSMUST00000130645.8	Mtfr1	Overlap_uORF	start	1542	0	0	-1	T				0	2.0645011e-06	0	2.064501e-06
mouse_wang_liver	ENSMUST00000130645.8	Mtfr1	Overlap_uORF	start	1543	0	0	-1	T				0	4.4105359e-06	0	4.4105356e-06
mouse_wang_liver	ENSMUST00000130645.8	Mtfr1	Overlap_uORF	start	1544	0	0	-1	C				0	2.358707e-05	0	2.3587069e-05
mouse_wang_liver	ENSMUST00000130645.8	Mtfr1	Overlap_uORF	start	1545	0	0	-1	A				0	1.2665299e-05	0	1.2665298e-05
mouse_wang_liver	ENSMUST00000130645.8	Mtfr1	Overlap_uORF	start	1546	0	0	-1	C				0	8.3708592e-06	0	8.3708587e-06
mouse_wang_liver	ENSMUST00000130645.8	Mtfr1	Overlap_uORF	start	1547	0	0	-1	T				0	8.6094087e-06	0	8.6094082e-06
mouse_wang_liver	ENSMUST00000130645.8	Mtfr1	Overlap_uORF	start	1548	0	0	-1	G				0	1.4121456e-05	0	1.4121455e-05
mouse_wang_liver	ENSMUST00000130645.8	Mtfr1	Overlap_uORF	start	1549	0	0	-1	A				0	7.473524e-06	0	7.4735235e-06
mouse_wang_liver	ENSMUST00000130645.8	Mtfr1	Overlap_uORF	start	1550	0	0	-1	G				0	1.834945e-06	0	1.8349449e-06
mouse_wang_liver	ENSMUST00000130645.8	Mtfr1	Overlap_uORF	start	1551	0	0	-1	A				0	2.1575424e-05	0	2.1575423e-05
mouse_wang_liver	ENSMUST00000130645.8	Mtfr1	Overlap_uORF	start	1552	0	0	-1	G				0	1.6913754e-06	0	1.6913753e-06
mouse_wang_liver	ENSMUST00000130645.8	Mtfr1	Overlap_uORF	start	1553	0	0	-1	T				0	1.0816119e-05	0	1.0816119e-05
mouse_wang_liver	ENSMUST00000130645.8	Mtfr1	Overlap_uORF	start	1554	0	0	-1	T				0	2.049851e-05	0	2.0498509e-05
mouse_wang_liver	ENSMUST00000130645.8	Mtfr1	Overlap_uORF	start	1555	0	0	-1	C				0	7.5271992e-06	0	7.5271987e-06
mouse_wang_liver	ENSMUST00000130645.8	Mtfr1	Overlap_uORF	start	1556	0	0	-1	A				0	1.0849726e-05	0	1.0849725e-05
mouse_wang_liver	ENSMUST00000130645.8	Mtfr1	Overlap_uORF	start	1557	0	0	-1	C				0	2.9869278e-05	0	2.9869276e-05
mouse_wang_liver	ENSMUST00000130645.8	Mtfr1	Overlap_uORF	start	1558	0	0	-1	T				0	4.7879662e-06	0	4.7879659e-06
mouse_wang_liver	ENSMUST00000130645.8	Mtfr1	Overlap_uORF	start	1559	0	0	-1	A				0	3.8718059e-05	0	3.8718057e-05
mouse_wang_liver	ENSMUST00000130645.8	Mtfr1	Overlap_uORF	start	1560	0	0	-1	G				0	9.3421995e-06	0	9.3421989e-06
mouse_wang_liver	ENSMUST00000130645.8	Mtfr1	Overlap_uORF	start	1561	0	0	-1	T				0	3.4487739e-06	0	3.4487737e-06
mouse_wang_liver	ENSMUST00000130645.8	Mtfr1	Overlap_uORF	start	1562	0	0	-1	C				0	1.1418609e-05	0	1.1418608e-05
mouse_wang_liver	ENSMUST00000130645.8	Mtfr1	Overlap_uORF	start	1563	0	0	-1	A				0	1.2330834e-05	0	1.2330833e-05
mouse_wang_liver	ENSMUST00000130645.8	Mtfr1	Overlap_uORF	start	1564	0	0	-1	G				0	1.1400014e-05	0	1.1400013e-05
mouse_wang_liver	ENSMUST00000130645.8	Mtfr1	Overlap_uORF	start	1565	0	0	-1	T				0	1.0671813e-05	0	1.0671813e-05
mouse_wang_liver	ENSMUST00000130645.8	Mtfr1	Overlap_uORF	start	1566	0	0	-1	G				1	4.120413e-06	0.00056497175	4.1204127e-06
mouse_wang_liver	ENSMUST00000130645.8	Mtfr1	Overlap_uORF	start	1567	0	0	-1	A				0	1.3274157e-05	0	1.3274156e-05
mouse_wang_liver	ENSMUST00000130645.8	Mtfr1	Overlap_uORF	start	1568	0	0	-1	T				0	5.9411072e-06	0	5.9411069e-06
mouse_wang_liver	ENSMUST00000130645.8	Mtfr1	Overlap_uORF	start	1569	0	0	-1	G				0	5.3201925e-06	0	5.3201922e-06
mouse_wang_liver	ENSMUST00000130645.8	Mtfr1	Overlap_uORF	start	1570	0	0	-1	G				0	5.1067468e-06	0	5.1067465e-06
mouse_wang_liver	ENSMUST00000130645.8	Mtfr1	Overlap_uORF	start	1571	0	0	-1	A				0	6.1080837e-06	0	6.1080833e-06
mouse_wang_liver	ENSMUST00000130645.8	Mtfr1	Overlap_uORF	start	1572	0	0	-1	G				0	4.4935646e-06	0	4.4935643e-06
mouse_wang_liver	ENSMUST00000130645.8	Mtfr1	Overlap_uORF	start	1573	0	0	-1	A				0	1.7933037e-06	0	1.7933036e-06
mouse_wang_liver	ENSMUST00000130645.8	Mtfr1	Overlap_uORF	start	1574	0	0	-1	G				0	7.4484598e-07	0	7.4484593e-07
mouse_wang_liver	ENSMUST00000130645.8	Mtfr1	Overlap_uORF	start	1575	0	0	-1	C				0	1.1667157e-06	0	1.1667156e-06
mouse_wang_liver	ENSMUST00000130645.8	Mtfr1	Overlap_uORF	start	1576	0	0	-1	T				0	1.5656128e-06	0	1.5656127e-06
mouse_wang_liver	ENSMUST00000130645.8	Mtfr1	Overlap_uORF	start	1577	0	0	-1	G				0	2.5360594e-06	0	2.5360592e-06
mouse_wang_liver	ENSMUST00000130645.8	Mtfr1	Overlap_uORF	start	1578	0	0	-1	G				0	2.7669846e-06	0	2.7669844e-06
mouse_wang_liver	ENSMUST00000130645.8	Mtfr1	Overlap_uORF	start	1579	0	0	-1	T				0	6.8328654e-06	0	6.832865e-06
mouse_wang_liver	ENSMUST00000130645.8	Mtfr1	Overlap_uORF	start	1580	0	0	-1	A				0	2.3904502e-06	0	2.39045e-06
mouse_wang_liver	ENSMUST00000130645.8	Mtfr1	Overlap_uORF	start	1581	0	0	-1	T				0	1.9425995e-06	0	1.9425994e-06
mouse_wang_liver	ENSMUST00000130645.8	Mtfr1	Overlap_uORF	start	1582	0	0	-1	A				0	3.7595441e-06	0	3.7595439e-06
mouse_wang_liver	ENSMUST00000130645.8	Mtfr1	Overlap_uORF	start	1583	0	0	-1	C				0	1.4338865e-06	0	1.4338864e-06
mouse_wang_liver	ENSMUST00000130645.8	Mtfr1	Overlap_uORF	start	1584	0	0	-1	T				0	1.7230465e-06	0	1.7230464e-06
mouse_wang_liver	ENSMUST00000130645.8	Mtfr1	Overlap_uORF	start	1585	0	0	-1	G				0	9.5716587e-07	0	9.5716581e-07
mouse_wang_liver	ENSMUST00000130645.8	Mtfr1	Overlap_uORF	start	1586	0	0	-1	T				0	7.3338219e-07	0	7.3338215e-07
mouse_wang_liver	ENSMUST00000130645.8	Mtfr1	Overlap_uORF	start	1587	0	0	-1	T				0	1.8896136e-06	0	1.8896135e-06
mouse_wang_liver	ENSMUST00000130645.8	Mtfr1	Overlap_uORF	start	1588	0	0	-1	A				0	1.2721182e-06	0	1.2721181e-06
mouse_wang_liver	ENSMUST00000130645.8	Mtfr1	Overlap_uORF	start	1589	0	0	-1	T				0	9.3684434e-07	0	9.3684429e-07
mouse_wang_liver	ENSMUST00000130645.8	Mtfr1	Overlap_uORF	start	1590	0	0	-1	T				0	6.7503913e-07	0	6.7503909e-07
mouse_wang_liver	ENSMUST00000130645.8	Mtfr1	Overlap_uORF	start	1591	0	0	-1	A				0	4.8877831e-07	0	4.8877828e-07
mouse_wang_liver	ENSMUST00000130645.8	Mtfr1	Overlap_uORF	start	1592	0	0	-1	T				0	4.6046821e-06	0	4.6046818e-06
mouse_wang_liver	ENSMUST00000130645.8	Mtfr1	Overlap_uORF	start	1593	0	0	-1	A				0	5.6094098e-07	0	5.6094094e-07
mouse_wang_liver	ENSMUST00000130645.8	Mtfr1	Overlap_uORF	start	1594	0	0	-1	G				0	1.6175142e-07	0	1.6175141e-07
mouse_wang_liver	ENSMUST00000130645.8	Mtfr1	Overlap_uORF	start	1595	0	0	-1	C				0	3.5608281e-07	0	3.5608279e-07
mouse_wang_liver	ENSMUST00000130645.8	Mtfr1	Overlap_uORF	start	1596	0	0	-1	A				0	7.5255736e-07	0	7.5255731e-07
mouse_wang_liver	ENSMUST00000130645.8	Mtfr1	Overlap_uORF	start	1597	0	0	-1	C				0	1.3640575e-06	0	1.3640575e-06
mouse_wang_liver	ENSMUST00000130645.8	Mtfr1	Overlap_uORF	start	1598	0	0	-1	A				0	8.6386018e-07	0	8.6386013e-07
mouse_wang_liver	ENSMUST00000130645.8	Mtfr1	Overlap_uORF	start	1599	0	0	-1	C				0	3.6004576e-06	0	3.6004574e-06
mouse_wang_liver	ENSMUST00000130645.8	Mtfr1	Overlap_uORF	start	1600	0	0	-1	T				0	5.9896911e-06	0	5.9896907e-06
mouse_wang_liver	ENSMUST00000130645.8	Mtfr1	Overlap_uORF	start	1601	0	0	-1	A				0	1.190353e-05	0	1.190353e-05
mouse_wang_liver	ENSMUST00000130645.8	Mtfr1	Overlap_uORF	start	1602	0	0	-1	T				0	1.379653e-05	0	1.3796529e-05
mouse_wang_liver	ENSMUST00000130645.8	Mtfr1	Overlap_uORF	start	1603	0	0	-1	T				0	4.4710623e-06	0	4.471062e-06
mouse_wang_liver	ENSMUST00000130645.8	Mtfr1	Overlap_uORF	start	1604	0	0	-1	G				0	2.0570799e-06	0	2.0570798e-06
mouse_wang_liver	ENSMUST00000130645.8	Mtfr1	Overlap_uORF	start	1605	0	0	-1	G				0	2.3291127e-06	0	2.3291126e-06
mouse_wang_liver	ENSMUST00000130645.8	Mtfr1	Overlap_uORF	start	1606	0	0	-1	A				0	3.4375716e-07	0	3.4375714e-07
mouse_wang_liver	ENSMUST00000130645.8	Mtfr1	Overlap_uORF	start	1607	0	0	-1	G				0	4.1010603e-07	0	4.10106e-07
mouse_wang_liver	ENSMUST00000130645.8	Mtfr1	Overlap_uORF	start	1608	0	0	-1	C				0	2.4075602e-05	0	2.40756e-05
mouse_wang_liver	ENSMUST00000130645.8	Mtfr1	Overlap_uORF	start	1609	0	0	-1	T				0	6.5163854e-06	0	6.516385e-06
mouse_wang_liver	ENSMUST00000130645.8	Mtfr1	Overlap_uORF	start	1610	0	0	-1	G				0	7.4663999e-06	0	7.4663994e-06
mouse_wang_liver	ENSMUST00000130645.8	Mtfr1	Overlap_uORF	start	1611	0	0	-1	G				0	3.1700485e-05	0	3.1700483e-05
mouse_wang_liver	ENSMUST00000130645.8	Mtfr1	Overlap_uORF	start	1612	0	0	-1	G				0	1.5462164e-06	0	1.5462163e-06
mouse_wang_liver	ENSMUST00000130645.8	Mtfr1	Overlap_uORF	start	1613	0	0	-1	A				0	1.7063237e-05	0	1.7063236e-05
mouse_wang_liver	ENSMUST00000130645.8	Mtfr1	Overlap_uORF	start	1614	0	0	-1	A				0	3.2084718e-05	0	3.2084716e-05
mouse_wang_liver	ENSMUST00000130645.8	Mtfr1	Overlap_uORF	start	1615	0	0	-1	T				0	3.2541789e-06	0	3.2541787e-06
mouse_wang_liver	ENSMUST00000130645.8	Mtfr1	Overlap_uORF	start	1616	0	0	-1	G				0	3.3999197e-06	0	3.3999195e-06
mouse_wang_liver	ENSMUST00000130645.8	Mtfr1	Overlap_uORF	start	1617	0	0	-1	C				0	9.2090349e-06	0	9.2090344e-06
mouse_wang_liver	ENSMUST00000130645.8	Mtfr1	Overlap_uORF	start	1618	0	0	-1	C				0	9.1111951e-06	0	9.1111946e-06
mouse_wang_liver	ENSMUST00000130645.8	Mtfr1	Overlap_uORF	start	1619	0	0	-1	T				0	3.6577949e-06	0	3.6577947e-06
mouse_wang_liver	ENSMUST00000130645.8	Mtfr1	Overlap_uORF	start	1620	0	0	-1	C				0	6.1921778e-06	0	6.1921774e-06
mouse_wang_liver	ENSMUST00000130645.8	Mtfr1	Overlap_uORF	start	1621	0	0	-1	G				0	1.1448479e-06	0	1.1448479e-06
mouse_wang_liver	ENSMUST00000130645.8	Mtfr1	Overlap_uORF	start	1622	0	0	-1	G				0	1.614128e-06	0	1.6141279e-06
mouse_wang_liver	ENSMUST00000130645.8	Mtfr1	Overlap_uORF	start	1623	0	0	-1	A				0	2.2350378e-06	0	2.2350376e-06
mouse_wang_liver	ENSMUST00000130645.8	Mtfr1	Overlap_uORF	start	1624	0	0	-1	C				0	4.4440726e-06	0	4.4440723e-06
mouse_wang_liver	ENSMUST00000130645.8	Mtfr1	Overlap_uORF	start	1625	0	0	-1	A				0	5.8228179e-06	0	5.8228176e-06
mouse_wang_liver	ENSMUST00000130645.8	Mtfr1	Overlap_uORF	start	1626	0	0	-1	G				0	4.8107731e-06	0	4.8107728e-06
mouse_wang_liver	ENSMUST00000130645.8	Mtfr1	Overlap_uORF	start	1627	0	0	-1	G				0	3.3902452e-06	0	3.390245e-06
mouse_wang_liver	ENSMUST00000130645.8	Mtfr1	Overlap_uORF	start	1628	0	0	-1	A				0	5.6053918e-06	0	5.6053915e-06
mouse_wang_liver	ENSMUST00000130645.8	Mtfr1	Overlap_uORF	start	1629	0	0	-1	C				0	2.594636e-06	0	2.5946359e-06
mouse_wang_liver	ENSMUST00000130645.8	Mtfr1	Overlap_uORF	start	1630	0	0	-1	T				0	1.6299745e-06	0	1.6299744e-06
mouse_wang_liver	ENSMUST00000130645.8	Mtfr1	Overlap_uORF	start	1631	0	0	-1	T				0	2.8271397e-06	0	2.8271395e-06
mouse_wang_liver	ENSMUST00000130645.8	Mtfr1	Overlap_uORF	start	1632	0	0	-1	G				0	4.6943733e-06	0	4.694373e-06
mouse_wang_liver	ENSMUST00000130645.8	Mtfr1	Overlap_uORF	start	1633	0	0	-1	A				0	2.9691796e-07	0	2.9691794e-07
mouse_wang_liver	ENSMUST00000130645.8	Mtfr1	Overlap_uORF	start	1634	0	0	-1	G				0	6.1697222e-07	0	6.1697218e-07
mouse_wang_liver	ENSMUST00000130645.8	Mtfr1	Overlap_uORF	start	1635	0	0	-1	T				0	1.4132268e-06	0	1.4132267e-06
mouse_wang_liver	ENSMUST00000130645.8	Mtfr1	Overlap_uORF	start	1636	0	0	-1	A				0	3.4454079e-06	0	3.4454076e-06
mouse_wang_liver	ENSMUST00000130645.8	Mtfr1	Overlap_uORF	start	1637	0	0	-1	T				0	5.27865e-06	0	5.2786496e-06
mouse_wang_liver	ENSMUST00000130645.8	Mtfr1	Overlap_uORF	start	1638	0	0	-1	G				0	2.3510568e-06	0	2.3510566e-06
mouse_wang_liver	ENSMUST00000130645.8	Mtfr1	Overlap_uORF	start	1639	0	0	-1	T				0	1.3016351e-06	0	1.301635e-06
mouse_wang_liver	ENSMUST00000130645.8	Mtfr1	Overlap_uORF	start	1640	0	0	-1	T				0	2.2947631e-07	0	2.294763e-07
mouse_wang_liver	ENSMUST00000130645.8	Mtfr1	Overlap_uORF	start	1641	0	0	-1	C				0	2.4323404e-06	0	2.4323402e-06
mouse_wang_liver	ENSMUST00000130645.8	Mtfr1	Overlap_uORF	start	1642	0	0	-1	T				0	2.9780631e-06	0	2.9780629e-06
mouse_wang_liver	ENSMUST00000130645.8	Mtfr1	Overlap_uORF	start	1643	0	0	-1	C				0	7.1205864e-07	0	7.1205859e-07
mouse_wang_liver	ENSMUST00000130645.8	Mtfr1	Overlap_uORF	start	1644	0	0	-1	A				0	1.1392938e-05	0	1.1392937e-05
mouse_wang_liver	ENSMUST00000130645.8	Mtfr1	Overlap_uORF	start	1645	0	0	-1	C				0	3.9811307e-06	0	3.9811305e-06
mouse_wang_liver	ENSMUST00000130645.8	Mtfr1	Overlap_uORF	start	1646	0	0	-1	T				0	1.1071828e-06	0	1.1071827e-06
mouse_wang_liver	ENSMUST00000130645.8	Mtfr1	Overlap_uORF	start	1647	0	0	-1	T				0	9.9341548e-07	0	9.9341542e-07
mouse_wang_liver	ENSMUST00000130645.8	Mtfr1	Overlap_uORF	start	1648	0	0	-1	T				0	6.5561362e-06	0	6.5561358e-06
mouse_wang_liver	ENSMUST00000130645.8	Mtfr1	Overlap_uORF	start	1649	0	0	-1	C				0	5.4572452e-06	0	5.4572448e-06
mouse_wang_liver	ENSMUST00000130645.8	Mtfr1	Overlap_uORF	start	1650	0	0	-1	T				0	2.1852964e-06	0	2.1852962e-06
mouse_wang_liver	ENSMUST00000130645.8	Mtfr1	Overlap_uORF	start	1651	0	0	-1	G				0	1.1724109e-06	0	1.1724108e-06
mouse_wang_liver	ENSMUST00000130645.8	Mtfr1	Overlap_uORF	start	1652	0	0	-1	T				0	3.0862867e-07	0	3.0862865e-07
mouse_wang_liver	ENSMUST00000130645.8	Mtfr1	Overlap_uORF	start	1653	0	0	-1	T				0	2.5693696e-06	0	2.5693694e-06
mouse_wang_liver	ENSMUST00000130645.8	Mtfr1	Overlap_uORF	start	1654	0	0	-1	T				0	2.0898122e-07	0	2.0898121e-07
mouse_wang_liver	ENSMUST00000130645.8	Mtfr1	Overlap_uORF	start	1655	0	0	-1	T				0	8.9923248e-07	0	8.9923242e-07
mouse_wang_liver	ENSMUST00000130645.8	Mtfr1	Overlap_uORF	start	1656	0	0	-1	C				0	2.0717553e-06	0	2.0717551e-06
mouse_wang_liver	ENSMUST00000130645.8	Mtfr1	Overlap_uORF	start	1657	0	0	-1	T				0	2.1421768e-06	0	2.1421766e-06
mouse_wang_liver	ENSMUST00000130645.8	Mtfr1	Overlap_uORF	start	1658	0	0	-1	G				0	3.748394e-07	0	3.7483938e-07
mouse_wang_liver	ENSMUST00000130645.8	Mtfr1	Overlap_uORF	start	1659	0	0	-1	G				0	7.9266977e-07	0	7.9266972e-07
mouse_wang_liver	ENSMUST00000130645.8	Mtfr1	Overlap_uORF	start	1660	0	0	-1	A				0	2.9243529e-06	0	2.9243527e-06
mouse_wang_liver	ENSMUST00000130645.8	Mtfr1	Overlap_uORF	start	1661	0	0	-1	G				0	4.5186698e-06	0	4.5186695e-06
mouse_wang_liver	ENSMUST00000130645.8	Mtfr1	Overlap_uORF	start	1662	0	0	-1	C				0	1.5199025e-05	0	1.5199024e-05
mouse_wang_liver	ENSMUST00000130645.8	Mtfr1	Overlap_uORF	start	1663	0	0	-1	T				0	3.0261842e-06	0	3.026184e-06
mouse_wang_liver	ENSMUST00000130645.8	Mtfr1	Overlap_uORF	start	1664	0	0	-1	G				0	1.3644889e-05	0	1.3644888e-05
mouse_wang_liver	ENSMUST00000130645.8	Mtfr1	Overlap_uORF	start	1665	0	0	-1	A				0	2.127383e-05	0	2.1273829e-05
mouse_wang_liver	ENSMUST00000130645.8	Mtfr1	Overlap_uORF	start	1666	0	0	-1	G				0	1.1035356e-06	0	1.1035356e-06
mouse_wang_liver	ENSMUST00000130645.8	Mtfr1	Overlap_uORF	start	1667	0	0	-1	T				0	1.8120303e-06	0	1.8120302e-06
mouse_wang_liver	ENSMUST00000130645.8	Mtfr1	Overlap_uORF	start	1668	0	0	-1	T				0	1.801639e-05	0	1.8016389e-05
mouse_wang_liver	ENSMUST00000130645.8	Mtfr1	Overlap_uORF	start	1669	0	0	-1	T				0	6.4794212e-06	0	6.4794208e-06
mouse_wang_liver	ENSMUST00000130645.8	Mtfr1	Overlap_uORF	start	1670	0	0	-1	A				0	9.8145101e-06	0	9.8145095e-06
mouse_wang_liver	ENSMUST00000130645.8	Mtfr1	Overlap_uORF	start	1671	0	0	-1	C				0	2.5736968e-05	0	2.5736967e-05
mouse_wang_liver	ENSMUST00000130645.8	Mtfr1	Overlap_uORF	start	1672	0	0	-1	A				0	7.2781554e-06	0	7.278155e-06
mouse_wang_liver	ENSMUST00000130645.8	Mtfr1	Overlap_uORF	start	1673	0	0	-1	T				0	4.9307837e-06	0	4.9307834e-06
mouse_wang_liver	ENSMUST00000130645.8	Mtfr1	Overlap_uORF	start	1674	0	0	-1	A				0	2.575068e-06	0	2.5750679e-06
mouse_wang_liver	ENSMUST00000130645.8	Mtfr1	Overlap_uORF	start	1675	0	0	-1	A				0	1.5194814e-06	0	1.5194813e-06
mouse_wang_liver	ENSMUST00000130645.8	Mtfr1	Overlap_uORF	start	1676	0	0	-1	A				0	3.5873666e-07	0	3.5873663e-07
mouse_wang_liver	ENSMUST00000130645.8	Mtfr1	Overlap_uORF	start	1677	0	0	-1	C				0	1.8089162e-07	0	1.8089161e-07
mouse_wang_liver	ENSMUST00000130645.8	Mtfr1	Overlap_uORF	start	1678	0	0	-1	A				0	1.0910279e-07	0	1.0910279e-07
mouse_wang_liver	ENSMUST00000130645.8	Mtfr1	Overlap_uORF	start	1679	0	0	-1	G				0	6.8894224e-07	0	6.8894219e-07
mouse_wang_liver	ENSMUST00000130645.8	Mtfr1	Overlap_uORF	start	1680	0	0	-1	C				0	3.2129483e-07	0	3.2129481e-07
mouse_wang_liver	ENSMUST00000130645.8	Mtfr1	Overlap_uORF	start	1681	0	0	-1	A				0	3.1220848e-06	0	3.1220846e-06
mouse_wang_liver	ENSMUST00000130645.8	Mtfr1	Overlap_uORF	start	1682	0	0	-1	G				0	4.9170222e-07	0	4.9170219e-07
mouse_wang_liver	ENSMUST00000130645.8	Mtfr1	Overlap_uORF	start	1683	0	0	-1	A				0	4.0199518e-07	0	4.0199516e-07
mouse_wang_liver	ENSMUST00000130645.8	Mtfr1	Overlap_uORF	start	1684	0	0	-1	A				0	7.0352298e-06	0	7.0352294e-06
mouse_wang_liver	ENSMUST00000130645.8	Mtfr1	Overlap_uORF	start	1685	0	0	-1	G				0	2.5131098e-06	0	2.5131097e-06
mouse_wang_liver	ENSMUST00000130645.8	Mtfr1	Overlap_uORF	start	1686	0	0	-1	A				0	3.9109389e-05	0	3.9109387e-05
mouse_wang_liver	ENSMUST00000130645.8	Mtfr1	Overlap_uORF	start	1687	0	0	-1	T				0	5.5094752e-06	0	5.5094748e-06
mouse_wang_liver	ENSMUST00000130645.8	Mtfr1	Overlap_uORF	start	1688	0	0	-1	G				0	1.5480357e-06	0	1.5480356e-06
mouse_wang_liver	ENSMUST00000130645.8	Mtfr1	Overlap_uORF	start	1689	0	0	-1	T				0	2.3322214e-05	0	2.3322213e-05
mouse_wang_liver	ENSMUST00000130645.8	Mtfr1	Overlap_uORF	start	1690	0	0	-1	T				0	2.7444623e-06	0	2.7444622e-06
mouse_wang_liver	ENSMUST00000130645.8	Mtfr1	Overlap_uORF	start	1691	0	0	-1	T				0	4.0152926e-07	0	4.0152924e-07
mouse_wang_liver	ENSMUST00000130645.8	Mtfr1	Overlap_uORF	start	1692	0	0	-1	A				0	1.566553e-05	0	1.5665529e-05
mouse_wang_liver	ENSMUST00000130645.8	Mtfr1	Overlap_uORF	start	1693	0	0	-1	C				0	4.5352481e-06	0	4.5352478e-06
mouse_wang_liver	ENSMUST00000130645.8	Mtfr1	Overlap_uORF	start	1694	0	0	-1	T				0	2.0963523e-06	0	2.0963522e-06
mouse_wang_liver	ENSMUST00000130645.8	Mtfr1	Overlap_uORF	start	1695	0	0	-1	G				0	5.9870754e-06	0	5.987075e-06
mouse_wang_liver	ENSMUST00000130645.8	Mtfr1	Overlap_uORF	start	1696	0	0	-1	C				0	5.2025894e-06	0	5.202589e-06
mouse_wang_liver	ENSMUST00000130645.8	Mtfr1	Overlap_uORF	start	1697	0	0	-1	T				0	1.2037696e-06	0	1.2037695e-06
mouse_wang_liver	ENSMUST00000130645.8	Mtfr1	Overlap_uORF	start	1698	0	0	-1	G				0	4.2146598e-06	0	4.2146596e-06
mouse_wang_liver	ENSMUST00000130645.8	Mtfr1	Overlap_uORF	start	1699	0	0	-1	A				0	8.0950449e-06	0	8.0950444e-06
mouse_wang_liver	ENSMUST00000130645.8	Mtfr1	Overlap_uORF	start	1700	0	0	-1	G				0	5.6927922e-07	0	5.6927919e-07
mouse_wang_liver	ENSMUST00000130645.8	Mtfr1	Overlap_uORF	start	1701	0	0	-1	T				0	2.5671432e-06	0	2.567143e-06
mouse_wang_liver	ENSMUST00000130645.8	Mtfr1	Overlap_uORF	start	1702	0	0	-1	C				0	8.7765142e-07	0	8.7765136e-07
mouse_wang_liver	ENSMUST00000130645.8	Mtfr1	Overlap_uORF	start	1703	0	0	-1	T				0	4.0989748e-06	0	4.0989746e-06
mouse_wang_liver	ENSMUST00000130645.8	Mtfr1	Overlap_uORF	start	1704	0	0	-1	C				0	9.5404321e-06	0	9.5404315e-06
mouse_wang_liver	ENSMUST00000130645.8	Mtfr1	Overlap_uORF	start	1705	0	0	-1	T				0	3.1085965e-06	0	3.1085963e-06
mouse_wang_liver	ENSMUST00000130645.8	Mtfr1	Overlap_uORF	start	1706	0	0	-1	G				0	8.8513116e-06	0	8.851311e-06
mouse_wang_liver	ENSMUST00000130645.8	Mtfr1	Overlap_uORF	start	1707	0	0	-1	T				0	1.8092944e-05	0	1.8092943e-05
mouse_wang_liver	ENSMUST00000130645.8	Mtfr1	Overlap_uORF	start	1708	0	0	-1	G				0	3.9673346e-06	0	3.9673343e-06
mouse_wang_liver	ENSMUST00000130645.8	Mtfr1	Overlap_uORF	start	1709	0	0	-1	T				0	2.8830747e-05	0	2.8830746e-05
mouse_wang_liver	ENSMUST00000130645.8	Mtfr1	Overlap_uORF	start	1710	0	0	-1	T				0	8.2041706e-06	0	8.2041701e-06
mouse_wang_liver	ENSMUST00000130645.8	Mtfr1	Overlap_uORF	start	1711	0	0	-1	G				0	3.8244557e-06	0	3.8244555e-06
mouse_wang_liver	ENSMUST00000130645.8	Mtfr1	Overlap_uORF	start	1712	0	0	-1	C				0	6.858706e-06	0	6.8587056e-06
mouse_wang_liver	ENSMUST00000130645.8	Mtfr1	Overlap_uORF	start	1713	0	0	-1	T				0	6.6385251e-06	0	6.6385247e-06
mouse_wang_liver	ENSMUST00000130645.8	Mtfr1	Overlap_uORF	start	1714	0	0	-1	T				0	1.7051517e-06	0	1.7051516e-06
mouse_wang_liver	ENSMUST00000130645.8	Mtfr1	Overlap_uORF	start	1715	0	0	-1	T				0	3.7755583e-06	0	3.7755581e-06
mouse_wang_liver	ENSMUST00000130645.8	Mtfr1	Overlap_uORF	start	1716	0	0	-1	C				0	1.8334398e-05	0	1.8334397e-05
mouse_wang_liver	ENSMUST00000130645.8	Mtfr1	Overlap_uORF	start	1717	0	0	-1	T				0	4.090602e-06	0	4.0906018e-06
mouse_wang_liver	ENSMUST00000130645.8	Mtfr1	Overlap_uORF	start	1718	0	0	-1	G				0	1.6418938e-06	0	1.6418937e-06
mouse_wang_liver	ENSMUST00000130645.8	Mtfr1	Overlap_uORF	start	1719	0	0	-1	T				0	7.2977969e-06	0	7.2977964e-06
mouse_wang_liver	ENSMUST00000130645.8	Mtfr1	Overlap_uORF	start	1720	0	0	-1	T				0	1.8164612e-06	0	1.8164611e-06
mouse_wang_liver	ENSMUST00000130645.8	Mtfr1	Overlap_uORF	start	1721	0	0	-1	A				0	3.2715143e-06	0	3.2715141e-06
mouse_wang_liver	ENSMUST00000130645.8	Mtfr1	Overlap_uORF	start	1722	0	0	-1	G				0	1.077561e-06	0	1.077561e-06
mouse_wang_liver	ENSMUST00000130645.8	Mtfr1	Overlap_uORF	start	1723	0	0	-1	A				0	7.8730858e-07	0	7.8730853e-07
mouse_wang_liver	ENSMUST00000130645.8	Mtfr1	Overlap_uORF	start	1724	0	0	-1	G				0	2.0106509e-06	0	2.0106507e-06
mouse_wang_liver	ENSMUST00000130645.8	Mtfr1	Overlap_uORF	start	1725	0	0	-1	G				0	1.3052541e-05	0	1.3052541e-05
mouse_wang_liver	ENSMUST00000130645.8	Mtfr1	Overlap_uORF	start	1726	0	0	-1	G				0	4.4104686e-06	0	4.4104683e-06
mouse_wang_liver	ENSMUST00000130645.8	Mtfr1	Overlap_uORF	start	1727	0	0	-1	A				0	4.5675415e-06	0	4.5675412e-06
mouse_wang_liver	ENSMUST00000130645.8	Mtfr1	Overlap_uORF	start	1728	0	0	-1	A				0	7.5086155e-06	0	7.508615e-06
mouse_wang_liver	ENSMUST00000130645.8	Mtfr1	Overlap_uORF	start	1729	0	0	-1	G				0	2.3246257e-06	0	2.3246256e-06
mouse_wang_liver	ENSMUST00000130645.8	Mtfr1	Overlap_uORF	start	1730	0	0	-1	T				0	5.8292716e-07	0	5.8292712e-07
mouse_wang_liver	ENSMUST00000130645.8	Mtfr1	Overlap_uORF	start	1731	0	0	-1	G				0	3.4822446e-07	0	3.4822444e-07
mouse_wang_liver	ENSMUST00000130645.8	Mtfr1	Overlap_uORF	start	1732	0	0	-1	A				0	1.0793583e-07	0	1.0793583e-07
mouse_wang_liver	ENSMUST00000130645.8	Mtfr1	Overlap_uORF	start	1733	0	0	-1	G				0	3.3375491e-07	0	3.3375489e-07
mouse_wang_liver	ENSMUST00000130645.8	Mtfr1	Overlap_uORF	start	1734	0	0	-1	G				0	9.3004144e-07	0	9.3004138e-07
mouse_wang_liver	ENSMUST00000130645.8	Mtfr1	Overlap_uORF	start	1735	0	0	-1	A				0	2.9450115e-07	0	2.9450113e-07
mouse_wang_liver	ENSMUST00000130645.8	Mtfr1	Overlap_uORF	start	1736	0	0	-1	C				0	1.3453908e-07	0	1.3453907e-07
mouse_wang_liver	ENSMUST00000130645.8	Mtfr1	Overlap_uORF	start	1737	0	0	-1	C				0	3.5154872e-06	0	3.5154869e-06
mouse_wang_liver	ENSMUST00000130645.8	Mtfr1	Overlap_uORF	start	1738	0	0	-1	A				0	1.9115341e-06	0	1.911534e-06
mouse_wang_liver	ENSMUST00000130645.8	Mtfr1	Overlap_uORF	start	1739	0	0	-1	G				0	1.1547914e-06	0	1.1547914e-06
mouse_wang_liver	ENSMUST00000130645.8	Mtfr1	Overlap_uORF	start	1740	0	0	-1	G				0	8.2777046e-07	0	8.2777041e-07
mouse_wang_liver	ENSMUST00000130645.8	Mtfr1	Overlap_uORF	start	1741	0	0	-1	A				0	9.4775731e-07	0	9.4775726e-07
mouse_wang_liver	ENSMUST00000130645.8	Mtfr1	Overlap_uORF	start	1742	0	0	-1	A				0	4.3708047e-07	0	4.3708045e-07
mouse_wang_liver	ENSMUST00000130645.8	Mtfr1	Overlap_uORF	start	1743	0	0	-1	G				0	5.4587207e-07	0	5.4587204e-07
mouse_wang_liver	ENSMUST00000130645.8	Mtfr1	Overlap_uORF	start	1744	0	0	-1	G				0	6.518539e-07	0	6.5185386e-07
mouse_wang_liver	ENSMUST00000130645.8	Mtfr1	Overlap_uORF	start	1745	0	0	-1	C				0	2.9939372e-07	0	2.993937e-07
mouse_wang_liver	ENSMUST00000130645.8	Mtfr1	Overlap_uORF	start	1746	0	0	-1	C				0	1.5959741e-06	0	1.595974e-06
mouse_wang_liver	ENSMUST00000130645.8	Mtfr1	Overlap_uORF	start	1747	0	0	-1	A				0	4.1404846e-07	0	4.1404843e-07
mouse_wang_liver	ENSMUST00000130645.8	Mtfr1	Overlap_uORF	start	1748	0	0	-1	T				0	1.3046935e-06	0	1.3046934e-06
mouse_wang_liver	ENSMUST00000130645.8	Mtfr1	Overlap_uORF	start	1749	0	0	-1	T				0	1.0567412e-06	0	1.0567411e-06
mouse_wang_liver	ENSMUST00000130645.8	Mtfr1	Overlap_uORF	start	1750	0	0	-1	T				0	1.3875693e-06	0	1.3875693e-06
mouse_wang_liver	ENSMUST00000130645.8	Mtfr1	Overlap_uORF	start	1751	0	0	-1	A				0	1.0021636e-07	0	1.0021636e-07
mouse_wang_liver	ENSMUST00000130645.8	Mtfr1	Overlap_uORF	start	1752	0	0	-1	C				0	2.5236713e-07	0	2.5236711e-07
mouse_wang_liver	ENSMUST00000130645.8	Mtfr1	Overlap_uORF	start	1753	0	0	-1	A				0	2.9474108e-07	0	2.9474107e-07
mouse_wang_liver	ENSMUST00000130645.8	Mtfr1	Overlap_uORF	start	1754	0	0	-1	C				0	2.1760886e-07	0	2.1760884e-07
mouse_wang_liver	ENSMUST00000130645.8	Mtfr1	Overlap_uORF	start	1755	0	0	-1	C				0	8.7124431e-07	0	8.7124426e-07
mouse_wang_liver	ENSMUST00000130645.8	Mtfr1	Overlap_uORF	start	1756	0	0	-1	T				0	7.688638e-07	0	7.6886375e-07
mouse_wang_liver	ENSMUST00000130645.8	Mtfr1	Overlap_uORF	start	1757	0	0	-1	C				0	2.2699628e-07	0	2.2699626e-07
mouse_wang_liver	ENSMUST00000130645.8	Mtfr1	Overlap_uORF	start	1758	0	0	-1	A				0	5.1956397e-07	0	5.1956394e-07
mouse_wang_liver	ENSMUST00000130645.8	Mtfr1	Overlap_uORF	start	1759	0	0	-1	T				0	6.8758743e-07	0	6.8758739e-07
mouse_wang_liver	ENSMUST00000130645.8	Mtfr1	Overlap_uORF	start	1760	0	0	-1	T				0	3.3692495e-06	0	3.3692493e-06
mouse_wang_liver	ENSMUST00000130645.8	Mtfr1	Overlap_uORF	start	1761	0	0	-1	A				0	5.1234983e-06	0	5.123498e-06
mouse_wang_liver	ENSMUST00000130645.8	Mtfr1	Overlap_uORF	start	1762	0	0	-1	C				0	1.6428023e-06	0	1.6428022e-06
mouse_wang_liver	ENSMUST00000130645.8	Mtfr1	Overlap_uORF	start	1763	0	0	-1	C				0	3.5782866e-06	0	3.5782864e-06
mouse_wang_liver	ENSMUST00000130645.8	Mtfr1	Overlap_uORF	start	1764	0	0	-1	A				0	1.8824442e-06	0	1.8824441e-06
mouse_wang_liver	ENSMUST00000130645.8	Mtfr1	Overlap_uORF	start	1765	0	0	-1	C				0	1.992935e-06	0	1.9929349e-06
mouse_wang_liver	ENSMUST00000130645.8	Mtfr1	Overlap_uORF	start	1766	0	0	-1	C				0	8.1497353e-07	0	8.1497348e-07
mouse_wang_liver	ENSMUST00000130645.8	Mtfr1	Overlap_uORF	start	1767	0	0	-1	C				0	4.6057889e-06	0	4.6057887e-06
mouse_wang_liver	ENSMUST00000130645.8	Mtfr1	Overlap_uORF	start	1768	0	0	-1	A				0	2.3548446e-06	0	2.3548444e-06
mouse_wang_liver	ENSMUST00000130645.8	Mtfr1	Overlap_uORF	start	1769	0	0	-1	C				0	1.9919887e-06	0	1.9919886e-06
mouse_wang_liver	ENSMUST00000130645.8	Mtfr1	Overlap_uORF	start	1770	0	0	-1	T				0	7.8557505e-06	0	7.85575e-06
mouse_wang_liver	ENSMUST00000130645.8	Mtfr1	Overlap_uORF	start	1771	0	0	-1	A				0	9.2228074e-06	0	9.2228069e-06
mouse_wang_liver	ENSMUST00000130645.8	Mtfr1	Overlap_uORF	start	1772	0	0	-1	C				0	8.6371147e-06	0	8.6371141e-06
mouse_wang_liver	ENSMUST00000130645.8	Mtfr1	Overlap_uORF	start	1773	0	0	-1	T				0	3.3833946e-06	0	3.3833944e-06
mouse_wang_liver	ENSMUST00000130645.8	Mtfr1	Overlap_uORF	start	1774	0	0	-1	G				0	2.9460973e-06	0	2.9460971e-06
mouse_wang_liver	ENSMUST00000130645.8	Mtfr1	Overlap_uORF	start	1775	0	0	-1	G				0	1.5134175e-06	0	1.5134174e-06
mouse_wang_liver	ENSMUST00000130645.8	Mtfr1	Overlap_uORF	start	1776	0	0	-1	G				0	4.1907401e-06	0	4.1907399e-06
mouse_wang_liver	ENSMUST00000130645.8	Mtfr1	Overlap_uORF	start	1777	0	0	-1	A				0	3.0980647e-07	0	3.0980645e-07
mouse_wang_liver	ENSMUST00000130645.8	Mtfr1	Overlap_uORF	start	1778	0	0	-1	A				0	5.0946613e-07	0	5.094661e-07
mouse_wang_liver	ENSMUST00000130645.8	Mtfr1	Overlap_uORF	start	1779	0	0	-1	G				0	1.2534377e-06	0	1.2534377e-06
mouse_wang_liver	ENSMUST00000130645.8	Mtfr1	Overlap_uORF	start	1780	0	0	-1	C				0	5.2405785e-06	0	5.2405782e-06
mouse_wang_liver	ENSMUST00000130645.8	Mtfr1	Overlap_uORF	start	1781	0	0	-1	A				0	1.1242206e-06	0	1.1242205e-06
mouse_wang_liver	ENSMUST00000130645.8	Mtfr1	Overlap_uORF	start	1782	0	0	-1	A				0	4.3740183e-06	0	4.374018e-06
mouse_wang_liver	ENSMUST00000130645.8	Mtfr1	Overlap_uORF	start	1783	0	0	-1	A				0	5.6077979e-06	0	5.6077976e-06
mouse_wang_liver	ENSMUST00000130645.8	Mtfr1	Overlap_uORF	start	1784	0	0	-1	T				0	2.9833475e-06	0	2.9833473e-06
mouse_wang_liver	ENSMUST00000130645.8	Mtfr1	Overlap_uORF	start	1785	0	0	-1	G				0	3.646785e-06	0	3.6467848e-06
mouse_wang_liver	ENSMUST00000130645.8	Mtfr1	Overlap_uORF	start	1786	0	0	-1	A				0	4.2912151e-07	0	4.2912149e-07
mouse_wang_liver	ENSMUST00000130645.8	Mtfr1	Overlap_uORF	start	1787	0	0	-1	A				0	4.6011155e-07	0	4.6011152e-07
mouse_wang_liver	ENSMUST00000130645.8	Mtfr1	Overlap_uORF	start	1788	0	0	-1	C				0	5.2057653e-06	0	5.205765e-06
mouse_wang_liver	ENSMUST00000130645.8	Mtfr1	Overlap_uORF	start	1789	0	0	-1	T				0	1.7465306e-06	0	1.7465305e-06
mouse_wang_liver	ENSMUST00000130645.8	Mtfr1	Overlap_uORF	start	1790	0	0	-1	T				0	5.2413184e-06	0	5.2413181e-06
mouse_wang_liver	ENSMUST00000130645.8	Mtfr1	Overlap_uORF	start	1791	0	0	-1	C				0	8.1352428e-06	0	8.1352422e-06
mouse_wang_liver	ENSMUST00000130645.8	Mtfr1	Overlap_uORF	start	1792	0	0	-1	T				0	6.2545669e-06	0	6.2545665e-06
mouse_wang_liver	ENSMUST00000130645.8	Mtfr1	Overlap_uORF	start	1793	0	0	-1	C				0	1.8607402e-06	0	1.8607401e-06
mouse_wang_liver	ENSMUST00000130645.8	Mtfr1	Overlap_uORF	start	1794	0	0	-1	A				0	1.7736733e-05	0	1.7736732e-05
mouse_wang_liver	ENSMUST00000130645.8	Mtfr1	Overlap_uORF	start	1795	0	0	-1	A				0	4.4627727e-06	0	4.4627724e-06
mouse_wang_liver	ENSMUST00000130645.8	Mtfr1	Overlap_uORF	start	1796	0	0	-1	G				0	1.2076442e-05	0	1.2076441e-05
mouse_wang_liver	ENSMUST00000130645.8	Mtfr1	Overlap_uORF	start	1797	0	0	-1	T				0	3.2816229e-06	0	3.2816227e-06
mouse_wang_liver	ENSMUST00000130645.8	Mtfr1	Overlap_uORF	start	1798	0	0	-1	A				0	9.6405404e-07	0	9.6405398e-07
mouse_wang_liver	ENSMUST00000130645.8	Mtfr1	Overlap_uORF	start	1799	0	0	-1	G				0	1.5896057e-07	0	1.5896056e-07
mouse_wang_liver	ENSMUST00000130645.8	Mtfr1	Overlap_uORF	start	1800	0	0	-1	T				0	6.3141715e-07	0	6.3141711e-07
mouse_wang_liver	ENSMUST00000130645.8	Mtfr1	Overlap_uORF	start	1801	0	0	-1	A				0	1.2038798e-06	0	1.2038798e-06
mouse_wang_liver	ENSMUST00000130645.8	Mtfr1	Overlap_uORF	start	1802	0	0	-1	A				0	1.6557281e-06	0	1.655728e-06
mouse_wang_liver	ENSMUST00000130645.8	Mtfr1	Overlap_uORF	start	1803	0	0	-1	C				0	1.2186633e-06	0	1.2186633e-06
mouse_wang_liver	ENSMUST00000130645.8	Mtfr1	Overlap_uORF	start	1804	0	0	-1	A				0	2.3906098e-06	0	2.3906096e-06
mouse_wang_liver	ENSMUST00000130645.8	Mtfr1	Overlap_uORF	start	1805	0	0	-1	A				0	1.9017225e-06	0	1.9017224e-06
mouse_wang_liver	ENSMUST00000130645.8	Mtfr1	Overlap_uORF	start	1806	0	0	-1	A				0	3.9177385e-06	0	3.9177382e-06
mouse_wang_liver	ENSMUST00000130645.8	Mtfr1	Overlap_uORF	start	1807	0	0	-1	T				0	9.865347e-07	0	9.8653464e-07
mouse_wang_liver	ENSMUST00000130645.8	Mtfr1	Overlap_uORF	start	1808	0	0	-1	C				0	4.4642644e-07	0	4.4642641e-07
mouse_wang_liver	ENSMUST00000130645.8	Mtfr1	Overlap_uORF	start	1809	0	0	-1	A				0	6.8422003e-07	0	6.8421998e-07
mouse_wang_liver	ENSMUST00000130645.8	Mtfr1	Overlap_uORF	start	1810	0	0	-1	A				0	4.2637716e-06	0	4.2637714e-06
mouse_wang_liver	ENSMUST00000130645.8	Mtfr1	Overlap_uORF	start	1811	0	0	-1	A				0	3.8539713e-07	0	3.8539711e-07
mouse_wang_liver	ENSMUST00000130645.8	Mtfr1	Overlap_uORF	start	1812	0	0	-1	C				0	8.3763581e-07	0	8.3763576e-07
mouse_wang_liver	ENSMUST00000130645.8	Mtfr1	Overlap_uORF	start	1813	0	0	-1	T				0	1.0853415e-06	0	1.0853415e-06
mouse_wang_liver	ENSMUST00000130645.8	Mtfr1	Overlap_uORF	start	1814	0	0	-1	A				0	1.1314378e-06	0	1.1314377e-06
mouse_wang_liver	ENSMUST00000130645.8	Mtfr1	Overlap_uORF	start	1815	0	0	-1	T				0	1.9357901e-06	0	1.93579e-06
mouse_wang_liver	ENSMUST00000130645.8	Mtfr1	Overlap_uORF	start	1816	0	0	-1	T				0	1.2133752e-06	0	1.2133751e-06
mouse_wang_liver	ENSMUST00000130645.8	Mtfr1	Overlap_uORF	start	1817	0	0	-1	G				0	2.6895975e-07	0	2.6895974e-07
mouse_wang_liver	ENSMUST00000130645.8	Mtfr1	Overlap_uORF	start	1818	0	0	-1	A				0	2.1570835e-07	0	2.1570834e-07
mouse_wang_liver	ENSMUST00000130645.8	Mtfr1	Overlap_uORF	start	1819	0	0	-1	A				0	1.2385559e-06	0	1.2385558e-06
mouse_wang_liver	ENSMUST00000130645.8	Mtfr1	Overlap_uORF	start	1820	0	0	-1	T				0	6.3941604e-07	0	6.39416e-07
mouse_wang_liver	ENSMUST00000130645.8	Mtfr1	Overlap_uORF	start	1821	0	0	-1	T				0	1.6288121e-06	0	1.628812e-06
mouse_wang_liver	ENSMUST00000130645.8	Mtfr1	Overlap_uORF	start	1822	0	0	-1	A				0	2.5631178e-07	0	2.5631176e-07
mouse_wang_liver	ENSMUST00000130645.8	Mtfr1	Overlap_uORF	start	1823	0	0	-1	A				0	3.8082831e-07	0	3.8082829e-07
mouse_wang_liver	ENSMUST00000130645.8	Mtfr1	Overlap_uORF	start	1824	0	0	-1	A				0	4.9838343e-07	0	4.983834e-07
mouse_wang_liver	ENSMUST00000130645.8	Mtfr1	Overlap_uORF	start	1825	0	0	-1	T				0	2.2425243e-07	0	2.2425242e-07
mouse_wang_liver	ENSMUST00000130645.8	Mtfr1	Overlap_uORF	start	1826	0	0	-1	C				0	2.4415655e-07	0	2.4415654e-07
mouse_wang_liver	ENSMUST00000130645.8	Mtfr1	Overlap_uORF	start	1827	0	0	-1	A				0	6.9910175e-07	0	6.991017e-07
mouse_wang_liver	ENSMUST00000130645.8	Mtfr1	Overlap_uORF	start	1828	0	0	-1	T				0	3.5239913e-07	0	3.5239911e-07
mouse_wang_liver	ENSMUST00000130645.8	Mtfr1	Overlap_uORF	start	1829	0	0	-1	T				0	4.8849383e-08	0	4.884938e-08
mouse_wang_liver	ENSMUST00000130645.8	Mtfr1	Overlap_uORF	start	1830	0	0	-1	T				0	1.3231688e-07	0	1.3231688e-07
mouse_wang_liver	ENSMUST00000130645.8	Mtfr1	Overlap_uORF	start	1831	0	0	-1	C				0	1.3881352e-07	0	1.3881351e-07
mouse_wang_liver	ENSMUST00000130645.8	Mtfr1	Overlap_uORF	start	1832	0	0	-1	T				0	9.4706486e-08	0	9.470648e-08
mouse_wang_liver	ENSMUST00000130645.8	Mtfr1	Overlap_uORF	start	1833	0	0	-1	T				0	1.1736095e-07	0	1.1736094e-07
mouse_wang_liver	ENSMUST00000130645.8	Mtfr1	Overlap_uORF	start	1834	0	0	-1	A				0	1.5487508e-07	0	1.5487507e-07
mouse_wang_liver	ENSMUST00000130645.8	Mtfr1	Overlap_uORF	start	1835	0	0	-1	A				0	5.8275567e-08	0	5.8275564e-08
mouse_wang_liver	ENSMUST00000130645.8	Mtfr1	Overlap_uORF	start	1836	0	0	-1	A				0	1.4924477e-07	0	1.4924476e-07
mouse_wang_liver	ENSMUST00000130645.8	Mtfr1	Overlap_uORF	start	1837	0	0	-1	T				0	2.433832e-08	0	2.4338318e-08
mouse_wang_liver	ENSMUST00000130645.8	Mtfr1	Overlap_uORF	start	1838	0	0	-1	A				0	6.3649651e-08	0	6.3649647e-08
mouse_wang_liver	ENSMUST00000130645.8	Mtfr1	Overlap_uORF	start	1839	0	0	-1	A				0	3.4345535e-07	0	3.4345533e-07
mouse_wang_liver	ENSMUST00000130645.8	Mtfr1	Overlap_uORF	start	1840	0	0	-1	A				0	1.038902e-07	0	1.0389019e-07
mouse_wang_liver	ENSMUST00000130645.8	Mtfr1	Overlap_uORF	start	1841	0	0	-1	A				0	2.0752136e-08	0	2.0752135e-08
mouse_wang_liver	ENSMUST00000130645.8	Mtfr1	Overlap_uORF	start	1842	0	0	-1	G				0	2.381914e-08	0	2.3819139e-08
mouse_wang_liver	ENSMUST00000130645.8	Mtfr1	Overlap_uORF	start	1843	0	0	-1	C				0	1.2911011e-07	0	1.291101e-07
mouse_wang_liver	ENSMUST00000130645.8	Mtfr1	Overlap_uORF	start	1844	0	0	-1	C				0	2.6260057e-07	0	2.6260055e-07
mouse_wang_liver	ENSMUST00000130645.8	Mtfr1	Overlap_uORF	start	1845	0	0	-1	A				0	9.2686798e-07	0	9.2686793e-07
mouse_wang_liver	ENSMUST00000130645.8	Mtfr1	Overlap_uORF	start	1846	0	0	-1	G				0	9.8895191e-07	0	9.8895185e-07
mouse_wang_liver	ENSMUST00000130645.8	Mtfr1	Overlap_uORF	start	1847	0	0	-1	A				0	4.7806628e-07	0	4.7806625e-07
mouse_wang_liver	ENSMUST00000130645.8	Mtfr1	Overlap_uORF	start	1848	0	0	-1	A				0	1.666633e-05	0	1.6666329e-05
mouse_wang_liver	ENSMUST00000130645.8	Mtfr1	Overlap_uORF	start	1849	0	0	-1	T				0	2.9684281e-06	0	2.968428e-06
mouse_wang_liver	ENSMUST00000130645.8	Mtfr1	Overlap_uORF	start	1850	0	0	-1	G				0	5.4562875e-06	0	5.4562871e-06
mouse_wang_liver	ENSMUST00000130645.8	Mtfr1	Overlap_uORF	start	1851	0	0	-1	T				0	9.5317928e-06	0	9.5317922e-06
mouse_wang_liver	ENSMUST00000130645.8	Mtfr1	Overlap_uORF	start	1852	0	0	-1	A				0	2.7271096e-06	0	2.7271095e-06
mouse_wang_liver	ENSMUST00000130645.8	Mtfr1	Overlap_uORF	start	1853	0	0	-1	T				0	3.5989781e-06	0	3.5989779e-06
mouse_wang_liver	ENSMUST00000130645.8	Mtfr1	Overlap_uORF	start	1854	0	0	-1	C				0	7.3072368e-07	0	7.3072364e-07
mouse_wang_liver	ENSMUST00000130645.8	Mtfr1	Overlap_uORF	start	1855	0	0	-1	A				0	1.5671873e-06	0	1.5671872e-06
mouse_wang_liver	ENSMUST00000130645.8	Mtfr1	Overlap_uORF	start	1856	0	0	-1	T				0	1.8065105e-06	0	1.8065103e-06
mouse_wang_liver	ENSMUST00000130645.8	Mtfr1	Overlap_uORF	start	1857	0	0	-1	C				0	2.7388933e-06	0	2.7388931e-06
mouse_wang_liver	ENSMUST00000130645.8	Mtfr1	Overlap_uORF	start	1858	0	0	-1	T				0	2.8811685e-06	0	2.8811683e-06
mouse_wang_liver	ENSMUST00000130645.8	Mtfr1	Overlap_uORF	start	1859	0	0	-1	T				0	3.0901965e-06	0	3.0901963e-06
mouse_wang_liver	ENSMUST00000130645.8	Mtfr1	Overlap_uORF	start	1860	0	0	-1	T				0	1.8669954e-06	0	1.8669953e-06
mouse_wang_liver	ENSMUST00000130645.8	Mtfr1	Overlap_uORF	start	1861	0	0	-1	C				0	2.6344603e-06	0	2.6344602e-06
mouse_wang_liver	ENSMUST00000130645.8	Mtfr1	Overlap_uORF	start	1862	0	0	-1	T				0	3.0064452e-06	0	3.0064451e-06
mouse_wang_liver	ENSMUST00000130645.8	Mtfr1	Overlap_uORF	start	1863	0	0	-1	C				0	2.547632e-06	0	2.5476318e-06
mouse_wang_liver	ENSMUST00000130645.8	Mtfr1	Overlap_uORF	start	1864	0	0	-1	A				0	2.9666564e-06	0	2.9666563e-06
mouse_wang_liver	ENSMUST00000130645.8	Mtfr1	Overlap_uORF	start	1865	0	0	-1	T				0	3.5140124e-06	0	3.5140122e-06
mouse_wang_liver	ENSMUST00000130645.8	Mtfr1	Overlap_uORF	start	1866	0	0	-1	C				0	8.7302004e-07	0	8.7301999e-07
mouse_wang_liver	ENSMUST00000130645.8	Mtfr1	Overlap_uORF	start	1867	0	0	-1	A				0	3.4894686e-07	0	3.4894683e-07
mouse_wang_liver	ENSMUST00000130645.8	Mtfr1	Overlap_uORF	start	1868	0	0	-1	G				0	4.6413791e-07	0	4.6413788e-07
mouse_wang_liver	ENSMUST00000130645.8	Mtfr1	Overlap_uORF	start	1869	0	0	-1	T				0	7.2956357e-07	0	7.2956352e-07
mouse_wang_liver	ENSMUST00000130645.8	Mtfr1	Overlap_uORF	start	1870	0	0	-1	T				0	1.6608432e-07	0	1.6608431e-07
mouse_wang_liver	ENSMUST00000130645.8	Mtfr1	Overlap_uORF	start	1871	0	0	-1	T				0	5.8694576e-07	0	5.8694572e-07
mouse_wang_liver	ENSMUST00000130645.8	Mtfr1	Overlap_uORF	start	1872	0	0	-1	A				0	2.5217337e-06	0	2.5217335e-06
mouse_wang_liver	ENSMUST00000130645.8	Mtfr1	Overlap_uORF	start	1873	0	0	-1	A				0	4.9361001e-06	0	4.9360998e-06
mouse_wang_liver	ENSMUST00000130645.8	Mtfr1	Overlap_uORF	start	1874	0	0	-1	T				0	1.0422965e-06	0	1.0422964e-06
mouse_wang_liver	ENSMUST00000130645.8	Mtfr1	Overlap_uORF	start	1875	0	0	-1	A				0	1.2761067e-05	0	1.2761067e-05
mouse_wang_liver	ENSMUST00000130645.8	Mtfr1	Overlap_uORF	start	1876	0	0	-1	A				0	2.5680051e-06	0	2.568005e-06
mouse_wang_liver	ENSMUST00000130645.8	Mtfr1	Overlap_uORF	start	1877	0	0	-1	G				0	2.3721327e-06	0	2.3721326e-06
mouse_wang_liver	ENSMUST00000130645.8	Mtfr1	Overlap_uORF	start	1878	0	0	-1	T				0	3.8030987e-06	0	3.8030985e-06
mouse_wang_liver	ENSMUST00000130645.8	Mtfr1	Overlap_uORF	start	1879	0	0	-1	G				0	2.7257536e-07	0	2.7257535e-07
mouse_wang_liver	ENSMUST00000130645.8	Mtfr1	Overlap_uORF	start	1880	0	0	-1	G				0	6.2702651e-07	0	6.2702647e-07
mouse_wang_liver	ENSMUST00000130645.8	Mtfr1	Overlap_uORF	start	1881	0	0	-1	C				0	2.5376221e-06	0	2.5376219e-06
mouse_wang_liver	ENSMUST00000130645.8	Mtfr1	Overlap_uORF	start	1882	0	0	-1	C				0	7.6227439e-06	0	7.6227434e-06
mouse_wang_liver	ENSMUST00000130645.8	Mtfr1	Overlap_uORF	start	1883	0	0	-1	C				0	2.8870763e-06	0	2.8870762e-06
mouse_wang_liver	ENSMUST00000130645.8	Mtfr1	Overlap_uORF	start	1884	0	0	-1	T				0	3.0276535e-06	0	3.0276533e-06
mouse_wang_liver	ENSMUST00000130645.8	Mtfr1	Overlap_uORF	start	1885	0	0	-1	A				0	9.4556532e-07	0	9.4556526e-07
mouse_wang_liver	ENSMUST00000130645.8	Mtfr1	Overlap_uORF	start	1886	0	0	-1	T				0	5.6966296e-06	0	5.6966293e-06
mouse_wang_liver	ENSMUST00000130645.8	Mtfr1	Overlap_uORF	start	1887	0	0	-1	A				0	8.3852892e-06	0	8.3852887e-06
mouse_wang_liver	ENSMUST00000130645.8	Mtfr1	Overlap_uORF	start	1888	0	0	-1	A				0	6.643123e-06	0	6.6431226e-06
mouse_wang_liver	ENSMUST00000130645.8	Mtfr1	Overlap_uORF	start	1889	0	0	-1	A				0	1.8569297e-05	0	1.8569296e-05
mouse_wang_liver	ENSMUST00000130645.8	Mtfr1	Overlap_uORF	start	1890	0	0	-1	G				0	2.0127758e-05	0	2.0127757e-05
mouse_wang_liver	ENSMUST00000130645.8	Mtfr1	Overlap_uORF	start	1891	0	0	-1	A				0	3.5342971e-05	0	3.5342969e-05
mouse_wang_liver	ENSMUST00000130645.8	Mtfr1	Overlap_uORF	start	1892	0	0	-1	T				0	1.568922e-06	0	1.5689219e-06
mouse_wang_liver	ENSMUST00000130645.8	Mtfr1	Overlap_uORF	start	1893	0	0	-1	G				0	6.096107e-06	0	6.0961066e-06
mouse_wang_liver	ENSMUST00000130645.8	Mtfr1	Overlap_uORF	start	1894	0	0	-1	G				0	2.4310973e-06	0	2.4310972e-06
mouse_wang_liver	ENSMUST00000130645.8	Mtfr1	Overlap_uORF	start	1895	0	0	-1	A				0	2.3811772e-05	0	2.381177e-05
mouse_wang_liver	ENSMUST00000130645.8	Mtfr1	Overlap_uORF	start	1896	0	0	-1	T				0	2.4351255e-06	0	2.4351253e-06
mouse_wang_liver	ENSMUST00000130645.8	Mtfr1	Overlap_uORF	start	1897	0	0	-1	G				0	1.8626541e-06	0	1.862654e-06
mouse_wang_liver	ENSMUST00000130645.8	Mtfr1	Overlap_uORF	start	1898	0	0	-1	A				0	3.2063258e-06	0	3.2063256e-06
mouse_wang_liver	ENSMUST00000130645.8	Mtfr1	Overlap_uORF	start	1899	0	0	-1	T				0	1.8967309e-06	0	1.8967307e-06
mouse_wang_liver	ENSMUST00000130645.8	Mtfr1	Overlap_uORF	start	1900	0	0	-1	T				0	9.9925192e-06	0	9.9925185e-06
mouse_wang_liver	ENSMUST00000130645.8	Mtfr1	Overlap_uORF	start	1901	0	0	-1	T				0	9.4670186e-06	0	9.467018e-06
mouse_wang_liver	ENSMUST00000130645.8	Mtfr1	Overlap_uORF	start	1902	0	0	-1	G				0	1.5394363e-06	0	1.5394362e-06
mouse_wang_liver	ENSMUST00000130645.8	Mtfr1	Overlap_uORF	start	1903	0	0	-1	T				0	3.0777585e-06	0	3.0777583e-06
mouse_wang_liver	ENSMUST00000130645.8	Mtfr1	Overlap_uORF	start	1904	0	0	-1	T				0	1.0625499e-06	0	1.0625499e-06
mouse_wang_liver	ENSMUST00000130645.8	Mtfr1	Overlap_uORF	start	1905	0	0	-1	G				0	1.0204438e-06	0	1.0204438e-06
mouse_wang_liver	ENSMUST00000130645.8	Mtfr1	Overlap_uORF	start	1906	0	0	-1	C				0	1.6927245e-06	0	1.6927244e-06
mouse_wang_liver	ENSMUST00000130645.8	Mtfr1	Overlap_uORF	start	1907	0	0	-1	T				0	5.6800809e-07	0	5.6800806e-07
mouse_wang_liver	ENSMUST00000130645.8	Mtfr1	Overlap_uORF	start	1908	0	0	-1	A				0	2.2823849e-06	0	2.2823848e-06
mouse_wang_liver	ENSMUST00000130645.8	Mtfr1	Overlap_uORF	start	1909	0	0	-1	A				0	1.9111603e-06	0	1.9111602e-06
mouse_wang_liver	ENSMUST00000130645.8	Mtfr1	Overlap_uORF	start	1910	0	0	-1	G				0	2.6058296e-06	0	2.6058295e-06
mouse_wang_liver	ENSMUST00000130645.8	Mtfr1	Overlap_uORF	start	1911	0	0	-1	T				0	4.2137676e-06	0	4.2137674e-06
mouse_wang_liver	ENSMUST00000130645.8	Mtfr1	Overlap_uORF	start	1912	0	0	-1	T				0	2.9985921e-07	0	2.9985919e-07
mouse_wang_liver	ENSMUST00000130645.8	Mtfr1	Overlap_uORF	start	1913	0	0	-1	A				0	1.6266915e-06	0	1.6266914e-06
mouse_wang_liver	ENSMUST00000130645.8	Mtfr1	Overlap_uORF	start	1914	0	0	-1	A				0	5.3637714e-06	0	5.363771e-06
mouse_wang_liver	ENSMUST00000130645.8	Mtfr1	Overlap_uORF	start	1915	0	0	-1	A				0	3.4156885e-06	0	3.4156883e-06
mouse_wang_liver	ENSMUST00000130645.8	Mtfr1	Overlap_uORF	start	1916	0	0	-1	A				0	2.0534599e-06	0	2.0534597e-06
mouse_wang_liver	ENSMUST00000130645.8	Mtfr1	Overlap_uORF	start	1917	0	0	-1	A				0	1.9240183e-06	0	1.9240182e-06
mouse_wang_liver	ENSMUST00000130645.8	Mtfr1	Overlap_uORF	start	1918	0	0	-1	T				0	2.5982017e-06	0	2.5982016e-06
mouse_wang_liver	ENSMUST00000130645.8	Mtfr1	Overlap_uORF	start	1919	0	0	-1	T				0	2.5435716e-07	0	2.5435715e-07
mouse_wang_liver	ENSMUST00000130645.8	Mtfr1	Overlap_uORF	start	1920	0	0	-1	G				0	4.5187019e-07	0	4.5187016e-07
mouse_wang_liver	ENSMUST00000130645.8	Mtfr1	Overlap_uORF	start	1921	0	0	-1	T				0	2.2105594e-07	0	2.2105593e-07
mouse_wang_liver	ENSMUST00000130645.8	Mtfr1	Overlap_uORF	start	1922	0	0	-1	C				0	1.386603e-07	0	1.3866029e-07
mouse_wang_liver	ENSMUST00000130645.8	Mtfr1	Overlap_uORF	start	1923	0	0	-1	T				0	4.4695088e-07	0	4.4695085e-07
mouse_wang_liver	ENSMUST00000130645.8	Mtfr1	Overlap_uORF	start	1924	0	0	-1	T				0	1.5043626e-07	0	1.5043626e-07
mouse_wang_liver	ENSMUST00000130645.8	Mtfr1	Overlap_uORF	start	1925	0	0	-1	A				0	1.2056515e-06	0	1.2056515e-06
mouse_wang_liver	ENSMUST00000130645.8	Mtfr1	Overlap_uORF	start	1926	0	0	-1	G				0	4.5727344e-07	0	4.5727342e-07
mouse_wang_liver	ENSMUST00000130645.8	Mtfr1	Overlap_uORF	start	1927	0	0	-1	T				0	6.7562712e-07	0	6.7562708e-07
mouse_wang_liver	ENSMUST00000130645.8	Mtfr1	Overlap_uORF	start	1928	0	0	-1	T				0	2.3507214e-07	0	2.3507212e-07
mouse_wang_liver	ENSMUST00000130645.8	Mtfr1	Overlap_uORF	start	1929	0	0	-1	A				0	5.4715213e-07	0	5.4715209e-07
mouse_wang_liver	ENSMUST00000130645.8	Mtfr1	Overlap_uORF	start	1930	0	0	-1	A				0	8.5468309e-07	0	8.5468304e-07
mouse_wang_liver	ENSMUST00000130645.8	Mtfr1	Overlap_uORF	start	1931	0	0	-1	G				0	1.2041025e-06	0	1.2041025e-06
mouse_wang_liver	ENSMUST00000130645.8	Mtfr1	Overlap_uORF	start	1932	0	0	-1	G				0	1.6592309e-06	0	1.6592308e-06
mouse_wang_liver	ENSMUST00000130645.8	Mtfr1	Overlap_uORF	start	1933	0	0	-1	T				0	3.2303868e-07	0	3.2303866e-07
mouse_wang_liver	ENSMUST00000130645.8	Mtfr1	Overlap_uORF	start	1934	0	0	-1	T				0	3.8798967e-07	0	3.8798965e-07
mouse_wang_liver	ENSMUST00000130645.8	Mtfr1	Overlap_uORF	start	1935	0	0	-1	A				0	4.733376e-06	0	4.7333758e-06
mouse_wang_liver	ENSMUST00000130645.8	Mtfr1	Overlap_uORF	start	1936	0	0	-1	C				0	1.5910806e-06	0	1.5910805e-06
mouse_wang_liver	ENSMUST00000130645.8	Mtfr1	Overlap_uORF	start	1937	0	0	-1	C				0	2.3794271e-05	0	2.379427e-05
mouse_wang_liver	ENSMUST00000130645.8	Mtfr1	Overlap_uORF	start	1938	0	0	-1	A				0	8.2833278e-05	0	8.2833273e-05
mouse_wang_liver	ENSMUST00000130645.8	Mtfr1	Overlap_uORF	start	1939	0	0	-1	T				0	5.9042122e-06	0	5.9042119e-06
mouse_wang_liver	ENSMUST00000130645.8	Mtfr1	Overlap_uORF	start	1940	0	0	-1	C				0	1.1231394e-06	0	1.1231394e-06
mouse_wang_liver	ENSMUST00000130645.8	Mtfr1	Overlap_uORF	start	1941	0	0	-1	A				0	6.8479935e-06	0	6.8479931e-06
mouse_wang_liver	ENSMUST00000130645.8	Mtfr1	Overlap_uORF	start	1942	0	0	-1	C				0	5.9912222e-06	0	5.9912219e-06
mouse_wang_liver	ENSMUST00000130645.8	Mtfr1	Overlap_uORF	start	1943	0	0	-1	T				0	1.8901201e-06	0	1.89012e-06
mouse_wang_liver	ENSMUST00000130645.8	Mtfr1	Overlap_uORF	start	1944	0	0	-1	G				0	1.7556378e-05	0	1.7556377e-05
mouse_wang_liver	ENSMUST00000130645.8	Mtfr1	Overlap_uORF	start	1945	0	0	-1	T				0	1.7801602e-05	0	1.7801601e-05
mouse_wang_liver	ENSMUST00000130645.8	Mtfr1	Overlap_uORF	start	1946	0	0	-1	G				0	1.1361527e-05	0	1.1361526e-05
mouse_wang_liver	ENSMUST00000130645.8	Mtfr1	Overlap_uORF	start	1947	0	0	-1	A				0	3.2147964e-05	0	3.2147962e-05
mouse_wang_liver	ENSMUST00000130645.8	Mtfr1	Overlap_uORF	start	1948	0	0	-1	T				0	6.5513359e-06	0	6.5513355e-06
mouse_wang_liver	ENSMUST00000130645.8	Mtfr1	Overlap_uORF	start	1949	0	0	-1	G				0	1.1780642e-06	0	1.1780641e-06
mouse_wang_liver	ENSMUST00000130645.8	Mtfr1	Overlap_uORF	start	1950	0	0	-1	A				0	1.6748229e-05	0	1.6748227e-05
mouse_wang_liver	ENSMUST00000130645.8	Mtfr1	Overlap_uORF	start	1951	0	0	-1	A				0	6.8992358e-06	0	6.8992354e-06
mouse_wang_liver	ENSMUST00000130645.8	Mtfr1	Overlap_uORF	start	1952	0	0	-1	A				0	5.4837792e-06	0	5.4837789e-06
mouse_wang_liver	ENSMUST00000130645.8	Mtfr1	Overlap_uORF	start	1953	0	0	-1	C				0	3.0992382e-05	0	3.099238e-05
mouse_wang_liver	ENSMUST00000130645.8	Mtfr1	Overlap_uORF	start	1954	0	0	-1	A				0	3.5722037e-06	0	3.5722035e-06
mouse_wang_liver	ENSMUST00000130645.8	Mtfr1	Overlap_uORF	start	1955	0	0	-1	C				0	3.1833104e-06	0	3.1833102e-06
mouse_wang_liver	ENSMUST00000130645.8	Mtfr1	Overlap_uORF	start	1956	0	0	-1	C				0	2.7080632e-06	0	2.7080631e-06
mouse_wang_liver	ENSMUST00000130645.8	Mtfr1	Overlap_uORF	start	1957	0	0	-1	A				0	1.2967552e-05	0	1.2967551e-05
mouse_wang_liver	ENSMUST00000130645.8	Mtfr1	Overlap_uORF	start	1958	0	0	-1	T				0	4.3589771e-06	0	4.3589768e-06
mouse_wang_liver	ENSMUST00000130645.8	Mtfr1	Overlap_uORF	start	1959	0	0	-1	G				0	2.2499287e-06	0	2.2499285e-06
mouse_wang_liver	ENSMUST00000130645.8	Mtfr1	Overlap_uORF	start	1960	0	0	-1	G				0	4.2060592e-06	0	4.2060589e-06
mouse_wang_liver	ENSMUST00000130645.8	Mtfr1	Overlap_uORF	start	1961	0	0	-1	C				0	1.3792339e-06	0	1.3792339e-06
mouse_wang_liver	ENSMUST00000130645.8	Mtfr1	Overlap_uORF	start	1962	0	0	-1	C				0	8.695697e-06	0	8.6956965e-06
mouse_wang_liver	ENSMUST00000130645.8	Mtfr1	Overlap_uORF	start	1963	0	0	-1	A				0	6.6608795e-06	0	6.6608791e-06
mouse_wang_liver	ENSMUST00000130645.8	Mtfr1	Overlap_uORF	start	1964	0	0	-1	G				0	5.4106877e-06	0	5.4106873e-06
mouse_wang_liver	ENSMUST00000130645.8	Mtfr1	Overlap_uORF	start	1965	0	0	-1	A				0	3.2075491e-06	0	3.2075489e-06
mouse_wang_liver	ENSMUST00000130645.8	Mtfr1	Overlap_uORF	start	1966	0	0	-1	A				0	6.2584809e-06	0	6.2584805e-06
mouse_wang_liver	ENSMUST00000130645.8	Mtfr1	Overlap_uORF	start	1967	0	0	-1	G				0	2.6522728e-06	0	2.6522726e-06
mouse_wang_liver	ENSMUST00000130645.8	Mtfr1	Overlap_uORF	start	1968	0	0	-1	C				0	7.176342e-06	0	7.1763416e-06
mouse_wang_liver	ENSMUST00000130645.8	Mtfr1	Overlap_uORF	start	1969	0	0	-1	A				0	1.0687478e-05	0	1.0687477e-05
mouse_wang_liver	ENSMUST00000130645.8	Mtfr1	Overlap_uORF	start	1970	0	0	-1	C				0	8.1566368e-06	0	8.1566363e-06
mouse_wang_liver	ENSMUST00000130645.8	Mtfr1	Overlap_uORF	start	1971	0	0	-1	C				0	1.0671869e-06	0	1.0671868e-06
mouse_wang_liver	ENSMUST00000130645.8	Mtfr1	Overlap_uORF	start	1972	0	0	-1	T				0	7.333374e-07	0	7.3333736e-07
mouse_wang_liver	ENSMUST00000130645.8	Mtfr1	Overlap_uORF	start	1973	0	0	-1	T				0	1.9675801e-06	0	1.96758e-06
mouse_wang_liver	ENSMUST00000130645.8	Mtfr1	Overlap_uORF	start	1974	0	0	-1	G				0	2.5743363e-06	0	2.5743362e-06
mouse_wang_liver	ENSMUST00000130645.8	Mtfr1	Overlap_uORF	start	1975	0	0	-1	G				0	4.3285192e-07	0	4.3285189e-07
mouse_wang_liver	ENSMUST00000130645.8	Mtfr1	Overlap_uORF	start	1976	0	0	-1	G				0	5.6659491e-07	0	5.6659487e-07
mouse_wang_liver	ENSMUST00000130645.8	Mtfr1	Overlap_uORF	start	1977	0	0	-1	G				0	1.3478752e-06	0	1.3478752e-06
mouse_wang_liver	ENSMUST00000130645.8	Mtfr1	Overlap_uORF	start	1978	0	0	-1	G				0	2.9465496e-06	0	2.9465494e-06
mouse_wang_liver	ENSMUST00000130645.8	Mtfr1	Overlap_uORF	start	1979	0	0	-1	A				0	5.894218e-07	0	5.8942177e-07
mouse_wang_liver	ENSMUST00000130645.8	Mtfr1	Overlap_uORF	start	1980	0	0	-1	G				0	3.9078832e-06	0	3.9078829e-06
mouse_wang_liver	ENSMUST00000130645.8	Mtfr1	Overlap_uORF	start	1981	0	0	-1	G				0	8.4007655e-07	0	8.400765e-07
mouse_wang_liver	ENSMUST00000130645.8	Mtfr1	Overlap_uORF	start	1982	0	0	-1	A				0	1.9933836e-06	0	1.9933835e-06
mouse_wang_liver	ENSMUST00000130645.8	Mtfr1	Overlap_uORF	start	1983	0	0	-1	A				0	2.4124543e-06	0	2.4124541e-06
mouse_wang_liver	ENSMUST00000130645.8	Mtfr1	Overlap_uORF	start	1984	0	0	-1	A				0	3.0317999e-06	0	3.0317997e-06
mouse_wang_liver	ENSMUST00000130645.8	Mtfr1	Overlap_uORF	start	1985	0	0	-1	T				0	4.1707787e-07	0	4.1707785e-07
mouse_wang_liver	ENSMUST00000130645.8	Mtfr1	Overlap_uORF	start	1986	0	0	-1	G				0	1.0894449e-06	0	1.0894449e-06
mouse_wang_liver	ENSMUST00000130645.8	Mtfr1	Overlap_uORF	start	1987	0	0	-1	G				0	1.8344725e-06	0	1.8344724e-06
mouse_wang_liver	ENSMUST00000130645.8	Mtfr1	Overlap_uORF	start	1988	0	0	-1	T				0	3.2124656e-06	0	3.2124654e-06
mouse_wang_liver	ENSMUST00000130645.8	Mtfr1	Overlap_uORF	start	1989	0	0	-1	T				0	8.0898928e-07	0	8.0898923e-07
mouse_wang_liver	ENSMUST00000130645.8	Mtfr1	Overlap_uORF	start	1990	0	0	-1	T				0	3.5758778e-06	0	3.5758776e-06
mouse_wang_liver	ENSMUST00000130645.8	Mtfr1	Overlap_uORF	start	1991	0	0	-1	A				0	4.4163107e-06	0	4.4163105e-06
mouse_wang_liver	ENSMUST00000130645.8	Mtfr1	Overlap_uORF	start	1992	0	0	-1	T				0	1.4590499e-06	0	1.4590499e-06
mouse_wang_liver	ENSMUST00000130645.8	Mtfr1	Overlap_uORF	start	1993	0	0	-1	G				0	4.6273246e-07	0	4.6273243e-07
mouse_wang_liver	ENSMUST00000130645.8	Mtfr1	Overlap_uORF	start	1994	0	0	-1	T				0	1.7322947e-06	0	1.7322946e-06
mouse_wang_liver	ENSMUST00000130645.8	Mtfr1	Overlap_uORF	start	1995	0	0	-1	C				0	4.434325e-07	0	4.4343247e-07
mouse_wang_liver	ENSMUST00000130645.8	Mtfr1	Overlap_uORF	start	1996	0	0	-1	A				0	3.3138218e-07	0	3.3138216e-07
mouse_wang_liver	ENSMUST00000130645.8	Mtfr1	Overlap_uORF	start	1997	0	0	-1	C				0	2.3017187e-06	0	2.3017186e-06
mouse_wang_liver	ENSMUST00000130645.8	Mtfr1	Overlap_uORF	start	1998	0	0	-1	T				0	2.5555355e-06	0	2.5555353e-06
mouse_wang_liver	ENSMUST00000130645.8	Mtfr1	Overlap_uORF	start	1999	0	0	-1	C				0	5.6212878e-07	0	5.6212874e-07
mouse_wang_liver	ENSMUST00000130645.8	Mtfr1	Overlap_uORF	start	2000	0	0	-1	A				0	2.3180176e-06	0	2.3180174e-06
mouse_wang_liver	ENSMUST00000130645.8	Mtfr1	Overlap_uORF	start	2001	0	0	-1	C				0	1.5676567e-06	0	1.5676566e-06
mouse_wang_liver	ENSMUST00000130645.8	Mtfr1	Overlap_uORF	start	2002	0	0	-1	A				0	8.1103565e-07	0	8.110356e-07
mouse_wang_liver	ENSMUST00000130645.8	Mtfr1	Overlap_uORF	start	2003	0	0	-1	G				0	4.811503e-06	0	4.8115027e-06
mouse_wang_liver	ENSMUST00000130645.8	Mtfr1	Overlap_uORF	start	2004	0	0	-1	T				0	1.6130647e-06	0	1.6130646e-06
mouse_wang_liver	ENSMUST00000130645.8	Mtfr1	Overlap_uORF	start	2005	0	0	-1	G				0	4.4837871e-06	0	4.4837868e-06
mouse_wang_liver	ENSMUST00000130645.8	Mtfr1	Overlap_uORF	start	2006	0	0	-1	C				0	6.1998327e-07	0	6.1998323e-07
mouse_wang_liver	ENSMUST00000130645.8	Mtfr1	Overlap_uORF	start	2007	0	0	-1	C				0	7.5432496e-07	0	7.5432491e-07
mouse_wang_liver	ENSMUST00000130645.8	Mtfr1	Overlap_uORF	start	2008	0	0	-1	A				0	2.2173801e-06	0	2.21738e-06
mouse_wang_liver	ENSMUST00000130645.8	Mtfr1	Overlap_uORF	start	2009	0	0	-1	T				0	5.0392773e-06	0	5.039277e-06
mouse_wang_liver	ENSMUST00000130645.8	Mtfr1	Overlap_uORF	start	2010	0	0	-1	A				1	6.7973366e-07	0.00056497175	6.7973362e-07
mouse_wang_liver	ENSMUST00000130645.8	Mtfr1	Overlap_uORF	start	2011	0	0	-1	T				0	3.5798067e-07	0	3.5798065e-07
mouse_wang_liver	ENSMUST00000130645.8	Mtfr1	Overlap_uORF	start	2012	0	0	-1	A				0	9.9180431e-07	0	9.9180425e-07
mouse_wang_liver	ENSMUST00000130645.8	Mtfr1	Overlap_uORF	start	2013	0	0	-1	G				0	7.9786639e-07	0	7.9786634e-07
mouse_wang_liver	ENSMUST00000130645.8	Mtfr1	Overlap_uORF	start	2014	0	0	-1	C				0	3.7703301e-06	0	3.7703298e-06
mouse_wang_liver	ENSMUST00000130645.8	Mtfr1	Overlap_uORF	start	2015	0	0	-1	A				0	2.9324237e-06	0	2.9324236e-06
mouse_wang_liver	ENSMUST00000130645.8	Mtfr1	Overlap_uORF	start	2016	0	0	-1	G				0	2.4673286e-06	0	2.4673285e-06
mouse_wang_liver	ENSMUST00000130645.8	Mtfr1	Overlap_uORF	start	2017	0	0	-1	T				0	4.5956602e-07	0	4.59566e-07
mouse_wang_liver	ENSMUST00000130645.8	Mtfr1	Overlap_uORF	start	2018	0	0	-1	T				0	4.6489808e-07	0	4.6489805e-07
mouse_wang_liver	ENSMUST00000130645.8	Mtfr1	Overlap_uORF	start	2019	0	0	-1	C				0	6.3059275e-07	0	6.3059271e-07
mouse_wang_liver	ENSMUST00000130645.8	Mtfr1	Overlap_uORF	start	2020	0	0	-1	T				0	1.3594577e-06	0	1.3594576e-06
mouse_wang_liver	ENSMUST00000130645.8	Mtfr1	Overlap_uORF	start	2021	0	0	-1	T				0	8.2647841e-07	0	8.2647836e-07
mouse_wang_liver	ENSMUST00000130645.8	Mtfr1	Overlap_uORF	start	2022	0	0	-1	C				0	2.1648541e-06	0	2.164854e-06
mouse_wang_liver	ENSMUST00000130645.8	Mtfr1	Overlap_uORF	start	2023	0	0	-1	A				0	4.1791259e-06	0	4.1791256e-06
mouse_wang_liver	ENSMUST00000130645.8	Mtfr1	Overlap_uORF	start	2024	0	0	-1	T				0	3.8651074e-06	0	3.8651071e-06
mouse_wang_liver	ENSMUST00000130645.8	Mtfr1	Overlap_uORF	start	2025	0	0	-1	C				0	6.4730289e-06	0	6.4730285e-06
mouse_wang_liver	ENSMUST00000130645.8	Mtfr1	Overlap_uORF	start	2026	0	0	-1	A				0	4.2909433e-06	0	4.290943e-06
mouse_wang_liver	ENSMUST00000130645.8	Mtfr1	Overlap_uORF	start	2027	0	0	-1	C				0	6.200693e-06	0	6.2006926e-06
mouse_wang_liver	ENSMUST00000130645.8	Mtfr1	Overlap_uORF	start	2028	0	0	-1	A				0	2.4242408e-05	0	2.4242407e-05
mouse_wang_liver	ENSMUST00000130645.8	Mtfr1	Overlap_uORF	start	2029	0	0	-1	A				0	4.7837302e-06	0	4.7837299e-06
mouse_wang_liver	ENSMUST00000130645.8	Mtfr1	Overlap_uORF	start	2030	0	0	-1	G				0	4.4172543e-06	0	4.4172541e-06
mouse_wang_liver	ENSMUST00000130645.8	Mtfr1	Overlap_uORF	start	2031	0	0	-1	C				0	4.7280726e-05	0	4.7280723e-05
mouse_wang_liver	ENSMUST00000130645.8	Mtfr1	Overlap_uORF	start	2032	0	0	-1	A				0	1.8642562e-05	0	1.8642561e-05
mouse_wang_liver	ENSMUST00000130645.8	Mtfr1	Overlap_uORF	start	2033	0	0	-1	T				0	1.4314865e-05	0	1.4314865e-05
mouse_wang_liver	ENSMUST00000130645.8	Mtfr1	Overlap_uORF	start	2034	0	0	-1	T				0	1.587565e-05	0	1.5875649e-05
mouse_wang_liver	ENSMUST00000130645.8	Mtfr1	Overlap_uORF	start	2035	0	0	-1	G				0	8.5550882e-06	0	8.5550877e-06
mouse_wang_liver	ENSMUST00000130645.8	Mtfr1	Overlap_uORF	start	2036	0	0	-1	A				0	6.7142796e-06	0	6.7142792e-06
mouse_wang_liver	ENSMUST00000130645.8	Mtfr1	Overlap_uORF	start	2037	0	0	-1	G				0	1.190479e-05	0	1.1904789e-05
mouse_wang_liver	ENSMUST00000130645.8	Mtfr1	Overlap_uORF	start	2038	0	0	-1	G				0	1.6220622e-05	0	1.6220621e-05
mouse_wang_liver	ENSMUST00000130645.8	Mtfr1	Overlap_uORF	start	2039	0	0	-1	G				0	4.3785926e-06	0	4.3785924e-06
mouse_wang_liver	ENSMUST00000130645.8	Mtfr1	Overlap_uORF	start	2040	0	0	-1	C				0	3.3699212e-06	0	3.369921e-06
mouse_wang_liver	ENSMUST00000130645.8	Mtfr1	Overlap_uORF	start	2041	0	0	-1	A				0	2.8108641e-06	0	2.8108639e-06
mouse_wang_liver	ENSMUST00000130645.8	Mtfr1	Overlap_uORF	start	2042	0	0	-1	G				0	1.2863993e-06	0	1.2863992e-06
mouse_wang_liver	ENSMUST00000130645.8	Mtfr1	Overlap_uORF	start	2043	0	0	-1	G				0	2.1650812e-06	0	2.1650811e-06
mouse_wang_liver	ENSMUST00000130645.8	Mtfr1	Overlap_uORF	start	2044	0	0	-1	G				0	2.4402168e-06	0	2.4402167e-06
mouse_wang_liver	ENSMUST00000130645.8	Mtfr1	Overlap_uORF	start	2045	0	0	-1	A				0	1.922516e-06	0	1.9225159e-06
mouse_wang_liver	ENSMUST00000130645.8	Mtfr1	Overlap_uORF	start	2046	0	0	-1	C				0	3.3700962e-07	0	3.370096e-07
mouse_wang_liver	ENSMUST00000130645.8	Mtfr1	Overlap_uORF	start	2047	0	0	-1	T				0	3.6245754e-07	0	3.6245752e-07
mouse_wang_liver	ENSMUST00000130645.8	Mtfr1	Overlap_uORF	start	2048	0	0	-1	A				0	1.2895463e-06	0	1.2895462e-06
mouse_wang_liver	ENSMUST00000130645.8	Mtfr1	Overlap_uORF	start	2049	0	0	-1	A				0	6.4287315e-07	0	6.4287311e-07
mouse_wang_liver	ENSMUST00000130645.8	Mtfr1	Overlap_uORF	start	2050	0	0	-1	G				0	7.3731076e-07	0	7.3731071e-07
mouse_wang_liver	ENSMUST00000130645.8	Mtfr1	Overlap_uORF	start	2051	0	0	-1	C				0	9.3161356e-07	0	9.316135e-07
mouse_wang_liver	ENSMUST00000130645.8	Mtfr1	Overlap_uORF	start	2052	0	0	-1	A				0	2.2741935e-06	0	2.2741934e-06
mouse_wang_liver	ENSMUST00000130645.8	Mtfr1	Overlap_uORF	start	2053	0	0	-1	G				0	8.9026225e-06	0	8.902622e-06
mouse_wang_liver	ENSMUST00000130645.8	Mtfr1	Overlap_uORF	start	2054	0	0	-1	G				0	1.7210182e-06	0	1.7210181e-06
mouse_wang_liver	ENSMUST00000130645.8	Mtfr1	Overlap_uORF	start	2055	0	0	-1	G				0	1.2667792e-06	0	1.2667792e-06
mouse_wang_liver	ENSMUST00000130645.8	Mtfr1	Overlap_uORF	start	2056	0	0	-1	C				0	1.69981e-06	0	1.6998099e-06
mouse_wang_liver	ENSMUST00000130645.8	Mtfr1	Overlap_uORF	start	2057	0	0	-1	A				0	4.6097352e-06	0	4.609735e-06
mouse_wang_liver	ENSMUST00000130645.8	Mtfr1	Overlap_uORF	start	2058	0	0	-1	G				0	1.0993062e-05	0	1.0993061e-05
mouse_wang_liver	ENSMUST00000130645.8	Mtfr1	Overlap_uORF	start	2059	0	0	-1	G				0	5.7369953e-06	0	5.7369949e-06
mouse_wang_liver	ENSMUST00000130645.8	Mtfr1	Overlap_uORF	start	2060	0	0	-1	G				0	5.5193459e-06	0	5.5193456e-06
mouse_wang_liver	ENSMUST00000130645.8	Mtfr1	Overlap_uORF	start	2061	0	0	-1	C				0	1.6631916e-06	0	1.6631915e-06
mouse_wang_liver	ENSMUST00000130645.8	Mtfr1	Overlap_uORF	start	2062	0	0	-1	C				0	1.6534416e-06	0	1.6534415e-06
mouse_wang_liver	ENSMUST00000130645.8	Mtfr1	Overlap_uORF	start	2063	0	0	-1	C				0	8.4535313e-06	0	8.4535308e-06
mouse_wang_liver	ENSMUST00000130645.8	Mtfr1	Overlap_uORF	start	2064	0	0	-1	T				0	1.2183165e-05	0	1.2183165e-05
mouse_wang_liver	ENSMUST00000130645.8	Mtfr1	Overlap_uORF	start	2065	0	0	-1	G				0	3.9751062e-06	0	3.975106e-06
mouse_wang_liver	ENSMUST00000130645.8	Mtfr1	Overlap_uORF	start	2066	0	0	-1	G				0	1.9505821e-06	0	1.950582e-06
mouse_wang_liver	ENSMUST00000130645.8	Mtfr1	Overlap_uORF	start	2067	0	0	-1	A				0	5.3333014e-07	0	5.333301e-07
mouse_wang_liver	ENSMUST00000130645.8	Mtfr1	Overlap_uORF	start	2068	0	0	-1	G				0	9.061348e-07	0	9.0613475e-07
mouse_wang_liver	ENSMUST00000130645.8	Mtfr1	Overlap_uORF	start	2069	0	0	-1	C				0	3.6453107e-06	0	3.6453105e-06
mouse_wang_liver	ENSMUST00000130645.8	Mtfr1	Overlap_uORF	start	2070	0	0	-1	C				0	2.6571538e-06	0	2.6571536e-06
mouse_wang_liver	ENSMUST00000130645.8	Mtfr1	Overlap_uORF	start	2071	0	0	-1	A				0	3.1599325e-06	0	3.1599323e-06
mouse_wang_liver	ENSMUST00000130645.8	Mtfr1	Overlap_uORF	start	2072	0	0	-1	G				0	2.8711964e-05	0	2.8711962e-05
mouse_wang_liver	ENSMUST00000130645.8	Mtfr1	Overlap_uORF	start	2073	0	0	-1	G				0	5.6993899e-06	0	5.6993896e-06
mouse_wang_liver	ENSMUST00000130645.8	Mtfr1	Overlap_uORF	start	2074	0	0	-1	A				0	1.4712004e-06	0	1.4712004e-06
mouse_wang_liver	ENSMUST00000130645.8	Mtfr1	Overlap_uORF	start	2075	0	0	-1	G				0	4.4906428e-06	0	4.4906425e-06
mouse_wang_liver	ENSMUST00000130645.8	Mtfr1	Overlap_uORF	start	2076	0	0	-1	C				0	3.6630138e-06	0	3.6630136e-06
mouse_wang_liver	ENSMUST00000130645.8	Mtfr1	Overlap_uORF	start	2077	0	0	-1	T				0	2.1148423e-06	0	2.1148422e-06
mouse_wang_liver	ENSMUST00000130645.8	Mtfr1	Overlap_uORF	start	2078	0	0	-1	G				0	5.2665314e-06	0	5.2665311e-06
mouse_wang_liver	ENSMUST00000130645.8	Mtfr1	Overlap_uORF	start	2079	0	0	-1	A				0	1.1378573e-05	0	1.1378572e-05
mouse_wang_liver	ENSMUST00000130645.8	Mtfr1	Overlap_uORF	start	2080	0	0	-1	T				0	5.2634556e-07	0	5.2634553e-07
mouse_wang_liver	ENSMUST00000130645.8	Mtfr1	Overlap_uORF	start	2081	0	0	-1	G				0	4.6964824e-06	0	4.6964821e-06
mouse_wang_liver	ENSMUST00000130645.8	Mtfr1	Overlap_uORF	start	2082	0	0	-1	C				0	7.0835408e-06	0	7.0835404e-06
mouse_wang_liver	ENSMUST00000130645.8	Mtfr1	Overlap_uORF	start	2083	0	0	-1	A				0	6.5760928e-06	0	6.5760924e-06
mouse_wang_liver	ENSMUST00000130645.8	Mtfr1	Overlap_uORF	start	2084	0	0	-1	G				0	6.4372961e-07	0	6.4372957e-07
mouse_wang_liver	ENSMUST00000130645.8	Mtfr1	Overlap_uORF	start	2085	0	0	-1	A				0	3.1123636e-06	0	3.1123634e-06
mouse_wang_liver	ENSMUST00000130645.8	Mtfr1	Overlap_uORF	start	2086	0	0	-1	G				0	1.6454899e-06	0	1.6454898e-06
mouse_wang_liver	ENSMUST00000130645.8	Mtfr1	Overlap_uORF	start	2087	0	0	-1	G				0	2.0507455e-06	0	2.0507454e-06
mouse_wang_liver	ENSMUST00000130645.8	Mtfr1	Overlap_uORF	start	2088	0	0	-1	C				0	8.1367325e-06	0	8.136732e-06
mouse_wang_liver	ENSMUST00000130645.8	Mtfr1	Overlap_uORF	start	2089	0	0	-1	C				0	2.6387447e-06	0	2.6387446e-06
mouse_wang_liver	ENSMUST00000130645.8	Mtfr1	Overlap_uORF	start	2090	0	0	-1	A				0	1.180073e-05	0	1.1800729e-05
mouse_wang_liver	ENSMUST00000130645.8	Mtfr1	Overlap_uORF	start	2091	0	0	-1	T				0	6.9259081e-06	0	6.9259077e-06
mouse_wang_liver	ENSMUST00000130645.8	Mtfr1	Overlap_uORF	start	2092	0	0	-1	G				0	2.7060239e-06	0	2.7060237e-06
mouse_wang_liver	ENSMUST00000130645.8	Mtfr1	Overlap_uORF	start	2093	0	0	-1	G				0	5.9231473e-07	0	5.923147e-07
mouse_wang_liver	ENSMUST00000130645.8	Mtfr1	Overlap_uORF	start	2094	0	0	-1	A				0	4.715444e-06	0	4.7154437e-06
mouse_wang_liver	ENSMUST00000130645.8	Mtfr1	Overlap_uORF	start	2095	0	0	-1	G				0	2.1067701e-06	0	2.10677e-06
mouse_wang_liver	ENSMUST00000130645.8	Mtfr1	Overlap_uORF	start	2096	0	0	-1	G				0	1.4436201e-06	0	1.44362e-06
mouse_wang_liver	ENSMUST00000130645.8	Mtfr1	Overlap_uORF	start	2097	0	0	-1	C				0	7.5870707e-07	0	7.5870703e-07
mouse_wang_liver	ENSMUST00000130645.8	Mtfr1	Overlap_uORF	start	2098	0	0	-1	T				0	1.1192793e-06	0	1.1192792e-06
mouse_wang_liver	ENSMUST00000130645.8	Mtfr1	Overlap_uORF	start	2099	0	0	-1	G				0	3.7233567e-06	0	3.7233565e-06
mouse_wang_liver	ENSMUST00000130645.8	Mtfr1	Overlap_uORF	start	2100	0	0	-1	C				0	3.3555252e-06	0	3.355525e-06
mouse_wang_liver	ENSMUST00000130645.8	Mtfr1	Overlap_uORF	start	2101	0	0	-1	T				0	1.4698961e-06	0	1.469896e-06
mouse_wang_liver	ENSMUST00000130645.8	Mtfr1	Overlap_uORF	start	2102	0	0	-1	G				0	4.0550467e-06	0	4.0550465e-06
mouse_wang_liver	ENSMUST00000130645.8	Mtfr1	Overlap_uORF	start	2103	0	0	-1	C				0	2.8294107e-06	0	2.8294106e-06
mouse_wang_liver	ENSMUST00000130645.8	Mtfr1	Overlap_uORF	start	2104	0	0	-1	T				0	5.2162386e-07	0	5.2162383e-07
mouse_wang_liver	ENSMUST00000130645.8	Mtfr1	Overlap_uORF	start	2105	0	0	-1	T				0	1.5094853e-06	0	1.5094852e-06
mouse_wang_liver	ENSMUST00000130645.8	Mtfr1	Overlap_uORF	start	2106	0	0	-1	A				0	1.8241204e-06	0	1.8241203e-06
mouse_wang_liver	ENSMUST00000130645.8	Mtfr1	Overlap_uORF	start	2107	0	0	-1	C				0	9.6726899e-07	0	9.6726893e-07
mouse_wang_liver	ENSMUST00000130645.8	Mtfr1	Overlap_uORF	start	2108	0	0	-1	T				0	7.2561438e-06	0	7.2561434e-06
mouse_wang_liver	ENSMUST00000130645.8	Mtfr1	Overlap_uORF	start	2109	0	0	-1	G				0	6.9512648e-06	0	6.9512644e-06
mouse_wang_liver	ENSMUST00000130645.8	Mtfr1	Overlap_uORF	start	2110	0	0	-1	G				0	3.3161666e-06	0	3.3161664e-06
mouse_wang_liver	ENSMUST00000130645.8	Mtfr1	Overlap_uORF	start	2111	0	0	-1	C				0	2.7468636e-06	0	2.7468635e-06
mouse_wang_liver	ENSMUST00000130645.8	Mtfr1	Overlap_uORF	start	2112	0	0	-1	T				0	2.0766292e-06	0	2.0766291e-06
mouse_wang_liver	ENSMUST00000130645.8	Mtfr1	Overlap_uORF	start	2113	0	0	-1	T				0	1.5823382e-05	0	1.5823381e-05
mouse_wang_liver	ENSMUST00000130645.8	Mtfr1	Overlap_uORF	start	2114	0	0	-1	G				0	7.7633022e-06	0	7.7633017e-06
mouse_wang_liver	ENSMUST00000130645.8	Mtfr1	Overlap_uORF	start	2115	0	0	-1	C				0	2.3381141e-05	0	2.3381139e-05
mouse_wang_liver	ENSMUST00000130645.8	Mtfr1	Overlap_uORF	start	2116	0	0	-1	T				0	7.6266479e-06	0	7.6266474e-06
mouse_wang_liver	ENSMUST00000130645.8	Mtfr1	Overlap_uORF	start	2117	0	0	-1	T				0	4.4415351e-06	0	4.4415348e-06
mouse_wang_liver	ENSMUST00000130645.8	Mtfr1	Overlap_uORF	start	2118	0	0	-1	C				0	4.5083475e-06	0	4.5083472e-06
mouse_wang_liver	ENSMUST00000130645.8	Mtfr1	Overlap_uORF	start	2119	0	0	-1	C				0	3.8629114e-06	0	3.8629112e-06
mouse_wang_liver	ENSMUST00000130645.8	Mtfr1	Overlap_uORF	start	2120	0	0	-1	T				0	9.2044511e-06	0	9.2044505e-06
mouse_wang_liver	ENSMUST00000130645.8	Mtfr1	Overlap_uORF	start	2121	0	0	-1	A				0	7.0791179e-06	0	7.0791175e-06
mouse_wang_liver	ENSMUST00000130645.8	Mtfr1	Overlap_uORF	start	2122	0	0	-1	T				0	1.4707233e-06	0	1.4707232e-06
mouse_wang_liver	ENSMUST00000130645.8	Mtfr1	Overlap_uORF	start	2123	0	0	-1	G				0	1.7616597e-06	0	1.7616596e-06
mouse_wang_liver	ENSMUST00000130645.8	Mtfr1	Overlap_uORF	start	2124	0	0	-1	G				0	1.9309464e-06	0	1.9309463e-06
mouse_wang_liver	ENSMUST00000130645.8	Mtfr1	Overlap_uORF	start	2125	0	0	-1	C				0	2.330964e-06	0	2.3309638e-06
mouse_wang_liver	ENSMUST00000130645.8	Mtfr1	Overlap_uORF	start	2126	0	0	-1	C				0	5.3000349e-07	0	5.3000346e-07
mouse_wang_liver	ENSMUST00000130645.8	Mtfr1	Overlap_uORF	start	2127	0	0	-1	T				0	2.6592531e-06	0	2.659253e-06
mouse_wang_liver	ENSMUST00000130645.8	Mtfr1	Overlap_uORF	start	2128	0	0	-1	G				0	1.1661662e-06	0	1.1661661e-06
mouse_wang_liver	ENSMUST00000130645.8	Mtfr1	Overlap_uORF	start	2129	0	0	-1	C				0	1.0771192e-06	0	1.0771192e-06
mouse_wang_liver	ENSMUST00000130645.8	Mtfr1	Overlap_uORF	start	2130	0	0	-1	T				0	2.9592516e-07	0	2.9592514e-07
mouse_wang_liver	ENSMUST00000130645.8	Mtfr1	Overlap_uORF	start	2131	0	0	-1	C				0	5.387289e-07	0	5.3872886e-07
mouse_wang_liver	ENSMUST00000130645.8	Mtfr1	Overlap_uORF	start	2132	0	0	-1	A				0	2.5680984e-06	0	2.5680982e-06
mouse_wang_liver	ENSMUST00000130645.8	Mtfr1	Overlap_uORF	start	2133	0	0	-1	G				0	2.357024e-06	0	2.3570238e-06
mouse_wang_liver	ENSMUST00000130645.8	Mtfr1	Overlap_uORF	start	2134	0	0	-1	C				0	1.4387601e-06	0	1.43876e-06
mouse_wang_liver	ENSMUST00000130645.8	Mtfr1	Overlap_uORF	start	2135	0	0	-1	C				0	2.7119584e-06	0	2.7119582e-06
mouse_wang_liver	ENSMUST00000130645.8	Mtfr1	Overlap_uORF	start	2136	0	0	-1	T				0	1.5877854e-06	0	1.5877853e-06
mouse_wang_liver	ENSMUST00000130645.8	Mtfr1	Overlap_uORF	start	2137	0	0	-1	G				0	5.7853999e-06	0	5.7853996e-06
mouse_wang_liver	ENSMUST00000130645.8	Mtfr1	Overlap_uORF	start	2138	0	0	-1	C				0	1.8091276e-06	0	1.8091275e-06
mouse_wang_liver	ENSMUST00000130645.8	Mtfr1	Overlap_uORF	start	2139	0	0	-1	T				0	5.7541843e-06	0	5.7541839e-06
mouse_wang_liver	ENSMUST00000130645.8	Mtfr1	Overlap_uORF	start	2140	0	0	-1	T				0	3.8590415e-06	0	3.8590413e-06
mouse_wang_liver	ENSMUST00000130645.8	Mtfr1	Overlap_uORF	start	2141	0	0	-1	T				0	3.4921236e-06	0	3.4921234e-06
mouse_wang_liver	ENSMUST00000130645.8	Mtfr1	Overlap_uORF	start	2142	0	0	-1	C				0	4.8106585e-06	0	4.8106582e-06
mouse_wang_liver	ENSMUST00000130645.8	Mtfr1	Overlap_uORF	start	2143	0	0	-1	T				0	2.1039152e-06	0	2.1039151e-06
mouse_wang_liver	ENSMUST00000130645.8	Mtfr1	Overlap_uORF	start	2144	0	0	-1	T				0	5.3435679e-06	0	5.3435675e-06
mouse_wang_liver	ENSMUST00000130645.8	Mtfr1	Overlap_uORF	start	2145	0	0	-1	A				0	2.0334596e-06	0	2.0334595e-06
mouse_wang_liver	ENSMUST00000130645.8	Mtfr1	Overlap_uORF	start	2146	0	0	-1	T				0	1.0572271e-06	0	1.057227e-06
mouse_wang_liver	ENSMUST00000130645.8	Mtfr1	Overlap_uORF	start	2147	0	0	-1	A				0	5.0562076e-06	0	5.0562072e-06
mouse_wang_liver	ENSMUST00000130645.8	Mtfr1	Overlap_uORF	start	2148	0	0	-1	G				0	1.1673012e-06	0	1.1673011e-06
mouse_wang_liver	ENSMUST00000130645.8	Mtfr1	Overlap_uORF	start	2149	0	0	-1	A				0	2.8001176e-07	0	2.8001174e-07
mouse_wang_liver	ENSMUST00000130645.8	Mtfr1	Overlap_uORF	start	2150	0	0	-1	A				0	1.739505e-07	0	1.7395049e-07
mouse_wang_liver	ENSMUST00000130645.8	Mtfr1	Overlap_uORF	start	2151	0	0	-1	C				0	5.5016596e-07	0	5.5016593e-07
mouse_wang_liver	ENSMUST00000130645.8	Mtfr1	Overlap_uORF	start	2152	0	0	-1	C				0	1.607599e-06	0	1.6075989e-06
mouse_wang_liver	ENSMUST00000130645.8	Mtfr1	Overlap_uORF	start	2153	0	0	-1	C				0	5.0833438e-07	0	5.0833435e-07
mouse_wang_liver	ENSMUST00000130645.8	Mtfr1	Overlap_uORF	start	2154	0	0	-1	A				0	6.8289964e-06	0	6.828996e-06
mouse_wang_liver	ENSMUST00000130645.8	Mtfr1	Overlap_uORF	start	2155	0	0	-1	G				0	3.1342533e-06	0	3.1342532e-06
mouse_wang_liver	ENSMUST00000130645.8	Mtfr1	Overlap_uORF	start	2156	0	0	-1	G				0	7.2537875e-07	0	7.2537871e-07
mouse_wang_liver	ENSMUST00000130645.8	Mtfr1	Overlap_uORF	start	2157	0	0	-1	A				0	1.6870226e-06	0	1.6870225e-06
mouse_wang_liver	ENSMUST00000130645.8	Mtfr1	Overlap_uORF	start	2158	0	0	-1	C				0	5.1268586e-07	0	5.1268583e-07
mouse_wang_liver	ENSMUST00000130645.8	Mtfr1	Overlap_uORF	start	2159	0	0	-1	C				0	6.0849261e-06	0	6.0849257e-06
mouse_wang_liver	ENSMUST00000130645.8	Mtfr1	Overlap_uORF	start	2160	0	0	-1	A				0	1.5428786e-06	0	1.5428785e-06
mouse_wang_liver	ENSMUST00000130645.8	Mtfr1	Overlap_uORF	start	2161	0	0	-1	C				0	2.1186638e-06	0	2.1186637e-06
mouse_wang_liver	ENSMUST00000130645.8	Mtfr1	Overlap_uORF	start	2162	0	0	-1	C				0	2.4454212e-06	0	2.445421e-06
mouse_wang_liver	ENSMUST00000130645.8	Mtfr1	Overlap_uORF	start	2163	0	0	-1	A				0	5.6096246e-07	0	5.6096243e-07
mouse_wang_liver	ENSMUST00000130645.8	Mtfr1	Overlap_uORF	start	2164	0	0	-1	A				0	3.9803996e-07	0	3.9803993e-07
mouse_wang_liver	ENSMUST00000130645.8	Mtfr1	Overlap_uORF	start	2165	0	0	-1	C				0	6.1042607e-07	0	6.1042603e-07
mouse_wang_liver	ENSMUST00000130645.8	Mtfr1	Overlap_uORF	start	2166	0	0	-1	C				0	4.020138e-06	0	4.0201378e-06
mouse_wang_liver	ENSMUST00000130645.8	Mtfr1	Overlap_uORF	start	2167	0	0	-1	C				0	6.5711623e-07	0	6.5711619e-07
mouse_wang_liver	ENSMUST00000130645.8	Mtfr1	Overlap_uORF	start	2168	0	0	-1	A				0	9.2159718e-07	0	9.2159712e-07
mouse_wang_liver	ENSMUST00000130645.8	Mtfr1	Overlap_uORF	start	2169	0	0	-1	G				0	1.0447646e-06	0	1.0447646e-06
mouse_wang_liver	ENSMUST00000130645.8	Mtfr1	Overlap_uORF	start	2170	0	0	-1	G				0	5.966894e-07	0	5.9668937e-07
mouse_wang_liver	ENSMUST00000130645.8	Mtfr1	Overlap_uORF	start	2171	0	0	-1	G				0	8.6260553e-07	0	8.6260548e-07
mouse_wang_liver	ENSMUST00000130645.8	Mtfr1	Overlap_uORF	start	2172	0	0	-1	T				0	9.7652469e-07	0	9.7652463e-07
mouse_wang_liver	ENSMUST00000130645.8	Mtfr1	Overlap_uORF	start	2173	0	0	-1	T				0	1.7366482e-06	0	1.7366481e-06
mouse_wang_liver	ENSMUST00000130645.8	Mtfr1	Overlap_uORF	start	2174	0	0	-1	G				0	9.8850489e-07	0	9.8850483e-07
mouse_wang_liver	ENSMUST00000130645.8	Mtfr1	Overlap_uORF	start	2175	0	0	-1	G				0	2.6027997e-06	0	2.6027995e-06
mouse_wang_liver	ENSMUST00000130645.8	Mtfr1	Overlap_uORF	start	2176	0	0	-1	C				0	2.2294964e-06	0	2.2294963e-06
mouse_wang_liver	ENSMUST00000130645.8	Mtfr1	Overlap_uORF	start	2177	0	0	-1	A				0	1.1132072e-06	0	1.1132071e-06
mouse_wang_liver	ENSMUST00000130645.8	Mtfr1	Overlap_uORF	start	2178	0	0	-1	C				0	1.3973298e-06	0	1.3973297e-06
mouse_wang_liver	ENSMUST00000130645.8	Mtfr1	Overlap_uORF	start	2179	0	0	-1	T				0	1.4454881e-06	0	1.445488e-06
mouse_wang_liver	ENSMUST00000130645.8	Mtfr1	Overlap_uORF	start	2180	0	0	-1	A				0	1.2479291e-05	0	1.2479291e-05
mouse_wang_liver	ENSMUST00000130645.8	Mtfr1	Overlap_uORF	start	2181	0	0	-1	C				0	1.2157868e-06	0	1.2157867e-06
mouse_wang_liver	ENSMUST00000130645.8	Mtfr1	Overlap_uORF	start	2182	0	0	-1	C				0	1.5587231e-07	0	1.558723e-07
mouse_wang_liver	ENSMUST00000130645.8	Mtfr1	Overlap_uORF	start	2183	0	0	-1	T				0	8.1847628e-07	0	8.1847623e-07
mouse_wang_liver	ENSMUST00000130645.8	Mtfr1	Overlap_uORF	start	2184	0	0	-1	T				0	7.5905302e-07	0	7.5905298e-07
mouse_wang_liver	ENSMUST00000130645.8	Mtfr1	Overlap_uORF	start	2185	0	0	-1	C				0	1.3307321e-06	0	1.330732e-06
mouse_wang_liver	ENSMUST00000130645.8	Mtfr1	Overlap_uORF	start	2186	0	0	-1	C				0	1.0601855e-06	0	1.0601854e-06
mouse_wang_liver	ENSMUST00000130645.8	Mtfr1	Overlap_uORF	start	2187	0	0	-1	C				0	4.4366766e-07	0	4.4366763e-07
mouse_wang_liver	ENSMUST00000130645.8	Mtfr1	Overlap_uORF	start	2188	0	0	-1	C				0	1.4573728e-06	0	1.4573727e-06
mouse_wang_liver	ENSMUST00000130645.8	Mtfr1	Overlap_uORF	start	2189	0	0	-1	A				0	4.1101677e-07	0	4.1101675e-07
mouse_wang_liver	ENSMUST00000130645.8	Mtfr1	Overlap_uORF	start	2190	0	0	-1	T				0	1.149206e-06	0	1.1492059e-06
mouse_wang_liver	ENSMUST00000130645.8	Mtfr1	Overlap_uORF	start	2191	0	0	-1	C				0	1.1536445e-06	0	1.1536444e-06
mouse_wang_liver	ENSMUST00000130645.8	Mtfr1	Overlap_uORF	start	2192	0	0	-1	A				0	8.9255451e-07	0	8.9255446e-07
mouse_wang_liver	ENSMUST00000130645.8	Mtfr1	Overlap_uORF	start	2193	0	0	-1	A				0	2.0780517e-06	0	2.0780516e-06
mouse_wang_liver	ENSMUST00000130645.8	Mtfr1	Overlap_uORF	start	2194	0	0	-1	T				0	1.3187201e-06	0	1.3187201e-06
mouse_wang_liver	ENSMUST00000130645.8	Mtfr1	Overlap_uORF	start	2195	0	0	-1	C				0	3.7182185e-06	0	3.7182183e-06
mouse_wang_liver	ENSMUST00000130645.8	Mtfr1	Overlap_uORF	start	2196	0	0	-1	A				0	7.6313554e-06	0	7.6313549e-06
mouse_wang_liver	ENSMUST00000130645.8	Mtfr1	Overlap_uORF	start	2197	0	0	-1	C				0	7.5354984e-07	0	7.5354979e-07
mouse_wang_liver	ENSMUST00000130645.8	Mtfr1	Overlap_uORF	start	2198	0	0	-1	T				0	4.6194674e-07	0	4.6194671e-07
mouse_wang_liver	ENSMUST00000130645.8	Mtfr1	Overlap_uORF	start	2199	0	0	-1	A				0	2.2564914e-06	0	2.2564912e-06
mouse_wang_liver	ENSMUST00000130645.8	Mtfr1	Overlap_uORF	start	2200	0	0	-1	A				0	1.5033982e-06	0	1.5033981e-06
mouse_wang_liver	ENSMUST00000130645.8	Mtfr1	Overlap_uORF	start	2201	0	0	-1	T				0	1.9317217e-06	0	1.9317216e-06
mouse_wang_liver	ENSMUST00000130645.8	Mtfr1	Overlap_uORF	start	2202	0	0	-1	T				0	4.4866167e-07	0	4.4866164e-07
mouse_wang_liver	ENSMUST00000130645.8	Mtfr1	Overlap_uORF	start	2203	0	0	-1	A				0	1.9498511e-06	0	1.949851e-06
mouse_wang_liver	ENSMUST00000130645.8	Mtfr1	Overlap_uORF	start	2204	0	0	-1	A				0	4.5074597e-07	0	4.5074594e-07
mouse_wang_liver	ENSMUST00000130645.8	Mtfr1	Overlap_uORF	start	2205	0	0	-1	G				0	1.3671826e-07	0	1.3671825e-07
mouse_wang_liver	ENSMUST00000130645.8	Mtfr1	Overlap_uORF	start	2206	0	0	-1	A				0	1.4956851e-07	0	1.495685e-07
mouse_wang_liver	ENSMUST00000130645.8	Mtfr1	Overlap_uORF	start	2207	0	0	-1	G				0	1.6242259e-07	0	1.6242258e-07
mouse_wang_liver	ENSMUST00000130645.8	Mtfr1	Overlap_uORF	start	2208	0	0	-1	A				0	8.1419904e-07	0	8.1419899e-07
mouse_wang_liver	ENSMUST00000130645.8	Mtfr1	Overlap_uORF	start	2209	0	0	-1	A				0	2.3944567e-06	0	2.3944566e-06
mouse_wang_liver	ENSMUST00000130645.8	Mtfr1	Overlap_uORF	start	2210	0	0	-1	G				0	1.9803942e-06	0	1.9803941e-06
mouse_wang_liver	ENSMUST00000130645.8	Mtfr1	Overlap_uORF	start	2211	0	0	-1	G				0	3.5516118e-06	0	3.5516116e-06
mouse_wang_liver	ENSMUST00000130645.8	Mtfr1	Overlap_uORF	start	2212	0	0	-1	C				0	1.9302634e-06	0	1.9302632e-06
mouse_wang_liver	ENSMUST00000130645.8	Mtfr1	Overlap_uORF	start	2213	0	0	-1	C				0	1.0082476e-06	0	1.0082476e-06
mouse_wang_liver	ENSMUST00000130645.8	Mtfr1	Overlap_uORF	start	2214	0	0	-1	T				0	4.0910174e-07	0	4.0910172e-07
mouse_wang_liver	ENSMUST00000130645.8	Mtfr1	Overlap_uORF	start	2215	0	0	-1	T				0	1.0094815e-05	0	1.0094815e-05
mouse_wang_liver	ENSMUST00000130645.8	Mtfr1	Overlap_uORF	start	2216	0	0	-1	G				0	8.9154264e-06	0	8.9154259e-06
mouse_wang_liver	ENSMUST00000130645.8	Mtfr1	Overlap_uORF	start	2217	0	0	-1	C				0	3.650985e-06	0	3.6509848e-06
mouse_wang_liver	ENSMUST00000130645.8	Mtfr1	Overlap_uORF	start	2218	0	0	-1	A				0	3.8911785e-06	0	3.8911783e-06
mouse_wang_liver	ENSMUST00000130645.8	Mtfr1	Overlap_uORF	start	2219	0	0	-1	G				0	3.3307144e-06	0	3.3307142e-06
mouse_wang_liver	ENSMUST00000130645.8	Mtfr1	Overlap_uORF	start	2220	0	0	-1	C				0	3.5085206e-06	0	3.5085204e-06
mouse_wang_liver	ENSMUST00000130645.8	Mtfr1	Overlap_uORF	start	2221	0	0	-1	C				0	1.4432816e-06	0	1.4432815e-06
mouse_wang_liver	ENSMUST00000130645.8	Mtfr1	Overlap_uORF	start	2222	0	0	-1	A				0	5.2658157e-07	0	5.2658154e-07
mouse_wang_liver	ENSMUST00000130645.8	Mtfr1	Overlap_uORF	start	2223	0	0	-1	G				0	3.686805e-07	0	3.6868048e-07
mouse_wang_liver	ENSMUST00000130645.8	Mtfr1	Overlap_uORF	start	2224	0	0	-1	A				0	4.4965114e-07	0	4.4965111e-07
mouse_wang_liver	ENSMUST00000130645.8	Mtfr1	Overlap_uORF	start	2225	0	0	-1	T				0	1.5945775e-06	0	1.5945774e-06
mouse_wang_liver	ENSMUST00000130645.8	Mtfr1	Overlap_uORF	start	2226	0	0	-1	C				0	3.8223297e-06	0	3.8223295e-06
mouse_wang_liver	ENSMUST00000130645.8	Mtfr1	Overlap_uORF	start	2227	0	0	-1	T				0	1.5204018e-06	0	1.5204017e-06
mouse_wang_liver	ENSMUST00000130645.8	Mtfr1	Overlap_uORF	start	2228	0	0	-1	T				0	1.064879e-06	0	1.064879e-06
mouse_wang_liver	ENSMUST00000130645.8	Mtfr1	Overlap_uORF	start	2229	0	0	-1	A				0	8.8579654e-06	0	8.8579649e-06
mouse_wang_liver	ENSMUST00000130645.8	Mtfr1	Overlap_uORF	start	2230	0	0	-1	T				0	3.359254e-05	0	3.3592538e-05
mouse_wang_liver	ENSMUST00000130645.8	Mtfr1	Overlap_uORF	start	2231	0	0	-1	G				0	2.9443418e-06	0	2.9443416e-06
mouse_wang_liver	ENSMUST00000130645.8	Mtfr1	Overlap_uORF	start	2232	0	0	-1	G				0	9.5462665e-06	0	9.5462659e-06
mouse_wang_liver	ENSMUST00000130645.8	Mtfr1	Overlap_uORF	start	2233	0	0	-1	A				0	6.9575126e-06	0	6.9575122e-06
mouse_wang_liver	ENSMUST00000130645.8	Mtfr1	Overlap_uORF	start	2234	0	0	-1	G				0	1.1597474e-05	0	1.1597473e-05
mouse_wang_liver	ENSMUST00000130645.8	Mtfr1	Overlap_uORF	start	2235	0	0	-1	G				0	4.9208902e-06	0	4.9208899e-06
mouse_wang_liver	ENSMUST00000130645.8	Mtfr1	Overlap_uORF	start	2236	0	0	-1	C				0	5.5995356e-06	0	5.5995353e-06
mouse_wang_liver	ENSMUST00000130645.8	Mtfr1	Overlap_uORF	start	2237	0	0	-1	A				0	4.9334903e-07	0	4.93349e-07
mouse_wang_liver	ENSMUST00000130645.8	Mtfr1	Overlap_uORF	start	2238	0	0	-1	T				0	2.0935713e-06	0	2.0935712e-06
mouse_wang_liver	ENSMUST00000130645.8	Mtfr1	Overlap_uORF	start	2239	0	0	-1	T				0	1.2923089e-06	0	1.2923088e-06
mouse_wang_liver	ENSMUST00000130645.8	Mtfr1	Overlap_uORF	start	2240	0	0	-1	T				0	8.179581e-07	0	8.1795805e-07
mouse_wang_liver	ENSMUST00000130645.8	Mtfr1	Overlap_uORF	start	2241	0	0	-1	T				0	2.8640245e-06	0	2.8640243e-06
mouse_wang_liver	ENSMUST00000130645.8	Mtfr1	Overlap_uORF	start	2242	0	0	-1	C				0	1.7177085e-07	0	1.7177084e-07
mouse_wang_liver	ENSMUST00000130645.8	Mtfr1	Overlap_uORF	start	2243	0	0	-1	T				0	3.9180094e-07	0	3.9180091e-07
mouse_wang_liver	ENSMUST00000130645.8	Mtfr1	Overlap_uORF	start	2244	0	0	-1	C				0	7.4263164e-07	0	7.426316e-07
mouse_wang_liver	ENSMUST00000130645.8	Mtfr1	Overlap_uORF	start	2245	0	0	-1	A				0	6.2673411e-07	0	6.2673407e-07
mouse_wang_liver	ENSMUST00000130645.8	Mtfr1	Overlap_uORF	start	2246	0	0	-1	A				0	5.7960114e-07	0	5.796011e-07
mouse_wang_liver	ENSMUST00000130645.8	Mtfr1	Overlap_uORF	start	2247	0	0	-1	T				0	2.1178043e-07	0	2.1178042e-07
mouse_wang_liver	ENSMUST00000130645.8	Mtfr1	Overlap_uORF	start	2248	0	0	-1	T				0	1.077242e-07	0	1.0772419e-07
mouse_wang_liver	ENSMUST00000130645.8	Mtfr1	Overlap_uORF	start	2249	0	0	-1	G				0	3.3310809e-07	0	3.3310807e-07
mouse_wang_liver	ENSMUST00000130645.8	Mtfr1	Overlap_uORF	start	2250	0	0	-1	A				0	5.5484989e-08	0	5.5484986e-08
mouse_wang_liver	ENSMUST00000130645.8	Mtfr1	Overlap_uORF	start	2251	0	0	-1	G				0	3.4150567e-06	0	3.4150564e-06
mouse_wang_liver	ENSMUST00000130645.8	Mtfr1	Overlap_uORF	start	2252	0	0	-1	G				0	1.1779911e-06	0	1.177991e-06
mouse_wang_liver	ENSMUST00000130645.8	Mtfr1	Overlap_uORF	start	2253	0	0	-1	T				0	4.4443946e-06	0	4.4443943e-06
mouse_wang_liver	ENSMUST00000130645.8	Mtfr1	Overlap_uORF	start	2254	0	0	-1	T				0	1.566721e-06	0	1.5667209e-06
mouse_wang_liver	ENSMUST00000130645.8	Mtfr1	Overlap_uORF	start	2255	0	0	-1	C				0	1.9367799e-06	0	1.9367798e-06
mouse_wang_liver	ENSMUST00000130645.8	Mtfr1	Overlap_uORF	start	2256	0	0	-1	A				0	4.791264e-06	0	4.7912637e-06
mouse_wang_liver	ENSMUST00000130645.8	Mtfr1	Overlap_uORF	start	2257	0	0	-1	C				0	1.7230185e-06	0	1.7230184e-06
mouse_wang_liver	ENSMUST00000130645.8	Mtfr1	Overlap_uORF	start	2258	0	0	-1	T				0	8.5666358e-07	0	8.5666352e-07
mouse_wang_liver	ENSMUST00000130645.8	Mtfr1	Overlap_uORF	start	2259	0	0	-1	T				0	1.1490241e-06	0	1.149024e-06
mouse_wang_liver	ENSMUST00000130645.8	Mtfr1	Overlap_uORF	start	2260	0	0	-1	C				0	4.2173514e-07	0	4.2173511e-07
mouse_wang_liver	ENSMUST00000130645.8	Mtfr1	Overlap_uORF	start	2261	0	0	-1	C				0	1.6919014e-06	0	1.6919013e-06
mouse_wang_liver	ENSMUST00000130645.8	Mtfr1	Overlap_uORF	start	2262	0	0	-1	T				0	5.6701033e-06	0	5.6701029e-06
mouse_wang_liver	ENSMUST00000130645.8	Mtfr1	Overlap_uORF	start	2263	0	0	-1	T				0	6.5040143e-07	0	6.5040139e-07
mouse_wang_liver	ENSMUST00000130645.8	Mtfr1	Overlap_uORF	start	2264	0	0	-1	T				0	6.1780412e-07	0	6.1780408e-07
mouse_wang_liver	ENSMUST00000130645.8	Mtfr1	Overlap_uORF	start	2265	0	0	-1	T				0	1.0486197e-06	0	1.0486196e-06
mouse_wang_liver	ENSMUST00000130645.8	Mtfr1	Overlap_uORF	start	2266	0	0	-1	A				0	1.9074259e-06	0	1.9074258e-06
mouse_wang_liver	ENSMUST00000130645.8	Mtfr1	Overlap_uORF	start	2267	0	0	-1	G				0	4.1831613e-06	0	4.1831611e-06
mouse_wang_liver	ENSMUST00000130645.8	Mtfr1	Overlap_uORF	start	2268	0	0	-1	A				0	1.2032687e-05	0	1.2032686e-05
mouse_wang_liver	ENSMUST00000130645.8	Mtfr1	Overlap_uORF	start	2269	0	0	-1	T				0	4.0407326e-06	0	4.0407324e-06
mouse_wang_liver	ENSMUST00000130645.8	Mtfr1	Overlap_uORF	start	2270	0	0	-1	G				0	7.3844512e-07	0	7.3844508e-07
mouse_wang_liver	ENSMUST00000130645.8	Mtfr1	Overlap_uORF	start	2271	0	0	-1	A				0	5.3460608e-06	0	5.3460605e-06
mouse_wang_liver	ENSMUST00000130645.8	Mtfr1	Overlap_uORF	start	2272	0	0	-1	C				0	4.572405e-06	0	4.5724048e-06
mouse_wang_liver	ENSMUST00000130645.8	Mtfr1	Overlap_uORF	start	2273	0	0	-1	T				0	2.1168119e-06	0	2.1168117e-06
mouse_wang_liver	ENSMUST00000130645.8	Mtfr1	Overlap_uORF	start	2274	0	0	-1	C				0	1.2648092e-06	0	1.2648091e-06
mouse_wang_liver	ENSMUST00000130645.8	Mtfr1	Overlap_uORF	start	2275	0	0	-1	T				0	2.9851376e-06	0	2.9851374e-06
mouse_wang_liver	ENSMUST00000130645.8	Mtfr1	Overlap_uORF	start	2276	0	0	-1	A				0	1.9313313e-06	0	1.9313312e-06
mouse_wang_liver	ENSMUST00000130645.8	Mtfr1	Overlap_uORF	start	2277	0	0	-1	G				0	6.698674e-06	0	6.6986736e-06
mouse_wang_liver	ENSMUST00000130645.8	Mtfr1	Overlap_uORF	start	2278	0	0	-1	C				0	1.2226557e-05	0	1.2226557e-05
mouse_wang_liver	ENSMUST00000130645.8	Mtfr1	Overlap_uORF	start	2279	0	0	-1	T				0	1.879126e-06	0	1.8791259e-06
mouse_wang_liver	ENSMUST00000130645.8	Mtfr1	Overlap_uORF	start	2280	0	0	-1	G				0	1.0313228e-05	0	1.0313227e-05
mouse_wang_liver	ENSMUST00000130645.8	Mtfr1	Overlap_uORF	start	2281	0	0	-1	T				0	1.293233e-05	0	1.2932329e-05
mouse_wang_liver	ENSMUST00000130645.8	Mtfr1	Overlap_uORF	start	2282	0	0	-1	G				0	8.7065871e-07	0	8.7065866e-07
mouse_wang_liver	ENSMUST00000130645.8	Mtfr1	Overlap_uORF	start	2283	0	0	-1	T				0	1.5825608e-06	0	1.5825607e-06
mouse_wang_liver	ENSMUST00000130645.8	Mtfr1	Overlap_uORF	start	2284	0	0	-1	C				0	1.6339618e-06	0	1.6339617e-06
mouse_wang_liver	ENSMUST00000130645.8	Mtfr1	Overlap_uORF	start	2285	0	0	-1	A				0	2.0781349e-06	0	2.0781348e-06
mouse_wang_liver	ENSMUST00000130645.8	Mtfr1	Overlap_uORF	start	2286	0	0	-1	A				0	2.1403225e-06	0	2.1403224e-06
mouse_wang_liver	ENSMUST00000130645.8	Mtfr1	Overlap_uORF	start	2287	0	0	-1	G				0	7.2306358e-07	0	7.2306353e-07
mouse_wang_liver	ENSMUST00000130645.8	Mtfr1	Overlap_uORF	start	2288	0	0	-1	C				0	1.0410051e-06	0	1.0410051e-06
mouse_wang_liver	ENSMUST00000130645.8	Mtfr1	Overlap_uORF	start	2289	0	0	-1	T				0	7.1174225e-07	0	7.117422e-07
mouse_wang_liver	ENSMUST00000130645.8	Mtfr1	Overlap_uORF	start	2290	0	0	-1	G				0	1.2948884e-06	0	1.2948883e-06
mouse_wang_liver	ENSMUST00000130645.8	Mtfr1	Overlap_uORF	start	2291	0	0	-1	A				0	5.4153207e-07	0	5.4153204e-07
mouse_wang_liver	ENSMUST00000130645.8	Mtfr1	Overlap_uORF	start	2292	0	0	-1	C				0	4.898086e-07	0	4.8980857e-07
mouse_wang_liver	ENSMUST00000130645.8	Mtfr1	Overlap_uORF	start	2293	0	0	-1	A				0	1.2708449e-06	0	1.2708448e-06
mouse_wang_liver	ENSMUST00000130645.8	Mtfr1	Overlap_uORF	start	2294	0	0	-1	A				0	1.4182413e-06	0	1.4182412e-06
mouse_wang_liver	ENSMUST00000130645.8	Mtfr1	Overlap_uORF	start	2295	0	0	-1	A				0	2.8416321e-07	0	2.8416319e-07
mouse_wang_liver	ENSMUST00000130645.8	Mtfr1	Overlap_uORF	start	2296	0	0	-1	C				0	4.7475919e-07	0	4.7475916e-07
mouse_wang_liver	ENSMUST00000130645.8	Mtfr1	Overlap_uORF	start	2297	0	0	-1	T				0	8.1353932e-07	0	8.1353927e-07
mouse_wang_liver	ENSMUST00000130645.8	Mtfr1	Overlap_uORF	start	2298	0	0	-1	A				0	6.1237932e-07	0	6.1237929e-07
mouse_wang_liver	ENSMUST00000130645.8	Mtfr1	Overlap_uORF	start	2299	0	0	-1	G				0	5.4560348e-07	0	5.4560345e-07
mouse_wang_liver	ENSMUST00000130645.8	Mtfr1	Overlap_uORF	start	2300	0	0	-1	C				0	8.8566264e-07	0	8.8566259e-07
mouse_wang_liver	ENSMUST00000130645.8	Mtfr1	Overlap_uORF	start	2301	0	0	-1	C				0	1.601857e-06	0	1.6018569e-06
mouse_wang_liver	ENSMUST00000130645.8	Mtfr1	Overlap_uORF	start	2302	0	0	-1	A				0	3.7995005e-07	0	3.7995003e-07
mouse_wang_liver	ENSMUST00000130645.8	Mtfr1	Overlap_uORF	start	2303	0	0	-1	C				0	1.6072893e-06	0	1.6072892e-06
mouse_wang_liver	ENSMUST00000130645.8	Mtfr1	Overlap_uORF	start	2304	0	0	-1	C				0	9.4428748e-07	0	9.4428742e-07
mouse_wang_liver	ENSMUST00000130645.8	Mtfr1	Overlap_uORF	start	2305	0	0	-1	A				0	2.6500504e-06	0	2.6500503e-06
mouse_wang_liver	ENSMUST00000130645.8	Mtfr1	Overlap_uORF	start	2306	0	0	-1	C				0	1.5010172e-06	0	1.5010171e-06
mouse_wang_liver	ENSMUST00000130645.8	Mtfr1	Overlap_uORF	start	2307	0	0	-1	A				0	7.4644311e-07	0	7.4644306e-07
mouse_wang_liver	ENSMUST00000130645.8	Mtfr1	Overlap_uORF	start	2308	0	0	-1	A				0	4.1180406e-06	0	4.1180403e-06
mouse_wang_liver	ENSMUST00000130645.8	Mtfr1	Overlap_uORF	start	2309	0	0	-1	T				0	5.321545e-07	0	5.3215447e-07
mouse_wang_liver	ENSMUST00000130645.8	Mtfr1	Overlap_uORF	start	2310	0	0	-1	A				0	2.2295685e-06	0	2.2295684e-06
mouse_wang_liver	ENSMUST00000130645.8	Mtfr1	Overlap_uORF	start	2311	0	0	-1	C				0	6.9771936e-06	0	6.9771932e-06
mouse_wang_liver	ENSMUST00000130645.8	Mtfr1	Overlap_uORF	start	2312	0	0	-1	T				0	1.7078793e-06	0	1.7078792e-06
mouse_wang_liver	ENSMUST00000130645.8	Mtfr1	Overlap_uORF	start	2313	0	0	-1	T				0	2.7876865e-06	0	2.7876864e-06
mouse_wang_liver	ENSMUST00000130645.8	Mtfr1	Overlap_uORF	start	2314	0	0	-1	C				0	4.0894865e-06	0	4.0894863e-06
mouse_wang_liver	ENSMUST00000130645.8	Mtfr1	Overlap_uORF	start	2315	0	0	-1	T				0	5.6243823e-07	0	5.624382e-07
mouse_wang_liver	ENSMUST00000130645.8	Mtfr1	Overlap_uORF	start	2316	0	0	-1	A				0	3.0101346e-06	0	3.0101344e-06
mouse_wang_liver	ENSMUST00000130645.8	Mtfr1	Overlap_uORF	start	2317	0	0	-1	G				0	3.1309105e-06	0	3.1309103e-06
mouse_wang_liver	ENSMUST00000130645.8	Mtfr1	Overlap_uORF	start	2318	0	0	-1	A				0	8.5914911e-07	0	8.5914906e-07
mouse_wang_liver	ENSMUST00000130645.8	Mtfr1	Overlap_uORF	start	2319	0	0	-1	A				0	8.1639528e-06	0	8.1639523e-06
mouse_wang_liver	ENSMUST00000130645.8	Mtfr1	Overlap_uORF	start	2320	0	0	-1	A				0	3.0338319e-05	0	3.0338317e-05
mouse_wang_liver	ENSMUST00000130645.8	Mtfr1	Overlap_uORF	start	2321	0	0	-1	T				0	1.4458046e-05	0	1.4458045e-05
mouse_wang_liver	ENSMUST00000130645.8	Mtfr1	Overlap_uORF	start	2322	0	0	-1	G				0	5.7865645e-06	0	5.7865642e-06
mouse_wang_liver	ENSMUST00000130645.8	Mtfr1	Overlap_uORF	start	2323	0	0	-1	T				0	2.6284824e-06	0	2.6284823e-06
mouse_wang_liver	ENSMUST00000130645.8	Mtfr1	Overlap_uORF	start	2324	0	0	-1	C				0	2.0900993e-07	0	2.0900991e-07
mouse_wang_liver	ENSMUST00000130645.8	Mtfr1	Overlap_uORF	start	2325	0	0	-1	A				0	1.6102373e-07	0	1.6102372e-07
mouse_wang_liver	ENSMUST00000130645.8	Mtfr1	Overlap_uORF	start	2326	0	0	-1	G				0	2.389698e-06	0	2.3896979e-06
mouse_wang_liver	ENSMUST00000130645.8	Mtfr1	Overlap_uORF	start	2327	0	0	-1	C				0	1.1627513e-06	0	1.1627513e-06
mouse_wang_liver	ENSMUST00000130645.8	Mtfr1	Overlap_uORF	start	2328	0	0	-1	G				0	1.6541024e-06	0	1.6541023e-06
mouse_wang_liver	ENSMUST00000130645.8	Mtfr1	Overlap_uORF	start	2329	0	0	-1	T				0	4.0651042e-07	0	4.065104e-07
mouse_wang_liver	ENSMUST00000130645.8	Mtfr1	Overlap_uORF	start	2330	0	0	-1	A				0	2.6855889e-07	0	2.6855888e-07
mouse_wang_liver	ENSMUST00000130645.8	Mtfr1	Overlap_uORF	start	2331	0	0	-1	A				0	1.802047e-06	0	1.8020469e-06
mouse_wang_liver	ENSMUST00000130645.8	Mtfr1	Overlap_uORF	start	2332	0	0	-1	T				0	5.2577371e-07	0	5.2577368e-07
mouse_wang_liver	ENSMUST00000130645.8	Mtfr1	Overlap_uORF	start	2333	0	0	-1	T				0	6.032879e-07	0	6.0328786e-07
mouse_wang_liver	ENSMUST00000130645.8	Mtfr1	Overlap_uORF	start	2334	0	0	-1	G				0	1.6684151e-06	0	1.6684149e-06
mouse_wang_liver	ENSMUST00000130645.8	Mtfr1	Overlap_uORF	start	2335	0	0	-1	A				0	2.1162374e-07	0	2.1162373e-07
mouse_wang_liver	ENSMUST00000130645.8	Mtfr1	Overlap_uORF	start	2336	0	0	-1	A				0	3.0504293e-07	0	3.0504291e-07
mouse_wang_liver	ENSMUST00000130645.8	Mtfr1	Overlap_uORF	start	2337	0	0	-1	T				0	8.8936304e-07	0	8.8936298e-07
mouse_wang_liver	ENSMUST00000130645.8	Mtfr1	Overlap_uORF	start	2338	0	0	-1	T				0	6.6646561e-07	0	6.6646557e-07
mouse_wang_liver	ENSMUST00000130645.8	Mtfr1	Overlap_uORF	start	2339	0	0	-1	T				0	1.1115814e-07	0	1.1115814e-07
mouse_wang_liver	ENSMUST00000130645.8	Mtfr1	Overlap_uORF	start	2340	0	0	-1	A				0	1.5602342e-07	0	1.5602341e-07
mouse_wang_liver	ENSMUST00000130645.8	Mtfr1	Overlap_uORF	start	2341	0	0	-1	T				0	2.0416499e-08	0	2.0416497e-08
mouse_wang_liver	ENSMUST00000130645.8	Mtfr1	Overlap_uORF	start	2342	0	0	-1	A				0	4.31648e-08	0	4.3164797e-08
mouse_wang_liver	ENSMUST00000130645.8	Mtfr1	Overlap_uORF	start	2343	0	0	-1	A				0	2.5756499e-08	0	2.5756498e-08
mouse_wang_liver	ENSMUST00000130645.8	Mtfr1	Overlap_uORF	start	2344	0	0	-1	T				0	2.0601171e-08	0	2.0601169e-08
mouse_wang_liver	ENSMUST00000130645.8	Mtfr1	Overlap_uORF	start	2345	0	0	-1	T				0	9.6148725e-08	0	9.6148719e-08
mouse_wang_liver	ENSMUST00000130645.8	Mtfr1	Overlap_uORF	start	2346	0	0	-1	T				0	1.0334073e-08	0	1.0334073e-08
mouse_wang_liver	ENSMUST00000130645.8	Mtfr1	Overlap_uORF	start	2347	0	0	-1	T				0	3.7085166e-09	0	3.7085164e-09
mouse_wang_liver	ENSMUST00000130645.8	Mtfr1	Overlap_uORF	start	2348	0	0	-1	A				0	1.1046632e-08	0	1.1046631e-08
mouse_wang_liver	ENSMUST00000130645.8	Mtfr1	Overlap_uORF	start	2349	0	0	-1	A				0	1.4308552e-08	0	1.4308551e-08
mouse_wang_liver	ENSMUST00000130645.8	Mtfr1	Overlap_uORF	start	2350	0	0	-1	T				0	7.1975368e-09	0	7.1975363e-09
mouse_wang_liver	ENSMUST00000130645.8	Mtfr1	Overlap_uORF	start	2351	0	0	-1	A				0	1.6480669e-08	0	1.6480668e-08
mouse_wang_liver	ENSMUST00000130645.8	Mtfr1	Overlap_uORF	start	2352	0	0	-1	T				0	3.4395143e-08	0	3.4395141e-08
mouse_wang_liver	ENSMUST00000130645.8	Mtfr1	Overlap_uORF	start	2353	0	0	-1	A				0	4.1460858e-08	0	4.1460855e-08
mouse_wang_liver	ENSMUST00000130645.8	Mtfr1	Overlap_uORF	start	2354	0	0	-1	C				0	7.6457676e-09	0	7.6457671e-09
mouse_wang_liver	ENSMUST00000130645.8	Mtfr1	Overlap_uORF	start	2355	0	0	-1	T				0	4.1842185e-08	0	4.1842182e-08
mouse_wang_liver	ENSMUST00000130645.8	Mtfr1	Overlap_uORF	start	2356	0	0	-1	G				0	2.2682046e-08	0	2.2682045e-08
mouse_wang_liver	ENSMUST00000130645.8	Mtfr1	Overlap_uORF	start	2357	0	0	-1	G				0	1.8975104e-08	0	1.8975103e-08
mouse_wang_liver	ENSMUST00000130645.8	Mtfr1	Overlap_uORF	start	2358	0	0	-1	T				0	4.5945384e-07	0	4.5945382e-07
mouse_wang_liver	ENSMUST00000130645.8	Mtfr1	Overlap_uORF	start	2359	0	0	-1	C				0	1.1704619e-07	0	1.1704618e-07
mouse_wang_liver	ENSMUST00000130645.8	Mtfr1	Overlap_uORF	start	2360	0	0	-1	A				0	1.9517449e-06	0	1.9517448e-06
mouse_wang_liver	ENSMUST00000130645.8	Mtfr1	Overlap_uORF	start	2361	0	0	-1	A				0	5.0630422e-07	0	5.0630419e-07
mouse_wang_liver	ENSMUST00000130645.8	Mtfr1	Overlap_uORF	start	2362	0	0	-1	A				0	1.2484844e-06	0	1.2484843e-06
mouse_wang_liver	ENSMUST00000130645.8	Mtfr1	Overlap_uORF	start	2363	0	0	-1	A				0	8.0932807e-07	0	8.0932802e-07
mouse_wang_liver	ENSMUST00000130645.8	Mtfr1	Overlap_uORF	start	2364	0	0	-1	T				0	2.2540437e-06	0	2.2540436e-06
mouse_wang_liver	ENSMUST00000130645.8	Mtfr1	Overlap_uORF	start	2365	0	0	-1	A				0	1.8491099e-07	0	1.8491098e-07
mouse_wang_liver	ENSMUST00000130645.8	Mtfr1	Overlap_uORF	start	2366	0	0	-1	T				0	1.5706765e-06	0	1.5706764e-06
mouse_wang_liver	ENSMUST00000130645.8	Mtfr1	Overlap_uORF	start	2367	0	0	-1	C				0	4.5369845e-07	0	4.5369842e-07
mouse_wang_liver	ENSMUST00000130645.8	Mtfr1	Overlap_uORF	start	2368	0	0	-1	C				0	2.6858896e-08	0	2.6858894e-08
mouse_wang_liver	ENSMUST00000130645.8	Mtfr1	Overlap_uORF	start	2369	0	0	-1	T				0	3.0015562e-07	0	3.001556e-07
mouse_wang_liver	ENSMUST00000130645.8	Mtfr1	Overlap_uORF	start	2370	0	0	-1	T				0	1.1154e-07	0	1.1154e-07
mouse_wang_liver	ENSMUST00000130645.8	Mtfr1	Overlap_uORF	start	2371	0	0	-1	T				0	1.2365419e-07	0	1.2365418e-07
mouse_wang_liver	ENSMUST00000130645.8	Mtfr1	Overlap_uORF	start	2372	0	0	-1	A				0	1.4744365e-06	0	1.4744365e-06
mouse_wang_liver	ENSMUST00000130645.8	Mtfr1	Overlap_uORF	start	2373	0	0	-1	T				0	1.8178503e-07	0	1.8178501e-07
mouse_wang_liver	ENSMUST00000130645.8	Mtfr1	Overlap_uORF	start	2374	0	0	-1	A				0	5.8143638e-07	0	5.8143635e-07
mouse_wang_liver	ENSMUST00000130645.8	Mtfr1	Overlap_uORF	start	2375	0	0	-1	A				0	5.3732992e-06	0	5.3732989e-06
mouse_wang_liver	ENSMUST00000130645.8	Mtfr1	Overlap_uORF	start	2376	0	0	-1	T				0	9.624639e-07	0	9.6246384e-07
mouse_wang_liver	ENSMUST00000130645.8	Mtfr1	Overlap_uORF	start	2377	0	0	-1	G				0	1.2928086e-07	0	1.2928086e-07
mouse_wang_liver	ENSMUST00000130645.8	Mtfr1	Overlap_uORF	start	2378	0	0	-1	A				0	2.0485044e-07	0	2.0485042e-07
mouse_wang_liver	ENSMUST00000130645.8	Mtfr1	Overlap_uORF	start	2379	0	0	-1	A				0	2.5883276e-07	0	2.5883274e-07
mouse_wang_liver	ENSMUST00000130645.8	Mtfr1	Overlap_uORF	start	2380	0	0	-1	A				0	5.3650446e-08	0	5.3650443e-08
mouse_wang_liver	ENSMUST00000130645.8	Mtfr1	Overlap_uORF	start	2381	0	0	-1	C				0	3.251001e-07	0	3.2510008e-07
mouse_wang_liver	ENSMUST00000130645.8	Mtfr1	Overlap_uORF	start	2382	0	0	-1	A				0	6.0280706e-07	0	6.0280703e-07
mouse_wang_liver	ENSMUST00000130645.8	Mtfr1	Overlap_uORF	start	2383	0	0	-1	T				0	1.382442e-06	0	1.3824419e-06
mouse_wang_liver	ENSMUST00000130645.8	Mtfr1	Overlap_uORF	start	2384	0	0	-1	T				0	6.0611396e-06	0	6.0611393e-06
mouse_wang_liver	ENSMUST00000130645.8	Mtfr1	Overlap_uORF	start	2385	0	0	-1	A				0	4.3055566e-06	0	4.3055563e-06
mouse_wang_liver	ENSMUST00000130645.8	Mtfr1	Overlap_uORF	start	2386	0	0	-1	C				0	4.8412917e-06	0	4.8412914e-06
mouse_wang_liver	ENSMUST00000130645.8	Mtfr1	Overlap_uORF	start	2387	0	0	-1	T				0	5.2448536e-06	0	5.2448533e-06
mouse_wang_liver	ENSMUST00000130645.8	Mtfr1	Overlap_uORF	start	2388	0	0	-1	G				0	3.030603e-06	0	3.0306028e-06
mouse_wang_liver	ENSMUST00000130645.8	Mtfr1	Overlap_uORF	start	2389	0	0	-1	A				0	1.1237223e-06	0	1.1237222e-06
mouse_wang_liver	ENSMUST00000130645.8	Mtfr1	Overlap_uORF	start	2390	0	0	-1	A				0	1.374798e-06	0	1.3747979e-06
mouse_wang_liver	ENSMUST00000130645.8	Mtfr1	Overlap_uORF	start	2391	0	0	-1	T				0	5.7078973e-06	0	5.707897e-06
mouse_wang_liver	ENSMUST00000130645.8	Mtfr1	Overlap_uORF	start	2392	0	0	-1	A				0	5.9729859e-07	0	5.9729856e-07
mouse_wang_liver	ENSMUST00000130645.8	Mtfr1	Overlap_uORF	start	2393	0	0	-1	G				0	3.0529205e-07	0	3.0529203e-07
mouse_wang_liver	ENSMUST00000130645.8	Mtfr1	Overlap_uORF	start	2394	0	0	-1	A				0	1.0916925e-06	0	1.0916925e-06
mouse_wang_liver	ENSMUST00000130645.8	Mtfr1	Overlap_uORF	start	2395	0	0	-1	T				0	4.7391643e-07	0	4.739164e-07
mouse_wang_liver	ENSMUST00000130645.8	Mtfr1	Overlap_uORF	start	2396	0	0	-1	G				0	3.2012767e-07	0	3.2012765e-07
mouse_wang_liver	ENSMUST00000130645.8	Mtfr1	Overlap_uORF	start	2397	0	0	-1	A				0	1.1218034e-06	0	1.1218033e-06
mouse_wang_liver	ENSMUST00000130645.8	Mtfr1	Overlap_uORF	start	2398	0	0	-1	A				0	2.7200576e-06	0	2.7200575e-06
mouse_wang_liver	ENSMUST00000130645.8	Mtfr1	Overlap_uORF	start	2399	0	0	-1	T				0	1.8013031e-06	0	1.801303e-06
mouse_wang_liver	ENSMUST00000130645.8	Mtfr1	Overlap_uORF	start	2400	0	0	-1	A				0	1.363222e-07	0	1.3632219e-07
mouse_wang_liver	ENSMUST00000130645.8	Mtfr1	Overlap_uORF	start	2401	0	0	-1	A				0	6.0892245e-07	0	6.0892241e-07
mouse_wang_liver	ENSMUST00000130645.8	Mtfr1	Overlap_uORF	start	2402	0	0	-1	G				0	2.0051684e-06	0	2.0051683e-06
mouse_wang_liver	ENSMUST00000130645.8	Mtfr1	Overlap_uORF	start	2403	0	0	-1	T				0	5.69105e-07	0	5.6910496e-07
mouse_wang_liver	ENSMUST00000130645.8	Mtfr1	Overlap_uORF	start	2404	0	0	-1	T				0	2.6064595e-07	0	2.6064593e-07
mouse_wang_liver	ENSMUST00000130645.8	Mtfr1	Overlap_uORF	start	2405	0	0	-1	C				0	1.4395005e-07	0	1.4395004e-07
mouse_wang_liver	ENSMUST00000130645.8	Mtfr1	Overlap_uORF	start	2406	0	0	-1	C				0	8.0251692e-07	0	8.0251687e-07
mouse_wang_liver	ENSMUST00000130645.8	Mtfr1	Overlap_uORF	start	2407	0	0	-1	C				0	9.6991266e-07	0	9.699126e-07
mouse_wang_liver	ENSMUST00000130645.8	Mtfr1	Overlap_uORF	start	2408	0	0	-1	T				0	3.7344211e-07	0	3.7344208e-07
mouse_wang_liver	ENSMUST00000130645.8	Mtfr1	Overlap_uORF	start	2409	0	0	-1	T				0	1.1692057e-07	0	1.1692056e-07
mouse_wang_liver	ENSMUST00000130645.8	Mtfr1	Overlap_uORF	start	2410	0	0	-1	T				0	1.2762156e-06	0	1.2762155e-06
mouse_wang_liver	ENSMUST00000130645.8	Mtfr1	Overlap_uORF	start	2411	0	0	-1	A				0	7.2073323e-07	0	7.2073318e-07
mouse_wang_liver	ENSMUST00000130645.8	Mtfr1	Overlap_uORF	start	2412	0	0	-1	A				0	1.0081419e-06	0	1.0081418e-06
mouse_wang_liver	ENSMUST00000130645.8	Mtfr1	Overlap_uORF	start	2413	0	0	-1	G				0	1.556561e-06	0	1.5565609e-06
mouse_wang_liver	ENSMUST00000130645.8	Mtfr1	Overlap_uORF	start	2414	0	0	-1	C				0	1.4756956e-06	0	1.4756955e-06
mouse_wang_liver	ENSMUST00000130645.8	Mtfr1	Overlap_uORF	start	2415	0	0	-1	T				0	6.1239916e-07	0	6.1239912e-07
mouse_wang_liver	ENSMUST00000130645.8	Mtfr1	Overlap_uORF	start	2416	0	0	-1	A				0	4.0783144e-07	0	4.0783141e-07
mouse_wang_liver	ENSMUST00000130645.8	Mtfr1	Overlap_uORF	start	2417	0	0	-1	T				0	5.8489957e-07	0	5.8489953e-07
mouse_wang_liver	ENSMUST00000130645.8	Mtfr1	Overlap_uORF	start	2418	0	0	-1	T				0	5.811753e-07	0	5.8117526e-07
mouse_wang_liver	ENSMUST00000130645.8	Mtfr1	Overlap_uORF	start	2419	0	0	-1	T				0	1.8083814e-07	0	1.8083813e-07
mouse_wang_liver	ENSMUST00000130645.8	Mtfr1	Overlap_uORF	start	2420	0	0	-1	A				0	8.4915837e-07	0	8.4915832e-07
mouse_wang_liver	ENSMUST00000130645.8	Mtfr1	Overlap_uORF	start	2421	0	0	-1	T				0	7.9834439e-07	0	7.9834434e-07
mouse_wang_liver	ENSMUST00000130645.8	Mtfr1	Overlap_uORF	start	2422	0	0	-1	T				0	8.3679106e-07	0	8.3679101e-07
mouse_wang_liver	ENSMUST00000130645.8	Mtfr1	Overlap_uORF	start	2423	0	0	-1	A				0	2.128545e-06	0	2.1285449e-06
mouse_wang_liver	ENSMUST00000130645.8	Mtfr1	Overlap_uORF	start	2424	0	0	-1	T				0	1.4784974e-06	0	1.4784973e-06
mouse_wang_liver	ENSMUST00000130645.8	Mtfr1	Overlap_uORF	start	2425	0	0	-1	T				0	2.0471255e-07	0	2.0471254e-07
mouse_wang_liver	ENSMUST00000130645.8	Mtfr1	Overlap_uORF	start	2426	0	0	-1	G				0	1.7655152e-07	0	1.7655151e-07
mouse_wang_liver	ENSMUST00000130645.8	Mtfr1	Overlap_uORF	start	2427	0	0	-1	G				0	1.0321801e-08	0	1.0321801e-08
mouse_wang_liver	ENSMUST00000130645.8	Mtfr1	Overlap_uORF	start	2428	0	0	-1	T				0	4.7450136e-08	0	4.7450133e-08
mouse_wang_liver	ENSMUST00000130645.8	Mtfr1	Overlap_uORF	start	2429	0	0	-1	C				0	3.0869873e-07	0	3.0869871e-07
mouse_wang_liver	ENSMUST00000130645.8	Mtfr1	Overlap_uORF	start	2430	0	0	-1	A				0	5.3421792e-07	0	5.3421788e-07
mouse_wang_liver	ENSMUST00000130645.8	Mtfr1	Overlap_uORF	start	2431	0	0	-1	G				0	1.6367558e-07	0	1.6367557e-07
mouse_wang_liver	ENSMUST00000130645.8	Mtfr1	Overlap_uORF	start	2432	0	0	-1	C				0	1.0885425e-06	0	1.0885424e-06
mouse_wang_liver	ENSMUST00000130645.8	Mtfr1	Overlap_uORF	start	2433	0	0	-1	C				0	5.4880588e-06	0	5.4880585e-06
mouse_wang_liver	ENSMUST00000130645.8	Mtfr1	Overlap_uORF	start	2434	0	0	-1	A				0	9.4206581e-07	0	9.4206575e-07
mouse_wang_liver	ENSMUST00000130645.8	Mtfr1	Overlap_uORF	start	2435	0	0	-1	A				0	2.27122e-06	0	2.2712198e-06
mouse_wang_liver	ENSMUST00000130645.8	Mtfr1	Overlap_uORF	start	2436	0	0	-1	T				0	1.877503e-06	0	1.8775029e-06
mouse_wang_liver	ENSMUST00000130645.8	Mtfr1	Overlap_uORF	start	2437	0	0	-1	G				0	9.1460493e-07	0	9.1460487e-07
mouse_wang_liver	ENSMUST00000130645.8	Mtfr1	Overlap_uORF	start	2438	0	0	-1	A				0	2.635841e-07	0	2.6358408e-07
mouse_wang_liver	ENSMUST00000130645.8	Mtfr1	Overlap_uORF	start	2439	0	0	-1	A				0	1.3547356e-07	0	1.3547355e-07
mouse_wang_liver	ENSMUST00000130645.8	Mtfr1	Overlap_uORF	start	2440	0	0	-1	T				0	7.2043939e-08	0	7.2043934e-08
mouse_wang_liver	ENSMUST00000130645.8	Mtfr1	Overlap_uORF	start	2441	0	0	-1	T				0	1.1786254e-07	0	1.1786253e-07
mouse_wang_liver	ENSMUST00000130645.8	Mtfr1	Overlap_uORF	start	2442	0	0	-1	A				0	5.3752519e-06	0	5.3752516e-06
mouse_wang_liver	ENSMUST00000130645.8	Mtfr1	Overlap_uORF	start	2443	0	0	-1	C				0	1.157347e-06	0	1.1573469e-06
mouse_wang_liver	ENSMUST00000130645.8	Mtfr1	Overlap_uORF	start	2444	0	0	-1	A				0	3.6759846e-07	0	3.6759844e-07
mouse_wang_liver	ENSMUST00000130645.8	Mtfr1	Overlap_uORF	start	2445	0	0	-1	T				0	4.8274217e-07	0	4.8274214e-07
mouse_wang_liver	ENSMUST00000130645.8	Mtfr1	Overlap_uORF	start	2446	0	0	-1	T				0	4.116929e-08	0	4.1169288e-08
mouse_wang_liver	ENSMUST00000130645.8	Mtfr1	Overlap_uORF	start	2447	0	0	-1	A				0	8.4085528e-08	0	8.4085523e-08
mouse_wang_liver	ENSMUST00000130645.8	Mtfr1	Overlap_uORF	start	2448	0	0	-1	T				0	4.0527948e-07	0	4.0527945e-07
mouse_wang_liver	ENSMUST00000130645.8	Mtfr1	Overlap_uORF	start	2449	0	0	-1	G				0	2.6431258e-07	0	2.6431256e-07
mouse_wang_liver	ENSMUST00000130645.8	Mtfr1	Overlap_uORF	start	2450	0	0	-1	C				0	2.9971969e-07	0	2.9971967e-07
mouse_wang_liver	ENSMUST00000130645.8	Mtfr1	Overlap_uORF	start	2451	0	0	-1	A				0	2.336491e-07	0	2.3364909e-07
mouse_wang_liver	ENSMUST00000130645.8	Mtfr1	Overlap_uORF	start	2452	0	0	-1	G				0	1.1872602e-07	0	1.1872601e-07
mouse_wang_liver	ENSMUST00000130645.8	Mtfr1	Overlap_uORF	start	2453	0	0	-1	A				0	1.7793199e-07	0	1.7793198e-07
mouse_wang_liver	ENSMUST00000130645.8	Mtfr1	Overlap_uORF	start	2454	0	0	-1	T				0	3.858745e-07	0	3.8587448e-07
mouse_wang_liver	ENSMUST00000130645.8	Mtfr1	Overlap_uORF	start	2455	0	0	-1	A				0	6.1529113e-07	0	6.1529109e-07
mouse_wang_liver	ENSMUST00000130645.8	Mtfr1	Overlap_uORF	start	2456	0	0	-1	A				0	1.7696142e-06	0	1.7696141e-06
mouse_wang_liver	ENSMUST00000130645.8	Mtfr1	Overlap_uORF	start	2457	0	0	-1	A				0	8.8832559e-07	0	8.8832553e-07
mouse_wang_liver	ENSMUST00000130645.8	Mtfr1	Overlap_uORF	start	2458	0	0	-1	C				0	6.1706842e-06	0	6.1706838e-06
mouse_wang_liver	ENSMUST00000130645.8	Mtfr1	Overlap_uORF	start	2459	0	0	-1	C				0	1.5924925e-06	0	1.5924924e-06
mouse_wang_liver	ENSMUST00000130645.8	Mtfr1	Overlap_uORF	start	2460	0	0	-1	T				0	1.5108924e-06	0	1.5108923e-06
mouse_wang_liver	ENSMUST00000130645.8	Mtfr1	Overlap_uORF	start	2461	0	0	-1	T				0	5.5305218e-06	0	5.5305214e-06
mouse_wang_liver	ENSMUST00000130645.8	Mtfr1	Overlap_uORF	start	2462	0	0	-1	C				0	5.3315293e-06	0	5.331529e-06
mouse_wang_liver	ENSMUST00000130645.8	Mtfr1	Overlap_uORF	start	2463	0	0	-1	G				0	5.1241923e-06	0	5.124192e-06
mouse_wang_liver	ENSMUST00000130645.8	Mtfr1	Overlap_uORF	start	2464	0	0	-1	G				0	2.8267407e-06	0	2.8267405e-06
mouse_wang_liver	ENSMUST00000130645.8	Mtfr1	Overlap_uORF	start	2465	0	0	-1	T				0	9.248742e-07	0	9.2487414e-07
mouse_wang_liver	ENSMUST00000130645.8	Mtfr1	Overlap_uORF	start	2466	0	0	-1	G				0	5.8194507e-07	0	5.8194504e-07
mouse_wang_liver	ENSMUST00000130645.8	Mtfr1	Overlap_uORF	start	2467	0	0	-1	T				0	5.6849285e-06	0	5.6849282e-06
mouse_wang_liver	ENSMUST00000130645.8	Mtfr1	Overlap_uORF	start	2468	0	0	-1	T				0	4.2268562e-06	0	4.2268559e-06
mouse_wang_liver	ENSMUST00000130645.8	Mtfr1	Overlap_uORF	start	2469	0	0	-1	A				0	4.5300349e-06	0	4.5300346e-06
mouse_wang_liver	ENSMUST00000130645.8	Mtfr1	Overlap_uORF	start	2470	0	0	-1	T				0	2.0197335e-06	0	2.0197334e-06
mouse_wang_liver	ENSMUST00000130645.8	Mtfr1	Overlap_uORF	start	2471	0	0	-1	T				0	7.4175682e-07	0	7.4175678e-07
mouse_wang_liver	ENSMUST00000130645.8	Mtfr1	Overlap_uORF	start	2472	0	0	-1	A				0	5.6102607e-07	0	5.6102604e-07
mouse_wang_liver	ENSMUST00000130645.8	Mtfr1	Overlap_uORF	start	2473	0	0	-1	G				0	4.3158235e-07	0	4.3158232e-07
mouse_wang_liver	ENSMUST00000130645.8	Mtfr1	Overlap_uORF	start	2474	0	0	-1	A				0	1.7509191e-07	0	1.750919e-07
mouse_wang_liver	ENSMUST00000130645.8	Mtfr1	Overlap_uORF	start	2475	0	0	-1	A				0	4.4159105e-08	0	4.4159102e-08
mouse_wang_liver	ENSMUST00000130645.8	Mtfr1	Overlap_uORF	start	2476	0	0	-1	A				0	4.0823537e-07	0	4.0823534e-07
mouse_wang_liver	ENSMUST00000130645.8	Mtfr1	Overlap_uORF	start	2477	0	0	-1	G				0	1.1108841e-07	0	1.110884e-07
mouse_wang_liver	ENSMUST00000130645.8	Mtfr1	Overlap_uORF	start	2478	0	0	-1	T				0	7.446198e-08	0	7.4461975e-08
mouse_wang_liver	ENSMUST00000130645.8	Mtfr1	Overlap_uORF	start	2479	0	0	-1	A				0	3.1931842e-07	0	3.193184e-07
mouse_wang_liver	ENSMUST00000130645.8	Mtfr1	Overlap_uORF	start	2480	0	0	-1	G				0	1.5973529e-07	0	1.5973528e-07
mouse_wang_liver	ENSMUST00000130645.8	Mtfr1	Overlap_uORF	start	2481	0	0	-1	A				0	5.8095475e-07	0	5.8095471e-07
mouse_wang_liver	ENSMUST00000130645.8	Mtfr1	Overlap_uORF	start	2482	0	0	-1	A				0	6.3236445e-07	0	6.3236441e-07
mouse_wang_liver	ENSMUST00000130645.8	Mtfr1	Overlap_uORF	start	2483	0	0	-1	A				0	3.9673779e-07	0	3.9673776e-07
mouse_wang_liver	ENSMUST00000130645.8	Mtfr1	Overlap_uORF	start	2484	0	0	-1	A				0	5.8059032e-07	0	5.8059029e-07
mouse_wang_liver	ENSMUST00000130645.8	Mtfr1	Overlap_uORF	start	2485	0	0	-1	C				0	2.0306834e-07	0	2.0306833e-07
mouse_wang_liver	ENSMUST00000130645.8	Mtfr1	Overlap_uORF	start	2486	0	0	-1	T				0	1.8890415e-07	0	1.8890414e-07
mouse_wang_liver	ENSMUST00000130645.8	Mtfr1	Overlap_uORF	start	2487	0	0	-1	A				0	1.7457313e-06	0	1.7457312e-06
mouse_wang_liver	ENSMUST00000130645.8	Mtfr1	Overlap_uORF	start	2488	0	0	-1	C				0	1.6118821e-06	0	1.611882e-06
mouse_wang_liver	ENSMUST00000130645.8	Mtfr1	Overlap_uORF	start	2489	0	0	-1	C				0	2.8266422e-07	0	2.826642e-07
mouse_wang_liver	ENSMUST00000130645.8	Mtfr1	Overlap_uORF	start	2490	0	0	-1	T				0	1.3399878e-06	0	1.3399877e-06
mouse_wang_liver	ENSMUST00000130645.8	Mtfr1	Overlap_uORF	start	2491	0	0	-1	T				0	1.4626918e-06	0	1.4626917e-06
mouse_wang_liver	ENSMUST00000130645.8	Mtfr1	Overlap_uORF	start	2492	0	0	-1	T				0	4.7595006e-07	0	4.7595003e-07
mouse_wang_liver	ENSMUST00000130645.8	Mtfr1	Overlap_uORF	start	2493	0	0	-1	G				0	1.0360689e-06	0	1.0360688e-06
mouse_wang_liver	ENSMUST00000130645.8	Mtfr1	Overlap_uORF	start	2494	0	0	-1	T				0	2.9982305e-06	0	2.9982303e-06
mouse_wang_liver	ENSMUST00000130645.8	Mtfr1	Overlap_uORF	start	2495	0	0	-1	T				0	2.3015673e-06	0	2.3015672e-06
mouse_wang_liver	ENSMUST00000130645.8	Mtfr1	Overlap_uORF	start	2496	0	0	-1	A				0	2.4020226e-06	0	2.4020224e-06
mouse_wang_liver	ENSMUST00000130645.8	Mtfr1	Overlap_uORF	start	2497	0	0	-1	T				0	3.7935504e-06	0	3.7935501e-06
mouse_wang_liver	ENSMUST00000130645.8	Mtfr1	Overlap_uORF	start	2498	0	0	-1	C				0	6.9611855e-07	0	6.961185e-07
mouse_wang_liver	ENSMUST00000130645.8	Mtfr1	Overlap_uORF	start	2499	0	0	-1	T				0	1.2361321e-06	0	1.236132e-06
mouse_wang_liver	ENSMUST00000130645.8	Mtfr1	Overlap_uORF	start	2500	0	0	-1	A				0	2.1324865e-06	0	2.1324864e-06
mouse_wang_liver	ENSMUST00000130645.8	Mtfr1	Overlap_uORF	start	2501	0	0	-1	G				0	1.6418022e-07	0	1.6418021e-07
mouse_wang_liver	ENSMUST00000130645.8	Mtfr1	Overlap_uORF	start	2502	0	0	-1	G				0	4.8718346e-07	0	4.8718343e-07
mouse_wang_liver	ENSMUST00000130645.8	Mtfr1	Overlap_uORF	start	2503	0	0	-1	G				0	2.0290254e-06	0	2.0290253e-06
mouse_wang_liver	ENSMUST00000130645.8	Mtfr1	Overlap_uORF	start	2504	0	0	-1	C				0	3.012758e-07	0	3.0127579e-07
mouse_wang_liver	ENSMUST00000130645.8	Mtfr1	Overlap_uORF	start	2505	0	0	-1	T				0	4.6443879e-06	0	4.6443876e-06
mouse_wang_liver	ENSMUST00000130645.8	Mtfr1	Overlap_uORF	start	2506	0	0	-1	T				0	3.28849e-06	0	3.2884898e-06
mouse_wang_liver	ENSMUST00000130645.8	Mtfr1	Overlap_uORF	start	2507	0	0	-1	G				0	3.6216816e-06	0	3.6216813e-06
mouse_wang_liver	ENSMUST00000130645.8	Mtfr1	Overlap_uORF	start	2508	0	0	-1	G				0	5.8715209e-06	0	5.8715205e-06
mouse_wang_liver	ENSMUST00000130645.8	Mtfr1	Overlap_uORF	start	2509	0	0	-1	A				0	1.0244931e-05	0	1.0244931e-05
mouse_wang_liver	ENSMUST00000130645.8	Mtfr1	Overlap_uORF	start	2510	0	0	-1	A				0	5.3313028e-07	0	5.3313024e-07
mouse_wang_liver	ENSMUST00000130645.8	Mtfr1	Overlap_uORF	start	2511	0	0	-1	G				0	1.1965338e-06	0	1.1965338e-06
mouse_wang_liver	ENSMUST00000130645.8	Mtfr1	Overlap_uORF	start	2512	0	0	-1	G				0	3.7600336e-07	0	3.7600333e-07
mouse_wang_liver	ENSMUST00000130645.8	Mtfr1	Overlap_uORF	start	2513	0	0	-1	A				0	1.733963e-07	0	1.7339629e-07
mouse_wang_liver	ENSMUST00000130645.8	Mtfr1	Overlap_uORF	start	2514	0	0	-1	C				0	1.3018304e-07	0	1.3018303e-07
mouse_wang_liver	ENSMUST00000130645.8	Mtfr1	Overlap_uORF	start	2515	0	0	-1	T				0	3.6939494e-07	0	3.6939492e-07
mouse_wang_liver	ENSMUST00000130645.8	Mtfr1	Overlap_uORF	start	2516	0	0	-1	T				0	1.9935004e-07	0	1.9935003e-07
mouse_wang_liver	ENSMUST00000130645.8	Mtfr1	Overlap_uORF	start	2517	0	0	-1	A				0	9.7282509e-07	0	9.7282503e-07
mouse_wang_liver	ENSMUST00000130645.8	Mtfr1	Overlap_uORF	start	2518	0	0	-1	T				0	2.8763857e-06	0	2.8763855e-06
mouse_wang_liver	ENSMUST00000130645.8	Mtfr1	Overlap_uORF	start	2519	0	0	-1	C				0	5.1223697e-08	0	5.1223694e-08
mouse_wang_liver	ENSMUST00000130645.8	Mtfr1	Overlap_uORF	start	2520	0	0	-1	T				0	5.3160289e-08	0	5.3160285e-08
mouse_wang_liver	ENSMUST00000130645.8	Mtfr1	Overlap_uORF	start	2521	0	0	-1	A				0	3.8644311e-07	0	3.8644308e-07
mouse_wang_liver	ENSMUST00000130645.8	Mtfr1	Overlap_uORF	start	2522	0	0	-1	A				0	7.9139846e-07	0	7.9139841e-07
mouse_wang_liver	ENSMUST00000130645.8	Mtfr1	Overlap_uORF	start	2523	0	0	-1	A				0	6.4331101e-07	0	6.4331097e-07
mouse_wang_liver	ENSMUST00000130645.8	Mtfr1	Overlap_uORF	start	2524	0	0	-1	G				0	3.3990167e-07	0	3.3990165e-07
mouse_wang_liver	ENSMUST00000130645.8	Mtfr1	Overlap_uORF	start	2525	0	0	-1	T				0	1.80683e-07	0	1.8068299e-07
mouse_wang_liver	ENSMUST00000130645.8	Mtfr1	Overlap_uORF	start	2526	0	0	-1	A				0	2.6319626e-07	0	2.6319624e-07
mouse_wang_liver	ENSMUST00000130645.8	Mtfr1	Overlap_uORF	start	2527	0	0	-1	C				0	5.6617148e-07	0	5.6617144e-07
mouse_wang_liver	ENSMUST00000130645.8	Mtfr1	Overlap_uORF	start	2528	0	0	-1	T				0	5.3300016e-07	0	5.3300013e-07
mouse_wang_liver	ENSMUST00000130645.8	Mtfr1	Overlap_uORF	start	2529	0	0	-1	T				0	9.7337221e-08	0	9.7337215e-08
mouse_wang_liver	ENSMUST00000130645.8	Mtfr1	Overlap_uORF	start	2530	0	0	-1	A				0	8.1597182e-06	0	8.1597177e-06
mouse_wang_liver	ENSMUST00000130645.8	Mtfr1	Overlap_uORF	start	2531	0	0	-1	G				0	5.7166869e-07	0	5.7166866e-07
mouse_wang_liver	ENSMUST00000130645.8	Mtfr1	Overlap_uORF	start	2532	0	0	-1	T				0	1.0150475e-06	0	1.0150474e-06
mouse_wang_liver	ENSMUST00000130645.8	Mtfr1	Overlap_uORF	start	2533	0	0	-1	A				0	6.3159001e-07	0	6.3158997e-07
mouse_wang_liver	ENSMUST00000130645.8	Mtfr1	Overlap_uORF	start	2534	0	0	-1	G				0	1.8719453e-07	0	1.8719452e-07
mouse_wang_liver	ENSMUST00000130645.8	Mtfr1	Overlap_uORF	start	2535	0	0	-1	T				0	2.1075821e-06	0	2.1075819e-06
mouse_wang_liver	ENSMUST00000130645.8	Mtfr1	Overlap_uORF	start	2536	0	0	-1	T				0	1.1865426e-07	0	1.1865425e-07
mouse_wang_liver	ENSMUST00000130645.8	Mtfr1	Overlap_uORF	start	2537	0	0	-1	T				0	4.5080273e-07	0	4.508027e-07
mouse_wang_liver	ENSMUST00000130645.8	Mtfr1	Overlap_uORF	start	2538	0	0	-1	A				0	2.6250891e-07	0	2.6250889e-07
mouse_wang_liver	ENSMUST00000130645.8	Mtfr1	Overlap_uORF	start	2539	0	0	-1	C				0	1.1204123e-06	0	1.1204123e-06
mouse_wang_liver	ENSMUST00000130645.8	Mtfr1	Overlap_uORF	start	2540	0	0	-1	C				0	2.8769784e-06	0	2.8769783e-06
mouse_wang_liver	ENSMUST00000130645.8	Mtfr1	Overlap_uORF	start	2541	0	0	-1	A				0	3.4640391e-06	0	3.4640389e-06
mouse_wang_liver	ENSMUST00000130645.8	Mtfr1	Overlap_uORF	start	2542	0	0	-1	T				0	5.2173283e-07	0	5.217328e-07
mouse_wang_liver	ENSMUST00000130645.8	Mtfr1	Overlap_uORF	start	2543	0	0	-1	G				0	5.6152658e-07	0	5.6152654e-07
mouse_wang_liver	ENSMUST00000130645.8	Mtfr1	Overlap_uORF	start	2544	0	0	-1	A				0	2.0192308e-06	0	2.0192307e-06
mouse_wang_liver	ENSMUST00000130645.8	Mtfr1	Overlap_uORF	start	2545	0	0	-1	T				0	2.3244284e-06	0	2.3244282e-06
mouse_wang_liver	ENSMUST00000130645.8	Mtfr1	Overlap_uORF	start	2546	0	0	-1	T				0	3.2902722e-06	0	3.290272e-06
mouse_wang_liver	ENSMUST00000130645.8	Mtfr1	Overlap_uORF	start	2547	0	0	-1	T				0	3.7606701e-06	0	3.7606699e-06
mouse_wang_liver	ENSMUST00000130645.8	Mtfr1	Overlap_uORF	start	2548	0	0	-1	T				0	8.111273e-06	0	8.1112725e-06
mouse_wang_liver	ENSMUST00000130645.8	Mtfr1	Overlap_uORF	start	2549	0	0	-1	T				0	7.2739294e-06	0	7.273929e-06
mouse_wang_liver	ENSMUST00000130645.8	Mtfr1	Overlap_uORF	start	2550	0	0	-1	G				0	1.4993798e-05	0	1.4993797e-05
mouse_wang_liver	ENSMUST00000130645.8	Mtfr1	Overlap_uORF	start	2551	0	0	-1	T				0	7.477355e-07	0	7.4773545e-07
mouse_wang_liver	ENSMUST00000130645.8	Mtfr1	Overlap_uORF	start	2552	0	0	-1	G				0	1.5387927e-07	0	1.5387926e-07
mouse_wang_liver	ENSMUST00000130645.8	Mtfr1	Overlap_uORF	start	2553	0	0	-1	T				0	3.7752844e-08	0	3.7752842e-08
mouse_wang_liver	ENSMUST00000130645.8	Mtfr1	Overlap_uORF	start	2554	0	0	-1	T				0	6.1651696e-07	0	6.1651692e-07
mouse_wang_liver	ENSMUST00000130645.8	Mtfr1	Overlap_uORF	start	2555	0	0	-1	T				0	7.976397e-07	0	7.9763965e-07
mouse_wang_liver	ENSMUST00000130645.8	Mtfr1	Overlap_uORF	start	2556	0	0	-1	C				0	1.180146e-07	0	1.180146e-07
mouse_wang_liver	ENSMUST00000130645.8	Mtfr1	Overlap_uORF	start	2557	0	0	-1	T				0	1.0338175e-06	0	1.0338174e-06
mouse_wang_liver	ENSMUST00000130645.8	Mtfr1	Overlap_uORF	start	2558	0	0	-1	G				0	1.0068428e-06	0	1.0068427e-06
mouse_wang_liver	ENSMUST00000130645.8	Mtfr1	Overlap_uORF	start	2559	0	0	-1	A				0	4.6784357e-06	0	4.6784355e-06
mouse_wang_liver	ENSMUST00000130645.8	Mtfr1	Overlap_uORF	start	2560	0	0	-1	T				0	3.3425006e-06	0	3.3425004e-06
mouse_wang_liver	ENSMUST00000130645.8	Mtfr1	Overlap_uORF	start	2561	0	0	-1	A				0	1.7845032e-05	0	1.7845031e-05
mouse_wang_liver	ENSMUST00000130645.8	Mtfr1	Overlap_uORF	start	2562	0	0	-1	A				0	3.0981284e-06	0	3.0981283e-06
mouse_wang_liver	ENSMUST00000130645.8	Mtfr1	Overlap_uORF	start	2563	0	0	-1	G				0	1.0195324e-06	0	1.0195324e-06
mouse_wang_liver	ENSMUST00000130645.8	Mtfr1	Overlap_uORF	start	2564	0	0	-1	A				0	8.2895383e-07	0	8.2895378e-07
mouse_wang_liver	ENSMUST00000130645.8	Mtfr1	Overlap_uORF	start	2565	0	0	-1	C				0	3.9805159e-06	0	3.9805156e-06
mouse_wang_liver	ENSMUST00000130645.8	Mtfr1	Overlap_uORF	start	2566	0	0	-1	T				0	1.8647621e-06	0	1.864762e-06
mouse_wang_liver	ENSMUST00000130645.8	Mtfr1	Overlap_uORF	start	2567	0	0	-1	C				0	2.6186992e-06	0	2.6186991e-06
mouse_wang_liver	ENSMUST00000130645.8	Mtfr1	Overlap_uORF	start	2568	0	0	-1	T				0	2.0352909e-06	0	2.0352908e-06
mouse_wang_liver	ENSMUST00000130645.8	Mtfr1	Overlap_uORF	start	2569	0	0	-1	T				0	8.4938756e-07	0	8.4938751e-07
mouse_wang_liver	ENSMUST00000130645.8	Mtfr1	Overlap_uORF	start	2570	0	0	-1	T				0	2.4618228e-07	0	2.4618227e-07
mouse_wang_liver	ENSMUST00000130645.8	Mtfr1	Overlap_uORF	start	2571	0	0	-1	A				0	1.6579962e-07	0	1.6579961e-07
mouse_wang_liver	ENSMUST00000130645.8	Mtfr1	Overlap_uORF	start	2572	0	0	-1	A				0	5.2640962e-06	0	5.2640959e-06
mouse_wang_liver	ENSMUST00000130645.8	Mtfr1	Overlap_uORF	start	2573	0	0	-1	T				0	5.2541905e-06	0	5.2541901e-06
mouse_wang_liver	ENSMUST00000130645.8	Mtfr1	Overlap_uORF	start	2574	0	0	-1	G				0	1.5632763e-06	0	1.5632762e-06
mouse_wang_liver	ENSMUST00000130645.8	Mtfr1	Overlap_uORF	start	2575	0	0	-1	T				0	2.3751747e-06	0	2.3751746e-06
mouse_wang_liver	ENSMUST00000130645.8	Mtfr1	Overlap_uORF	start	2576	0	0	-1	C				0	4.094249e-07	0	4.0942487e-07
mouse_wang_liver	ENSMUST00000130645.8	Mtfr1	Overlap_uORF	start	2577	0	0	-1	A				0	3.0741987e-07	0	3.0741985e-07
mouse_wang_liver	ENSMUST00000130645.8	Mtfr1	Overlap_uORF	start	2578	0	0	-1	G				0	1.4199207e-06	0	1.4199207e-06
mouse_wang_liver	ENSMUST00000130645.8	Mtfr1	Overlap_uORF	start	2579	0	0	-1	A				0	1.425092e-06	0	1.4250919e-06
mouse_wang_liver	ENSMUST00000130645.8	Mtfr1	Overlap_uORF	start	2580	0	0	-1	A				0	2.4470166e-06	0	2.4470165e-06
mouse_wang_liver	ENSMUST00000130645.8	Mtfr1	Overlap_uORF	start	2581	0	0	-1	T				0	1.1051322e-06	0	1.1051322e-06
mouse_wang_liver	ENSMUST00000130645.8	Mtfr1	Overlap_uORF	start	2582	0	0	-1	C				0	1.730254e-06	0	1.7302539e-06
mouse_wang_liver	ENSMUST00000130645.8	Mtfr1	Overlap_uORF	start	2583	0	0	-1	T				0	1.2442148e-06	0	1.2442147e-06
mouse_wang_liver	ENSMUST00000130645.8	Mtfr1	Overlap_uORF	start	2584	0	0	-1	C				0	1.4665707e-06	0	1.4665706e-06
mouse_wang_liver	ENSMUST00000130645.8	Mtfr1	Overlap_uORF	start	2585	0	0	-1	T				0	7.4936895e-07	0	7.493689e-07
mouse_wang_liver	ENSMUST00000130645.8	Mtfr1	Overlap_uORF	start	2586	0	0	-1	T				0	3.5597515e-07	0	3.5597512e-07
mouse_wang_liver	ENSMUST00000130645.8	Mtfr1	Overlap_uORF	start	2587	0	0	-1	A				0	5.6708257e-07	0	5.6708253e-07
mouse_wang_liver	ENSMUST00000130645.8	Mtfr1	Overlap_uORF	start	2588	0	0	-1	C				0	3.0134663e-06	0	3.0134661e-06
mouse_wang_liver	ENSMUST00000130645.8	Mtfr1	Overlap_uORF	start	2589	0	0	-1	C				0	5.2808355e-06	0	5.2808351e-06
mouse_wang_liver	ENSMUST00000130645.8	Mtfr1	Overlap_uORF	start	2590	0	0	-1	A				0	2.598742e-06	0	2.5987418e-06
mouse_wang_liver	ENSMUST00000130645.8	Mtfr1	Overlap_uORF	start	2591	0	0	-1	T				0	2.0665025e-06	0	2.0665023e-06
mouse_wang_liver	ENSMUST00000130645.8	Mtfr1	Overlap_uORF	start	2592	0	0	-1	G				0	1.9952627e-06	0	1.9952625e-06
mouse_wang_liver	ENSMUST00000130645.8	Mtfr1	Overlap_uORF	start	2593	0	0	-1	A				0	2.5272709e-06	0	2.5272708e-06
mouse_wang_liver	ENSMUST00000130645.8	Mtfr1	Overlap_uORF	start	2594	0	0	-1	G				0	6.6501934e-07	0	6.650193e-07
mouse_wang_liver	ENSMUST00000130645.8	Mtfr1	Overlap_uORF	start	2595	0	0	-1	T				0	7.672871e-08	0	7.6728706e-08
mouse_wang_liver	ENSMUST00000130645.8	Mtfr1	Overlap_uORF	start	2596	0	0	-1	A				0	4.2642003e-07	0	4.2642e-07
mouse_wang_liver	ENSMUST00000130645.8	Mtfr1	Overlap_uORF	start	2597	0	0	-1	A				0	3.3372626e-07	0	3.3372624e-07
mouse_wang_liver	ENSMUST00000130645.8	Mtfr1	Overlap_uORF	start	2598	0	0	-1	A				0	2.4694367e-07	0	2.4694366e-07
mouse_wang_liver	ENSMUST00000130645.8	Mtfr1	Overlap_uORF	start	2599	0	0	-1	T				0	4.062068e-06	0	4.0620678e-06
mouse_wang_liver	ENSMUST00000130645.8	Mtfr1	Overlap_uORF	start	2600	0	0	-1	A				0	5.7099005e-06	0	5.7099002e-06
mouse_wang_liver	ENSMUST00000130645.8	Mtfr1	Overlap_uORF	start	2601	0	0	-1	T				0	2.5552772e-06	0	2.555277e-06
mouse_wang_liver	ENSMUST00000130645.8	Mtfr1	Overlap_uORF	start	2602	0	0	-1	T				0	2.2144429e-06	0	2.2144428e-06
mouse_wang_liver	ENSMUST00000130645.8	Mtfr1	Overlap_uORF	start	2603	0	0	-1	T				0	6.0215206e-07	0	6.0215202e-07
mouse_wang_liver	ENSMUST00000130645.8	Mtfr1	Overlap_uORF	start	2604	0	0	-1	G				0	3.5537852e-07	0	3.553785e-07
mouse_wang_liver	ENSMUST00000130645.8	Mtfr1	Overlap_uORF	start	2605	0	0	-1	G				0	1.4691106e-07	0	1.4691105e-07
mouse_wang_liver	ENSMUST00000130645.8	Mtfr1	Overlap_uORF	start	2606	0	0	-1	A				0	9.8241458e-08	0	9.8241452e-08
mouse_wang_liver	ENSMUST00000130645.8	Mtfr1	Overlap_uORF	start	2607	0	0	-1	T				0	2.0827291e-07	0	2.082729e-07
mouse_wang_liver	ENSMUST00000130645.8	Mtfr1	Overlap_uORF	start	2608	0	0	-1	T				0	3.9327662e-07	0	3.932766e-07
mouse_wang_liver	ENSMUST00000130645.8	Mtfr1	Overlap_uORF	start	2609	0	0	-1	A				0	2.4826696e-07	0	2.4826694e-07
mouse_wang_liver	ENSMUST00000130645.8	Mtfr1	Overlap_uORF	start	2610	0	0	-1	T				0	1.1186999e-06	0	1.1186998e-06
mouse_wang_liver	ENSMUST00000130645.8	Mtfr1	Overlap_uORF	start	2611	0	0	-1	T				0	1.9917873e-06	0	1.9917871e-06
mouse_wang_liver	ENSMUST00000130645.8	Mtfr1	Overlap_uORF	start	2612	0	0	-1	T				0	5.4170044e-07	0	5.4170041e-07
mouse_wang_liver	ENSMUST00000130645.8	Mtfr1	Overlap_uORF	start	2613	0	0	-1	A				0	1.8478662e-06	0	1.8478661e-06
mouse_wang_liver	ENSMUST00000130645.8	Mtfr1	Overlap_uORF	start	2614	0	0	-1	A				0	1.2693237e-06	0	1.2693236e-06
mouse_wang_liver	ENSMUST00000130645.8	Mtfr1	Overlap_uORF	start	2615	0	0	-1	A				0	3.6643851e-07	0	3.6643849e-07
mouse_wang_liver	ENSMUST00000130645.8	Mtfr1	Overlap_uORF	start	2616	0	0	-1	T				0	5.9065719e-08	0	5.9065716e-08
mouse_wang_liver	ENSMUST00000130645.8	Mtfr1	Overlap_uORF	start	2617	0	0	-1	C				0	5.5182827e-08	0	5.5182824e-08
mouse_wang_liver	ENSMUST00000130645.8	Mtfr1	Overlap_uORF	start	2618	0	0	-1	T				0	1.2497197e-08	0	1.2497196e-08
mouse_wang_liver	ENSMUST00000130645.8	Mtfr1	Overlap_uORF	start	2619	0	0	-1	A				0	1.7373894e-07	0	1.7373893e-07
mouse_wang_liver	ENSMUST00000130645.8	Mtfr1	Overlap_uORF	start	2620	0	0	-1	G				0	6.761038e-08	0	6.7610375e-08
mouse_wang_liver	ENSMUST00000130645.8	Mtfr1	Overlap_uORF	start	2621	0	0	-1	A				0	2.4244881e-07	0	2.4244879e-07
mouse_wang_liver	ENSMUST00000130645.8	Mtfr1	Overlap_uORF	start	2622	0	0	-1	C				0	8.965364e-06	0	8.9653635e-06
mouse_wang_liver	ENSMUST00000130645.8	Mtfr1	Overlap_uORF	start	2623	0	0	-1	T				0	4.8862198e-06	0	4.8862195e-06
mouse_wang_liver	ENSMUST00000130645.8	Mtfr1	Overlap_uORF	start	2624	0	0	-1	A				0	4.9815299e-05	0	4.9815295e-05
mouse_wang_liver	ENSMUST00000130645.8	Mtfr1	Overlap_uORF	start	2625	0	0	-1	T				0	3.8482242e-05	0	3.8482239e-05
mouse_wang_liver	ENSMUST00000130645.8	Mtfr1	Overlap_uORF	start	2626	0	0	-1	T				0	5.9613567e-06	0	5.9613563e-06
mouse_wang_liver	ENSMUST00000130645.8	Mtfr1	Overlap_uORF	start	2627	0	0	-1	G				0	2.3825356e-05	0	2.3825355e-05
mouse_wang_liver	ENSMUST00000130645.8	Mtfr1	Overlap_uORF	start	2628	0	0	-1	G				0	1.0992311e-06	0	1.099231e-06
mouse_wang_liver	ENSMUST00000130645.8	Mtfr1	Overlap_uORF	start	2629	0	0	-1	T				0	2.5037886e-07	0	2.5037885e-07
mouse_wang_liver	ENSMUST00000130645.8	Mtfr1	Overlap_uORF	start	2630	0	0	-1	T				0	6.714306e-06	0	6.7143056e-06
mouse_wang_liver	ENSMUST00000130645.8	Mtfr1	Overlap_uORF	start	2631	0	0	-1	C				0	2.3022754e-05	0	2.3022753e-05
mouse_wang_liver	ENSMUST00000130645.8	Mtfr1	Overlap_uORF	start	2632	0	0	-1	T				0	3.7499385e-07	0	3.7499382e-07
mouse_wang_liver	ENSMUST00000130645.8	Mtfr1	Overlap_uORF	start	2633	0	0	-1	T				0	5.9967635e-07	0	5.9967632e-07
mouse_wang_liver	ENSMUST00000130645.8	Mtfr1	Overlap_uORF	start	2634	0	0	-1	C				0	5.0202124e-07	0	5.0202121e-07
mouse_wang_liver	ENSMUST00000130645.8	Mtfr1	Overlap_uORF	start	2635	0	0	-1	C				0	1.3259519e-05	0	1.3259518e-05
mouse_wang_liver	ENSMUST00000130645.8	Mtfr1	Overlap_uORF	start	2636	0	0	-1	C				0	2.9814391e-06	0	2.981439e-06
mouse_wang_liver	ENSMUST00000130645.8	Mtfr1	Overlap_uORF	start	2637	0	0	-1	A				0	7.7854638e-06	0	7.7854633e-06
mouse_wang_liver	ENSMUST00000130645.8	Mtfr1	Overlap_uORF	start	2638	0	0	-1	G				0	2.4608888e-05	0	2.4608886e-05
mouse_wang_liver	ENSMUST00000130645.8	Mtfr1	Overlap_uORF	start	2639	0	0	-1	A				0	2.6487946e-06	0	2.6487945e-06
mouse_wang_liver	ENSMUST00000130645.8	Mtfr1	Overlap_uORF	start	2640	0	0	-1	G				0	1.7043672e-05	0	1.7043671e-05
mouse_wang_liver	ENSMUST00000130645.8	Mtfr1	Overlap_uORF	start	2641	0	0	-1	T				0	2.1812134e-06	0	2.1812133e-06
mouse_wang_liver	ENSMUST00000130645.8	Mtfr1	Overlap_uORF	start	2642	0	0	-1	T				0	1.961318e-05	0	1.9613179e-05
mouse_wang_liver	ENSMUST00000130645.8	Mtfr1	Overlap_uORF	start	2643	0	0	-1	T				0	4.6833816e-06	0	4.6833813e-06
mouse_wang_liver	ENSMUST00000130645.8	Mtfr1	Overlap_uORF	start	2644	0	0	-1	A				0	6.0554514e-05	0	6.055451e-05
mouse_wang_liver	ENSMUST00000130645.8	Mtfr1	Overlap_uORF	start	2645	0	0	-1	G				0	2.0570264e-05	0	2.0570262e-05
mouse_wang_liver	ENSMUST00000130645.8	Mtfr1	Overlap_uORF	start	2646	0	0	-1	A				0	6.8536847e-06	0	6.8536843e-06
mouse_wang_liver	ENSMUST00000130645.8	Mtfr1	Overlap_uORF	start	2647	0	0	-1	G				0	5.526209e-06	0	5.5262086e-06
mouse_wang_liver	ENSMUST00000130645.8	Mtfr1	Overlap_uORF	start	2648	0	0	-1	A				0	2.4525957e-06	0	2.4525956e-06
mouse_wang_liver	ENSMUST00000130645.8	Mtfr1	Overlap_uORF	start	2649	0	0	-1	T				0	1.0153591e-06	0	1.015359e-06
mouse_wang_liver	ENSMUST00000130645.8	Mtfr1	Overlap_uORF	start	2650	0	0	-1	G				0	2.5152103e-06	0	2.5152102e-06
mouse_wang_liver	ENSMUST00000130645.8	Mtfr1	Overlap_uORF	start	2651	0	0	-1	G				0	2.6712605e-06	0	2.6712604e-06
mouse_wang_liver	ENSMUST00000130645.8	Mtfr1	Overlap_uORF	start	2652	0	0	-1	G				0	5.7976865e-07	0	5.7976862e-07
mouse_wang_liver	ENSMUST00000130645.8	Mtfr1	Overlap_uORF	start	2653	0	0	-1	A				0	7.8766004e-07	0	7.8765999e-07
mouse_wang_liver	ENSMUST00000130645.8	Mtfr1	Overlap_uORF	start	2654	0	0	-1	A				0	9.0678316e-07	0	9.067831e-07
mouse_wang_liver	ENSMUST00000130645.8	Mtfr1	Overlap_uORF	start	2655	0	0	-1	G				0	1.600275e-06	0	1.6002749e-06
mouse_wang_liver	ENSMUST00000130645.8	Mtfr1	Overlap_uORF	start	2656	0	0	-1	T				0	2.9054497e-06	0	2.9054495e-06
mouse_wang_liver	ENSMUST00000130645.8	Mtfr1	Overlap_uORF	start	2657	0	0	-1	G				0	3.1415582e-06	0	3.141558e-06
mouse_wang_liver	ENSMUST00000130645.8	Mtfr1	Overlap_uORF	start	2658	0	0	-1	T				0	9.2758427e-07	0	9.2758421e-07
mouse_wang_liver	ENSMUST00000130645.8	Mtfr1	Overlap_uORF	start	2659	0	0	-1	A				0	1.1616529e-06	0	1.1616528e-06
mouse_wang_liver	ENSMUST00000130645.8	Mtfr1	Overlap_uORF	start	2660	0	0	-1	G				0	8.0789528e-07	0	8.0789523e-07
mouse_wang_liver	ENSMUST00000130645.8	Mtfr1	Overlap_uORF	start	2661	0	0	-1	A				0	1.2088684e-06	0	1.2088683e-06
mouse_wang_liver	ENSMUST00000130645.8	Mtfr1	Overlap_uORF	start	2662	0	0	-1	T				0	1.6760833e-07	0	1.6760832e-07
mouse_wang_liver	ENSMUST00000130645.8	Mtfr1	Overlap_uORF	start	2663	0	0	-1	A				0	2.9308006e-07	0	2.9308005e-07
mouse_wang_liver	ENSMUST00000130645.8	Mtfr1	Overlap_uORF	start	2664	0	0	-1	A				0	9.9653357e-07	0	9.9653351e-07
mouse_wang_liver	ENSMUST00000130645.8	Mtfr1	Overlap_uORF	start	2665	0	0	-1	T				0	1.5716595e-06	0	1.5716594e-06
mouse_wang_liver	ENSMUST00000130645.8	Mtfr1	Overlap_uORF	start	2666	0	0	-1	A				0	6.3355969e-07	0	6.3355965e-07
mouse_wang_liver	ENSMUST00000130645.8	Mtfr1	Overlap_uORF	start	2667	0	0	-1	T				0	2.2534678e-06	0	2.2534676e-06
mouse_wang_liver	ENSMUST00000130645.8	Mtfr1	Overlap_uORF	start	2668	0	0	-1	T				0	8.6719319e-07	0	8.6719314e-07
mouse_wang_liver	ENSMUST00000130645.8	Mtfr1	Overlap_uORF	start	2669	0	0	-1	G				0	9.8965006e-07	0	9.8965e-07
mouse_wang_liver	ENSMUST00000130645.8	Mtfr1	Overlap_uORF	start	2670	0	0	-1	T				0	3.4115979e-07	0	3.4115977e-07
mouse_wang_liver	ENSMUST00000130645.8	Mtfr1	Overlap_uORF	start	2671	0	0	-1	A				0	7.1540164e-08	0	7.154016e-08
mouse_wang_liver	ENSMUST00000130645.8	Mtfr1	Overlap_uORF	start	2672	0	0	-1	A				0	6.0542355e-08	0	6.0542351e-08
mouse_wang_liver	ENSMUST00000130645.8	Mtfr1	Overlap_uORF	start	2673	0	0	-1	G				0	1.690674e-06	0	1.6906739e-06
mouse_wang_liver	ENSMUST00000130645.8	Mtfr1	Overlap_uORF	start	2674	0	0	-1	T				0	2.973986e-07	0	2.9739858e-07
mouse_wang_liver	ENSMUST00000130645.8	Mtfr1	Overlap_uORF	start	2675	0	0	-1	T				0	6.5219336e-07	0	6.5219332e-07
mouse_wang_liver	ENSMUST00000130645.8	Mtfr1	Overlap_uORF	start	2676	0	0	-1	A				0	3.0003628e-07	0	3.0003626e-07
mouse_wang_liver	ENSMUST00000130645.8	Mtfr1	Overlap_uORF	start	2677	0	0	-1	T				0	1.5867492e-07	0	1.5867491e-07
mouse_wang_liver	ENSMUST00000130645.8	Mtfr1	Overlap_uORF	start	2678	0	0	-1	T				0	6.9006404e-07	0	6.90064e-07
mouse_wang_liver	ENSMUST00000130645.8	Mtfr1	Overlap_uORF	start	2679	0	0	-1	G				0	4.4363171e-07	0	4.4363168e-07
mouse_wang_liver	ENSMUST00000130645.8	Mtfr1	Overlap_uORF	start	2680	0	0	-1	A				0	1.2756376e-06	0	1.2756375e-06
mouse_wang_liver	ENSMUST00000130645.8	Mtfr1	Overlap_uORF	start	2681	0	0	-1	A				0	2.6168095e-06	0	2.6168094e-06
mouse_wang_liver	ENSMUST00000130645.8	Mtfr1	Overlap_uORF	start	2682	0	0	-1	G				0	6.9175604e-07	0	6.91756e-07
mouse_wang_liver	ENSMUST00000130645.8	Mtfr1	Overlap_uORF	start	2683	0	0	-1	A				0	1.5797411e-06	0	1.579741e-06
mouse_wang_liver	ENSMUST00000130645.8	Mtfr1	Overlap_uORF	start	2684	0	0	-1	T				0	4.2940479e-07	0	4.2940477e-07
mouse_wang_liver	ENSMUST00000130645.8	Mtfr1	Overlap_uORF	start	2685	0	0	-1	A				0	1.7221117e-06	0	1.7221116e-06
mouse_wang_liver	ENSMUST00000130645.8	Mtfr1	Overlap_uORF	start	2686	0	0	-1	G				0	1.3733676e-05	0	1.3733675e-05
mouse_wang_liver	ENSMUST00000130645.8	Mtfr1	Overlap_uORF	start	2687	0	0	-1	G				0	1.4334736e-06	0	1.4334735e-06
mouse_wang_liver	ENSMUST00000130645.8	Mtfr1	Overlap_uORF	start	2688	0	0	-1	T				0	2.9956641e-06	0	2.9956639e-06
mouse_wang_liver	ENSMUST00000130645.8	Mtfr1	Overlap_uORF	start	2689	0	0	-1	G				0	4.6761961e-06	0	4.6761958e-06
mouse_wang_liver	ENSMUST00000130645.8	Mtfr1	Overlap_uORF	start	2690	0	0	-1	T				0	4.3479081e-06	0	4.3479078e-06
mouse_wang_liver	ENSMUST00000130645.8	Mtfr1	Overlap_uORF	start	2691	0	0	-1	T				0	1.983954e-06	0	1.9839539e-06
mouse_wang_liver	ENSMUST00000130645.8	Mtfr1	Overlap_uORF	start	2692	0	0	-1	C				0	2.0527411e-06	0	2.052741e-06
mouse_wang_liver	ENSMUST00000130645.8	Mtfr1	Overlap_uORF	start	2693	0	0	-1	T				0	2.9984019e-06	0	2.9984017e-06
mouse_wang_liver	ENSMUST00000130645.8	Mtfr1	Overlap_uORF	start	2694	0	0	-1	A				0	7.395812e-07	0	7.3958115e-07
mouse_wang_liver	ENSMUST00000130645.8	Mtfr1	Overlap_uORF	start	2695	0	0	-1	A				0	3.9271256e-07	0	3.9271254e-07
mouse_wang_liver	ENSMUST00000130645.8	Mtfr1	Overlap_uORF	start	2696	0	0	-1	A				0	2.1113763e-06	0	2.1113761e-06
mouse_wang_liver	ENSMUST00000130645.8	Mtfr1	Overlap_uORF	start	2697	0	0	-1	T				0	2.5267502e-06	0	2.5267501e-06
mouse_wang_liver	ENSMUST00000130645.8	Mtfr1	Overlap_uORF	start	2698	0	0	-1	C				0	3.424833e-07	0	3.4248328e-07
mouse_wang_liver	ENSMUST00000130645.8	Mtfr1	Overlap_uORF	start	2699	0	0	-1	A				0	1.4160275e-06	0	1.4160275e-06
mouse_wang_liver	ENSMUST00000130645.8	Mtfr1	Overlap_uORF	start	2700	0	0	-1	T				0	6.8837869e-07	0	6.8837865e-07
mouse_wang_liver	ENSMUST00000130645.8	Mtfr1	Overlap_uORF	start	2701	0	0	-1	A				0	6.1703837e-08	0	6.1703833e-08
mouse_wang_liver	ENSMUST00000130645.8	Mtfr1	Overlap_uORF	start	2702	0	0	-1	C				0	5.7233606e-08	0	5.7233603e-08
mouse_wang_liver	ENSMUST00000130645.8	Mtfr1	Overlap_uORF	start	2703	0	0	-1	A				0	6.2636605e-07	0	6.2636601e-07
mouse_wang_liver	ENSMUST00000130645.8	Mtfr1	Overlap_uORF	start	2704	0	0	-1	A				0	2.6530151e-07	0	2.6530149e-07
mouse_wang_liver	ENSMUST00000130645.8	Mtfr1	Overlap_uORF	start	2705	0	0	-1	A				0	7.99917e-08	0	7.9991695e-08
mouse_wang_liver	ENSMUST00000130645.8	Mtfr1	Overlap_uORF	start	2706	0	0	-1	G				0	2.8663348e-07	0	2.8663346e-07
mouse_wang_liver	ENSMUST00000130645.8	Mtfr1	Overlap_uORF	start	2707	0	0	-1	A				0	4.0887357e-07	0	4.0887355e-07
mouse_wang_liver	ENSMUST00000130645.8	Mtfr1	Overlap_uORF	start	2708	0	0	-1	C				0	7.8508365e-06	0	7.850836e-06
mouse_wang_liver	ENSMUST00000130645.8	Mtfr1	Overlap_uORF	start	2709	0	0	-1	T				0	3.3691724e-06	0	3.3691722e-06
mouse_wang_liver	ENSMUST00000130645.8	Mtfr1	Overlap_uORF	start	2710	0	0	-1	G				0	3.572633e-06	0	3.5726328e-06
mouse_wang_liver	ENSMUST00000130645.8	Mtfr1	Overlap_uORF	start	2711	0	0	-1	G				0	9.9145682e-06	0	9.9145676e-06
mouse_wang_liver	ENSMUST00000130645.8	Mtfr1	Overlap_uORF	start	2712	0	0	-1	G				0	1.0465795e-06	0	1.0465795e-06
mouse_wang_liver	ENSMUST00000130645.8	Mtfr1	Overlap_uORF	start	2713	0	0	-1	C				0	3.2580792e-06	0	3.258079e-06
mouse_wang_liver	ENSMUST00000130645.8	Mtfr1	Overlap_uORF	start	2714	0	0	-1	T				0	3.7131333e-06	0	3.7131331e-06
mouse_wang_liver	ENSMUST00000130645.8	Mtfr1	Overlap_uORF	start	2715	0	0	-1	A				0	1.1416486e-05	0	1.1416485e-05
mouse_wang_liver	ENSMUST00000130645.8	Mtfr1	Overlap_uORF	start	2716	0	0	-1	T				0	8.2611714e-06	0	8.2611709e-06
mouse_wang_liver	ENSMUST00000130645.8	Mtfr1	Overlap_uORF	start	2717	0	0	-1	T				0	8.5209257e-07	0	8.5209252e-07
mouse_wang_liver	ENSMUST00000130645.8	Mtfr1	Overlap_uORF	start	2718	0	0	-1	T				0	2.0316047e-06	0	2.0316046e-06
mouse_wang_liver	ENSMUST00000130645.8	Mtfr1	Overlap_uORF	start	2719	0	0	-1	T				0	2.1971124e-07	0	2.1971123e-07
mouse_wang_liver	ENSMUST00000130645.8	Mtfr1	Overlap_uORF	start	2720	0	0	-1	T				0	1.9951142e-06	0	1.9951141e-06
mouse_wang_liver	ENSMUST00000130645.8	Mtfr1	Overlap_uORF	start	2721	0	0	-1	T				0	1.0059623e-05	0	1.0059622e-05
mouse_wang_liver	ENSMUST00000130645.8	Mtfr1	Overlap_uORF	start	2722	0	0	-1	C				0	4.4143148e-06	0	4.4143146e-06
mouse_wang_liver	ENSMUST00000130645.8	Mtfr1	Overlap_uORF	start	2723	0	0	-1	A				0	8.5212508e-07	0	8.5212503e-07
mouse_wang_liver	ENSMUST00000130645.8	Mtfr1	Overlap_uORF	start	2724	0	0	-1	T				0	2.4094595e-07	0	2.4094594e-07
mouse_wang_liver	ENSMUST00000130645.8	Mtfr1	Overlap_uORF	start	2725	0	0	-1	A				0	2.130203e-07	0	2.1302029e-07
mouse_wang_liver	ENSMUST00000130645.8	Mtfr1	Overlap_uORF	start	2726	0	0	-1	G				0	1.5265528e-07	0	1.5265527e-07
mouse_wang_liver	ENSMUST00000130645.8	Mtfr1	Overlap_uORF	start	2727	0	0	-1	C				0	5.1322075e-08	0	5.1322072e-08
mouse_wang_liver	ENSMUST00000130645.8	Mtfr1	Overlap_uORF	start	2728	0	0	-1	A				0	6.6789696e-08	0	6.6789691e-08
mouse_wang_liver	ENSMUST00000130645.8	Mtfr1	Overlap_uORF	start	2729	0	0	-1	T				0	3.5111615e-08	0	3.5111613e-08
mouse_wang_liver	ENSMUST00000130645.8	Mtfr1	Overlap_uORF	start	2730	0	0	-1	A				0	8.0786556e-08	0	8.0786551e-08
mouse_wang_liver	ENSMUST00000130645.8	Mtfr1	Overlap_uORF	start	2731	0	0	-1	T				0	1.2984486e-06	0	1.2984486e-06
mouse_wang_liver	ENSMUST00000130645.8	Mtfr1	Overlap_uORF	start	2732	0	0	-1	T				0	6.2196835e-07	0	6.2196832e-07
mouse_wang_liver	ENSMUST00000130645.8	Mtfr1	Overlap_uORF	start	2733	0	0	-1	T				0	9.1738407e-08	0	9.1738401e-08
mouse_wang_liver	ENSMUST00000130645.8	Mtfr1	Overlap_uORF	start	2734	0	0	-1	A				0	4.0446498e-06	0	4.0446496e-06
mouse_wang_liver	ENSMUST00000130645.8	Mtfr1	Overlap_uORF	start	2735	0	0	-1	G				0	8.3078442e-07	0	8.3078436e-07
mouse_wang_liver	ENSMUST00000130645.8	Mtfr1	Overlap_uORF	start	2736	0	0	-1	T				0	2.217467e-06	0	2.2174669e-06
mouse_wang_liver	ENSMUST00000130645.8	Mtfr1	Overlap_uORF	start	2737	0	0	-1	T				0	4.4632472e-07	0	4.4632469e-07
mouse_wang_liver	ENSMUST00000130645.8	Mtfr1	Overlap_uORF	start	2738	0	0	-1	T				0	4.3634833e-07	0	4.363483e-07
mouse_wang_liver	ENSMUST00000130645.8	Mtfr1	Overlap_uORF	start	2739	0	0	-1	A				0	5.0594103e-08	0	5.05941e-08
mouse_wang_liver	ENSMUST00000130645.8	Mtfr1	Overlap_uORF	start	2740	0	0	-1	A				0	1.279071e-07	0	1.2790709e-07
mouse_wang_liver	ENSMUST00000130645.8	Mtfr1	Overlap_uORF	start	2741	0	0	-1	A				0	2.8350149e-08	0	2.8350147e-08
mouse_wang_liver	ENSMUST00000130645.8	Mtfr1	Overlap_uORF	start	2742	0	0	-1	T				0	8.156178e-08	0	8.1561775e-08
mouse_wang_liver	ENSMUST00000130645.8	Mtfr1	Overlap_uORF	start	2743	0	0	-1	T				0	4.412978e-07	0	4.4129777e-07
mouse_wang_liver	ENSMUST00000130645.8	Mtfr1	Overlap_uORF	start	2744	0	0	-1	G				0	4.7101153e-07	0	4.710115e-07
mouse_wang_liver	ENSMUST00000130645.8	Mtfr1	Overlap_uORF	start	2745	0	0	-1	T				0	1.7516072e-07	0	1.7516071e-07
mouse_wang_liver	ENSMUST00000130645.8	Mtfr1	Overlap_uORF	start	2746	0	0	-1	G				0	4.4410751e-07	0	4.4410749e-07
mouse_wang_liver	ENSMUST00000130645.8	Mtfr1	Overlap_uORF	start	2747	0	0	-1	G				0	1.2184141e-07	0	1.218414e-07
mouse_wang_liver	ENSMUST00000130645.8	Mtfr1	Overlap_uORF	start	2748	0	0	-1	T				0	2.7071891e-07	0	2.707189e-07
mouse_wang_liver	ENSMUST00000130645.8	Mtfr1	Overlap_uORF	start	2749	0	0	-1	A				0	2.0021569e-06	0	2.0021567e-06
mouse_wang_liver	ENSMUST00000130645.8	Mtfr1	Overlap_uORF	start	2750	0	0	-1	T				0	6.3978871e-07	0	6.3978867e-07
mouse_wang_liver	ENSMUST00000130645.8	Mtfr1	Overlap_uORF	start	2751	0	0	-1	G				0	4.4671328e-06	0	4.4671326e-06
mouse_wang_liver	ENSMUST00000130645.8	Mtfr1	Overlap_uORF	start	2752	0	0	-1	T				0	1.8911911e-06	0	1.891191e-06
mouse_wang_liver	ENSMUST00000130645.8	Mtfr1	Overlap_uORF	start	2753	0	0	-1	T				0	1.9661647e-07	0	1.9661646e-07
mouse_wang_liver	ENSMUST00000130645.8	Mtfr1	Overlap_uORF	start	2754	0	0	-1	T				0	2.0664305e-07	0	2.0664304e-07
mouse_wang_liver	ENSMUST00000130645.8	Mtfr1	Overlap_uORF	start	2755	0	0	-1	T				0	2.1498188e-06	0	2.1498187e-06
mouse_wang_liver	ENSMUST00000130645.8	Mtfr1	Overlap_uORF	start	2756	0	0	-1	T				0	1.0556066e-07	0	1.0556065e-07
mouse_wang_liver	ENSMUST00000130645.8	Mtfr1	Overlap_uORF	start	2757	0	0	-1	G				0	2.8032863e-07	0	2.8032862e-07
mouse_wang_liver	ENSMUST00000130645.8	Mtfr1	Overlap_uORF	start	2758	0	0	-1	C				0	2.41675e-07	0	2.4167498e-07
mouse_wang_liver	ENSMUST00000130645.8	Mtfr1	Overlap_uORF	start	2759	0	0	-1	T				0	2.1768483e-07	0	2.1768481e-07
mouse_wang_liver	ENSMUST00000130645.8	Mtfr1	Overlap_uORF	start	2760	0	0	-1	G				0	1.6653356e-08	0	1.6653355e-08
mouse_wang_liver	ENSMUST00000130645.8	Mtfr1	Overlap_uORF	start	2761	0	0	-1	T				0	4.2782681e-08	0	4.2782678e-08
mouse_wang_liver	ENSMUST00000130645.8	Mtfr1	Overlap_uORF	start	2762	0	0	-1	A				0	2.2396348e-07	0	2.2396347e-07
mouse_wang_liver	ENSMUST00000130645.8	Mtfr1	Overlap_uORF	start	2763	0	0	-1	T				0	3.383538e-07	0	3.3835378e-07
mouse_wang_liver	ENSMUST00000130645.8	Mtfr1	Overlap_uORF	start	2764	0	0	-1	A				0	1.4402621e-06	0	1.440262e-06
mouse_wang_liver	ENSMUST00000130645.8	Mtfr1	Overlap_uORF	start	2765	0	0	-1	T				0	2.4788133e-07	0	2.4788132e-07
mouse_wang_liver	ENSMUST00000130645.8	Mtfr1	Overlap_uORF	start	2766	0	0	-1	T				0	7.6045396e-08	0	7.6045391e-08
mouse_wang_liver	ENSMUST00000130645.8	Mtfr1	Overlap_uORF	start	2767	0	0	-1	G				0	2.8292203e-07	0	2.8292201e-07
mouse_wang_liver	ENSMUST00000130645.8	Mtfr1	Overlap_uORF	start	2768	0	0	-1	T				0	3.7458352e-07	0	3.745835e-07
mouse_wang_liver	ENSMUST00000130645.8	Mtfr1	Overlap_uORF	start	2769	0	0	-1	T				0	2.4752464e-07	0	2.4752462e-07
mouse_wang_liver	ENSMUST00000130645.8	Mtfr1	Overlap_uORF	start	2770	0	0	-1	T				0	7.3560088e-08	0	7.3560083e-08
mouse_wang_liver	ENSMUST00000130645.8	Mtfr1	Overlap_uORF	start	2771	0	0	-1	C				0	4.4974766e-07	0	4.4974763e-07
mouse_wang_liver	ENSMUST00000130645.8	Mtfr1	Overlap_uORF	start	2772	0	0	-1	T				0	2.5188407e-07	0	2.5188406e-07
mouse_wang_liver	ENSMUST00000130645.8	Mtfr1	Overlap_uORF	start	2773	0	0	-1	A				0	3.5880149e-08	0	3.5880146e-08
mouse_wang_liver	ENSMUST00000130645.8	Mtfr1	Overlap_uORF	start	2774	0	0	-1	A				0	2.8717233e-08	0	2.8717231e-08
mouse_wang_liver	ENSMUST00000130645.8	Mtfr1	Overlap_uORF	start	2775	0	0	-1	A				0	2.5698546e-08	0	2.5698544e-08
mouse_wang_liver	ENSMUST00000130645.8	Mtfr1	Overlap_uORF	start	2776	0	0	-1	T				0	4.5430351e-08	0	4.5430348e-08
mouse_wang_liver	ENSMUST00000130645.8	Mtfr1	Overlap_uORF	start	2777	0	0	-1	A				0	6.9738739e-08	0	6.9738735e-08
mouse_wang_liver	ENSMUST00000130645.8	Mtfr1	Overlap_uORF	start	2778	0	0	-1	T				0	1.5506603e-07	0	1.5506602e-07
mouse_wang_liver	ENSMUST00000130645.8	Mtfr1	Overlap_uORF	start	2779	0	0	-1	T				0	1.3144523e-08	0	1.3144522e-08
mouse_wang_liver	ENSMUST00000130645.8	Mtfr1	Overlap_uORF	start	2780	0	0	-1	T				0	1.725118e-08	0	1.7251179e-08
mouse_wang_liver	ENSMUST00000130645.8	Mtfr1	Overlap_uORF	start	2781	0	0	-1	T				0	3.6877385e-08	0	3.6877382e-08
mouse_wang_liver	ENSMUST00000130645.8	Mtfr1	Overlap_uORF	start	2782	0	0	-1	T				0	8.8613152e-09	0	8.8613147e-09
mouse_wang_liver	ENSMUST00000130645.8	Mtfr1	Overlap_uORF	start	2783	0	0	-1	T				0	6.5795458e-09	0	6.5795454e-09
mouse_wang_liver	ENSMUST00000130645.8	Mtfr1	Overlap_uORF	start	2784	0	0	-1	A				0	8.1080742e-09	0	8.1080737e-09
mouse_wang_liver	ENSMUST00000130645.8	Mtfr1	Overlap_uORF	start	2785	0	0	-1	T				0	2.6736533e-08	0	2.6736531e-08
mouse_wang_liver	ENSMUST00000130645.8	Mtfr1	Overlap_uORF	start	2786	0	0	-1	G				0	1.2991187e-08	0	1.2991186e-08
mouse_wang_liver	ENSMUST00000130645.8	Mtfr1	Overlap_uORF	start	2787	0	0	-1	G				0	1.4907373e-08	0	1.4907372e-08
mouse_wang_liver	ENSMUST00000130645.8	Mtfr1	Overlap_uORF	start	2788	0	0	-1	T				0	3.3890974e-08	0	3.3890971e-08
mouse_wang_liver	ENSMUST00000130645.8	Mtfr1	Overlap_uORF	start	2789	0	0	-1	T				0	6.8380871e-08	0	6.8380867e-08
mouse_wang_liver	ENSMUST00000130645.8	Mtfr1	Overlap_uORF	start	2790	0	0	-1	T				0	1.2755311e-07	0	1.275531e-07
mouse_wang_liver	ENSMUST00000130645.8	Mtfr1	Overlap_uORF	start	2791	0	0	-1	G				0	9.2446989e-08	0	9.2446983e-08
mouse_wang_liver	ENSMUST00000130645.8	Mtfr1	Overlap_uORF	start	2792	0	0	-1	A				0	2.6441796e-07	0	2.6441795e-07
mouse_wang_liver	ENSMUST00000130645.8	Mtfr1	Overlap_uORF	start	2793	0	0	-1	A				0	1.0040143e-06	0	1.0040142e-06
mouse_wang_liver	ENSMUST00000130645.8	Mtfr1	Overlap_uORF	start	2794	0	0	-1	A				0	1.7047452e-06	0	1.7047451e-06
mouse_wang_liver	ENSMUST00000130645.8	Mtfr1	Overlap_uORF	start	2795	0	0	-1	A				0	5.0488884e-06	0	5.0488881e-06
mouse_wang_liver	ENSMUST00000130645.8	Mtfr1	Overlap_uORF	start	2796	0	0	-1	C				0	1.2318715e-05	0	1.2318714e-05
mouse_wang_liver	ENSMUST00000130645.8	Mtfr1	Overlap_uORF	start	2797	0	0	-1	T				0	6.9330417e-07	0	6.9330413e-07
mouse_wang_liver	ENSMUST00000130645.8	Mtfr1	Overlap_uORF	start	2798	0	0	-1	G				0	1.3129295e-07	0	1.3129294e-07
mouse_wang_liver	ENSMUST00000130645.8	Mtfr1	Overlap_uORF	start	2799	0	0	-1	T				0	3.8976981e-07	0	3.8976979e-07
mouse_wang_liver	ENSMUST00000130645.8	Mtfr1	Overlap_uORF	start	2800	0	0	-1	C				0	4.3291257e-07	0	4.3291254e-07
mouse_wang_liver	ENSMUST00000130645.8	Mtfr1	Overlap_uORF	start	2801	0	0	-1	T				0	7.4427504e-07	0	7.44275e-07
mouse_wang_liver	ENSMUST00000130645.8	Mtfr1	Overlap_uORF	start	2802	0	0	-1	T				0	8.6693939e-07	0	8.6693933e-07
mouse_wang_liver	ENSMUST00000130645.8	Mtfr1	Overlap_uORF	start	2803	0	0	-1	T				0	7.0007184e-07	0	7.0007179e-07
mouse_wang_liver	ENSMUST00000130645.8	Mtfr1	Overlap_uORF	start	2804	0	0	-1	T				0	1.1933589e-06	0	1.1933588e-06
mouse_wang_liver	ENSMUST00000130645.8	Mtfr1	Overlap_uORF	start	2805	0	0	-1	A				0	4.4329486e-06	0	4.4329483e-06
mouse_wang_liver	ENSMUST00000130645.8	Mtfr1	Overlap_uORF	start	2806	0	0	-1	T				0	3.1532687e-07	0	3.1532685e-07
mouse_wang_liver	ENSMUST00000130645.8	Mtfr1	Overlap_uORF	start	2807	0	0	-1	G				0	1.0947488e-07	0	1.0947488e-07
mouse_wang_liver	ENSMUST00000130645.8	Mtfr1	Overlap_uORF	start	2808	0	0	-1	A				0	2.7724087e-07	0	2.7724085e-07
mouse_wang_liver	ENSMUST00000130645.8	Mtfr1	Overlap_uORF	start	2809	0	0	-1	A				0	6.2539279e-08	0	6.2539275e-08
mouse_wang_liver	ENSMUST00000130645.8	Mtfr1	Overlap_uORF	start	2810	0	0	-1	A				0	3.1319885e-08	0	3.1319883e-08
mouse_wang_liver	ENSMUST00000130645.8	Mtfr1	Overlap_uORF	start	2811	0	0	-1	T				0	2.1208269e-08	0	2.1208268e-08
mouse_wang_liver	ENSMUST00000130645.8	Mtfr1	Overlap_uORF	start	2812	0	0	-1	T				0	7.524249e-08	0	7.5242485e-08
mouse_wang_liver	ENSMUST00000130645.8	Mtfr1	Overlap_uORF	start	2813	0	0	-1	C				0	2.9828993e-07	0	2.9828991e-07
mouse_wang_liver	ENSMUST00000130645.8	Mtfr1	Overlap_uORF	start	2814	0	0	-1	A				0	5.477055e-07	0	5.4770546e-07
mouse_wang_liver	ENSMUST00000130645.8	Mtfr1	Overlap_uORF	start	2815	0	0	-1	G				0	1.3212983e-06	0	1.3212982e-06
mouse_wang_liver	ENSMUST00000130645.8	Mtfr1	Overlap_uORF	start	2816	0	0	-1	A				0	3.4300106e-07	0	3.4300104e-07
mouse_wang_liver	ENSMUST00000130645.8	Mtfr1	Overlap_uORF	start	2817	0	0	-1	A				0	1.1622647e-06	0	1.1622646e-06
mouse_wang_liver	ENSMUST00000130645.8	Mtfr1	Overlap_uORF	start	2818	0	0	-1	A				0	4.9268729e-06	0	4.9268726e-06
mouse_wang_liver	ENSMUST00000130645.8	Mtfr1	Overlap_uORF	start	2819	0	0	-1	A				0	2.769403e-06	0	2.7694028e-06
mouse_wang_liver	ENSMUST00000130645.8	Mtfr1	Overlap_uORF	start	2820	0	0	-1	T				0	6.8462469e-07	0	6.8462465e-07
mouse_wang_liver	ENSMUST00000130645.8	Mtfr1	Overlap_uORF	start	2821	0	0	-1	T				0	2.1102612e-06	0	2.1102611e-06
mouse_wang_liver	ENSMUST00000130645.8	Mtfr1	Overlap_uORF	start	2822	0	0	-1	T				0	6.6491757e-06	0	6.6491753e-06
mouse_wang_liver	ENSMUST00000130645.8	Mtfr1	Overlap_uORF	start	2823	0	0	-1	G				0	1.3311935e-05	0	1.3311934e-05
mouse_wang_liver	ENSMUST00000130645.8	Mtfr1	Overlap_uORF	start	2824	0	0	-1	T				0	3.7193106e-06	0	3.7193104e-06
mouse_wang_liver	ENSMUST00000130645.8	Mtfr1	Overlap_uORF	start	2825	0	0	-1	G				0	1.6454773e-06	0	1.6454772e-06
mouse_wang_liver	ENSMUST00000130645.8	Mtfr1	Overlap_uORF	start	2826	0	0	-1	T				0	9.6637461e-07	0	9.6637455e-07
mouse_wang_liver	ENSMUST00000130645.8	Mtfr1	Overlap_uORF	start	2827	0	0	-1	G				0	1.034578e-06	0	1.0345779e-06
mouse_wang_liver	ENSMUST00000130645.8	Mtfr1	Overlap_uORF	start	2828	0	0	-1	A				0	2.0080045e-06	0	2.0080043e-06
mouse_wang_liver	ENSMUST00000130645.8	Mtfr1	Overlap_uORF	start	2829	0	0	-1	C				0	1.1095378e-06	0	1.1095378e-06
mouse_wang_liver	ENSMUST00000130645.8	Mtfr1	Overlap_uORF	start	2830	0	0	-1	C				0	3.5123103e-06	0	3.5123101e-06
mouse_wang_liver	ENSMUST00000130645.8	Mtfr1	Overlap_uORF	start	2831	0	0	-1	A				0	7.5841376e-06	0	7.5841372e-06
mouse_wang_liver	ENSMUST00000130645.8	Mtfr1	Overlap_uORF	start	2832	0	0	-1	C				0	4.8696124e-06	0	4.8696121e-06
mouse_wang_liver	ENSMUST00000130645.8	Mtfr1	Overlap_uORF	start	2833	0	0	-1	A				0	3.8521088e-05	0	3.8521085e-05
mouse_wang_liver	ENSMUST00000130645.8	Mtfr1	Overlap_uORF	start	2834	0	0	-1	T				0	9.2917044e-06	0	9.2917038e-06
mouse_wang_liver	ENSMUST00000130645.8	Mtfr1	Overlap_uORF	start	2835	0	0	-1	A				0	3.1284094e-06	0	3.1284092e-06
mouse_wang_liver	ENSMUST00000130645.8	Mtfr1	Overlap_uORF	start	2836	0	0	-1	T				0	7.012037e-07	0	7.0120366e-07
mouse_wang_liver	ENSMUST00000130645.8	Mtfr1	Overlap_uORF	start	2837	0	0	-1	T				0	1.0416049e-06	0	1.0416049e-06
mouse_wang_liver	ENSMUST00000130645.8	Mtfr1	Overlap_uORF	start	2838	0	0	-1	T				0	3.8925049e-07	0	3.8925046e-07
mouse_wang_liver	ENSMUST00000130645.8	Mtfr1	Overlap_uORF	start	2839	0	0	-1	T				0	9.5443852e-07	0	9.5443846e-07
mouse_wang_liver	ENSMUST00000130645.8	Mtfr1	Overlap_uORF	start	2840	0	0	-1	G				0	2.6417143e-07	0	2.6417142e-07
mouse_wang_liver	ENSMUST00000130645.8	Mtfr1	Overlap_uORF	start	2841	0	0	-1	A				0	2.5049013e-07	0	2.5049012e-07
mouse_wang_liver	ENSMUST00000130645.8	Mtfr1	Overlap_uORF	start	2842	0	0	-1	C				0	2.6387735e-07	0	2.6387734e-07
mouse_wang_liver	ENSMUST00000130645.8	Mtfr1	Overlap_uORF	start	2843	0	0	-1	C				0	7.8546485e-08	0	7.854648e-08
mouse_wang_liver	ENSMUST00000130645.8	Mtfr1	Overlap_uORF	start	2844	0	0	-1	T				0	2.9158466e-07	0	2.9158464e-07
mouse_wang_liver	ENSMUST00000130645.8	Mtfr1	Overlap_uORF	start	2845	0	0	-1	A				0	5.7828265e-07	0	5.7828262e-07
mouse_wang_liver	ENSMUST00000130645.8	Mtfr1	Overlap_uORF	start	2846	0	0	-1	A				0	2.284557e-07	0	2.2845569e-07
mouse_wang_liver	ENSMUST00000130645.8	Mtfr1	Overlap_uORF	start	2847	0	0	-1	G				0	3.5334205e-07	0	3.5334202e-07
mouse_wang_liver	ENSMUST00000130645.8	Mtfr1	Overlap_uORF	start	2848	0	0	-1	A				0	6.4140585e-07	0	6.4140581e-07
mouse_wang_liver	ENSMUST00000130645.8	Mtfr1	Overlap_uORF	start	2849	0	0	-1	G				0	7.6967666e-07	0	7.6967661e-07
mouse_wang_liver	ENSMUST00000130645.8	Mtfr1	Overlap_uORF	start	2850	0	0	-1	T				0	2.0036985e-06	0	2.0036983e-06
mouse_wang_liver	ENSMUST00000130645.8	Mtfr1	Overlap_uORF	start	2851	0	0	-1	T				0	1.6089825e-06	0	1.6089824e-06
mouse_wang_liver	ENSMUST00000130645.8	Mtfr1	Overlap_uORF	start	2852	0	0	-1	T				0	7.100785e-07	0	7.1007845e-07
mouse_wang_liver	ENSMUST00000130645.8	Mtfr1	Overlap_uORF	start	2853	0	0	-1	A				0	4.0481359e-07	0	4.0481357e-07
mouse_wang_liver	ENSMUST00000130645.8	Mtfr1	Overlap_uORF	start	2854	0	0	-1	T				0	3.7042858e-07	0	3.7042856e-07
mouse_wang_liver	ENSMUST00000130645.8	Mtfr1	Overlap_uORF	start	2855	0	0	-1	A				0	2.8299328e-07	0	2.8299327e-07
mouse_wang_liver	ENSMUST00000130645.8	Mtfr1	Overlap_uORF	start	2856	0	0	-1	T				0	1.1623068e-06	0	1.1623068e-06
mouse_wang_liver	ENSMUST00000130645.8	Mtfr1	Overlap_uORF	start	2857	0	0	-1	T				0	2.3259231e-06	0	2.325923e-06
mouse_wang_liver	ENSMUST00000130645.8	Mtfr1	Overlap_uORF	start	2858	0	0	-1	T				0	6.1568443e-07	0	6.1568439e-07
mouse_wang_liver	ENSMUST00000130645.8	Mtfr1	Overlap_uORF	start	2859	0	0	-1	A				0	8.73411e-08	0	8.7341094e-08
mouse_wang_liver	ENSMUST00000130645.8	Mtfr1	Overlap_uORF	start	2860	0	0	-1	T				0	7.5312521e-09	0	7.5312516e-09
mouse_wang_liver	ENSMUST00000130645.8	Mtfr1	Overlap_uORF	start	2861	0	0	-1	A				0	2.4284809e-08	0	2.4284807e-08
mouse_wang_liver	ENSMUST00000130645.8	Mtfr1	Overlap_uORF	start	2862	0	0	-1	T				0	3.224948e-07	0	3.2249478e-07
mouse_wang_liver	ENSMUST00000130645.8	Mtfr1	Overlap_uORF	start	2863	0	0	-1	C				0	8.6050342e-08	0	8.6050337e-08
mouse_wang_liver	ENSMUST00000130645.8	Mtfr1	Overlap_uORF	start	2864	0	0	-1	A				0	1.9921264e-07	0	1.9921262e-07
mouse_wang_liver	ENSMUST00000130645.8	Mtfr1	Overlap_uORF	start	2865	0	0	-1	G				0	5.4543047e-08	0	5.4543044e-08
mouse_wang_liver	ENSMUST00000130645.8	Mtfr1	Overlap_uORF	start	2866	0	0	-1	T				0	1.3867378e-07	0	1.3867378e-07
mouse_wang_liver	ENSMUST00000130645.8	Mtfr1	Overlap_uORF	start	2867	0	0	-1	A				0	3.4202895e-07	0	3.4202893e-07
mouse_wang_liver	ENSMUST00000130645.8	Mtfr1	Overlap_uORF	start	2868	0	0	-1	T				0	1.2378922e-06	0	1.2378921e-06
mouse_wang_liver	ENSMUST00000130645.8	Mtfr1	Overlap_uORF	start	2869	0	0	-1	T				0	1.1134726e-06	0	1.1134726e-06
mouse_wang_liver	ENSMUST00000130645.8	Mtfr1	Overlap_uORF	start	2870	0	0	-1	G				0	9.3630661e-07	0	9.3630655e-07
mouse_wang_liver	ENSMUST00000130645.8	Mtfr1	Overlap_uORF	start	2871	0	0	-1	A				0	5.6562044e-07	0	5.656204e-07
mouse_wang_liver	ENSMUST00000130645.8	Mtfr1	Overlap_uORF	start	2872	0	0	-1	A				0	7.7021559e-07	0	7.7021555e-07
mouse_wang_liver	ENSMUST00000130645.8	Mtfr1	Overlap_uORF	start	2873	0	0	-1	T				0	7.7582877e-07	0	7.7582872e-07
mouse_wang_liver	ENSMUST00000130645.8	Mtfr1	Overlap_uORF	start	2874	0	0	-1	T				0	1.0856335e-06	0	1.0856334e-06
mouse_wang_liver	ENSMUST00000130645.8	Mtfr1	Overlap_uORF	start	2875	0	0	-1	T				0	2.1378053e-06	0	2.1378051e-06
mouse_wang_liver	ENSMUST00000130645.8	Mtfr1	Overlap_uORF	start	2876	0	0	-1	G				0	2.3118846e-06	0	2.3118845e-06
mouse_wang_liver	ENSMUST00000130645.8	Mtfr1	Overlap_uORF	start	2877	0	0	-1	G				0	8.8406694e-07	0	8.8406688e-07
mouse_wang_liver	ENSMUST00000130645.8	Mtfr1	Overlap_uORF	start	2878	0	0	-1	C				0	3.6218873e-07	0	3.6218871e-07
mouse_wang_liver	ENSMUST00000130645.8	Mtfr1	Overlap_uORF	start	2879	0	0	-1	T				0	1.6266164e-07	0	1.6266163e-07
mouse_wang_liver	ENSMUST00000130645.8	Mtfr1	Overlap_uORF	start	2880	0	0	-1	A				0	9.924288e-07	0	9.9242873e-07
mouse_wang_liver	ENSMUST00000130645.8	Mtfr1	Overlap_uORF	start	2881	0	0	-1	G				0	4.0319142e-06	0	4.0319139e-06
mouse_wang_liver	ENSMUST00000130645.8	Mtfr1	Overlap_uORF	start	2882	0	0	-1	C				0	6.9658608e-07	0	6.9658604e-07
mouse_wang_liver	ENSMUST00000130645.8	Mtfr1	Overlap_uORF	start	2883	0	0	-1	A				0	1.0058696e-06	0	1.0058696e-06
mouse_wang_liver	ENSMUST00000130645.8	Mtfr1	Overlap_uORF	start	2884	0	0	-1	G				0	1.9023865e-06	0	1.9023864e-06
mouse_wang_liver	ENSMUST00000130645.8	Mtfr1	Overlap_uORF	start	2885	0	0	-1	T				0	1.3871752e-06	0	1.3871751e-06
mouse_wang_liver	ENSMUST00000130645.8	Mtfr1	Overlap_uORF	start	2886	0	0	-1	C				0	4.2867728e-07	0	4.2867726e-07
mouse_wang_liver	ENSMUST00000130645.8	Mtfr1	Overlap_uORF	start	2887	0	0	-1	T				0	2.6699768e-06	0	2.6699766e-06
mouse_wang_liver	ENSMUST00000130645.8	Mtfr1	Overlap_uORF	start	2888	0	0	-1	A				0	3.9680211e-07	0	3.9680208e-07
mouse_wang_liver	ENSMUST00000130645.8	Mtfr1	Overlap_uORF	start	2889	0	0	-1	C				0	5.6077198e-07	0	5.6077195e-07
mouse_wang_liver	ENSMUST00000130645.8	Mtfr1	Overlap_uORF	start	2890	0	0	-1	T				0	1.4922977e-06	0	1.4922976e-06
mouse_wang_liver	ENSMUST00000130645.8	Mtfr1	Overlap_uORF	start	2891	0	0	-1	A				0	3.4764496e-06	0	3.4764494e-06
mouse_wang_liver	ENSMUST00000130645.8	Mtfr1	Overlap_uORF	start	2892	0	0	-1	T				0	3.3207109e-06	0	3.3207107e-06
mouse_wang_liver	ENSMUST00000130645.8	Mtfr1	Overlap_uORF	start	2893	0	0	-1	A				0	6.5257541e-07	0	6.5257537e-07
mouse_wang_liver	ENSMUST00000130645.8	Mtfr1	Overlap_uORF	start	2894	0	0	-1	T				0	5.1829903e-07	0	5.18299e-07
mouse_wang_liver	ENSMUST00000130645.8	Mtfr1	Overlap_uORF	start	2895	0	0	-1	A				0	5.1725226e-07	0	5.1725223e-07
mouse_wang_liver	ENSMUST00000130645.8	Mtfr1	Overlap_uORF	start	2896	0	0	-1	A				0	2.0448992e-07	0	2.0448991e-07
mouse_wang_liver	ENSMUST00000130645.8	Mtfr1	Overlap_uORF	start	2897	0	0	-1	A				0	1.7952773e-07	0	1.7952772e-07
mouse_wang_liver	ENSMUST00000130645.8	Mtfr1	Overlap_uORF	start	2898	0	0	-1	A				0	8.0387264e-07	0	8.0387259e-07
mouse_wang_liver	ENSMUST00000130645.8	Mtfr1	Overlap_uORF	start	2899	0	0	-1	G				0	2.9761648e-07	0	2.9761646e-07
mouse_wang_liver	ENSMUST00000130645.8	Mtfr1	Overlap_uORF	start	2900	0	0	-1	T				0	1.8666471e-07	0	1.866647e-07
mouse_wang_liver	ENSMUST00000130645.8	Mtfr1	Overlap_uORF	start	2901	0	0	-1	T				0	1.4127355e-07	0	1.4127354e-07
mouse_wang_liver	ENSMUST00000130645.8	Mtfr1	Overlap_uORF	start	2902	0	0	-1	A				0	3.0777553e-08	0	3.0777551e-08
mouse_wang_liver	ENSMUST00000130645.8	Mtfr1	Overlap_uORF	start	2903	0	0	-1	A				0	1.0138801e-07	0	1.01388e-07
mouse_wang_liver	ENSMUST00000130645.8	Mtfr1	Overlap_uORF	start	2904	0	0	-1	T				0	3.8121169e-07	0	3.8121167e-07
mouse_wang_liver	ENSMUST00000130645.8	Mtfr1	Overlap_uORF	start	2905	0	0	-1	A				0	1.290483e-07	0	1.2904829e-07
mouse_wang_liver	ENSMUST00000130645.8	Mtfr1	Overlap_uORF	start	2906	0	0	-1	T				0	5.0904555e-07	0	5.0904552e-07
mouse_wang_liver	ENSMUST00000130645.8	Mtfr1	Overlap_uORF	start	2907	0	0	-1	T				0	1.7559634e-06	0	1.7559632e-06
mouse_wang_liver	ENSMUST00000130645.8	Mtfr1	Overlap_uORF	start	2908	0	0	-1	T				0	3.783006e-07	0	3.7830057e-07
mouse_wang_liver	ENSMUST00000130645.8	Mtfr1	Overlap_uORF	start	2909	0	0	-1	T				0	1.2479862e-07	0	1.2479861e-07
mouse_wang_liver	ENSMUST00000130645.8	Mtfr1	Overlap_uORF	start	2910	0	0	-1	A				0	2.5272781e-08	0	2.527278e-08
mouse_wang_liver	ENSMUST00000130645.8	Mtfr1	Overlap_uORF	start	2911	0	0	-1	A				0	2.6806031e-08	0	2.680603e-08
mouse_wang_liver	ENSMUST00000130645.8	Mtfr1	Overlap_uORF	start	2912	0	0	-1	A				0	6.2354665e-08	0	6.2354662e-08
mouse_wang_liver	ENSMUST00000130645.8	Mtfr1	Overlap_uORF	start	2913	0	0	-1	A				0	3.0357548e-08	0	3.0357546e-08
mouse_wang_liver	ENSMUST00000130645.8	Mtfr1	Overlap_uORF	start	2914	0	0	-1	T				0	8.3445165e-08	0	8.344516e-08
mouse_wang_liver	ENSMUST00000130645.8	Mtfr1	Overlap_uORF	start	2915	0	0	-1	A				0	1.337854e-08	0	1.3378539e-08
mouse_wang_liver	ENSMUST00000130645.8	Mtfr1	Overlap_uORF	start	2916	0	0	-1	A				0	2.7930367e-09	0	2.7930365e-09
mouse_wang_liver	ENSMUST00000130645.8	Mtfr1	Overlap_uORF	start	2917	0	0	-1	A				0	2.9033528e-08	0	2.9033526e-08
mouse_wang_liver	ENSMUST00000130645.8	Mtfr1	Overlap_uORF	start	2918	0	0	-1	G				0	1.9448034e-08	0	1.9448033e-08
mouse_wang_liver	ENSMUST00000130645.8	Mtfr1	Overlap_uORF	start	2919	0	0	-1	T				0	3.3226524e-08	0	3.3226522e-08
mouse_wang_liver	ENSMUST00000130645.8	Mtfr1	Overlap_uORF	start	2920	0	0	-1	A				0	9.9678727e-09	0	9.9678721e-09
mouse_wang_liver	ENSMUST00000130645.8	Mtfr1	Overlap_uORF	start	2921	0	0	-1	A				0	5.5266355e-08	0	5.5266352e-08
mouse_wang_liver	ENSMUST00000130645.8	Mtfr1	Overlap_uORF	start	2922	0	0	-1	G				0	4.1919373e-07	0	4.191937e-07
mouse_wang_liver	ENSMUST00000130645.8	Mtfr1	Overlap_uORF	start	2923	0	0	-1	C				0	1.5315719e-07	0	1.5315718e-07
mouse_wang_liver	ENSMUST00000130645.8	Mtfr1	Overlap_uORF	start	2924	0	0	-1	T				0	1.2814128e-07	0	1.2814127e-07
mouse_wang_liver	ENSMUST00000130645.8	Mtfr1	Overlap_uORF	start	2925	0	0	-1	G				0	3.8065076e-07	0	3.8065074e-07
mouse_wang_liver	ENSMUST00000130645.8	Mtfr1	Overlap_uORF	start	2926	0	0	-1	T				0	7.5944985e-07	0	7.594498e-07
mouse_wang_liver	ENSMUST00000130645.8	Mtfr1	Overlap_uORF	start	2927	0	0	-1	T				0	3.6287602e-07	0	3.62876e-07
mouse_wang_liver	ENSMUST00000130645.8	Mtfr1	Overlap_uORF	start	2928	0	0	-1	G				0	6.7921525e-07	0	6.7921521e-07
mouse_wang_liver	ENSMUST00000130645.8	Mtfr1	Overlap_uORF	start	2929	0	0	-1	A				0	4.0836386e-07	0	4.0836383e-07
mouse_wang_liver	ENSMUST00000130645.8	Mtfr1	Overlap_uORF	start	2930	0	0	-1	A				0	1.0317806e-06	0	1.0317805e-06
mouse_wang_liver	ENSMUST00000130645.8	Mtfr1	Overlap_uORF	start	2931	0	0	-1	T				0	1.0971994e-06	0	1.0971993e-06
mouse_wang_liver	ENSMUST00000130645.8	Mtfr1	Overlap_uORF	start	2932	0	0	-1	T				0	5.5745545e-07	0	5.5745542e-07
mouse_wang_liver	ENSMUST00000130645.8	Mtfr1	Overlap_uORF	start	2933	0	0	-1	T				0	2.0825622e-07	0	2.0825621e-07
mouse_wang_liver	ENSMUST00000130645.8	Mtfr1	Overlap_uORF	start	2934	0	0	-1	T				0	1.192314e-07	0	1.1923139e-07
mouse_wang_liver	ENSMUST00000130645.8	Mtfr1	Overlap_uORF	start	2935	0	0	-1	C				0	4.6005955e-08	0	4.6005952e-08
mouse_wang_liver	ENSMUST00000130645.8	Mtfr1	Overlap_uORF	start	2936	0	0	-1	T				0	6.9139958e-08	0	6.9139953e-08
mouse_wang_liver	ENSMUST00000130645.8	Mtfr1	Overlap_uORF	start	2937	0	0	-1	T				0	2.191641e-08	0	2.1916409e-08
mouse_wang_liver	ENSMUST00000130645.8	Mtfr1	Overlap_uORF	start	2938	0	0	-1	T				0	5.1233244e-09	0	5.1233241e-09
mouse_wang_liver	ENSMUST00000130645.8	Mtfr1	Overlap_uORF	start	2939	0	0	-1	T				0	7.3049855e-09	0	7.3049851e-09
mouse_wang_liver	ENSMUST00000130645.8	Mtfr1	Overlap_uORF	start	2940	0	0	-1	G				0	7.3091488e-10	0	7.3091484e-10
mouse_wang_liver	ENSMUST00000130645.8	Mtfr1	Overlap_uORF	start	2941	0	0	-1	A				0	2.3335167e-10	0	2.3335166e-10
mouse_wang_liver	ENSMUST00000130645.8	Mtfr1	Overlap_uORF	start	2942	0	0	-1	C				0	1.7728505e-10	0	1.7728504e-10
mouse_wang_liver	ENSMUST00000130645.8	Mtfr1	Overlap_uORF	start	2943	0	0	-1	A				0	6.1317167e-11	0	6.1317163e-11
mouse_wang_liver	ENSMUST00000130645.8	Mtfr1	Overlap_uORF	start	2944	0	0	-1	A				0	9.7662704e-11	0	9.7662698e-11
mouse_wang_liver	ENSMUST00000130645.8	Mtfr1	Overlap_uORF	start	2945	0	0	-1	T				0	9.2699161e-11	0	9.2699155e-11
mouse_wang_liver	ENSMUST00000130645.8	Mtfr1	Overlap_uORF	start	2946	0	0	-1	A				0	8.6489704e-11	0	8.6489699e-11
mouse_wang_liver	ENSMUST00000130645.8	Mtfr1	Overlap_uORF	start	2947	0	0	-1	C				0	2.6681846e-10	0	2.6681844e-10
mouse_wang_liver	ENSMUST00000130645.8	Mtfr1	Overlap_uORF	start	2948	0	0	-1	T				0	2.4689148e-10	0	2.4689146e-10
mouse_wang_liver	ENSMUST00000130645.8	Mtfr1	Overlap_uORF	start	2949	0	0	-1	A				0	9.6807773e-10	0	9.6807767e-10
mouse_wang_liver	ENSMUST00000130645.8	Mtfr1	Overlap_uORF	start	2950	0	0	-1	T				0	5.9754868e-09	0	5.9754864e-09
mouse_wang_liver	ENSMUST00000130645.8	Mtfr1	Overlap_uORF	start	2951	0	0	-1	T				0	2.6329603e-08	0	2.6329602e-08
mouse_wang_liver	ENSMUST00000130645.8	Mtfr1	Overlap_uORF	start	2952	0	0	-1	A				0	4.9595464e-08	0	4.9595461e-08
mouse_wang_liver	ENSMUST00000247098.2	Gm57138	lncRNA	start	0	0	0	-1	A				0	3.0397126e-15	0	3.0397125e-15
mouse_wang_liver	ENSMUST00000247098.2	Gm57138	lncRNA	start	1	0	0	-1	G				0	3.2078709e-15	0	3.2078707e-15
mouse_wang_liver	ENSMUST00000247098.2	Gm57138	lncRNA	start	2	0	0	-1	G				0	4.6969178e-13	0	4.6969175e-13
mouse_wang_liver	ENSMUST00000247098.2	Gm57138	lncRNA	start	3	0	0	-1	C				0	1.7479492e-11	0	1.7479491e-11
mouse_wang_liver	ENSMUST00000247098.2	Gm57138	lncRNA	start	4	0	0	-1	A				0	8.3831692e-12	0	8.3831687e-12
mouse_wang_liver	ENSMUST00000247098.2	Gm57138	lncRNA	start	5	0	0	-1	C				0	7.0137854e-12	0	7.013785e-12
mouse_wang_liver	ENSMUST00000247098.2	Gm57138	lncRNA	start	6	0	0	-1	T				0	2.0313196e-10	0	2.0313195e-10
mouse_wang_liver	ENSMUST00000247098.2	Gm57138	lncRNA	start	7	0	0	-1	G				0	2.1453436e-08	0	2.1453435e-08
mouse_wang_liver	ENSMUST00000247098.2	Gm57138	lncRNA	start	8	0	0	-1	G				0	9.8035089e-06	0	9.8035084e-06
mouse_wang_liver	ENSMUST00000247098.2	Gm57138	lncRNA	start	9	0	0	-1	A				0	2.9859621e-07	0	2.9859619e-07
mouse_wang_liver	ENSMUST00000247098.2	Gm57138	lncRNA	start	10	0	0	-1	G				0	3.3988582e-07	0	3.398858e-07
mouse_wang_liver	ENSMUST00000247098.2	Gm57138	lncRNA	start	11	0	0	-1	C				0	1.7011463e-06	0	1.7011462e-06
mouse_wang_liver	ENSMUST00000247098.2	Gm57138	lncRNA	start	12	0	0	-1	A				0	9.2045839e-06	0	9.2045834e-06
mouse_wang_liver	ENSMUST00000247098.2	Gm57138	lncRNA	start	13	0	0	-1	C				0	0.00022045879	0	0.00022045878
mouse_wang_liver	ENSMUST00000247098.2	Gm57138	lncRNA	start	14	0	0	-1	T				0	0.00023130073	0	0.00023130072
mouse_wang_liver	ENSMUST00000247098.2	Gm57138	lncRNA	start	15	0	0	-1	C				0	0.003289717	0	0.0032897169
mouse_wang_liver	ENSMUST00000247098.2	Gm57138	lncRNA	start	16	0	0	-1	G				0	0.00089588435	0	0.00089588431
mouse_wang_liver	ENSMUST00000247098.2	Gm57138	lncRNA	start	17	0	0	-1	T				0	0.0034385459	0	0.0034385457
mouse_wang_liver	ENSMUST00000247098.2	Gm57138	lncRNA	start	18	0	0	-1	C				0	0.000594415	0	0.00059441497
mouse_wang_liver	ENSMUST00000247098.2	Gm57138	lncRNA	start	19	0	0	-1	C				0	0.0007298027	0	0.00072980267
mouse_wang_liver	ENSMUST00000247098.2	Gm57138	lncRNA	start	20	0	0	-1	A				0	0.0018170773	0	0.0018170772
mouse_wang_liver	ENSMUST00000247098.2	Gm57138	lncRNA	start	21	0	0	-1	G				0	0.0018747201	0	0.00187472
mouse_wang_liver	ENSMUST00000247098.2	Gm57138	lncRNA	start	22	0	0	-1	C				2	0.0039062274	0.0065359477	0.0039062272
mouse_wang_liver	ENSMUST00000247098.2	Gm57138	lncRNA	start	23	0	0	-1	C				4	0.014215223	0.013071895	0.014215223
mouse_wang_liver	ENSMUST00000247098.2	Gm57138	lncRNA	start	24	0	0	-1	T				0	0.0010673341	0	0.001067334
mouse_wang_liver	ENSMUST00000247098.2	Gm57138	lncRNA	start	25	0	0	-1	G				0	0.0027148759	0	0.0027148757
mouse_wang_liver	ENSMUST00000247098.2	Gm57138	lncRNA	start	26	0	0	-1	T				0	0.0035517323	0	0.0035517321
mouse_wang_liver	ENSMUST00000247098.2	Gm57138	lncRNA	start	27	0	0	-1	C				0	0.00034504256	0	0.00034504254
mouse_wang_liver	ENSMUST00000247098.2	Gm57138	lncRNA	start	28	0	0	-1	A				1	0.00035633234	0.0032679739	0.00035633232
mouse_wang_liver	ENSMUST00000247098.2	Gm57138	lncRNA	start	29	0	0	-1	G				0	0.0017306987	0	0.0017306987
mouse_wang_liver	ENSMUST00000247098.2	Gm57138	lncRNA	start	30	0	0	-1	A				0	0.00015203046	0	0.00015203046
mouse_wang_liver	ENSMUST00000247098.2	Gm57138	lncRNA	start	31	0	0	-1	A				0	0.00014621424	0	0.00014621423
mouse_wang_liver	ENSMUST00000247098.2	Gm57138	lncRNA	start	32	0	0	-1	G				3	0.0025168506	0.0098039216	0.0025168505
mouse_wang_liver	ENSMUST00000247098.2	Gm57138	lncRNA	start	33	0	0	-1	A				0	0.00023625849	0	0.00023625848
mouse_wang_liver	ENSMUST00000247098.2	Gm57138	lncRNA	start	34	0	0	-1	G				0	0.00047767878	0	0.00047767876
mouse_wang_liver	ENSMUST00000247098.2	Gm57138	lncRNA	start	35	0	0	-1	C				0	0.0012221056	0	0.0012221055
mouse_wang_liver	ENSMUST00000247098.2	Gm57138	lncRNA	start	36	0	0	-1	A				1	0.0028524632	0.0032679739	0.002852463
mouse_wang_liver	ENSMUST00000247098.2	Gm57138	lncRNA	start	37	0	0	-1	G				0	0.0017870085	0	0.0017870084
mouse_wang_liver	ENSMUST00000247098.2	Gm57138	lncRNA	start	38	0	0	-1	C				2	0.0044578239	0.0065359477	0.0044578237
mouse_wang_liver	ENSMUST00000247098.2	Gm57138	lncRNA	start	39	0	0	-1	A				1	0.0021349988	0.0032679739	0.0021349987
mouse_wang_liver	ENSMUST00000247098.2	Gm57138	lncRNA	start	40	0	0	-1	A				0	0.0067593986	0	0.0067593983
mouse_wang_liver	ENSMUST00000247098.2	Gm57138	lncRNA	start	41	0	0	-1	C				0	0.0015854259	0	0.0015854258
mouse_wang_liver	ENSMUST00000247098.2	Gm57138	lncRNA	start	42	0	0	-1	A				3	0.00087516627	0.0098039216	0.00087516622
mouse_wang_liver	ENSMUST00000247098.2	Gm57138	lncRNA	start	43	0	0	-1	C				24	0.024003861	0.078431373	0.02400386
mouse_wang_liver	ENSMUST00000247098.2	Gm57138	lncRNA	start	44	0	0	-1	T				2	0.0047511226	0.0065359477	0.0047511223
mouse_wang_liver	ENSMUST00000247098.2	Gm57138	lncRNA	start	45	0	0	-1	G				8	0.015261489	0.026143791	0.015261488
mouse_wang_liver	ENSMUST00000247098.2	Gm57138	lncRNA	start	46	0	0	-1	T				3	0.0034648867	0.0098039216	0.0034648865
mouse_wang_liver	ENSMUST00000247098.2	Gm57138	lncRNA	start	47	0	0	-1	G				0	0.017683826	0	0.017683826
mouse_wang_liver	ENSMUST00000247098.2	Gm57138	lncRNA	start	48	0	0	-1	C				0	0.022774663	0	0.022774662
mouse_wang_liver	ENSMUST00000247098.2	Gm57138	lncRNA	start	49	0	0	-1	A				0	0.0012976236	0	0.0012976236
mouse_wang_liver	ENSMUST00000247098.2	Gm57138	lncRNA	start	50	0	0	-1	G				0	0.0022121686	0	0.0022121685
mouse_wang_liver	ENSMUST00000247098.2	Gm57138	lncRNA	start	51	0	0	-1	A				0	0.00064143614	0	0.00064143611
mouse_wang_liver	ENSMUST00000247098.2	Gm57138	lncRNA	start	52	0	0	-1	A				0	0.00052822713	0	0.0005282271
mouse_wang_liver	ENSMUST00000247098.2	Gm57138	lncRNA	start	53	0	0	-1	G				0	0.0028247938	0	0.0028247937
mouse_wang_liver	ENSMUST00000247098.2	Gm57138	lncRNA	start	54	0	0	-1	G				0	0.003101679	0	0.0031016789
mouse_wang_liver	ENSMUST00000247098.2	Gm57138	lncRNA	start	55	0	0	-1	T				0	0.00021106396	0	0.00021106395
mouse_wang_liver	ENSMUST00000247098.2	Gm57138	lncRNA	start	56	0	0	-1	G				0	0.0013497437	0	0.0013497436
mouse_wang_liver	ENSMUST00000247098.2	Gm57138	lncRNA	start	57	0	0	-1	A				0	0.00013421211	0	0.0001342121
mouse_wang_liver	ENSMUST00000247098.2	Gm57138	lncRNA	start	58	0	0	-1	A				0	0.00017129556	0	0.00017129555
mouse_wang_liver	ENSMUST00000247098.2	Gm57138	lncRNA	start	59	0	0	-1	A				0	0.00074030354	0	0.0007403035
mouse_wang_liver	ENSMUST00000247098.2	Gm57138	lncRNA	start	60	0	0	-1	A				0	1.8616855e-05	0	1.8616854e-05
mouse_wang_liver	ENSMUST00000247098.2	Gm57138	lncRNA	start	61	0	0	-1	A				0	0.0001248981	0	0.00012489809
mouse_wang_liver	ENSMUST00000247098.2	Gm57138	lncRNA	start	62	0	0	-1	G				0	0.00055328012	0	0.00055328009
mouse_wang_liver	ENSMUST00000247098.2	Gm57138	lncRNA	start	63	0	0	-1	T				0	5.1024024e-05	0	5.1024022e-05
mouse_wang_liver	ENSMUST00000247098.2	Gm57138	lncRNA	start	64	0	0	-1	G				3	0.00011267849	0.0098039216	0.00011267849
mouse_wang_liver	ENSMUST00000247098.2	Gm57138	lncRNA	start	65	0	0	-1	G				0	0.00057768106	0	0.00057768103
mouse_wang_liver	ENSMUST00000247098.2	Gm57138	lncRNA	start	66	0	0	-1	G				1	0.00072781421	0.0032679739	0.00072781418
mouse_wang_liver	ENSMUST00000247098.2	Gm57138	lncRNA	start	67	0	0	-1	T				0	3.5133638e-05	0	3.5133637e-05
mouse_wang_liver	ENSMUST00000247098.2	Gm57138	lncRNA	start	68	0	0	-1	G				0	0.00063827459	0	0.00063827456
mouse_wang_liver	ENSMUST00000247098.2	Gm57138	lncRNA	start	69	0	0	-1	C				0	0.00012207933	0	0.00012207933
mouse_wang_liver	ENSMUST00000247098.2	Gm57138	lncRNA	start	70	0	0	-1	C				3	0.00020689616	0.0098039216	0.00020689615
mouse_wang_liver	ENSMUST00000247098.2	Gm57138	lncRNA	start	71	0	0	-1	A				17	0.032853112	0.055555556	0.03285311
mouse_wang_liver	ENSMUST00000247098.2	Gm57138	lncRNA	start	72	0	0	-1	T				1	0.00350866	0.0032679739	0.0035086598
mouse_wang_liver	ENSMUST00000247098.2	Gm57138	lncRNA	start	73	0	0	-1	G				0	9.9191609e-05	0	9.9191605e-05
mouse_wang_liver	ENSMUST00000247098.2	Gm57138	lncRNA	start	74	0	0	-1	C				12	0.0038290836	0.039215686	0.0038290834
mouse_wang_liver	ENSMUST00000247098.2	Gm57138	lncRNA	start	75	0	0	-1	C				0	0.00040936033	0	0.00040936031
mouse_wang_liver	ENSMUST00000247098.2	Gm57138	lncRNA	start	76	0	0	-1	T				2	0.00010133741	0.0065359477	0.00010133741
mouse_wang_liver	ENSMUST00000247098.2	Gm57138	lncRNA	start	77	0	0	-1	G				2	0.001328453	0.0065359477	0.0013284529
mouse_wang_liver	ENSMUST00000247098.2	Gm57138	lncRNA	start	78	0	0	-1	G				1	0.00033796893	0.0032679739	0.00033796891
mouse_wang_liver	ENSMUST00000247098.2	Gm57138	lncRNA	start	79	0	0	-1	A				1	0.0010773181	0.0032679739	0.001077318
mouse_wang_liver	ENSMUST00000247098.2	Gm57138	lncRNA	start	80	0	0	-1	A				0	0.013158247	0	0.013158246
mouse_wang_liver	ENSMUST00000247098.2	Gm57138	lncRNA	start	81	0	0	-1	C				1	0.0001975232	0.0032679739	0.00019752319
mouse_wang_liver	ENSMUST00000247098.2	Gm57138	lncRNA	start	82	0	0	-1	C				0	0.00023163382	0	0.00023163381
mouse_wang_liver	ENSMUST00000247098.2	Gm57138	lncRNA	start	83	0	0	-1	A				4	0.0059698401	0.013071895	0.0059698398
mouse_wang_liver	ENSMUST00000247098.2	Gm57138	lncRNA	start	84	0	0	-1	G				0	0.00044474183	0	0.00044474181
mouse_wang_liver	ENSMUST00000247098.2	Gm57138	lncRNA	start	85	0	0	-1	A				0	3.0989453e-05	0	3.0989452e-05
mouse_wang_liver	ENSMUST00000247098.2	Gm57138	lncRNA	start	86	0	0	-1	G				6	0.0025482045	0.019607843	0.0025482044
mouse_wang_liver	ENSMUST00000247098.2	Gm57138	lncRNA	start	87	0	0	-1	G				3	0.00011506844	0.0098039216	0.00011506843
mouse_wang_liver	ENSMUST00000247098.2	Gm57138	lncRNA	start	88	0	0	-1	T				0	0.0045439671	0	0.0045439669
mouse_wang_liver	ENSMUST00000247098.2	Gm57138	lncRNA	start	89	0	0	-1	C				8	0.0051609362	0.026143791	0.0051609359
mouse_wang_liver	ENSMUST00000247098.2	Gm57138	lncRNA	start	90	0	0	-1	T				0	0.00046542581	0	0.00046542579
mouse_wang_liver	ENSMUST00000247098.2	Gm57138	lncRNA	start	91	0	0	-1	T				1	0.00010614896	0.0032679739	0.00010614895
mouse_wang_liver	ENSMUST00000247098.2	Gm57138	lncRNA	start	92	0	0	-1	T				0	0.0022259115	0	0.0022259114
mouse_wang_liver	ENSMUST00000247098.2	Gm57138	lncRNA	start	93	0	0	-1	A				0	0.00020960288	0	0.00020960287
mouse_wang_liver	ENSMUST00000247098.2	Gm57138	lncRNA	start	94	0	0	-1	T				0	2.7815351e-05	0	2.781535e-05
mouse_wang_liver	ENSMUST00000247098.2	Gm57138	lncRNA	start	95	0	0	-1	G				0	0.00031778991	0	0.00031778989
mouse_wang_liver	ENSMUST00000247098.2	Gm57138	lncRNA	start	96	0	0	-1	T				0	0.0002502811	0	0.00025028108
mouse_wang_liver	ENSMUST00000247098.2	Gm57138	lncRNA	start	97	0	0	-1	T				0	0.00019987594	0	0.00019987593
mouse_wang_liver	ENSMUST00000247098.2	Gm57138	lncRNA	start	98	0	0	-1	C				0	0.001297646	0	0.0012976459
mouse_wang_liver	ENSMUST00000247098.2	Gm57138	lncRNA	start	99	0	0	-1	A				0	0.00024936479	0	0.00024936478
mouse_wang_liver	ENSMUST00000247098.2	Gm57138	lncRNA	start	100	0	0	-1	C				0	3.0259287e-05	0	3.0259286e-05
mouse_wang_liver	ENSMUST00000247098.2	Gm57138	lncRNA	start	101	0	0	-1	A				0	0.00014738912	0	0.00014738911
mouse_wang_liver	ENSMUST00000247098.2	Gm57138	lncRNA	start	102	0	0	-1	C				0	0.00017925839	0	0.00017925838
mouse_wang_liver	ENSMUST00000247098.2	Gm57138	lncRNA	start	103	0	0	-1	A				0	8.3197221e-05	0	8.3197217e-05
mouse_wang_liver	ENSMUST00000247098.2	Gm57138	lncRNA	start	104	0	0	-1	A				0	0.00073135016	0	0.00073135012
mouse_wang_liver	ENSMUST00000247098.2	Gm57138	lncRNA	start	105	0	0	-1	G				0	0.00066522334	0	0.00066522331
mouse_wang_liver	ENSMUST00000247098.2	Gm57138	lncRNA	start	106	0	0	-1	C				0	0.00028860717	0	0.00028860716
mouse_wang_liver	ENSMUST00000247098.2	Gm57138	lncRNA	start	107	0	0	-1	C				0	0.00071889185	0	0.00071889182
mouse_wang_liver	ENSMUST00000247098.2	Gm57138	lncRNA	start	108	0	0	-1	T				0	0.00027880695	0	0.00027880694
mouse_wang_liver	ENSMUST00000247098.2	Gm57138	lncRNA	start	109	0	0	-1	T				4	3.9620092e-05	0.013071895	3.962009e-05
mouse_wang_liver	ENSMUST00000247098.2	Gm57138	lncRNA	start	110	0	0	-1	G				4	0.0029030559	0.013071895	0.0029030557
mouse_wang_liver	ENSMUST00000247098.2	Gm57138	lncRNA	start	111	0	0	-1	A				6	0.0046231877	0.019607843	0.0046231875
mouse_wang_liver	ENSMUST00000247098.2	Gm57138	lncRNA	start	112	0	0	-1	A				0	0.0022637544	0	0.0022637543
mouse_wang_liver	ENSMUST00000247098.2	Gm57138	lncRNA	start	113	0	0	-1	A				2	0.0053262017	0.0065359477	0.0053262014
mouse_wang_liver	ENSMUST00000247098.2	Gm57138	lncRNA	start	114	0	0	-1	G				0	0.0057367939	0	0.0057367936
mouse_wang_liver	ENSMUST00000247098.2	Gm57138	lncRNA	start	115	0	0	-1	A				0	0.00037545388	0	0.00037545386
mouse_wang_liver	ENSMUST00000247098.2	Gm57138	lncRNA	start	116	0	0	-1	C				2	0.0026172954	0.0065359477	0.0026172952
mouse_wang_liver	ENSMUST00000247098.2	Gm57138	lncRNA	start	117	0	0	-1	T				0	0.00013823088	0	0.00013823088
mouse_wang_liver	ENSMUST00000247098.2	Gm57138	lncRNA	start	118	0	0	-1	G				0	0.00013680337	0	0.00013680336
mouse_wang_liver	ENSMUST00000247098.2	Gm57138	lncRNA	start	119	0	0	-1	A				0	0.0068114935	0	0.0068114932
mouse_wang_liver	ENSMUST00000247098.2	Gm57138	lncRNA	start	120	0	0	-1	G				0	0.00046903553	0	0.0004690355
mouse_wang_liver	ENSMUST00000247098.2	Gm57138	lncRNA	start	121	0	0	-1	T				1	0.00048686977	0.0032679739	0.00048686975
mouse_wang_liver	ENSMUST00000247098.2	Gm57138	lncRNA	start	122	0	0	-1	C				5	0.0014679736	0.016339869	0.0014679735
mouse_wang_liver	ENSMUST00000247098.2	Gm57138	lncRNA	start	123	0	0	-1	A				1	0.00042569541	0.0032679739	0.00042569539
mouse_wang_liver	ENSMUST00000247098.2	Gm57138	lncRNA	start	124	0	0	-1	A				0	0.0004650194	0	0.00046501938
mouse_wang_liver	ENSMUST00000247098.2	Gm57138	lncRNA	start	125	0	0	-1	G				9	0.015971636	0.029411765	0.015971636
mouse_wang_liver	ENSMUST00000247098.2	Gm57138	lncRNA	start	126	0	0	-1	A				0	0.000327872	0	0.00032787198
mouse_wang_liver	ENSMUST00000247098.2	Gm57138	lncRNA	start	127	0	0	-1	A				0	0.00027045276	0	0.00027045274
mouse_wang_liver	ENSMUST00000247098.2	Gm57138	lncRNA	start	128	0	0	-1	T				0	4.7782476e-05	0	4.7782474e-05
mouse_wang_liver	ENSMUST00000247098.2	Gm57138	lncRNA	start	129	0	0	-1	A				0	4.3397584e-05	0	4.3397582e-05
mouse_wang_liver	ENSMUST00000247098.2	Gm57138	lncRNA	start	130	0	0	-1	G				0	0.00049608666	0	0.00049608664
mouse_wang_liver	ENSMUST00000247098.2	Gm57138	lncRNA	start	131	0	0	-1	T				0	3.389662e-05	0	3.3896618e-05
mouse_wang_liver	ENSMUST00000247098.2	Gm57138	lncRNA	start	132	0	0	-1	G				2	0.00057989452	0.0065359477	0.00057989449
mouse_wang_liver	ENSMUST00000247098.2	Gm57138	lncRNA	start	133	0	0	-1	G				2	0.0017007287	0.0065359477	0.0017007286
mouse_wang_liver	ENSMUST00000247098.2	Gm57138	lncRNA	start	134	0	0	-1	T				0	0.00027016093	0	0.00027016092
mouse_wang_liver	ENSMUST00000247098.2	Gm57138	lncRNA	start	135	0	0	-1	G				0	7.1417984e-05	0	7.1417981e-05
mouse_wang_liver	ENSMUST00000247098.2	Gm57138	lncRNA	start	136	0	0	-1	C				0	0.00010319647	0	0.00010319647
mouse_wang_liver	ENSMUST00000247098.2	Gm57138	lncRNA	start	137	0	0	-1	A				0	0.00010520003	0	0.00010520002
mouse_wang_liver	ENSMUST00000247098.2	Gm57138	lncRNA	start	138	0	0	-1	C				0	5.7207963e-06	0	5.720796e-06
mouse_wang_liver	ENSMUST00000247098.2	Gm57138	lncRNA	start	139	0	0	-1	A				0	0.00019768093	0	0.00019768092
mouse_wang_liver	ENSMUST00000247098.2	Gm57138	lncRNA	start	140	0	0	-1	C				0	1.3694295e-05	0	1.3694295e-05
mouse_wang_liver	ENSMUST00000247098.2	Gm57138	lncRNA	start	141	0	0	-1	C				2	0.00028254848	0.0065359477	0.00028254847
mouse_wang_liver	ENSMUST00000247098.2	Gm57138	lncRNA	start	142	0	0	-1	T				1	0.00053016155	0.0032679739	0.00053016152
mouse_wang_liver	ENSMUST00000247098.2	Gm57138	lncRNA	start	143	0	0	-1	G				0	2.5831541e-05	0	2.583154e-05
mouse_wang_liver	ENSMUST00000247098.2	Gm57138	lncRNA	start	144	0	0	-1	T				0	3.8875484e-07	0	3.8875482e-07
mouse_wang_liver	ENSMUST00000247098.2	Gm57138	lncRNA	start	145	0	0	-1	A				0	0.00020451656	0	0.00020451655
mouse_wang_liver	ENSMUST00000247098.2	Gm57138	lncRNA	start	146	0	0	-1	A				0	4.909193e-05	0	4.9091928e-05
mouse_wang_liver	ENSMUST00000247098.2	Gm57138	lncRNA	start	147	0	0	-1	T				0	1.5132479e-05	0	1.5132479e-05
mouse_wang_liver	ENSMUST00000247098.2	Gm57138	lncRNA	start	148	0	0	-1	C				0	2.9295603e-05	0	2.9295601e-05
mouse_wang_liver	ENSMUST00000247098.2	Gm57138	lncRNA	start	149	0	0	-1	C				0	5.9828803e-06	0	5.98288e-06
mouse_wang_liver	ENSMUST00000247098.2	Gm57138	lncRNA	start	150	0	0	-1	C				0	8.7456801e-06	0	8.7456797e-06
mouse_wang_liver	ENSMUST00000247098.2	Gm57138	lncRNA	start	151	0	0	-1	A				0	2.8562439e-05	0	2.8562438e-05
mouse_wang_liver	ENSMUST00000247098.2	Gm57138	lncRNA	start	152	0	0	-1	C				0	4.642453e-06	0	4.6424527e-06
mouse_wang_liver	ENSMUST00000247098.2	Gm57138	lncRNA	start	153	0	0	-1	G				0	6.7812465e-07	0	6.7812462e-07
mouse_wang_liver	ENSMUST00000247098.2	Gm57138	lncRNA	start	154	0	0	-1	C				0	1.2212527e-05	0	1.2212526e-05
mouse_wang_liver	ENSMUST00000247098.2	Gm57138	lncRNA	start	155	0	0	-1	T				0	1.0233109e-06	0	1.0233109e-06
mouse_wang_liver	ENSMUST00000247098.2	Gm57138	lncRNA	start	156	0	0	-1	C				0	4.9599344e-06	0	4.9599341e-06
mouse_wang_liver	ENSMUST00000247098.2	Gm57138	lncRNA	start	157	0	0	-1	A				0	1.6980594e-05	0	1.6980593e-05
mouse_wang_liver	ENSMUST00000247098.2	Gm57138	lncRNA	start	158	0	0	-1	G				0	1.4705741e-05	0	1.470574e-05
mouse_wang_liver	ENSMUST00000247098.2	Gm57138	lncRNA	start	159	0	0	-1	G				0	1.8504541e-05	0	1.850454e-05
mouse_wang_liver	ENSMUST00000247098.2	Gm57138	lncRNA	start	160	0	0	-1	A				0	5.7232057e-05	0	5.7232054e-05
mouse_wang_liver	ENSMUST00000247098.2	Gm57138	lncRNA	start	161	0	0	-1	C				0	0.00012118707	0	0.00012118706
mouse_wang_liver	ENSMUST00000247098.2	Gm57138	lncRNA	start	162	0	0	-1	G				0	5.9666894e-05	0	5.9666891e-05
mouse_wang_liver	ENSMUST00000247098.2	Gm57138	lncRNA	start	163	0	0	-1	C				1	0.00050037395	0.0032679739	0.00050037392
mouse_wang_liver	ENSMUST00000247098.2	Gm57138	lncRNA	start	164	0	0	-1	C				0	0.0013613396	0	0.0013613395
mouse_wang_liver	ENSMUST00000247098.2	Gm57138	lncRNA	start	165	0	0	-1	G				0	9.5721785e-05	0	9.5721781e-05
mouse_wang_liver	ENSMUST00000247098.2	Gm57138	lncRNA	start	166	0	0	-1	G				0	8.1846694e-05	0	8.184669e-05
mouse_wang_liver	ENSMUST00000247098.2	Gm57138	lncRNA	start	167	0	0	-1	C				0	0.00016803015	0	0.00016803014
mouse_wang_liver	ENSMUST00000247098.2	Gm57138	lncRNA	start	168	0	0	-1	T				0	4.7448175e-05	0	4.7448173e-05
mouse_wang_liver	ENSMUST00000247098.2	Gm57138	lncRNA	start	169	0	0	-1	G				0	6.1841667e-05	0	6.1841664e-05
mouse_wang_liver	ENSMUST00000247098.2	Gm57138	lncRNA	start	170	0	0	-1	A				0	3.9818275e-05	0	3.9818273e-05
mouse_wang_liver	ENSMUST00000247098.2	Gm57138	lncRNA	start	171	0	0	-1	G				0	7.0802116e-06	0	7.0802113e-06
mouse_wang_liver	ENSMUST00000247098.2	Gm57138	lncRNA	start	172	0	0	-1	G				0	4.1721632e-05	0	4.172163e-05
mouse_wang_liver	ENSMUST00000247098.2	Gm57138	lncRNA	start	173	0	0	-1	C				0	1.7579783e-05	0	1.7579782e-05
mouse_wang_liver	ENSMUST00000247098.2	Gm57138	lncRNA	start	174	0	0	-1	C				0	1.4167643e-05	0	1.4167642e-05
mouse_wang_liver	ENSMUST00000247098.2	Gm57138	lncRNA	start	175	0	0	-1	G				0	2.3433287e-05	0	2.3433286e-05
mouse_wang_liver	ENSMUST00000247098.2	Gm57138	lncRNA	start	176	0	0	-1	A				0	4.4032358e-06	0	4.4032356e-06
mouse_wang_liver	ENSMUST00000247098.2	Gm57138	lncRNA	start	177	0	0	-1	G				0	9.3390818e-06	0	9.3390813e-06
mouse_wang_liver	ENSMUST00000247098.2	Gm57138	lncRNA	start	178	0	0	-1	G				0	0.00010329493	0	0.00010329492
mouse_wang_liver	ENSMUST00000247098.2	Gm57138	lncRNA	start	179	0	0	-1	C				0	8.2283332e-05	0	8.2283328e-05
mouse_wang_liver	ENSMUST00000247098.2	Gm57138	lncRNA	start	180	0	0	-1	T				0	0.00010671829	0	0.00010671828
mouse_wang_liver	ENSMUST00000247098.2	Gm57138	lncRNA	start	181	0	0	-1	C				0	0.0010346407	0	0.0010346407
mouse_wang_liver	ENSMUST00000247098.2	Gm57138	lncRNA	start	182	0	0	-1	A				0	0.0019357856	0	0.0019357855
mouse_wang_liver	ENSMUST00000247098.2	Gm57138	lncRNA	start	183	0	0	-1	T				0	7.081066e-05	0	7.0810656e-05
mouse_wang_liver	ENSMUST00000247098.2	Gm57138	lncRNA	start	184	0	0	-1	G				0	0.00045841595	0	0.00045841592
mouse_wang_liver	ENSMUST00000247098.2	Gm57138	lncRNA	start	185	0	0	-1	A				0	9.4405885e-05	0	9.440588e-05
mouse_wang_liver	ENSMUST00000247098.2	Gm57138	lncRNA	start	186	0	0	-1	G				0	2.299776e-05	0	2.2997758e-05
mouse_wang_liver	ENSMUST00000247098.2	Gm57138	lncRNA	start	187	0	0	-1	T				0	0.00014466688	0	0.00014466687
mouse_wang_liver	ENSMUST00000247098.2	Gm57138	lncRNA	start	188	0	0	-1	C				0	0.00069311552	0	0.00069311549
mouse_wang_liver	ENSMUST00000247098.2	Gm57138	lncRNA	start	189	0	0	-1	T				0	7.66679e-05	0	7.6667897e-05
mouse_wang_liver	ENSMUST00000247098.2	Gm57138	lncRNA	start	190	0	0	-1	G				0	6.591712e-05	0	6.5917117e-05
mouse_wang_liver	ENSMUST00000247098.2	Gm57138	lncRNA	start	191	0	0	-1	A				0	0.00040637807	0	0.00040637804
mouse_wang_liver	ENSMUST00000247098.2	Gm57138	lncRNA	start	192	0	0	-1	G				0	4.0026553e-06	0	4.0026551e-06
mouse_wang_liver	ENSMUST00000247098.2	Gm57138	lncRNA	start	193	0	0	-1	G				2	4.2522533e-05	0.0065359477	4.2522531e-05
mouse_wang_liver	ENSMUST00000247098.2	Gm57138	lncRNA	start	194	0	0	-1	C				4	0.00021907802	0.013071895	0.00021907801
mouse_wang_liver	ENSMUST00000247098.2	Gm57138	lncRNA	start	195	0	0	-1	C				0	0.00029813853	0	0.00029813852
mouse_wang_liver	ENSMUST00000247098.2	Gm57138	lncRNA	start	196	0	0	-1	A				0	2.8737333e-05	0	2.8737332e-05
mouse_wang_liver	ENSMUST00000247098.2	Gm57138	lncRNA	start	197	0	0	-1	G				1	9.9525423e-05	0.0032679739	9.9525418e-05
mouse_wang_liver	ENSMUST00000247098.2	Gm57138	lncRNA	start	198	0	0	-1	C				0	7.8916501e-06	0	7.8916497e-06
mouse_wang_liver	ENSMUST00000247098.2	Gm57138	lncRNA	start	199	0	0	-1	C				0	0.00039141646	0	0.00039141644
mouse_wang_liver	ENSMUST00000247098.2	Gm57138	lncRNA	start	200	0	0	-1	T				0	0.00011118589	0	0.00011118588
mouse_wang_liver	ENSMUST00000247098.2	Gm57138	lncRNA	start	201	0	0	-1	G				0	0.00040423207	0	0.00040423205
mouse_wang_liver	ENSMUST00000247098.2	Gm57138	lncRNA	start	202	0	0	-1	G				0	0.00038059361	0	0.00038059359
mouse_wang_liver	ENSMUST00000247098.2	Gm57138	lncRNA	start	203	0	0	-1	G				0	0.00031070822	0	0.0003107082
mouse_wang_liver	ENSMUST00000247098.2	Gm57138	lncRNA	start	204	0	0	-1	C				0	6.2138555e-05	0	6.2138552e-05
mouse_wang_liver	ENSMUST00000247098.2	Gm57138	lncRNA	start	205	0	0	-1	A				0	7.316393e-05	0	7.3163927e-05
mouse_wang_liver	ENSMUST00000247098.2	Gm57138	lncRNA	start	206	0	0	-1	A				3	0.00024253705	0.0098039216	0.00024253704
mouse_wang_liver	ENSMUST00000247098.2	Gm57138	lncRNA	start	207	0	0	-1	C				2	6.0912054e-05	0.0065359477	6.0912051e-05
mouse_wang_liver	ENSMUST00000247098.2	Gm57138	lncRNA	start	208	0	0	-1	A				3	0.00049144047	0.0098039216	0.00049144045
mouse_wang_liver	ENSMUST00000247098.2	Gm57138	lncRNA	start	209	0	0	-1	T				1	1.6562011e-05	0.0032679739	1.656201e-05
mouse_wang_liver	ENSMUST00000247098.2	Gm57138	lncRNA	start	210	0	0	-1	G				0	3.852746e-06	0	3.8527458e-06
mouse_wang_liver	ENSMUST00000247098.2	Gm57138	lncRNA	start	211	0	0	-1	C				0	0.0011709287	0	0.0011709286
mouse_wang_liver	ENSMUST00000247098.2	Gm57138	lncRNA	start	212	0	0	-1	A				4	0.00015422063	0.013071895	0.00015422062
mouse_wang_liver	ENSMUST00000247098.2	Gm57138	lncRNA	start	213	0	0	-1	G				0	4.339503e-06	0	4.3395028e-06
mouse_wang_liver	ENSMUST00000247098.2	Gm57138	lncRNA	start	214	0	0	-1	A				0	0.00047190973	0	0.00047190971
mouse_wang_liver	ENSMUST00000247098.2	Gm57138	lncRNA	start	215	0	0	-1	G				3	0.00051204901	0.0098039216	0.00051204898
mouse_wang_liver	ENSMUST00000247098.2	Gm57138	lncRNA	start	216	0	0	-1	A				1	0.00032834202	0.0032679739	0.00032834201
mouse_wang_liver	ENSMUST00000247098.2	Gm57138	lncRNA	start	217	0	0	-1	T				1	0.0014099817	0.0032679739	0.0014099817
mouse_wang_liver	ENSMUST00000247098.2	Gm57138	lncRNA	start	218	0	0	-1	T				1	0.00072705245	0.0032679739	0.00072705241
mouse_wang_liver	ENSMUST00000247098.2	Gm57138	lncRNA	start	219	0	0	-1	G				0	0.0012216605	0	0.0012216605
mouse_wang_liver	ENSMUST00000247098.2	Gm57138	lncRNA	start	220	0	0	-1	T				5	0.0042716926	0.016339869	0.0042716924
mouse_wang_liver	ENSMUST00000247098.2	Gm57138	lncRNA	start	221	0	0	-1	C				0	0.0012221568	0	0.0012221567
mouse_wang_liver	ENSMUST00000247098.2	Gm57138	lncRNA	start	222	0	0	-1	T				0	0.00044843095	0	0.00044843092
mouse_wang_liver	ENSMUST00000247098.2	Gm57138	lncRNA	start	223	0	0	-1	C				3	0.002005537	0.0098039216	0.0020055369
mouse_wang_liver	ENSMUST00000247098.2	Gm57138	lncRNA	start	224	0	0	-1	A				2	0.0044162665	0.0065359477	0.0044162662
mouse_wang_liver	ENSMUST00000247098.2	Gm57138	lncRNA	start	225	0	0	-1	A				18	0.0047938763	0.058823529	0.0047938761
mouse_wang_liver	ENSMUST00000247098.2	Gm57138	lncRNA	start	226	0	0	-1	G				25	0.0036315927	0.081699346	0.0036315925
mouse_wang_liver	ENSMUST00000247098.2	Gm57138	lncRNA	start	227	0	0	-1	G				1	0.0010616076	0.0032679739	0.0010616076
mouse_wang_liver	ENSMUST00000247098.2	Gm57138	lncRNA	start	228	0	0	-1	G				0	0.0027052565	0	0.0027052563
mouse_wang_liver	ENSMUST00000247098.2	Gm57138	lncRNA	start	229	0	0	-1	G				0	0.0033174304	0	0.0033174302
mouse_wang_liver	ENSMUST00000247098.2	Gm57138	lncRNA	start	230	0	0	-1	A				0	7.7521639e-05	0	7.7521636e-05
mouse_wang_liver	ENSMUST00000247098.2	Gm57138	lncRNA	start	231	0	0	-1	A				0	0.00015312865	0	0.00015312865
mouse_wang_liver	ENSMUST00000247098.2	Gm57138	lncRNA	start	232	0	0	-1	A				1	0.00039705448	0.0032679739	0.00039705446
mouse_wang_liver	ENSMUST00000247098.2	Gm57138	lncRNA	start	233	0	0	-1	A				0	0.00010065405	0	0.00010065404
mouse_wang_liver	ENSMUST00000247098.2	Gm57138	lncRNA	start	234	0	0	-1	A				0	8.1934006e-05	0	8.1934002e-05
mouse_wang_liver	ENSMUST00000247098.2	Gm57138	lncRNA	start	235	0	0	-1	G				1	3.8958031e-05	0.0032679739	3.8958029e-05
mouse_wang_liver	ENSMUST00000247098.2	Gm57138	lncRNA	start	236	0	0	-1	A				0	0.0005717224	0	0.00057172237
mouse_wang_liver	ENSMUST00000247098.2	Gm57138	lncRNA	start	237	0	0	-1	G				0	0.00012467438	0	0.00012467437
mouse_wang_liver	ENSMUST00000247098.2	Gm57138	lncRNA	start	238	0	0	-1	G				2	6.4450789e-05	0.0065359477	6.4450786e-05
mouse_wang_liver	ENSMUST00000247098.2	Gm57138	lncRNA	start	239	0	0	-1	A				0	9.3374611e-06	0	9.3374606e-06
mouse_wang_liver	ENSMUST00000247098.2	Gm57138	lncRNA	start	240	0	0	-1	A				0	1.6106214e-05	0	1.6106214e-05
mouse_wang_liver	ENSMUST00000247098.2	Gm57138	lncRNA	start	241	0	0	-1	G				0	0.00029152114	0	0.00029152112
mouse_wang_liver	ENSMUST00000247098.2	Gm57138	lncRNA	start	242	0	0	-1	A				0	0.0010420894	0	0.0010420894
mouse_wang_liver	ENSMUST00000247098.2	Gm57138	lncRNA	start	243	0	0	-1	G				0	0.00022311026	0	0.00022311024
mouse_wang_liver	ENSMUST00000247098.2	Gm57138	lncRNA	start	244	0	0	-1	T				1	0.00027242504	0.0032679739	0.00027242502
mouse_wang_liver	ENSMUST00000247098.2	Gm57138	lncRNA	start	245	0	0	-1	A				0	0.00036665649	0	0.00036665647
mouse_wang_liver	ENSMUST00000247098.2	Gm57138	lncRNA	start	246	0	0	-1	A				0	0.0012317306	0	0.0012317305
mouse_wang_liver	ENSMUST00000247098.2	Gm57138	lncRNA	start	247	0	0	-1	A				0	0.00034582461	0	0.00034582459
mouse_wang_liver	ENSMUST00000247098.2	Gm57138	lncRNA	start	248	0	0	-1	A				1	0.00024714335	0.0032679739	0.00024714334
mouse_wang_liver	ENSMUST00000247098.2	Gm57138	lncRNA	start	249	0	0	-1	G				0	7.519361e-05	0	7.5193606e-05
mouse_wang_liver	ENSMUST00000247098.2	Gm57138	lncRNA	start	250	0	0	-1	A				0	7.6045799e-05	0	7.6045795e-05
mouse_wang_liver	ENSMUST00000247098.2	Gm57138	lncRNA	start	251	0	0	-1	A				0	0.00098151108	0	0.00098151103
mouse_wang_liver	ENSMUST00000247098.2	Gm57138	lncRNA	start	252	0	0	-1	G				0	0.00052647037	0	0.00052647034
mouse_wang_liver	ENSMUST00000247098.2	Gm57138	lncRNA	start	253	0	0	-1	A				1	0.0031680269	0.0032679739	0.0031680268
mouse_wang_liver	ENSMUST00000247098.2	Gm57138	lncRNA	start	254	0	0	-1	T				1	0.0056875236	0.0032679739	0.0056875233
mouse_wang_liver	ENSMUST00000247098.2	Gm57138	lncRNA	start	255	0	0	-1	T				0	0.041025467	0	0.041025465
mouse_wang_liver	ENSMUST00000247098.2	Gm57138	lncRNA	start	256	0	0	-1	T				0	0.00012925727	0	0.00012925726
mouse_wang_liver	ENSMUST00000247098.2	Gm57138	lncRNA	start	257	0	0	-1	G				0	0.010216028	0	0.010216028
mouse_wang_liver	ENSMUST00000247098.2	Gm57138	lncRNA	start	258	0	0	-1	A				0	0.0013656932	0	0.0013656931
mouse_wang_liver	ENSMUST00000247098.2	Gm57138	lncRNA	start	259	0	0	-1	A				0	0.00024514782	0	0.00024514781
mouse_wang_liver	ENSMUST00000247098.2	Gm57138	lncRNA	start	260	0	0	-1	A				0	0.16446699	0	0.16446698
mouse_wang_liver	ENSMUST00000247098.2	Gm57138	lncRNA	start	261	0	0	-1	G				0	0.0017350368	0	0.0017350368
mouse_wang_liver	ENSMUST00000247098.2	Gm57138	lncRNA	start	262	0	0	-1	T				0	0.048888851	0	0.048888849
mouse_wang_liver	ENSMUST00000247098.2	Gm57138	lncRNA	start	263	0	0	-1	T				0	0.0027214109	0	0.0027214108
mouse_wang_liver	ENSMUST00000247098.2	Gm57138	lncRNA	start	264	0	0	-1	G				0	0.00021456282	0	0.00021456281
mouse_wang_liver	ENSMUST00000247098.2	Gm57138	lncRNA	start	265	0	0	-1	A				0	0.00012979635	0	0.00012979634
mouse_wang_liver	ENSMUST00000247098.2	Gm57138	lncRNA	start	266	0	0	-1	G				0	0.00013234992	0	0.00013234991
mouse_wang_liver	ENSMUST00000247098.2	Gm57138	lncRNA	start	267	0	0	-1	C				0	0.0011153831	0	0.0011153831
mouse_wang_liver	ENSMUST00000247098.2	Gm57138	lncRNA	start	268	0	0	-1	T				0	0.00034181555	0	0.00034181554
mouse_wang_liver	ENSMUST00000247098.2	Gm57138	lncRNA	start	269	0	0	-1	G				0	3.2134845e-05	0	3.2134844e-05
mouse_wang_liver	ENSMUST00000247098.2	Gm57138	lncRNA	start	270	0	0	-1	A				0	6.818938e-05	0	6.8189376e-05
mouse_wang_liver	ENSMUST00000247098.2	Gm57138	lncRNA	start	271	0	0	-1	G				0	3.5464956e-05	0	3.5464955e-05
mouse_wang_liver	ENSMUST00000247098.2	Gm57138	lncRNA	start	272	0	0	-1	C				0	0.00015903162	0	0.00015903162
mouse_wang_liver	ENSMUST00000247098.2	Gm57138	lncRNA	start	273	0	0	-1	G				0	4.1432773e-05	0	4.1432771e-05
mouse_wang_liver	ENSMUST00000247098.2	Gm57138	lncRNA	start	274	0	0	-1	G				0	3.3070426e-06	0	3.3070424e-06
mouse_wang_liver	ENSMUST00000247098.2	Gm57138	lncRNA	start	275	0	0	-1	A				0	0.00024739804	0	0.00024739803
mouse_wang_liver	ENSMUST00000247098.2	Gm57138	lncRNA	start	276	0	0	-1	G				1	0.00011857627	0.0032679739	0.00011857627
mouse_wang_liver	ENSMUST00000247098.2	Gm57138	lncRNA	start	277	0	0	-1	C				0	2.0905418e-05	0	2.0905417e-05
mouse_wang_liver	ENSMUST00000247098.2	Gm57138	lncRNA	start	278	0	0	-1	C				0	7.6864208e-06	0	7.6864204e-06
mouse_wang_liver	ENSMUST00000247098.2	Gm57138	lncRNA	start	279	0	0	-1	G				0	1.8719775e-05	0	1.8719774e-05
mouse_wang_liver	ENSMUST00000247098.2	Gm57138	lncRNA	start	280	0	0	-1	C				0	9.0249283e-05	0	9.0249278e-05
mouse_wang_liver	ENSMUST00000247098.2	Gm57138	lncRNA	start	281	0	0	-1	G				0	2.7074322e-05	0	2.7074321e-05
mouse_wang_liver	ENSMUST00000247098.2	Gm57138	lncRNA	start	282	0	0	-1	T				0	0.0029862639	0	0.0029862638
mouse_wang_liver	ENSMUST00000247098.2	Gm57138	lncRNA	start	283	0	0	-1	T				0	0.00084165443	0	0.00084165439
mouse_wang_liver	ENSMUST00000247098.2	Gm57138	lncRNA	start	284	0	0	-1	G				0	4.2878855e-05	0	4.2878853e-05
mouse_wang_liver	ENSMUST00000247098.2	Gm57138	lncRNA	start	285	0	0	-1	T				0	9.8168093e-05	0	9.8168088e-05
mouse_wang_liver	ENSMUST00000247098.2	Gm57138	lncRNA	start	286	0	0	-1	C				0	1.0646796e-05	0	1.0646795e-05
mouse_wang_liver	ENSMUST00000247098.2	Gm57138	lncRNA	start	287	0	0	-1	T				0	0.00025079504	0	0.00025079503
mouse_wang_liver	ENSMUST00000247098.2	Gm57138	lncRNA	start	288	0	0	-1	G				1	0.00012332792	0.0032679739	0.00012332791
mouse_wang_liver	ENSMUST00000247098.2	Gm57138	lncRNA	start	289	0	0	-1	G				0	4.4073342e-05	0	4.407334e-05
mouse_wang_liver	ENSMUST00000247098.2	Gm57138	lncRNA	start	290	0	0	-1	T				0	0.00015379163	0	0.00015379162
mouse_wang_liver	ENSMUST00000247098.2	Gm57138	lncRNA	start	291	0	0	-1	A				0	2.5643623e-05	0	2.5643622e-05
mouse_wang_liver	ENSMUST00000247098.2	Gm57138	lncRNA	start	292	0	0	-1	G				0	2.4012108e-05	0	2.4012107e-05
mouse_wang_liver	ENSMUST00000247098.2	Gm57138	lncRNA	start	293	0	0	-1	C				0	0.00038003761	0	0.0003800376
mouse_wang_liver	ENSMUST00000247098.2	Gm57138	lncRNA	start	294	0	0	-1	T				0	4.3877742e-05	0	4.387774e-05
mouse_wang_liver	ENSMUST00000247098.2	Gm57138	lncRNA	start	295	0	0	-1	G				0	5.70433e-05	0	5.7043297e-05
mouse_wang_liver	ENSMUST00000247098.2	Gm57138	lncRNA	start	296	0	0	-1	G				0	9.6721697e-06	0	9.6721692e-06
mouse_wang_liver	ENSMUST00000247098.2	Gm57138	lncRNA	start	297	0	0	-1	G				0	1.3358455e-05	0	1.3358455e-05
mouse_wang_liver	ENSMUST00000247098.2	Gm57138	lncRNA	start	298	0	0	-1	C				0	7.2702537e-06	0	7.2702534e-06
mouse_wang_liver	ENSMUST00000247098.2	Gm57138	lncRNA	start	299	0	0	-1	A				0	2.4247589e-05	0	2.4247588e-05
mouse_wang_liver	ENSMUST00000247098.2	Gm57138	lncRNA	start	300	0	0	-1	G				0	1.3693721e-05	0	1.3693721e-05
mouse_wang_liver	ENSMUST00000247098.2	Gm57138	lncRNA	start	301	0	0	-1	G				0	7.2631199e-05	0	7.2631196e-05
mouse_wang_liver	ENSMUST00000247098.2	Gm57138	lncRNA	start	302	0	0	-1	T				0	7.2520452e-05	0	7.2520448e-05
mouse_wang_liver	ENSMUST00000247098.2	Gm57138	lncRNA	start	303	0	0	-1	G				0	0.00081360264	0	0.0008136026
mouse_wang_liver	ENSMUST00000247098.2	Gm57138	lncRNA	start	304	0	0	-1	G				0	8.3287559e-05	0	8.3287555e-05
mouse_wang_liver	ENSMUST00000247098.2	Gm57138	lncRNA	start	305	0	0	-1	T				0	9.2156242e-06	0	9.2156238e-06
mouse_wang_liver	ENSMUST00000247098.2	Gm57138	lncRNA	start	306	0	0	-1	G				0	0.00014261159	0	0.00014261159
mouse_wang_liver	ENSMUST00000247098.2	Gm57138	lncRNA	start	307	0	0	-1	G				0	0.00012852075	0	0.00012852075
mouse_wang_liver	ENSMUST00000247098.2	Gm57138	lncRNA	start	308	0	0	-1	T				0	8.4472213e-06	0	8.4472208e-06
mouse_wang_liver	ENSMUST00000247098.2	Gm57138	lncRNA	start	309	0	0	-1	G				1	4.7666417e-05	0.0032679739	4.7666415e-05
mouse_wang_liver	ENSMUST00000247098.2	Gm57138	lncRNA	start	310	0	0	-1	T				0	3.2574939e-05	0	3.2574937e-05
mouse_wang_liver	ENSMUST00000247098.2	Gm57138	lncRNA	start	311	0	0	-1	G				0	3.4728393e-05	0	3.4728391e-05
mouse_wang_liver	ENSMUST00000247098.2	Gm57138	lncRNA	start	312	0	0	-1	G				0	6.9985093e-05	0	6.998509e-05
mouse_wang_liver	ENSMUST00000247098.2	Gm57138	lncRNA	start	313	0	0	-1	C				0	0.00010486837	0	0.00010486836
mouse_wang_liver	ENSMUST00000247098.2	Gm57138	lncRNA	start	314	0	0	-1	C				0	0.00027209605	0	0.00027209603
mouse_wang_liver	ENSMUST00000247098.2	Gm57138	lncRNA	start	315	0	0	-1	A				0	0.00047854873	0	0.0004785487
mouse_wang_liver	ENSMUST00000247098.2	Gm57138	lncRNA	start	316	0	0	-1	G				0	0.00079952355	0	0.00079952351
mouse_wang_liver	ENSMUST00000247098.2	Gm57138	lncRNA	start	317	0	0	-1	T				0	0.00049462408	0	0.00049462406
mouse_wang_liver	ENSMUST00000247098.2	Gm57138	lncRNA	start	318	0	0	-1	G				0	0.00028777303	0	0.00028777302
mouse_wang_liver	ENSMUST00000247098.2	Gm57138	lncRNA	start	319	0	0	-1	C				0	4.8002854e-05	0	4.8002851e-05
mouse_wang_liver	ENSMUST00000247098.2	Gm57138	lncRNA	start	320	0	0	-1	A				0	0.00016746382	0	0.00016746381
mouse_wang_liver	ENSMUST00000247098.2	Gm57138	lncRNA	start	321	0	0	-1	C				0	0.00027611881	0	0.00027611879
mouse_wang_liver	ENSMUST00000247098.2	Gm57138	lncRNA	start	322	0	0	-1	G				0	0.00074524718	0	0.00074524714
mouse_wang_liver	ENSMUST00000247098.2	Gm57138	lncRNA	start	323	0	0	-1	C				0	4.8655667e-05	0	4.8655665e-05
mouse_wang_liver	ENSMUST00000247098.2	Gm57138	lncRNA	start	324	0	0	-1	A				0	0.00029317892	0	0.00029317891
mouse_wang_liver	ENSMUST00000247098.2	Gm57138	lncRNA	start	325	0	0	-1	G				0	0.00070436962	0	0.00070436959
mouse_wang_liver	ENSMUST00000247098.2	Gm57138	lncRNA	start	326	0	0	-1	A				0	2.5746001e-05	0	2.5746e-05
mouse_wang_liver	ENSMUST00000247098.2	Gm57138	lncRNA	start	327	0	0	-1	G				0	0.00054790382	0	0.0005479038
mouse_wang_liver	ENSMUST00000247098.2	Gm57138	lncRNA	start	328	1	1	0	A	ATG	M	0	0	0.0064743781	0	0.0064743777
mouse_wang_liver	ENSMUST00000247098.2	Gm57138	lncRNA	start	329	1	1	1	T				0	0.0018943005	0	0.0018943004
mouse_wang_liver	ENSMUST00000247098.2	Gm57138	lncRNA	start	330	1	1	2	G				0	0.00020989291	0	0.0002098929
mouse_wang_liver	ENSMUST00000247098.2	Gm57138	lncRNA	start	331	1	1	0	A	AGG	R	1	0	0.001348587	0	0.0013485869
mouse_wang_liver	ENSMUST00000247098.2	Gm57138	lncRNA	start	332	1	1	1	G				0	0.00021354541	0	0.0002135454
mouse_wang_liver	ENSMUST00000247098.2	Gm57138	lncRNA	start	333	1	1	2	G				0	0.0003910501	0	0.00039105008
mouse_wang_liver	ENSMUST00000247098.2	Gm57138	lncRNA	start	334	1	1	0	C	CGG	R	2	0	0.00053676555	0	0.00053676553
mouse_wang_liver	ENSMUST00000247098.2	Gm57138	lncRNA	start	335	1	1	1	G				0	7.4834199e-05	0	7.4834195e-05
mouse_wang_liver	ENSMUST00000247098.2	Gm57138	lncRNA	start	336	1	1	2	G				0	0.00053265138	0	0.00053265135
mouse_wang_liver	ENSMUST00000247098.2	Gm57138	lncRNA	start	337	1	1	0	A	AGT	S	3	0	0.00067435304	0	0.00067435301
mouse_wang_liver	ENSMUST00000247098.2	Gm57138	lncRNA	start	338	1	1	1	G				0	9.3505114e-05	0	9.3505109e-05
mouse_wang_liver	ENSMUST00000247098.2	Gm57138	lncRNA	start	339	1	1	2	T				0	0.00031051834	0	0.00031051833
mouse_wang_liver	ENSMUST00000247098.2	Gm57138	lncRNA	start	340	1	1	0	G	GGG	G	4	0	0.0021363411	0	0.002136341
mouse_wang_liver	ENSMUST00000247098.2	Gm57138	lncRNA	start	341	1	1	1	G				0	0.00023522881	0	0.0002352288
mouse_wang_liver	ENSMUST00000247098.2	Gm57138	lncRNA	start	342	1	1	2	G				0	0.0011366059	0	0.0011366058
mouse_wang_liver	ENSMUST00000247098.2	Gm57138	lncRNA	start	343	1	1	0	G	GAG	E	5	0	0.0034569027	0	0.0034569025
mouse_wang_liver	ENSMUST00000247098.2	Gm57138	lncRNA	start	344	1	1	1	A				0	8.6199128e-05	0	8.6199124e-05
mouse_wang_liver	ENSMUST00000247098.2	Gm57138	lncRNA	start	345	1	1	2	G				0	9.6649732e-05	0	9.6649727e-05
mouse_wang_liver	ENSMUST00000247098.2	Gm57138	lncRNA	start	346	1	1	0	A	AGC	S	6	1	0.0011241602	0.0032679739	0.0011241602
mouse_wang_liver	ENSMUST00000247098.2	Gm57138	lncRNA	start	347	1	1	1	G				1	0.00026441057	0.0032679739	0.00026441056
mouse_wang_liver	ENSMUST00000247098.2	Gm57138	lncRNA	start	348	1	1	2	C				0	0.00049029634	0	0.00049029632
mouse_wang_liver	ENSMUST00000247098.2	Gm57138	lncRNA	start	349	1	1	0	G	GTT	V	7	6	0.014041762	0.019607843	0.014041761
mouse_wang_liver	ENSMUST00000247098.2	Gm57138	lncRNA	start	350	1	1	1	T				0	0.00011033547	0	0.00011033546
mouse_wang_liver	ENSMUST00000247098.2	Gm57138	lncRNA	start	351	1	1	2	T				0	0.00075465132	0	0.00075465128
mouse_wang_liver	ENSMUST00000247098.2	Gm57138	lncRNA	start	352	1	1	0	C	CCA	P	8	0	0.00023474811	0	0.00023474809
mouse_wang_liver	ENSMUST00000247098.2	Gm57138	lncRNA	start	353	1	1	1	C				0	2.1533595e-05	0	2.1533594e-05
mouse_wang_liver	ENSMUST00000247098.2	Gm57138	lncRNA	start	354	1	1	2	A				1	0.0013117183	0.0032679739	0.0013117182
mouse_wang_liver	ENSMUST00000247098.2	Gm57138	lncRNA	start	355	1	1	0	T	TGC	C	9	3	0.0025812902	0.0098039216	0.0025812901
mouse_wang_liver	ENSMUST00000247098.2	Gm57138	lncRNA	start	356	1	1	1	G				0	0.00031636262	0	0.00031636261
mouse_wang_liver	ENSMUST00000247098.2	Gm57138	lncRNA	start	357	1	1	2	C				0	0.00024810474	0	0.00024810473
mouse_wang_liver	ENSMUST00000247098.2	Gm57138	lncRNA	start	358	1	1	0	T	TGC	C	10	0	0.00084290188	0	0.00084290184
mouse_wang_liver	ENSMUST00000247098.2	Gm57138	lncRNA	start	359	1	1	1	G				0	0.00049599347	0	0.00049599345
mouse_wang_liver	ENSMUST00000247098.2	Gm57138	lncRNA	start	360	1	1	2	C				0	0.00024456778	0	0.00024456777
mouse_wang_liver	ENSMUST00000247098.2	Gm57138	lncRNA	start	361	1	1	0	A	AAG	K	11	0	0.0028652663	0	0.0028652661
mouse_wang_liver	ENSMUST00000247098.2	Gm57138	lncRNA	start	362	1	1	1	A				0	0.00022731745	0	0.00022731744
mouse_wang_liver	ENSMUST00000247098.2	Gm57138	lncRNA	start	363	1	1	2	G				0	0.0050308746	0	0.0050308744
mouse_wang_liver	ENSMUST00000247098.2	Gm57138	lncRNA	start	364	1	1	0	C	CAT	H	12	1	0.0059410054	0.0032679739	0.0059410051
mouse_wang_liver	ENSMUST00000247098.2	Gm57138	lncRNA	start	365	1	1	1	A				0	0.00073036179	0	0.00073036175
mouse_wang_liver	ENSMUST00000247098.2	Gm57138	lncRNA	start	366	1	1	2	T				0	0.00072432362	0	0.00072432358
mouse_wang_liver	ENSMUST00000247098.2	Gm57138	lncRNA	start	367	1	1	0	T	TTC	F	13	3	0.0059950608	0.0098039216	0.0059950605
mouse_wang_liver	ENSMUST00000247098.2	Gm57138	lncRNA	start	368	1	1	1	T				1	0.00151301	0.0032679739	0.0015130099
mouse_wang_liver	ENSMUST00000247098.2	Gm57138	lncRNA	start	369	1	1	2	C				0	0.0021126866	0	0.0021126865
mouse_wang_liver	ENSMUST00000247098.2	Gm57138	lncRNA	start	370	1	1	0	C	CTC	L	14	0	0.0024373874	0	0.0024373872
mouse_wang_liver	ENSMUST00000247098.2	Gm57138	lncRNA	start	371	1	1	1	T				0	0.00011528307	0	0.00011528306
mouse_wang_liver	ENSMUST00000247098.2	Gm57138	lncRNA	start	372	1	1	2	C				1	0.024508746	0.0032679739	0.024508745
mouse_wang_liver	ENSMUST00000247098.2	Gm57138	lncRNA	start	373	1	1	0	C	CTG	L	15	2	0.024356838	0.0065359477	0.024356837
mouse_wang_liver	ENSMUST00000247098.2	Gm57138	lncRNA	start	374	1	1	1	T				0	0.0019812416	0	0.0019812415
mouse_wang_liver	ENSMUST00000247098.2	Gm57138	lncRNA	start	375	1	1	2	G				0	0.013641306	0	0.013641306
mouse_wang_liver	ENSMUST00000247098.2	Gm57138	lncRNA	start	376	1	1	0	G	GCC	A	16	0	0.0019556608	0	0.0019556607
mouse_wang_liver	ENSMUST00000247098.2	Gm57138	lncRNA	start	377	1	1	1	C				1	0.00025818846	0.0032679739	0.00025818845
mouse_wang_liver	ENSMUST00000247098.2	Gm57138	lncRNA	start	378	1	1	2	C				1	0.011445588	0.0032679739	0.011445588
mouse_wang_liver	ENSMUST00000247098.2	Gm57138	lncRNA	start	379	1	1	0	G	GGA	G	17	5	0.0070359418	0.016339869	0.0070359415
mouse_wang_liver	ENSMUST00000247098.2	Gm57138	lncRNA	start	380	1	1	1	G				1	0.0022250647	0.0032679739	0.0022250646
mouse_wang_liver	ENSMUST00000247098.2	Gm57138	lncRNA	start	381	1	1	2	A				0	0.0014222621	0	0.001422262
mouse_wang_liver	ENSMUST00000247098.2	Gm57138	lncRNA	start	382	1	1	0	G	GAC	D	18	0	0.0027364197	0	0.0027364195
mouse_wang_liver	ENSMUST00000247098.2	Gm57138	lncRNA	start	383	1	1	1	A				0	0.0026381474	0	0.0026381473
mouse_wang_liver	ENSMUST00000247098.2	Gm57138	lncRNA	start	384	1	1	2	C				0	0.0040036691	0	0.0040036689
mouse_wang_liver	ENSMUST00000247098.2	Gm57138	lncRNA	start	385	1	1	0	A	ACT	T	19	0	0.0030291802	0	0.0030291801
mouse_wang_liver	ENSMUST00000247098.2	Gm57138	lncRNA	start	386	1	1	1	C				0	0.001214112	0	0.001214112
mouse_wang_liver	ENSMUST00000247098.2	Gm57138	lncRNA	start	387	1	1	2	T				0	0.0043249875	0	0.0043249873
mouse_wang_liver	ENSMUST00000247098.2	Gm57138	lncRNA	start	388	1	0	0	G	GGC	G	20	0	0.0027615214	0	0.0027615212
mouse_wang_liver	ENSMUST00000247098.2	Gm57138	lncRNA	start	389	1	0	1	G				0	0.00045143371	0	0.00045143368
mouse_wang_liver	ENSMUST00000247098.2	Gm57138	lncRNA	start	390	1	0	2	C				0	0.00078132894	0	0.0007813289
mouse_wang_liver	ENSMUST00000247098.2	Gm57138	lncRNA	start	391	1	0	0	A	ATT	I	21	0	0.0049731662	0	0.0049731659
mouse_wang_liver	ENSMUST00000247098.2	Gm57138	lncRNA	start	392	1	0	1	T				0	0.0028522045	0	0.0028522043
mouse_wang_liver	ENSMUST00000247098.2	Gm57138	lncRNA	start	393	1	0	2	T				0	0.0028573503	0	0.0028573501
mouse_wang_liver	ENSMUST00000247098.2	Gm57138	lncRNA	start	394	1	0	0	G	GGC	G	22	23	0.035433091	0.075163399	0.035433089
mouse_wang_liver	ENSMUST00000247098.2	Gm57138	lncRNA	start	395	1	0	1	G				0	0.0012610232	0	0.0012610232
mouse_wang_liver	ENSMUST00000247098.2	Gm57138	lncRNA	start	396	1	0	2	C				0	0.001755591	0	0.0017555909
mouse_wang_liver	ENSMUST00000247098.2	Gm57138	lncRNA	start	397	1	0	0	A	AAG	K	23	1	0.028281344	0.0032679739	0.028281343
mouse_wang_liver	ENSMUST00000247098.2	Gm57138	lncRNA	start	398	1	0	1	A				0	0.0077023334	0	0.007702333
mouse_wang_liver	ENSMUST00000247098.2	Gm57138	lncRNA	start	399	1	0	2	G				1	0.002202603	0.0032679739	0.0022026029
mouse_wang_liver	ENSMUST00000247098.2	Gm57138	lncRNA	start	400	1	0	0	A	ACT	T	24	0	0.0024306974	0	0.0024306973
mouse_wang_liver	ENSMUST00000247098.2	Gm57138	lncRNA	start	401	1	0	1	C				0	0.0017566143	0	0.0017566142
mouse_wang_liver	ENSMUST00000247098.2	Gm57138	lncRNA	start	402	1	0	2	T				0	0.0032887303	0	0.0032887301
mouse_wang_liver	ENSMUST00000247098.2	Gm57138	lncRNA	start	403	1	0	0	C	CAG	Q	25	0	0.0020430654	0	0.0020430653
mouse_wang_liver	ENSMUST00000247098.2	Gm57138	lncRNA	start	404	1	0	1	A				0	0.0028853989	0	0.0028853988
mouse_wang_liver	ENSMUST00000247098.2	Gm57138	lncRNA	start	405	1	0	2	G				0	0.003949895	0	0.0039498948
mouse_wang_liver	ENSMUST00000247098.2	Gm57138	lncRNA	start	406	1	0	0	T	TGG	W	26	0	0.0055466564	0	0.0055466562
mouse_wang_liver	ENSMUST00000247098.2	Gm57138	lncRNA	start	407	1	0	1	G				0	0.0003446292	0	0.00034462918
mouse_wang_liver	ENSMUST00000247098.2	Gm57138	lncRNA	start	408	1	0	2	G				0	0.0051044929	0	0.0051044926
mouse_wang_liver	ENSMUST00000247098.2	Gm57138	lncRNA	start	409	1	0	0	A	AAA	K	27	0	0.0036816194	0	0.0036816192
mouse_wang_liver	ENSMUST00000247098.2	Gm57138	lncRNA	start	410	1	0	1	A				0	0.0024770556	0	0.0024770555
mouse_wang_liver	ENSMUST00000247098.2	Gm57138	lncRNA	start	411	1	0	2	A				0	0.0062040328	0	0.0062040325
mouse_wang_liver	ENSMUST00000247098.2	Gm57138	lncRNA	start	412	1	0	0	A	AAG	K	28	0	0.0020544424	0	0.0020544423
mouse_wang_liver	ENSMUST00000247098.2	Gm57138	lncRNA	start	413	1	0	1	A				0	0.0013478065	0	0.0013478065
mouse_wang_liver	ENSMUST00000247098.2	Gm57138	lncRNA	start	414	1	0	2	G				0	0.0025342547	0	0.0025342546
mouse_wang_liver	ENSMUST00000247098.2	Gm57138	lncRNA	start	415	1	0	0	A	ATG	M	29	0	0.0036391837	0	0.0036391835
mouse_wang_liver	ENSMUST00000247098.2	Gm57138	lncRNA	start	416	1	0	1	T				0	0.0003418889	0	0.00034188888
mouse_wang_liver	ENSMUST00000247098.2	Gm57138	lncRNA	start	417	1	0	2	G				0	0.00020330641	0	0.0002033064
mouse_wang_liver	ENSMUST00000247098.2	Gm57138	lncRNA	start	418	1	0	0	G	GAG	E	30	0	0.00036159492	0	0.00036159491
mouse_wang_liver	ENSMUST00000247098.2	Gm57138	lncRNA	start	419	1	0	1	A				0	0.00012356279	0	0.00012356278
mouse_wang_liver	ENSMUST00000247098.2	Gm57138	lncRNA	start	420	1	0	2	G				0	0.00041059233	0	0.00041059231
mouse_wang_liver	ENSMUST00000247098.2	Gm57138	lncRNA	start	421	1	0	0	C	CCA	P	31	0	0.0018350773	0	0.0018350772
mouse_wang_liver	ENSMUST00000247098.2	Gm57138	lncRNA	start	422	1	0	1	C				0	0.00021425815	0	0.00021425814
mouse_wang_liver	ENSMUST00000247098.2	Gm57138	lncRNA	start	423	1	0	2	A				0	0.0015485089	0	0.0015485088
mouse_wang_liver	ENSMUST00000247098.2	Gm57138	lncRNA	start	424	1	0	0	G	GAG	E	32	0	0.0015188042	0	0.0015188042
mouse_wang_liver	ENSMUST00000247098.2	Gm57138	lncRNA	start	425	1	0	1	A				0	0.00022414053	0	0.00022414052
mouse_wang_liver	ENSMUST00000247098.2	Gm57138	lncRNA	start	426	1	0	2	G				0	0.00020431732	0	0.00020431731
mouse_wang_liver	ENSMUST00000247098.2	Gm57138	lncRNA	start	427	1	0	0	A	AGG	R	33	0	0.00043945565	0	0.00043945562
mouse_wang_liver	ENSMUST00000247098.2	Gm57138	lncRNA	start	428	1	0	1	G				0	9.6355041e-05	0	9.6355036e-05
mouse_wang_liver	ENSMUST00000247098.2	Gm57138	lncRNA	start	429	1	0	2	G				0	5.998835e-05	0	5.9988347e-05
mouse_wang_liver	ENSMUST00000247098.2	Gm57138	lncRNA	start	430	1	0	0	T	TTT	F	34	0	0.0008346595	0	0.00083465946
mouse_wang_liver	ENSMUST00000247098.2	Gm57138	lncRNA	start	431	1	0	1	T				0	0.00045788987	0	0.00045788984
mouse_wang_liver	ENSMUST00000247098.2	Gm57138	lncRNA	start	432	1	0	2	T				0	0.00013063282	0	0.00013063281
mouse_wang_liver	ENSMUST00000247098.2	Gm57138	lncRNA	start	433	1	0	0	G	GTA	V	35	0	0.0029049225	0	0.0029049223
mouse_wang_liver	ENSMUST00000247098.2	Gm57138	lncRNA	start	434	1	0	1	T				0	6.4336746e-05	0	6.4336743e-05
mouse_wang_liver	ENSMUST00000247098.2	Gm57138	lncRNA	start	435	1	0	2	A				0	0.00045670275	0	0.00045670273
mouse_wang_liver	ENSMUST00000247098.2	Gm57138	lncRNA	start	436	1	0	0	G	GGG	G	36	0	1.1075974e-05	0	1.1075973e-05
mouse_wang_liver	ENSMUST00000247098.2	Gm57138	lncRNA	start	437	1	0	1	G				0	1.3396869e-05	0	1.3396868e-05
mouse_wang_liver	ENSMUST00000247098.2	Gm57138	lncRNA	start	438	1	0	2	G				0	7.9466721e-05	0	7.9466717e-05
mouse_wang_liver	ENSMUST00000247098.2	Gm57138	lncRNA	start	439	1	0	0	G	GCG	A	37	0	0.00016543613	0	0.00016543612
mouse_wang_liver	ENSMUST00000247098.2	Gm57138	lncRNA	start	440	1	0	1	C				0	1.1648319e-05	0	1.1648318e-05
mouse_wang_liver	ENSMUST00000247098.2	Gm57138	lncRNA	start	441	1	0	2	G				0	0.00014181857	0	0.00014181856
mouse_wang_liver	ENSMUST00000247098.2	Gm57138	lncRNA	start	442	1	0	0	C	CTT	L	38	0	0.00023587352	0	0.00023587351
mouse_wang_liver	ENSMUST00000247098.2	Gm57138	lncRNA	start	443	1	0	1	T				0	7.18995e-05	0	7.1899496e-05
mouse_wang_liver	ENSMUST00000247098.2	Gm57138	lncRNA	start	444	1	0	2	T				0	0.00019992131	0	0.0001999213
mouse_wang_liver	ENSMUST00000247098.2	Gm57138	lncRNA	start	445	1	0	0	T	TGA	*	39	0	0.00028407856	0	0.00028407855
mouse_wang_liver	ENSMUST00000247098.2	Gm57138	lncRNA	start	446	1	0	1	G				0	0.00026257467	0	0.00026257466
mouse_wang_liver	ENSMUST00000247098.2	Gm57138	lncRNA	start	447	1	0	2	A				0	0.0019366757	0	0.0019366757
mouse_wang_liver	ENSMUST00000247098.2	Gm57138	lncRNA	start	448	0	0	-1	A				0	0.00012003695	0	0.00012003695
mouse_wang_liver	ENSMUST00000247098.2	Gm57138	lncRNA	start	449	0	0	-1	C				0	1.541954e-05	0	1.541954e-05
mouse_wang_liver	ENSMUST00000247098.2	Gm57138	lncRNA	start	450	0	0	-1	T				0	0.00027438867	0	0.00027438866
mouse_wang_liver	ENSMUST00000247098.2	Gm57138	lncRNA	start	451	0	0	-1	T				0	2.1635964e-05	0	2.1635963e-05
mouse_wang_liver	ENSMUST00000247098.2	Gm57138	lncRNA	start	452	0	0	-1	G				0	0.00035532482	0	0.00035532481
mouse_wang_liver	ENSMUST00000247098.2	Gm57138	lncRNA	start	453	0	0	-1	C				0	8.6451211e-05	0	8.6451207e-05
mouse_wang_liver	ENSMUST00000247098.2	Gm57138	lncRNA	start	454	0	0	-1	T				0	2.8830995e-05	0	2.8830993e-05
mouse_wang_liver	ENSMUST00000247098.2	Gm57138	lncRNA	start	455	0	0	-1	T				0	0.00017966761	0	0.0001796676
mouse_wang_liver	ENSMUST00000247098.2	Gm57138	lncRNA	start	456	0	0	-1	C				0	8.0615137e-05	0	8.0615133e-05
mouse_wang_liver	ENSMUST00000247098.2	Gm57138	lncRNA	start	457	0	0	-1	T				0	2.5561096e-05	0	2.5561094e-05
mouse_wang_liver	ENSMUST00000247098.2	Gm57138	lncRNA	start	458	0	0	-1	G				0	7.8772582e-06	0	7.8772578e-06
mouse_wang_liver	ENSMUST00000247098.2	Gm57138	lncRNA	start	459	0	0	-1	G				0	0.00022319367	0	0.00022319366
mouse_wang_liver	ENSMUST00000247098.2	Gm57138	lncRNA	start	460	0	0	-1	G				0	2.8423097e-05	0	2.8423096e-05
mouse_wang_liver	ENSMUST00000247098.2	Gm57138	lncRNA	start	461	0	0	-1	A				0	3.5675381e-05	0	3.5675379e-05
mouse_wang_liver	ENSMUST00000247098.2	Gm57138	lncRNA	start	462	0	0	-1	G				0	0.00010282552	0	0.00010282552
mouse_wang_liver	ENSMUST00000247098.2	Gm57138	lncRNA	start	463	0	0	-1	C				0	2.0818674e-05	0	2.0818673e-05
mouse_wang_liver	ENSMUST00000247098.2	Gm57138	lncRNA	start	464	0	0	-1	T				0	1.0563368e-05	0	1.0563368e-05
mouse_wang_liver	ENSMUST00000247098.2	Gm57138	lncRNA	start	465	0	0	-1	G				0	1.6854861e-05	0	1.685486e-05
mouse_wang_liver	ENSMUST00000247098.2	Gm57138	lncRNA	start	466	0	0	-1	C				0	3.9790564e-05	0	3.9790562e-05
mouse_wang_liver	ENSMUST00000247098.2	Gm57138	lncRNA	start	467	0	0	-1	A				0	6.3825696e-06	0	6.3825693e-06
mouse_wang_liver	ENSMUST00000247098.2	Gm57138	lncRNA	start	468	0	0	-1	A				0	2.0494776e-05	0	2.0494775e-05
mouse_wang_liver	ENSMUST00000247098.2	Gm57138	lncRNA	start	469	0	0	-1	C				0	2.4069504e-06	0	2.4069503e-06
mouse_wang_liver	ENSMUST00000247098.2	Gm57138	lncRNA	start	470	0	0	-1	T				0	6.1628093e-08	0	6.162809e-08
mouse_wang_liver	ENSMUST00000247098.2	Gm57138	lncRNA	start	471	0	0	-1	T				0	7.1789248e-07	0	7.1789244e-07
mouse_wang_liver	ENSMUST00000247098.2	Gm57138	lncRNA	start	472	0	0	-1	T				0	3.8499952e-06	0	3.849995e-06
mouse_wang_liver	ENSMUST00000247098.2	Gm57138	lncRNA	start	473	0	0	-1	G				0	6.081973e-06	0	6.0819727e-06
mouse_wang_liver	ENSMUST00000247098.2	Gm57138	lncRNA	start	474	0	0	-1	T				0	1.0254338e-06	0	1.0254337e-06
mouse_wang_liver	ENSMUST00000247098.2	Gm57138	lncRNA	start	475	0	0	-1	C				0	4.7687035e-06	0	4.7687033e-06
mouse_wang_liver	ENSMUST00000247098.2	Gm57138	lncRNA	start	476	0	0	-1	C				0	1.9246048e-05	0	1.9246047e-05
mouse_wang_liver	ENSMUST00000247098.2	Gm57138	lncRNA	start	477	0	0	-1	T				0	1.8538774e-05	0	1.8538773e-05
mouse_wang_liver	ENSMUST00000247098.2	Gm57138	lncRNA	start	478	0	0	-1	T				0	6.0397986e-07	0	6.0397983e-07
mouse_wang_liver	ENSMUST00000247098.2	Gm57138	lncRNA	start	479	0	0	-1	A				0	1.2126921e-05	0	1.2126921e-05
mouse_wang_liver	ENSMUST00000247098.2	Gm57138	lncRNA	start	480	0	0	-1	A				0	2.5966979e-06	0	2.5966977e-06
mouse_wang_liver	ENSMUST00000247098.2	Gm57138	lncRNA	start	481	0	0	-1	A				0	7.1983168e-06	0	7.1983164e-06
mouse_wang_liver	ENSMUST00000247098.2	Gm57138	lncRNA	start	482	0	0	-1	G				0	1.7568706e-05	0	1.7568705e-05
mouse_wang_liver	ENSMUST00000247098.2	Gm57138	lncRNA	start	483	0	0	-1	C				0	1.1088266e-05	0	1.1088265e-05
mouse_wang_liver	ENSMUST00000247098.2	Gm57138	lncRNA	start	484	0	0	-1	A				0	2.8012957e-05	0	2.8012956e-05
mouse_wang_liver	ENSMUST00000247098.2	Gm57138	lncRNA	start	485	0	0	-1	G				0	1.1834743e-05	0	1.1834743e-05
mouse_wang_liver	ENSMUST00000247098.2	Gm57138	lncRNA	start	486	0	0	-1	T				0	2.5502816e-06	0	2.5502815e-06
mouse_wang_liver	ENSMUST00000247098.2	Gm57138	lncRNA	start	487	0	0	-1	G				0	4.3774317e-06	0	4.3774314e-06
mouse_wang_liver	ENSMUST00000247098.2	Gm57138	lncRNA	start	488	0	0	-1	G				0	5.8700127e-05	0	5.8700124e-05
mouse_wang_liver	ENSMUST00000247098.2	Gm57138	lncRNA	start	489	0	0	-1	A				0	4.0114983e-06	0	4.0114981e-06
mouse_wang_liver	ENSMUST00000247098.2	Gm57138	lncRNA	start	490	0	0	-1	A				0	5.5738819e-06	0	5.5738817e-06
mouse_wang_liver	ENSMUST00000247098.2	Gm57138	lncRNA	start	491	0	0	-1	A				0	8.0880072e-06	0	8.0880068e-06
mouse_wang_liver	ENSMUST00000247098.2	Gm57138	lncRNA	start	492	0	0	-1	G				0	1.0593168e-05	0	1.0593167e-05
mouse_wang_liver	ENSMUST00000247098.2	Gm57138	lncRNA	start	493	0	0	-1	C				0	2.7038093e-05	0	2.7038092e-05
mouse_wang_liver	ENSMUST00000247098.2	Gm57138	lncRNA	start	494	0	0	-1	T				0	1.0253483e-05	0	1.0253483e-05
mouse_wang_liver	ENSMUST00000247098.2	Gm57138	lncRNA	start	495	0	0	-1	T				0	2.1101778e-05	0	2.1101777e-05
mouse_wang_liver	ENSMUST00000247098.2	Gm57138	lncRNA	start	496	0	0	-1	T				0	4.0885625e-06	0	4.0885623e-06
mouse_wang_liver	ENSMUST00000247098.2	Gm57138	lncRNA	start	497	0	0	-1	A				0	1.0194128e-06	0	1.0194128e-06
mouse_wang_liver	ENSMUST00000247098.2	Gm57138	lncRNA	start	498	0	0	-1	A				0	1.6249931e-05	0	1.624993e-05
mouse_wang_liver	ENSMUST00000247098.2	Gm57138	lncRNA	start	499	0	0	-1	A				0	5.3619551e-06	0	5.3619549e-06
mouse_wang_liver	ENSMUST00000247098.2	Gm57138	lncRNA	start	500	0	0	-1	T				0	1.4853164e-06	0	1.4853163e-06
mouse_wang_liver	ENSMUST00000247098.2	Gm57138	lncRNA	start	501	0	0	-1	A				0	1.4932587e-06	0	1.4932586e-06
mouse_wang_liver	ENSMUST00000247098.2	Gm57138	lncRNA	start	502	0	0	-1	G				0	1.1385633e-06	0	1.1385633e-06
mouse_wang_liver	ENSMUST00000247098.2	Gm57138	lncRNA	start	503	0	0	-1	C				0	6.5556202e-07	0	6.5556199e-07
mouse_wang_liver	ENSMUST00000247098.2	Gm57138	lncRNA	start	504	0	0	-1	C				0	1.9887409e-06	0	1.9887408e-06
mouse_wang_liver	ENSMUST00000247098.2	Gm57138	lncRNA	start	505	0	0	-1	A				0	3.013985e-07	0	3.0139849e-07
mouse_wang_liver	ENSMUST00000247098.2	Gm57138	lncRNA	start	506	0	0	-1	T				0	1.0787774e-06	0	1.0787773e-06
mouse_wang_liver	ENSMUST00000247098.2	Gm57138	lncRNA	start	507	0	0	-1	C				0	4.3017603e-06	0	4.3017601e-06
mouse_wang_liver	ENSMUST00000247098.2	Gm57138	lncRNA	start	508	0	0	-1	T				0	4.220653e-06	0	4.2206527e-06
mouse_wang_liver	ENSMUST00000247098.2	Gm57138	lncRNA	start	509	0	0	-1	C				0	9.1465984e-07	0	9.1465979e-07
mouse_wang_liver	ENSMUST00000247098.2	Gm57138	lncRNA	start	510	0	0	-1	C				0	4.5448342e-06	0	4.5448339e-06
mouse_wang_liver	ENSMUST00000247098.2	Gm57138	lncRNA	start	511	0	0	-1	C				0	2.214352e-06	0	2.2143519e-06
mouse_wang_liver	ENSMUST00000247098.2	Gm57138	lncRNA	start	512	0	0	-1	T				0	8.1487252e-07	0	8.1487248e-07
mouse_wang_liver	ENSMUST00000247098.2	Gm57138	lncRNA	start	513	0	0	-1	G				0	6.1854726e-06	0	6.1854722e-06
mouse_wang_liver	ENSMUST00000247098.2	Gm57138	lncRNA	start	514	0	0	-1	C				0	2.3692771e-06	0	2.369277e-06
mouse_wang_liver	ENSMUST00000247098.2	Gm57138	lncRNA	start	515	0	0	-1	C				0	5.4312039e-07	0	5.4312037e-07
mouse_wang_liver	ENSMUST00000247098.2	Gm57138	lncRNA	start	516	0	0	-1	T				0	6.5459712e-06	0	6.5459709e-06
mouse_wang_liver	ENSMUST00000247098.2	Gm57138	lncRNA	start	517	0	0	-1	C				0	9.7393175e-05	0	9.739317e-05
mouse_wang_liver	ENSMUST00000247098.2	Gm57138	lncRNA	start	518	0	0	-1	C				0	1.4625202e-06	0	1.4625202e-06
mouse_wang_liver	ENSMUST00000247098.2	Gm57138	lncRNA	start	519	0	0	-1	G				0	7.8666735e-06	0	7.8666731e-06
mouse_wang_liver	ENSMUST00000247098.2	Gm57138	lncRNA	start	520	0	0	-1	C				0	4.5897409e-06	0	4.5897407e-06
mouse_wang_liver	ENSMUST00000247098.2	Gm57138	lncRNA	start	521	0	0	-1	C				0	8.7684957e-06	0	8.7684953e-06
mouse_wang_liver	ENSMUST00000247098.2	Gm57138	lncRNA	start	522	0	0	-1	C				0	3.8465438e-05	0	3.8465436e-05
mouse_wang_liver	ENSMUST00000247098.2	Gm57138	lncRNA	start	523	0	0	-1	T				0	2.9455005e-05	0	2.9455003e-05
mouse_wang_liver	ENSMUST00000247098.2	Gm57138	lncRNA	start	524	0	0	-1	C				0	3.290892e-05	0	3.2908918e-05
mouse_wang_liver	ENSMUST00000247098.2	Gm57138	lncRNA	start	525	0	0	-1	C				0	2.1112706e-05	0	2.1112705e-05
mouse_wang_liver	ENSMUST00000247098.2	Gm57138	lncRNA	start	526	0	0	-1	T				0	8.4040919e-05	0	8.4040915e-05
mouse_wang_liver	ENSMUST00000247098.2	Gm57138	lncRNA	start	527	0	0	-1	T				0	2.6557824e-05	0	2.6557822e-05
mouse_wang_liver	ENSMUST00000247098.2	Gm57138	lncRNA	start	528	0	0	-1	T				0	0.00042605528	0	0.00042605526
mouse_wang_liver	ENSMUST00000247098.2	Gm57138	lncRNA	start	529	0	0	-1	T				0	0.000163394	0	0.00016339399
mouse_wang_liver	ENSMUST00000247098.2	Gm57138	lncRNA	start	530	0	0	-1	T				0	6.5029795e-05	0	6.5029792e-05
mouse_wang_liver	ENSMUST00000247098.2	Gm57138	lncRNA	start	531	0	0	-1	A				0	0.00014876144	0	0.00014876143
mouse_wang_liver	ENSMUST00000247098.2	Gm57138	lncRNA	start	532	0	0	-1	G				0	0.00046914065	0	0.00046914063
mouse_wang_liver	ENSMUST00000247098.2	Gm57138	lncRNA	start	533	0	0	-1	C				0	0.00016367676	0	0.00016367675
mouse_wang_liver	ENSMUST00000247098.2	Gm57138	lncRNA	start	534	0	0	-1	A				0	0.00016537571	0	0.0001653757
mouse_wang_liver	ENSMUST00000247098.2	Gm57138	lncRNA	start	535	0	0	-1	G				0	1.1954611e-05	0	1.1954611e-05
mouse_wang_liver	ENSMUST00000247098.2	Gm57138	lncRNA	start	536	0	0	-1	A				0	1.0891567e-05	0	1.0891567e-05
mouse_wang_liver	ENSMUST00000247098.2	Gm57138	lncRNA	start	537	0	0	-1	G				0	7.3302137e-05	0	7.3302133e-05
mouse_wang_liver	ENSMUST00000247098.2	Gm57138	lncRNA	start	538	0	0	-1	G				0	3.0692394e-05	0	3.0692392e-05
mouse_wang_liver	ENSMUST00000247098.2	Gm57138	lncRNA	start	539	0	0	-1	C				0	3.4418397e-05	0	3.4418396e-05
mouse_wang_liver	ENSMUST00000247098.2	Gm57138	lncRNA	start	540	0	0	-1	A				0	8.9030727e-06	0	8.9030723e-06
mouse_wang_liver	ENSMUST00000247098.2	Gm57138	lncRNA	start	541	0	0	-1	G				0	1.413466e-05	0	1.4134659e-05
mouse_wang_liver	ENSMUST00000247098.2	Gm57138	lncRNA	start	542	0	0	-1	G				0	1.4739882e-06	0	1.4739881e-06
mouse_wang_liver	ENSMUST00000247098.2	Gm57138	lncRNA	start	543	0	0	-1	A				0	0.00015498762	0	0.00015498761
mouse_wang_liver	ENSMUST00000247098.2	Gm57138	lncRNA	start	544	0	0	-1	C				0	1.3077947e-05	0	1.3077947e-05
mouse_wang_liver	ENSMUST00000247098.2	Gm57138	lncRNA	start	545	0	0	-1	G				0	7.3878427e-06	0	7.3878424e-06
mouse_wang_liver	ENSMUST00000247098.2	Gm57138	lncRNA	start	546	0	0	-1	G				0	1.8924984e-05	0	1.8924983e-05
mouse_wang_liver	ENSMUST00000247098.2	Gm57138	lncRNA	start	547	0	0	-1	A				0	0.00015462621	0	0.0001546262
mouse_wang_liver	ENSMUST00000247098.2	Gm57138	lncRNA	start	548	0	0	-1	G				0	1.0482412e-05	0	1.0482412e-05
mouse_wang_liver	ENSMUST00000247098.2	Gm57138	lncRNA	start	549	0	0	-1	T				0	3.3714081e-05	0	3.3714079e-05
mouse_wang_liver	ENSMUST00000247098.2	Gm57138	lncRNA	start	550	0	0	-1	T				0	1.282792e-05	0	1.2827919e-05
mouse_wang_liver	ENSMUST00000247098.2	Gm57138	lncRNA	start	551	0	0	-1	A				0	2.1989888e-05	0	2.1989887e-05
mouse_wang_liver	ENSMUST00000247098.2	Gm57138	lncRNA	start	552	0	0	-1	G				0	7.1850423e-05	0	7.185042e-05
mouse_wang_liver	ENSMUST00000247098.2	Gm57138	lncRNA	start	553	0	0	-1	A				0	0.00021719701	0	0.000217197
mouse_wang_liver	ENSMUST00000247098.2	Gm57138	lncRNA	start	554	0	0	-1	T				0	2.0520123e-05	0	2.0520122e-05
mouse_wang_liver	ENSMUST00000247098.2	Gm57138	lncRNA	start	555	0	0	-1	T				0	8.5216248e-05	0	8.5216244e-05
mouse_wang_liver	ENSMUST00000247098.2	Gm57138	lncRNA	start	556	0	0	-1	T				0	8.8346897e-06	0	8.8346892e-06
mouse_wang_liver	ENSMUST00000247098.2	Gm57138	lncRNA	start	557	0	0	-1	T				0	5.7254438e-05	0	5.7254435e-05
mouse_wang_liver	ENSMUST00000247098.2	Gm57138	lncRNA	start	558	0	0	-1	C				0	0.00011164958	0	0.00011164958
mouse_wang_liver	ENSMUST00000247098.2	Gm57138	lncRNA	start	559	0	0	-1	A				0	0.00019677565	0	0.00019677564
mouse_wang_liver	ENSMUST00000247098.2	Gm57138	lncRNA	start	560	0	0	-1	T				0	0.00011994586	0	0.00011994586
mouse_wang_liver	ENSMUST00000247098.2	Gm57138	lncRNA	start	561	0	0	-1	T				0	9.7072107e-06	0	9.7072102e-06
mouse_wang_liver	ENSMUST00000247098.2	Gm57138	lncRNA	start	562	0	0	-1	T				0	8.6533901e-06	0	8.6533896e-06
mouse_wang_liver	ENSMUST00000247098.2	Gm57138	lncRNA	start	563	0	0	-1	G				0	0.00023593901	0	0.00023593899
mouse_wang_liver	ENSMUST00000247098.2	Gm57138	lncRNA	start	564	0	0	-1	A				0	0.00011238991	0	0.00011238991
mouse_wang_liver	ENSMUST00000247098.2	Gm57138	lncRNA	start	565	0	0	-1	G				0	2.9585575e-05	0	2.9585574e-05
mouse_wang_liver	ENSMUST00000247098.2	Gm57138	lncRNA	start	566	0	0	-1	A				0	1.4107618e-05	0	1.4107617e-05
mouse_wang_liver	ENSMUST00000247098.2	Gm57138	lncRNA	start	567	0	0	-1	G				0	2.6296722e-05	0	2.6296721e-05
mouse_wang_liver	ENSMUST00000247098.2	Gm57138	lncRNA	start	568	0	0	-1	A				0	0.0011339749	0	0.0011339748
mouse_wang_liver	ENSMUST00000247098.2	Gm57138	lncRNA	start	569	0	0	-1	T				0	0.00054625928	0	0.00054625925
mouse_wang_liver	ENSMUST00000247098.2	Gm57138	lncRNA	start	570	0	0	-1	T				0	8.2349143e-06	0	8.2349139e-06
mouse_wang_liver	ENSMUST00000247098.2	Gm57138	lncRNA	start	571	0	0	-1	A				0	2.6806558e-05	0	2.6806556e-05
mouse_wang_liver	ENSMUST00000247098.2	Gm57138	lncRNA	start	572	0	0	-1	A				0	0.00012641858	0	0.00012641858
mouse_wang_liver	ENSMUST00000247098.2	Gm57138	lncRNA	start	573	0	0	-1	A				0	1.397417e-05	0	1.3974169e-05
mouse_wang_liver	ENSMUST00000247098.2	Gm57138	lncRNA	start	574	0	0	-1	T				0	4.0442737e-05	0	4.0442735e-05
mouse_wang_liver	ENSMUST00000247098.2	Gm57138	lncRNA	start	575	0	0	-1	C				0	2.71636e-05	0	2.7163599e-05
mouse_wang_liver	ENSMUST00000247098.2	Gm57138	lncRNA	start	576	0	0	-1	A				0	9.7325528e-06	0	9.7325523e-06
mouse_wang_liver	ENSMUST00000247098.2	Gm57138	lncRNA	start	577	0	0	-1	G				0	7.4884274e-06	0	7.488427e-06
mouse_wang_liver	ENSMUST00000247098.2	Gm57138	lncRNA	start	578	0	0	-1	C				0	1.0776422e-06	0	1.0776421e-06
mouse_wang_liver	ENSMUST00000247098.2	Gm57138	lncRNA	start	579	0	0	-1	T				0	1.5850152e-06	0	1.5850151e-06
mouse_wang_liver	ENSMUST00000247098.2	Gm57138	lncRNA	start	580	0	0	-1	T				0	2.8872057e-06	0	2.8872056e-06
mouse_wang_liver	ENSMUST00000247098.2	Gm57138	lncRNA	start	581	0	0	-1	C				0	7.2778012e-06	0	7.2778008e-06
mouse_wang_liver	ENSMUST00000247098.2	Gm57138	lncRNA	start	582	0	0	-1	T				0	7.8099634e-05	0	7.809963e-05
mouse_wang_liver	ENSMUST00000247098.2	Gm57138	lncRNA	start	583	0	0	-1	C				0	3.0919313e-05	0	3.0919311e-05
mouse_wang_liver	ENSMUST00000247098.2	Gm57138	lncRNA	start	584	0	0	-1	T				0	5.9366408e-05	0	5.9366405e-05
mouse_wang_liver	ENSMUST00000247098.2	Gm57138	lncRNA	start	585	0	0	-1	T				0	1.6232845e-05	0	1.6232844e-05
mouse_wang_liver	ENSMUST00000247098.2	Gm57138	lncRNA	start	586	0	0	-1	T				0	3.3877746e-05	0	3.3877745e-05
mouse_wang_liver	ENSMUST00000247098.2	Gm57138	lncRNA	start	587	0	0	-1	G				0	2.4503599e-05	0	2.4503598e-05
mouse_wang_liver	ENSMUST00000247098.2	Gm57138	lncRNA	start	588	0	0	-1	G				0	1.3612421e-05	0	1.361242e-05
mouse_wang_liver	ENSMUST00000247098.2	Gm57138	lncRNA	start	589	0	0	-1	A				0	9.6029607e-06	0	9.6029603e-06
mouse_wang_liver	ENSMUST00000247098.2	Gm57138	lncRNA	start	590	0	0	-1	G				0	6.9307949e-05	0	6.9307946e-05
mouse_wang_liver	ENSMUST00000247098.2	Gm57138	lncRNA	start	591	0	0	-1	G				0	6.1376941e-06	0	6.1376938e-06
mouse_wang_liver	ENSMUST00000247098.2	Gm57138	lncRNA	start	592	0	0	-1	A				0	8.923273e-05	0	8.9232725e-05
mouse_wang_liver	ENSMUST00000247098.2	Gm57138	lncRNA	start	593	0	0	-1	G				0	8.6822271e-05	0	8.6822266e-05
mouse_wang_liver	ENSMUST00000247098.2	Gm57138	lncRNA	start	594	0	0	-1	A				0	2.5038555e-05	0	2.5038553e-05
mouse_wang_liver	ENSMUST00000247098.2	Gm57138	lncRNA	start	595	0	0	-1	G				0	1.9594625e-06	0	1.9594624e-06
mouse_wang_liver	ENSMUST00000247098.2	Gm57138	lncRNA	start	596	0	0	-1	T				0	2.7152386e-05	0	2.7152385e-05
mouse_wang_liver	ENSMUST00000247098.2	Gm57138	lncRNA	start	597	0	0	-1	C				0	1.369555e-05	0	1.3695549e-05
mouse_wang_liver	ENSMUST00000247098.2	Gm57138	lncRNA	start	598	0	0	-1	T				0	7.5375829e-07	0	7.5375825e-07
mouse_wang_liver	ENSMUST00000247098.2	Gm57138	lncRNA	start	599	0	0	-1	G				0	4.3056016e-06	0	4.3056014e-06
mouse_wang_liver	ENSMUST00000247098.2	Gm57138	lncRNA	start	600	0	0	-1	T				0	5.1307202e-06	0	5.1307199e-06
mouse_wang_liver	ENSMUST00000247098.2	Gm57138	lncRNA	start	601	0	0	-1	G				0	5.6525806e-07	0	5.6525803e-07
mouse_wang_liver	ENSMUST00000247098.2	Gm57138	lncRNA	start	602	0	0	-1	T				0	9.3290805e-07	0	9.32908e-07
mouse_wang_liver	ENSMUST00000247098.2	Gm57138	lncRNA	start	603	0	0	-1	T				0	1.5186274e-07	0	1.5186273e-07
mouse_wang_liver	ENSMUST00000247098.2	Gm57138	lncRNA	start	604	0	0	-1	C				0	1.9019247e-07	0	1.9019246e-07
mouse_wang_liver	ENSMUST00000247098.2	Gm57138	lncRNA	start	605	0	0	-1	C				0	1.7270334e-07	0	1.7270333e-07
mouse_wang_liver	ENSMUST00000247098.2	Gm57138	lncRNA	start	606	0	0	-1	G				0	1.7707299e-08	0	1.7707298e-08
mouse_wang_liver	ENSMUST00000247098.2	Gm57138	lncRNA	start	607	0	0	-1	C				0	2.0954669e-08	0	2.0954668e-08
mouse_wang_liver	ENSMUST00000247098.2	Gm57138	lncRNA	start	608	0	0	-1	T				0	8.3128214e-07	0	8.312821e-07
mouse_wang_liver	ENSMUST00000247098.2	Gm57138	lncRNA	start	609	0	0	-1	A				0	1.304895e-06	0	1.304895e-06
