panel	tx_id	gene	position_nt	in_region	in_zoom_window	frame_rel_region	obs_psites	pred_raw	obs_frac	pred_frac
uORF	ENST00000399697.7	POLR1D	0	0	0	-1	0	2.6152277e-08	0	2.6152273e-08
uORF	ENST00000399697.7	POLR1D	1	0	0	-1	0	2.1001993e-09	0	2.100199e-09
uORF	ENST00000399697.7	POLR1D	2	0	0	-1	0	2.3972692e-08	0	2.3972689e-08
uORF	ENST00000399697.7	POLR1D	3	0	0	-1	0	2.0657948e-08	0	2.0657945e-08
uORF	ENST00000399697.7	POLR1D	4	0	0	-1	0	3.5816952e-09	0	3.5816947e-09
uORF	ENST00000399697.7	POLR1D	5	0	0	-1	0	5.2821542e-10	0	5.2821534e-10
uORF	ENST00000399697.7	POLR1D	6	0	0	-1	0	1.7629341e-09	0	1.7629339e-09
uORF	ENST00000399697.7	POLR1D	7	0	0	-1	0	4.4549839e-09	0	4.4549833e-09
uORF	ENST00000399697.7	POLR1D	8	0	0	-1	0	1.1269315e-09	0	1.1269314e-09
uORF	ENST00000399697.7	POLR1D	9	0	0	-1	0	1.7227433e-07	0	1.722743e-07
uORF	ENST00000399697.7	POLR1D	10	0	0	-1	0	2.1830008e-08	0	2.1830005e-08
uORF	ENST00000399697.7	POLR1D	11	0	0	-1	0	2.4731861e-09	0	2.4731857e-09
uORF	ENST00000399697.7	POLR1D	12	0	0	-1	0	1.024365e-07	0	1.0243649e-07
uORF	ENST00000399697.7	POLR1D	13	0	0	-1	0	1.4841497e-06	0	1.4841495e-06
uORF	ENST00000399697.7	POLR1D	14	0	0	-1	0	8.384162e-08	0	8.3841608e-08
uORF	ENST00000399697.7	POLR1D	15	0	0	-1	0	7.9818761e-07	0	7.981875e-07
uORF	ENST00000399697.7	POLR1D	16	0	0	-1	0	7.9127958e-08	0	7.9127946e-08
uORF	ENST00000399697.7	POLR1D	17	0	0	-1	0	1.4321692e-07	0	1.432169e-07
uORF	ENST00000399697.7	POLR1D	18	0	0	-1	0	5.5489517e-07	0	5.5489509e-07
uORF	ENST00000399697.7	POLR1D	19	0	0	-1	0	4.5818338e-06	0	4.5818331e-06
uORF	ENST00000399697.7	POLR1D	20	0	0	-1	0	2.1311466e-08	0	2.1311463e-08
uORF	ENST00000399697.7	POLR1D	21	0	0	-1	0	1.91014e-08	0	1.9101397e-08
uORF	ENST00000399697.7	POLR1D	22	0	0	-1	0	4.7918348e-08	0	4.7918342e-08
uORF	ENST00000399697.7	POLR1D	23	0	0	-1	0	4.1482526e-08	0	4.148252e-08
uORF	ENST00000399697.7	POLR1D	24	0	0	-1	0	4.1157513e-08	0	4.1157507e-08
uORF	ENST00000399697.7	POLR1D	25	0	0	-1	0	1.5405841e-07	0	1.5405839e-07
uORF	ENST00000399697.7	POLR1D	26	0	0	-1	0	3.4143824e-08	0	3.4143819e-08
uORF	ENST00000399697.7	POLR1D	27	0	0	-1	0	1.1128282e-08	0	1.1128281e-08
uORF	ENST00000399697.7	POLR1D	28	0	0	-1	0	4.5511229e-06	0	4.5511222e-06
uORF	ENST00000399697.7	POLR1D	29	0	0	-1	0	9.9297029e-07	0	9.9297014e-07
uORF	ENST00000399697.7	POLR1D	30	0	0	-1	0	2.5724674e-07	0	2.572467e-07
uORF	ENST00000399697.7	POLR1D	31	0	0	-1	0	7.7200264e-07	0	7.7200253e-07
uORF	ENST00000399697.7	POLR1D	32	0	0	-1	0	7.7385283e-07	0	7.7385272e-07
uORF	ENST00000399697.7	POLR1D	33	0	0	-1	0	6.4685665e-08	0	6.4685656e-08
uORF	ENST00000399697.7	POLR1D	34	0	0	-1	0	7.074741e-07	0	7.07474e-07
uORF	ENST00000399697.7	POLR1D	35	0	0	-1	0	9.48734e-07	0	9.4873386e-07
uORF	ENST00000399697.7	POLR1D	36	0	0	-1	0	1.1565312e-07	0	1.156531e-07
uORF	ENST00000399697.7	POLR1D	37	0	0	-1	0	2.8276274e-08	0	2.827627e-08
uORF	ENST00000399697.7	POLR1D	38	0	0	-1	0	7.8681165e-07	0	7.8681154e-07
uORF	ENST00000399697.7	POLR1D	39	0	0	-1	0	7.3094033e-09	0	7.3094023e-09
uORF	ENST00000399697.7	POLR1D	40	0	0	-1	0	8.4809862e-08	0	8.480985e-08
uORF	ENST00000399697.7	POLR1D	41	0	0	-1	0	3.3886531e-07	0	3.3886526e-07
uORF	ENST00000399697.7	POLR1D	42	0	0	-1	0	4.6268546e-08	0	4.626854e-08
uORF	ENST00000399697.7	POLR1D	43	0	0	-1	0	8.8854883e-08	0	8.885487e-08
uORF	ENST00000399697.7	POLR1D	44	0	0	-1	0	1.0176095e-07	0	1.0176094e-07
uORF	ENST00000399697.7	POLR1D	45	0	0	-1	0	6.0158499e-07	0	6.015849e-07
uORF	ENST00000399697.7	POLR1D	46	0	0	-1	0	6.5103414e-08	0	6.5103405e-08
uORF	ENST00000399697.7	POLR1D	47	0	0	-1	0	4.1027621e-07	0	4.1027616e-07
uORF	ENST00000399697.7	POLR1D	48	0	0	-1	0	1.5727653e-07	0	1.5727651e-07
uORF	ENST00000399697.7	POLR1D	49	0	0	-1	0	7.5731151e-08	0	7.573114e-08
uORF	ENST00000399697.7	POLR1D	50	0	0	-1	0	2.7291105e-06	0	2.7291101e-06
uORF	ENST00000399697.7	POLR1D	51	0	0	-1	0	1.723071e-06	0	1.7230708e-06
uORF	ENST00000399697.7	POLR1D	52	0	0	-1	0	3.0482715e-07	0	3.0482711e-07
uORF	ENST00000399697.7	POLR1D	53	0	0	-1	0	9.3823371e-07	0	9.3823358e-07
uORF	ENST00000399697.7	POLR1D	54	0	0	-1	0	2.3147757e-07	0	2.3147754e-07
uORF	ENST00000399697.7	POLR1D	55	0	0	-1	0	2.6602766e-07	0	2.6602762e-07
uORF	ENST00000399697.7	POLR1D	56	0	0	-1	0	4.0058725e-07	0	4.005872e-07
uORF	ENST00000399697.7	POLR1D	57	0	0	-1	0	4.1751881e-07	0	4.1751875e-07
uORF	ENST00000399697.7	POLR1D	58	0	0	-1	0	2.884463e-07	0	2.8844626e-07
uORF	ENST00000399697.7	POLR1D	59	0	0	-1	0	1.6757014e-07	0	1.6757011e-07
uORF	ENST00000399697.7	POLR1D	60	0	0	-1	0	6.483541e-07	0	6.4835401e-07
uORF	ENST00000399697.7	POLR1D	61	0	0	-1	0	1.5956689e-07	0	1.5956687e-07
uORF	ENST00000399697.7	POLR1D	62	0	0	-1	0	3.2391389e-07	0	3.2391385e-07
uORF	ENST00000399697.7	POLR1D	63	0	0	-1	0	2.7181027e-06	0	2.7181023e-06
uORF	ENST00000399697.7	POLR1D	64	0	0	-1	0	6.3479649e-07	0	6.347964e-07
uORF	ENST00000399697.7	POLR1D	65	0	0	-1	0	1.0278237e-06	0	1.0278236e-06
uORF	ENST00000399697.7	POLR1D	66	0	0	-1	0	6.2246261e-07	0	6.2246252e-07
uORF	ENST00000399697.7	POLR1D	67	0	0	-1	0	8.1116667e-08	0	8.1116656e-08
uORF	ENST00000399697.7	POLR1D	68	0	0	-1	0	1.9865704e-06	0	1.9865701e-06
uORF	ENST00000399697.7	POLR1D	69	0	0	-1	0	3.6934949e-07	0	3.6934944e-07
uORF	ENST00000399697.7	POLR1D	70	0	0	-1	0	4.7322271e-07	0	4.7322265e-07
uORF	ENST00000399697.7	POLR1D	71	0	0	-1	0	2.5975078e-06	0	2.5975074e-06
uORF	ENST00000399697.7	POLR1D	72	0	0	-1	0	1.792018e-06	0	1.7920177e-06
uORF	ENST00000399697.7	POLR1D	73	0	0	-1	0	1.1981724e-06	0	1.1981722e-06
uORF	ENST00000399697.7	POLR1D	74	0	0	-1	0	7.5424003e-07	0	7.5423993e-07
uORF	ENST00000399697.7	POLR1D	75	0	0	-1	0	1.9378497e-06	0	1.9378494e-06
uORF	ENST00000399697.7	POLR1D	76	0	0	-1	0	2.0649895e-06	0	2.0649892e-06
uORF	ENST00000399697.7	POLR1D	77	0	0	-1	0	3.9742474e-07	0	3.9742469e-07
uORF	ENST00000399697.7	POLR1D	78	0	0	-1	0	5.7946295e-07	0	5.7946287e-07
uORF	ENST00000399697.7	POLR1D	79	0	0	-1	0	4.0165396e-06	0	4.016539e-06
uORF	ENST00000399697.7	POLR1D	80	0	0	-1	0	9.1046422e-07	0	9.1046409e-07
uORF	ENST00000399697.7	POLR1D	81	0	0	-1	0	5.9263567e-07	0	5.9263559e-07
uORF	ENST00000399697.7	POLR1D	82	0	0	-1	0	9.7883003e-06	0	9.7882989e-06
uORF	ENST00000399697.7	POLR1D	83	0	0	-1	0	1.9976521e-06	0	1.9976519e-06
uORF	ENST00000399697.7	POLR1D	84	0	0	-1	0	7.9412018e-07	0	7.9412007e-07
uORF	ENST00000399697.7	POLR1D	85	0	0	-1	0	2.2904308e-06	0	2.2904304e-06
uORF	ENST00000399697.7	POLR1D	86	0	0	-1	0	1.7419296e-06	0	1.7419294e-06
uORF	ENST00000399697.7	POLR1D	87	0	0	-1	0	8.2286613e-07	0	8.2286601e-07
uORF	ENST00000399697.7	POLR1D	88	0	0	-1	0	2.0763423e-06	0	2.076342e-06
uORF	ENST00000399697.7	POLR1D	89	0	0	-1	0	5.122492e-06	0	5.1224913e-06
uORF	ENST00000399697.7	POLR1D	90	0	0	-1	0	2.1440255e-05	0	2.1440252e-05
uORF	ENST00000399697.7	POLR1D	91	0	0	-1	0	2.8617801e-06	0	2.8617797e-06
uORF	ENST00000399697.7	POLR1D	92	0	0	-1	0	7.0346259e-06	0	7.0346249e-06
uORF	ENST00000399697.7	POLR1D	93	0	0	-1	0	3.622763e-06	0	3.6227624e-06
uORF	ENST00000399697.7	POLR1D	94	0	0	-1	0	1.1448452e-05	0	1.144845e-05
uORF	ENST00000399697.7	POLR1D	95	0	0	-1	0	8.828204e-06	0	8.8282028e-06
uORF	ENST00000399697.7	POLR1D	96	0	0	-1	0	1.9701504e-06	0	1.9701501e-06
uORF	ENST00000399697.7	POLR1D	97	0	0	-1	0	3.3830297e-06	0	3.3830292e-06
uORF	ENST00000399697.7	POLR1D	98	0	0	-1	0	6.9842636e-06	0	6.9842626e-06
uORF	ENST00000399697.7	POLR1D	99	0	0	-1	0	2.0025236e-06	0	2.0025233e-06
uORF	ENST00000399697.7	POLR1D	100	0	0	-1	0	7.2927003e-07	0	7.2926992e-07
uORF	ENST00000399697.7	POLR1D	101	0	0	-1	0	2.2368588e-06	0	2.2368585e-06
uORF	ENST00000399697.7	POLR1D	102	0	0	-1	0	2.571132e-06	0	2.5711316e-06
uORF	ENST00000399697.7	POLR1D	103	0	0	-1	0	2.2266249e-05	0	2.2266246e-05
uORF	ENST00000399697.7	POLR1D	104	0	0	-1	0	7.1187668e-07	0	7.1187658e-07
uORF	ENST00000399697.7	POLR1D	105	0	0	-1	0	2.4052456e-06	0	2.4052453e-06
uORF	ENST00000399697.7	POLR1D	106	0	0	-1	0	8.5489421e-07	0	8.5489409e-07
uORF	ENST00000399697.7	POLR1D	107	0	0	-1	0	1.0879779e-06	0	1.0879778e-06
uORF	ENST00000399697.7	POLR1D	108	0	0	-1	0	2.9338842e-06	0	2.9338837e-06
uORF	ENST00000399697.7	POLR1D	109	0	0	-1	0	1.7531021e-06	0	1.7531018e-06
uORF	ENST00000399697.7	POLR1D	110	0	0	-1	0	1.0836789e-05	0	1.0836788e-05
uORF	ENST00000399697.7	POLR1D	111	0	0	-1	0	1.4010928e-06	0	1.4010926e-06
uORF	ENST00000399697.7	POLR1D	112	0	0	-1	0	4.3352675e-06	0	4.3352669e-06
uORF	ENST00000399697.7	POLR1D	113	0	0	-1	0	2.1400328e-06	0	2.1400325e-06
uORF	ENST00000399697.7	POLR1D	114	0	0	-1	0	7.7061432e-06	0	7.7061421e-06
uORF	ENST00000399697.7	POLR1D	115	0	0	-1	8	0.00021135098	0.0015835313	0.00021135095
uORF	ENST00000399697.7	POLR1D	116	0	0	-1	0	1.4378803e-05	0	1.4378801e-05
uORF	ENST00000399697.7	POLR1D	117	0	0	-1	0	8.1375701e-06	0	8.137569e-06
uORF	ENST00000399697.7	POLR1D	118	0	0	-1	0	1.5418114e-05	0	1.5418112e-05
uORF	ENST00000399697.7	POLR1D	119	0	0	-1	0	4.6348374e-05	0	4.6348367e-05
uORF	ENST00000399697.7	POLR1D	120	0	0	-1	0	2.0670654e-05	0	2.0670651e-05
uORF	ENST00000399697.7	POLR1D	121	0	0	-1	0	8.2608996e-05	0	8.2608985e-05
uORF	ENST00000399697.7	POLR1D	122	0	0	-1	8	0.00013906695	0.0015835313	0.00013906693
uORF	ENST00000399697.7	POLR1D	123	0	0	-1	0	3.7746133e-05	0	3.7746128e-05
uORF	ENST00000399697.7	POLR1D	124	0	0	-1	0	4.871584e-05	0	4.8715833e-05
uORF	ENST00000399697.7	POLR1D	125	0	0	-1	0	5.6410619e-05	0	5.6410611e-05
uORF	ENST00000399697.7	POLR1D	126	0	0	-1	0	0.00012040407	0	0.00012040405
uORF	ENST00000399697.7	POLR1D	127	0	0	-1	0	8.7329579e-05	0	8.7329567e-05
uORF	ENST00000399697.7	POLR1D	128	0	0	-1	0	4.4487268e-05	0	4.4487261e-05
uORF	ENST00000399697.7	POLR1D	129	0	0	-1	0	3.3026288e-05	0	3.3026284e-05
uORF	ENST00000399697.7	POLR1D	130	0	0	-1	0	0.00012224908	0	0.00012224907
uORF	ENST00000399697.7	POLR1D	131	0	0	-1	0	2.3570836e-05	0	2.3570832e-05
uORF	ENST00000399697.7	POLR1D	132	0	0	-1	0	1.2942706e-05	0	1.2942704e-05
uORF	ENST00000399697.7	POLR1D	133	0	0	-1	0	2.113285e-05	0	2.1132847e-05
uORF	ENST00000399697.7	POLR1D	134	0	0	-1	0	4.9032835e-05	0	4.9032828e-05
uORF	ENST00000399697.7	POLR1D	135	0	1	-1	0	0.00033140293	0	0.00033140288
uORF	ENST00000399697.7	POLR1D	136	0	1	-1	0	4.6084497e-05	0	4.608449e-05
uORF	ENST00000399697.7	POLR1D	137	0	1	-1	0	9.4511197e-05	0	9.4511184e-05
uORF	ENST00000399697.7	POLR1D	138	0	1	-1	0	8.974471e-05	0	8.9744697e-05
uORF	ENST00000399697.7	POLR1D	139	0	1	-1	0	7.0901037e-06	0	7.0901027e-06
uORF	ENST00000399697.7	POLR1D	140	0	1	-1	0	7.8330077e-06	0	7.8330065e-06
uORF	ENST00000399697.7	POLR1D	141	0	1	-1	0	0.00010105957	0	0.00010105955
uORF	ENST00000399697.7	POLR1D	142	0	1	-1	0	2.867371e-05	0	2.8673706e-05
uORF	ENST00000399697.7	POLR1D	143	0	1	-1	0	4.1641455e-05	0	4.1641449e-05
uORF	ENST00000399697.7	POLR1D	144	0	1	-1	0	2.8673821e-05	0	2.8673817e-05
uORF	ENST00000399697.7	POLR1D	145	0	1	-1	0	2.0373261e-06	0	2.0373258e-06
uORF	ENST00000399697.7	POLR1D	146	0	1	-1	0	8.834753e-05	0	8.8347517e-05
uORF	ENST00000399697.7	POLR1D	147	1	1	0	0	0.00061394187	0	0.00061394178
uORF	ENST00000399697.7	POLR1D	148	1	1	1	0	8.7742061e-05	0	8.7742048e-05
uORF	ENST00000399697.7	POLR1D	149	1	1	2	0	5.1304931e-05	0	5.1304924e-05
uORF	ENST00000399697.7	POLR1D	150	1	1	0	1	0.0014973201	0.00019794141	0.0014973199
uORF	ENST00000399697.7	POLR1D	151	1	1	1	0	0.00036285183	0	0.00036285178
uORF	ENST00000399697.7	POLR1D	152	1	1	2	0	0.0001789477	0	0.00017894767
uORF	ENST00000399697.7	POLR1D	153	1	1	0	3	0.00085377728	0.00059382423	0.00085377716
uORF	ENST00000399697.7	POLR1D	154	1	1	1	0	0.00020965646	0	0.00020965643
uORF	ENST00000399697.7	POLR1D	155	1	1	2	0	0.00053448399	0	0.00053448391
uORF	ENST00000399697.7	POLR1D	156	1	1	0	59	0.0046334523	0.011678543	0.0046334516
uORF	ENST00000399697.7	POLR1D	157	1	1	1	0	0.00040246974	0	0.00040246968
uORF	ENST00000399697.7	POLR1D	158	1	1	2	0	0.0002716693	0	0.00027166926
uORF	ENST00000399697.7	POLR1D	159	1	1	0	10	0.0027445909	0.0019794141	0.0027445905
uORF	ENST00000399697.7	POLR1D	160	1	1	1	0	0.0019186608	0	0.0019186606
uORF	ENST00000399697.7	POLR1D	161	1	1	2	0	0.00044121771	0	0.00044121764
uORF	ENST00000399697.7	POLR1D	162	1	1	0	0	0.0012668398	0	0.0012668396
uORF	ENST00000399697.7	POLR1D	163	1	1	1	0	0.00049583527	0	0.0004958352
uORF	ENST00000399697.7	POLR1D	164	1	1	2	0	0.00056189758	0	0.0005618975
uORF	ENST00000399697.7	POLR1D	165	1	1	0	0	0.0012619935	0	0.0012619934
uORF	ENST00000399697.7	POLR1D	166	1	1	1	0	0.0015836238	0	0.0015836236
uORF	ENST00000399697.7	POLR1D	167	1	1	2	4	0.0017661251	0.00079176564	0.0017661248
uORF	ENST00000399697.7	POLR1D	168	1	1	0	10	0.004266886	0.0019794141	0.0042668854
uORF	ENST00000399697.7	POLR1D	169	1	1	1	0	0.00096881588	0	0.00096881574
uORF	ENST00000399697.7	POLR1D	170	1	1	2	7	0.00051876617	0.0013855899	0.0005187661
uORF	ENST00000399697.7	POLR1D	171	1	1	0	25	0.0026799887	0.0049485352	0.0026799884
uORF	ENST00000399697.7	POLR1D	172	1	1	1	3	0.0010135492	0.00059382423	0.001013549
uORF	ENST00000399697.7	POLR1D	173	1	1	2	0	0.0012103521	0	0.0012103519
uORF	ENST00000399697.7	POLR1D	174	1	1	0	0	0.0029664077	0	0.0029664073
uORF	ENST00000399697.7	POLR1D	175	1	1	1	6	0.00061434455	0.0011876485	0.00061434446
uORF	ENST00000399697.7	POLR1D	176	1	1	2	10	0.0013044957	0.0019794141	0.0013044955
uORF	ENST00000399697.7	POLR1D	177	1	1	0	1797	0.21922767	0.35570071	0.21922764
uORF	ENST00000399697.7	POLR1D	178	1	1	1	72	0.018959571	0.014251781	0.018959568
uORF	ENST00000399697.7	POLR1D	179	1	1	2	17	0.0024427443	0.003365004	0.002442744
uORF	ENST00000399697.7	POLR1D	180	1	1	0	0	0.0006075796	0	0.00060757951
uORF	ENST00000399697.7	POLR1D	181	1	1	1	0	0.0011533536	0	0.0011533534
uORF	ENST00000399697.7	POLR1D	182	1	1	2	0	0.00018082376	0	0.00018082373
uORF	ENST00000399697.7	POLR1D	183	0	1	-1	0	0.00027083192	0	0.00027083188
uORF	ENST00000399697.7	POLR1D	184	0	1	-1	0	0.00019651966	0	0.00019651963
uORF	ENST00000399697.7	POLR1D	185	0	1	-1	0	0.00011496862	0	0.0001149686
uORF	ENST00000399697.7	POLR1D	186	0	1	-1	0	7.8641417e-05	0	7.8641405e-05
uORF	ENST00000399697.7	POLR1D	187	0	1	-1	0	0.00010340414	0	0.00010340413
uORF	ENST00000399697.7	POLR1D	188	0	1	-1	1	0.00026584722	0.00019794141	0.00026584718
uORF	ENST00000399697.7	POLR1D	189	0	1	-1	0	9.5005962e-05	0	9.5005949e-05
uORF	ENST00000399697.7	POLR1D	190	0	1	-1	0	4.5930537e-05	0	4.5930531e-05
uORF	ENST00000399697.7	POLR1D	191	0	1	-1	0	0.00018241309	0	0.00018241306
uORF	ENST00000399697.7	POLR1D	192	0	1	-1	0	6.0824052e-05	0	6.0824043e-05
uORF	ENST00000399697.7	POLR1D	193	0	1	-1	2	7.8992671e-05	0.00039588282	7.899266e-05
uORF	ENST00000399697.7	POLR1D	194	0	1	-1	8	0.00024670019	0.0015835313	0.00024670016
uORF	ENST00000399697.7	POLR1D	195	0	0	-1	0	8.2097329e-05	0	8.2097317e-05
uORF	ENST00000399697.7	POLR1D	196	0	0	-1	6	0.00053308281	0.0011876485	0.00053308274
uORF	ENST00000399697.7	POLR1D	197	0	0	-1	0	0.00079852232	0	0.00079852221
uORF	ENST00000399697.7	POLR1D	198	0	0	-1	0	0.00026078831	0	0.00026078827
uORF	ENST00000399697.7	POLR1D	199	0	0	-1	0	0.0018856076	0	0.0018856073
uORF	ENST00000399697.7	POLR1D	200	0	0	-1	0	0.00053059071	0	0.00053059064
uORF	ENST00000399697.7	POLR1D	201	0	0	-1	0	0.00026983392	0	0.00026983388
uORF	ENST00000399697.7	POLR1D	202	0	0	-1	0	0.00059811206	0	0.00059811198
uORF	ENST00000399697.7	POLR1D	203	0	0	-1	0	0.00015336263	0	0.00015336261
uORF	ENST00000399697.7	POLR1D	204	0	0	-1	0	0.0011212747	0	0.0011212745
uORF	ENST00000399697.7	POLR1D	205	0	0	-1	502	0.13740076	0.099366587	0.13740074
uORF	ENST00000399697.7	POLR1D	206	0	0	-1	11	0.0040063579	0.0021773555	0.0040063573
uORF	ENST00000399697.7	POLR1D	207	0	0	-1	20	0.0020012867	0.0039588282	0.0020012864
uORF	ENST00000399697.7	POLR1D	208	0	0	-1	79	0.017762229	0.015637371	0.017762226
uORF	ENST00000399697.7	POLR1D	209	0	0	-1	3	0.00043532276	0.00059382423	0.00043532269
uORF	ENST00000399697.7	POLR1D	210	0	0	-1	0	0.00044965162	0	0.00044965156
uORF	ENST00000399697.7	POLR1D	211	0	0	-1	16	0.0070262593	0.0031670625	0.0070262583
uORF	ENST00000399697.7	POLR1D	212	0	0	-1	6	0.0015004248	0.0011876485	0.0015004246
uORF	ENST00000399697.7	POLR1D	213	0	0	-1	5	0.0048806593	0.00098970705	0.0048806586
uORF	ENST00000399697.7	POLR1D	214	0	0	-1	23	0.0063329851	0.0045526524	0.0063329842
uORF	ENST00000399697.7	POLR1D	215	0	0	-1	0	0.001271963	0	0.0012719628
uORF	ENST00000399697.7	POLR1D	216	0	0	-1	0	0.00017679004	0	0.00017679001
uORF	ENST00000399697.7	POLR1D	217	0	0	-1	0	0.0031524815	0	0.0031524811
uORF	ENST00000399697.7	POLR1D	218	0	0	-1	0	0.00043492377	0	0.00043492371
uORF	ENST00000399697.7	POLR1D	219	0	0	-1	0	7.6194403e-05	0	7.6194392e-05
uORF	ENST00000399697.7	POLR1D	220	0	0	-1	0	0.0011230131	0	0.0011230129
uORF	ENST00000399697.7	POLR1D	221	0	0	-1	4	0.001433873	0.00079176564	0.0014338728
uORF	ENST00000399697.7	POLR1D	222	0	0	-1	0	0.00042095283	0	0.00042095277
uORF	ENST00000399697.7	POLR1D	223	0	0	-1	0	0.001476294	0	0.0014762938
uORF	ENST00000399697.7	POLR1D	224	0	0	-1	0	0.00060817122	0	0.00060817113
uORF	ENST00000399697.7	POLR1D	225	0	0	-1	0	9.0101887e-05	0	9.0101874e-05
uORF	ENST00000399697.7	POLR1D	226	0	0	-1	7	0.001097054	0.0013855899	0.0010970538
uORF	ENST00000399697.7	POLR1D	227	0	0	-1	3	0.00085509039	0.00059382423	0.00085509027
uORF	ENST00000399697.7	POLR1D	228	0	0	-1	8	0.00037301573	0.0015835313	0.00037301568
uORF	ENST00000399697.7	POLR1D	229	0	0	-1	151	0.012763241	0.029889153	0.012763239
uORF	ENST00000399697.7	POLR1D	230	0	0	-1	6	0.00089677976	0.0011876485	0.00089677963
uORF	ENST00000399697.7	POLR1D	231	0	0	-1	0	0.00014546735	0	0.00014546733
uORF	ENST00000399697.7	POLR1D	232	0	0	-1	4	0.0018844598	0.00079176564	0.0018844595
uORF	ENST00000399697.7	POLR1D	233	0	0	-1	2	0.00023933129	0.00039588282	0.00023933126
uORF	ENST00000399697.7	POLR1D	234	0	0	-1	0	0.00011562152	0	0.00011562151
uORF	ENST00000399697.7	POLR1D	235	0	0	-1	1	0.0018672528	0.00019794141	0.0018672525
uORF	ENST00000399697.7	POLR1D	236	0	0	-1	0	0.0023858361	0	0.0023858358
uORF	ENST00000399697.7	POLR1D	237	0	0	-1	0	0.0001478324	0	0.00014783238
uORF	ENST00000399697.7	POLR1D	238	0	0	-1	4	0.00074549951	0.00079176564	0.0007454994
uORF	ENST00000399697.7	POLR1D	239	0	0	-1	0	3.2500186e-05	0	3.2500181e-05
uORF	ENST00000399697.7	POLR1D	240	0	0	-1	7	0.00034279862	0.0013855899	0.00034279857
uORF	ENST00000399697.7	POLR1D	241	0	0	-1	0	0.002684976	0	0.0026849756
uORF	ENST00000399697.7	POLR1D	242	0	0	-1	0	3.4017863e-05	0	3.4017858e-05
uORF	ENST00000399697.7	POLR1D	243	0	0	-1	7	0.003009792	0.0013855899	0.0030097915
uORF	ENST00000399697.7	POLR1D	244	0	0	-1	129	0.012433284	0.025534442	0.012433282
uORF	ENST00000399697.7	POLR1D	245	0	0	-1	3	0.00039969603	0.00059382423	0.00039969597
uORF	ENST00000399697.7	POLR1D	246	0	0	-1	0	0.00097587961	0	0.00097587947
uORF	ENST00000399697.7	POLR1D	247	0	0	-1	16	0.0046196552	0.0031670625	0.0046196545
uORF	ENST00000399697.7	POLR1D	248	0	0	-1	0	0.00016483564	0	0.00016483562
uORF	ENST00000399697.7	POLR1D	249	0	0	-1	1	0.00028885747	0.00019794141	0.00028885743
uORF	ENST00000399697.7	POLR1D	250	0	0	-1	67	0.00561806	0.013262074	0.0056180592
uORF	ENST00000399697.7	POLR1D	251	0	0	-1	0	0.00045277958	0	0.00045277952
uORF	ENST00000399697.7	POLR1D	252	0	0	-1	0	0.00010844207	0	0.00010844206
uORF	ENST00000399697.7	POLR1D	253	0	0	-1	18	0.0026207683	0.0035629454	0.0026207679
uORF	ENST00000399697.7	POLR1D	254	0	0	-1	5	0.00011584049	0.00098970705	0.00011584048
uORF	ENST00000399697.7	POLR1D	255	0	0	-1	0	8.0728772e-05	0	8.0728761e-05
uORF	ENST00000399697.7	POLR1D	256	0	0	-1	11	0.00056305708	0.0021773555	0.000563057
uORF	ENST00000399697.7	POLR1D	257	0	0	-1	9	6.6941502e-05	0.0017814727	6.6941493e-05
uORF	ENST00000399697.7	POLR1D	258	0	0	-1	0	8.5212676e-05	0	8.5212664e-05
uORF	ENST00000399697.7	POLR1D	259	0	0	-1	41	0.0011837188	0.0081155978	0.0011837186
uORF	ENST00000399697.7	POLR1D	260	0	0	-1	0	9.3701055e-05	0	9.3701042e-05
uORF	ENST00000399697.7	POLR1D	261	0	0	-1	0	2.3573759e-05	0	2.3573756e-05
uORF	ENST00000399697.7	POLR1D	262	0	0	-1	2	8.0881269e-05	0.00039588282	8.0881258e-05
uORF	ENST00000399697.7	POLR1D	263	0	0	-1	0	1.6861324e-05	0	1.6861322e-05
uORF	ENST00000399697.7	POLR1D	264	0	0	-1	0	2.0382911e-05	0	2.0382908e-05
uORF	ENST00000399697.7	POLR1D	265	0	0	-1	26	0.00028173937	0.0051464766	0.00028173933
uORF	ENST00000399697.7	POLR1D	266	0	0	-1	0	8.298493e-05	0	8.2984919e-05
uORF	ENST00000399697.7	POLR1D	267	0	0	-1	0	4.3014672e-05	0	4.3014666e-05
uORF	ENST00000399697.7	POLR1D	268	0	0	-1	7	0.0010880169	0.0013855899	0.0010880167
uORF	ENST00000399697.7	POLR1D	269	0	0	-1	0	0.00010004301	0	0.00010004299
uORF	ENST00000399697.7	POLR1D	270	0	0	-1	0	0.000545313	0	0.00054531292
uORF	ENST00000399697.7	POLR1D	271	0	0	-1	103	0.0037848344	0.020387965	0.0037848339
uORF	ENST00000399697.7	POLR1D	272	0	0	-1	10	0.00048456827	0.0019794141	0.0004845682
uORF	ENST00000399697.7	POLR1D	273	0	0	-1	12	0.002424997	0.0023752969	0.0024249967
uORF	ENST00000399697.7	POLR1D	274	0	0	-1	55	0.009286168	0.010886778	0.0092861667
uORF	ENST00000399697.7	POLR1D	275	0	0	-1	0	0.00080777175	0	0.00080777164
uORF	ENST00000399697.7	POLR1D	276	0	0	-1	0	0.00013759562	0	0.0001375956
uORF	ENST00000399697.7	POLR1D	277	0	0	-1	0	0.00043665187	0	0.00043665181
uORF	ENST00000399697.7	POLR1D	278	0	0	-1	0	4.1133444e-05	0	4.1133438e-05
uORF	ENST00000399697.7	POLR1D	279	0	0	-1	0	0.00037387622	0	0.00037387616
uORF	ENST00000399697.7	POLR1D	280	0	0	-1	0	0.00030998958	0	0.00030998954
uORF	ENST00000399697.7	POLR1D	281	0	0	-1	0	9.0007932e-05	0	9.0007919e-05
uORF	ENST00000399697.7	POLR1D	282	0	0	-1	0	8.4988431e-05	0	8.4988419e-05
uORF	ENST00000399697.7	POLR1D	283	0	0	-1	4	0.00012858621	0.00079176564	0.00012858619
uORF	ENST00000399697.7	POLR1D	284	0	0	-1	0	4.1208317e-05	0	4.1208311e-05
uORF	ENST00000399697.7	POLR1D	285	0	0	-1	0	4.4065946e-05	0	4.406594e-05
uORF	ENST00000399697.7	POLR1D	286	0	0	-1	6	0.00034099456	0.0011876485	0.00034099452
uORF	ENST00000399697.7	POLR1D	287	0	0	-1	0	6.1992476e-05	0	6.1992467e-05
uORF	ENST00000399697.7	POLR1D	288	0	0	-1	0	4.5753692e-05	0	4.5753685e-05
uORF	ENST00000399697.7	POLR1D	289	0	0	-1	3	0.00036071512	0.00059382423	0.00036071506
uORF	ENST00000399697.7	POLR1D	290	0	0	-1	0	2.7143193e-05	0	2.7143189e-05
uORF	ENST00000399697.7	POLR1D	291	0	0	-1	0	4.1175637e-05	0	4.1175631e-05
uORF	ENST00000399697.7	POLR1D	292	0	0	-1	0	0.00072823907	0	0.00072823897
uORF	ENST00000399697.7	POLR1D	293	0	0	-1	2	0.00012297735	0.00039588282	0.00012297733
uORF	ENST00000399697.7	POLR1D	294	0	0	-1	4	0.00051355112	0.00079176564	0.00051355104
uORF	ENST00000399697.7	POLR1D	295	0	0	-1	11	0.00091163721	0.0021773555	0.00091163708
uORF	ENST00000399697.7	POLR1D	296	0	0	-1	0	0.00010053979	0	0.00010053977
uORF	ENST00000399697.7	POLR1D	297	0	0	-1	0	0.00081300503	0	0.00081300491
uORF	ENST00000399697.7	POLR1D	298	0	0	-1	58	0.0091849249	0.011480602	0.0091849236
uORF	ENST00000399697.7	POLR1D	299	0	0	-1	14	0.00082606869	0.0027711797	0.00082606857
uORF	ENST00000399697.7	POLR1D	300	0	0	-1	0	0.00088362239	0	0.00088362226
uORF	ENST00000399697.7	POLR1D	301	0	0	-1	83	0.026229724	0.016429137	0.026229721
uORF	ENST00000399697.7	POLR1D	302	0	0	-1	0	0.00088418549	0	0.00088418536
uORF	ENST00000399697.7	POLR1D	303	0	0	-1	0	0.00026812093	0	0.00026812089
uORF	ENST00000399697.7	POLR1D	304	0	0	-1	0	0.00021510555	0	0.00021510552
uORF	ENST00000399697.7	POLR1D	305	0	0	-1	0	7.4268763e-05	0	7.4268752e-05
uORF	ENST00000399697.7	POLR1D	306	0	0	-1	0	4.1978783e-05	0	4.1978777e-05
uORF	ENST00000399697.7	POLR1D	307	0	0	-1	8	0.00082749786	0.0015835313	0.00082749774
uORF	ENST00000399697.7	POLR1D	308	0	0	-1	0	8.1468068e-05	0	8.1468056e-05
uORF	ENST00000399697.7	POLR1D	309	0	0	-1	0	4.7899091e-05	0	4.7899085e-05
uORF	ENST00000399697.7	POLR1D	310	0	0	-1	17	0.0012694146	0.003365004	0.0012694144
uORF	ENST00000399697.7	POLR1D	311	0	0	-1	0	4.7552818e-05	0	4.7552811e-05
uORF	ENST00000399697.7	POLR1D	312	0	0	-1	4	0.00035220126	0.00079176564	0.00035220121
uORF	ENST00000399697.7	POLR1D	313	0	0	-1	33	0.0014277006	0.0065320665	0.0014277004
uORF	ENST00000399697.7	POLR1D	314	0	0	-1	0	0.00031665544	0	0.00031665539
uORF	ENST00000399697.7	POLR1D	315	0	0	-1	0	0.00020974244	0	0.00020974241
uORF	ENST00000399697.7	POLR1D	316	0	0	-1	0	0.00099351408	0	0.00099351394
uORF	ENST00000399697.7	POLR1D	317	0	0	-1	0	4.9733419e-05	0	4.9733411e-05
uORF	ENST00000399697.7	POLR1D	318	0	0	-1	4	0.00022268064	0.00079176564	0.00022268061
uORF	ENST00000399697.7	POLR1D	319	0	0	-1	12	0.00066107744	0.0023752969	0.00066107735
uORF	ENST00000399697.7	POLR1D	320	0	0	-1	0	0.00010470209	0	0.00010470208
uORF	ENST00000399697.7	POLR1D	321	0	0	-1	12	0.0009468802	0.0023752969	0.00094688007
uORF	ENST00000399697.7	POLR1D	322	0	0	-1	107	0.0088562183	0.021179731	0.008856217
uORF	ENST00000399697.7	POLR1D	323	0	0	-1	0	0.0017051534	0	0.0017051531
uORF	ENST00000399697.7	POLR1D	324	0	0	-1	2	0.00046655885	0.00039588282	0.00046655878
uORF	ENST00000399697.7	POLR1D	325	0	0	-1	2	0.00084115815	0.00039588282	0.00084115803
uORF	ENST00000399697.7	POLR1D	326	0	0	-1	0	4.0476614e-05	0	4.0476608e-05
uORF	ENST00000399697.7	POLR1D	327	0	0	-1	0	5.3220327e-05	0	5.3220319e-05
uORF	ENST00000399697.7	POLR1D	328	0	0	-1	0	0.000780234	0	0.00078023389
uORF	ENST00000399697.7	POLR1D	329	0	0	-1	7	0.00029443728	0.0013855899	0.00029443724
uORF	ENST00000399697.7	POLR1D	330	0	0	-1	0	6.2449028e-05	0	6.2449019e-05
uORF	ENST00000399697.7	POLR1D	331	0	0	-1	28	0.0027559663	0.0055423595	0.0027559659
uORF	ENST00000399697.7	POLR1D	332	0	0	-1	3	0.00037198627	0.00059382423	0.00037198622
uORF	ENST00000399697.7	POLR1D	333	0	0	-1	0	0.00013724688	0	0.00013724686
uORF	ENST00000399697.7	POLR1D	334	0	0	-1	7	0.00037583755	0.0013855899	0.0003758375
uORF	ENST00000399697.7	POLR1D	335	0	0	-1	0	0.00011843556	0	0.00011843554
uORF	ENST00000399697.7	POLR1D	336	0	0	-1	0	4.0259758e-05	0	4.0259752e-05
uORF	ENST00000399697.7	POLR1D	337	0	0	-1	12	0.0016684261	0.0023752969	0.0016684259
uORF	ENST00000399697.7	POLR1D	338	0	0	-1	0	5.5678498e-05	0	5.567849e-05
uORF	ENST00000399697.7	POLR1D	339	0	0	-1	0	6.2318613e-05	0	6.2318604e-05
uORF	ENST00000399697.7	POLR1D	340	0	0	-1	23	0.0016412544	0.0045526524	0.0016412542
uORF	ENST00000399697.7	POLR1D	341	0	0	-1	16	0.00024854072	0.0031670625	0.00024854068
uORF	ENST00000399697.7	POLR1D	342	0	0	-1	0	2.053645e-05	0	2.0536447e-05
uORF	ENST00000399697.7	POLR1D	343	0	0	-1	0	2.8956589e-05	0	2.8956585e-05
uORF	ENST00000399697.7	POLR1D	344	0	0	-1	0	5.0034934e-05	0	5.0034927e-05
uORF	ENST00000399697.7	POLR1D	345	0	0	-1	0	0.0001275746	0	0.00012757459
uORF	ENST00000399697.7	POLR1D	346	0	0	-1	0	0.00044294351	0	0.00044294344
uORF	ENST00000399697.7	POLR1D	347	0	0	-1	1	0.00051412784	0.00019794141	0.00051412776
uORF	ENST00000399697.7	POLR1D	348	0	0	-1	0	4.4436514e-05	0	4.4436508e-05
uORF	ENST00000399697.7	POLR1D	349	0	0	-1	0	0.00010742684	0	0.00010742683
uORF	ENST00000399697.7	POLR1D	350	0	0	-1	0	1.517135e-05	0	1.5171348e-05
uORF	ENST00000399697.7	POLR1D	351	0	0	-1	0	3.0482149e-06	0	3.0482145e-06
uORF	ENST00000399697.7	POLR1D	352	0	0	-1	0	1.104134e-05	0	1.1041339e-05
uORF	ENST00000399697.7	POLR1D	353	0	0	-1	0	6.892843e-06	0	6.892842e-06
uORF	ENST00000399697.7	POLR1D	354	0	0	-1	0	1.9828427e-05	0	1.9828424e-05
uORF	ENST00000399697.7	POLR1D	355	0	0	-1	0	0.000271942	0	0.00027194196
uORF	ENST00000399697.7	POLR1D	356	0	0	-1	0	0.00011728561	0	0.00011728559
uORF	ENST00000399697.7	POLR1D	357	0	0	-1	0	1.0534344e-05	0	1.0534343e-05
uORF	ENST00000399697.7	POLR1D	358	0	0	-1	0	4.6717327e-05	0	4.671732e-05
uORF	ENST00000399697.7	POLR1D	359	0	0	-1	0	1.0073006e-05	0	1.0073004e-05
uORF	ENST00000399697.7	POLR1D	360	0	0	-1	0	3.868729e-06	0	3.8687284e-06
uORF	ENST00000399697.7	POLR1D	361	0	0	-1	0	0.00018417509	0	0.00018417507
uORF	ENST00000399697.7	POLR1D	362	0	0	-1	0	1.9030969e-05	0	1.9030967e-05
uORF	ENST00000399697.7	POLR1D	363	0	0	-1	0	2.6702888e-05	0	2.6702884e-05
uORF	ENST00000399697.7	POLR1D	364	0	0	-1	0	0.00014862757	0	0.00014862755
uORF	ENST00000399697.7	POLR1D	365	0	0	-1	0	9.2304414e-05	0	9.23044e-05
uORF	ENST00000399697.7	POLR1D	366	0	0	-1	0	0.0001817567	0	0.00018175667
uORF	ENST00000399697.7	POLR1D	367	0	0	-1	0	0.00014697365	0	0.00014697362
uORF	ENST00000399697.7	POLR1D	368	0	0	-1	0	0.00096168043	0	0.00096168029
uORF	ENST00000399697.7	POLR1D	369	0	0	-1	10	0.00050244539	0.0019794141	0.00050244531
uORF	ENST00000399697.7	POLR1D	370	0	0	-1	38	0.0033102788	0.0075217736	0.0033102783
uORF	ENST00000399697.7	POLR1D	371	0	0	-1	5	6.8196925e-05	0.00098970705	6.8196915e-05
uORF	ENST00000399697.7	POLR1D	372	0	0	-1	0	5.57405e-05	0	5.5740492e-05
uORF	ENST00000399697.7	POLR1D	373	0	0	-1	10	0.0019037443	0.0019794141	0.001903744
uORF	ENST00000399697.7	POLR1D	374	0	0	-1	2	8.3142098e-05	0.00039588282	8.3142087e-05
uORF	ENST00000399697.7	POLR1D	375	0	0	-1	0	0.0001070756	0	0.00010707559
uORF	ENST00000399697.7	POLR1D	376	0	0	-1	6	0.0023509336	0.0011876485	0.0023509333
uORF	ENST00000399697.7	POLR1D	377	0	0	-1	0	0.00011227721	0	0.00011227719
uORF	ENST00000399697.7	POLR1D	378	0	0	-1	6	0.0015624068	0.0011876485	0.0015624066
uORF	ENST00000399697.7	POLR1D	379	0	0	-1	130	0.026391918	0.025732383	0.026391914
uORF	ENST00000399697.7	POLR1D	380	0	0	-1	15	0.00089683878	0.0029691211	0.00089683866
uORF	ENST00000399697.7	POLR1D	381	0	0	-1	0	0.0011462485	0	0.0011462484
uORF	ENST00000399697.7	POLR1D	382	0	0	-1	16	0.0095139481	0.0031670625	0.0095139468
uORF	ENST00000399697.7	POLR1D	383	0	0	-1	0	0.00033639892	0	0.00033639888
uORF	ENST00000399697.7	POLR1D	384	0	0	-1	0	0.00059624237	0	0.00059624229
uORF	ENST00000399697.7	POLR1D	385	0	0	-1	59	0.032514326	0.011678543	0.032514322
uORF	ENST00000399697.7	POLR1D	386	0	0	-1	37	0.0059017614	0.0073238321	0.0059017605
uORF	ENST00000399697.7	POLR1D	387	0	0	-1	0	0.00059966958	0	0.0005996695
uORF	ENST00000399697.7	POLR1D	388	0	0	-1	0	0.0050949752	0	0.0050949745
uORF	ENST00000399697.7	POLR1D	389	0	0	-1	0	0.00046331118	0	0.00046331112
uORF	ENST00000399697.7	POLR1D	390	0	0	-1	0	0.00044318225	0	0.00044318218
uORF	ENST00000399697.7	POLR1D	391	0	0	-1	3	0.0048220642	0.00059382423	0.0048220635
uORF	ENST00000399697.7	POLR1D	392	0	0	-1	0	0.00021444478	0	0.00021444475
uORF	ENST00000399697.7	POLR1D	393	0	0	-1	0	0.00024989879	0	0.00024989875
uORF	ENST00000399697.7	POLR1D	394	0	0	-1	3	0.00087444211	0.00059382423	0.00087444198
uORF	ENST00000399697.7	POLR1D	395	0	0	-1	0	9.0467911e-05	0	9.0467898e-05
uORF	ENST00000399697.7	POLR1D	396	0	0	-1	0	2.7731256e-05	0	2.7731252e-05
uORF	ENST00000399697.7	POLR1D	397	0	0	-1	0	0.0011114734	0	0.0011114733
uORF	ENST00000399697.7	POLR1D	398	0	0	-1	0	0.00016468966	0	0.00016468963
uORF	ENST00000399697.7	POLR1D	399	0	0	-1	3	0.00030528524	0.00059382423	0.0003052852
uORF	ENST00000399697.7	POLR1D	400	0	0	-1	0	0.00075357646	0	0.00075357635
uORF	ENST00000399697.7	POLR1D	401	0	0	-1	3	0.0003224464	0.00059382423	0.00032244636
uORF	ENST00000399697.7	POLR1D	402	0	0	-1	0	0.000226745	0	0.00022674497
uORF	ENST00000399697.7	POLR1D	403	0	0	-1	0	0.0012355725	0	0.0012355723
uORF	ENST00000399697.7	POLR1D	404	0	0	-1	3	0.00012408259	0.00059382423	0.00012408258
uORF	ENST00000399697.7	POLR1D	405	0	0	-1	0	0.00011925955	0	0.00011925953
uORF	ENST00000399697.7	POLR1D	406	0	0	-1	0	0.00048668619	0	0.00048668612
uORF	ENST00000399697.7	POLR1D	407	0	0	-1	0	0.00014938327	0	0.00014938325
uORF	ENST00000399697.7	POLR1D	408	0	0	-1	0	2.8029206e-05	0	2.8029202e-05
uORF	ENST00000399697.7	POLR1D	409	0	0	-1	6	0.00068249821	0.0011876485	0.00068249811
uORF	ENST00000399697.7	POLR1D	410	0	0	-1	3	0.00026365591	0.00059382423	0.00026365587
uORF	ENST00000399697.7	POLR1D	411	0	0	-1	6	0.00015130121	0.0011876485	0.00015130119
uORF	ENST00000399697.7	POLR1D	412	0	0	-1	25	0.0064385552	0.0049485352	0.0064385543
uORF	ENST00000399697.7	POLR1D	413	0	0	-1	0	0.00055420079	0	0.00055420071
uORF	ENST00000399697.7	POLR1D	414	0	0	-1	0	0.00058853265	0	0.00058853257
uORF	ENST00000399697.7	POLR1D	415	0	0	-1	5	0.0037123158	0.00098970705	0.0037123153
uORF	ENST00000399697.7	POLR1D	416	0	0	-1	0	0.00024824508	0	0.00024824504
uORF	ENST00000399697.7	POLR1D	417	0	0	-1	0	0.00024390301	0	0.00024390297
uORF	ENST00000399697.7	POLR1D	418	0	0	-1	9	0.0035423688	0.0017814727	0.0035423683
uORF	ENST00000399697.7	POLR1D	419	0	0	-1	0	0.00070222607	0	0.00070222597
uORF	ENST00000399697.7	POLR1D	420	0	0	-1	0	0.00034043472	0	0.00034043467
uORF	ENST00000399697.7	POLR1D	421	0	0	-1	14	0.0025652344	0.0027711797	0.0025652341
uORF	ENST00000399697.7	POLR1D	422	0	0	-1	0	6.8571135e-05	0	6.8571125e-05
uORF	ENST00000399697.7	POLR1D	423	0	0	-1	0	6.8466848e-05	0	6.8466839e-05
uORF	ENST00000399697.7	POLR1D	424	0	0	-1	13	0.0043279538	0.0025732383	0.0043279532
uORF	ENST00000399697.7	POLR1D	425	0	0	-1	0	0.00055781577	0	0.00055781569
uORF	ENST00000399697.7	POLR1D	426	0	0	-1	11	0.0042490736	0.0021773555	0.004249073
uORF	ENST00000399697.7	POLR1D	427	0	0	-1	13	0.0026647013	0.0025732383	0.0026647009
uORF	ENST00000399697.7	POLR1D	428	0	0	-1	0	0.00034706792	0	0.00034706787
uORF	ENST00000399697.7	POLR1D	429	0	0	-1	0	0.00033510418	0	0.00033510413
uORF	ENST00000399697.7	POLR1D	430	0	0	-1	23	0.0065673129	0.0045526524	0.0065673119
uORF	ENST00000399697.7	POLR1D	431	0	0	-1	0	0.00084602542	0	0.0008460253
uORF	ENST00000399697.7	POLR1D	432	0	0	-1	2	0.0024032097	0.00039588282	0.0024032093
uORF	ENST00000399697.7	POLR1D	433	0	0	-1	11	0.0077254698	0.0021773555	0.0077254687
uORF	ENST00000399697.7	POLR1D	434	0	0	-1	0	0.00017313845	0	0.00017313843
uORF	ENST00000399697.7	POLR1D	435	0	0	-1	0	0.00037847657	0	0.00037847652
uORF	ENST00000399697.7	POLR1D	436	0	0	-1	37	0.003824766	0.0073238321	0.0038247655
uORF	ENST00000399697.7	POLR1D	437	0	0	-1	0	4.5531309e-05	0	4.5531303e-05
uORF	ENST00000399697.7	POLR1D	438	0	0	-1	0	9.882723e-05	0	9.8827215e-05
uORF	ENST00000399697.7	POLR1D	439	0	0	-1	0	0.00027028698	0	0.00027028694
uORF	ENST00000399697.7	POLR1D	440	0	0	-1	0	4.9801285e-05	0	4.9801278e-05
uORF	ENST00000399697.7	POLR1D	441	0	0	-1	0	6.6973873e-05	0	6.6973863e-05
uORF	ENST00000399697.7	POLR1D	442	0	0	-1	0	0.0014369284	0	0.0014369282
uORF	ENST00000399697.7	POLR1D	443	0	0	-1	0	0.00059703499	0	0.0005970349
uORF	ENST00000399697.7	POLR1D	444	0	0	-1	0	0.00020531936	0	0.00020531933
uORF	ENST00000399697.7	POLR1D	445	0	0	-1	0	0.001289204	0	0.0012892038
uORF	ENST00000399697.7	POLR1D	446	0	0	-1	0	8.6230539e-05	0	8.6230526e-05
uORF	ENST00000399697.7	POLR1D	447	0	0	-1	0	0.00011406076	0	0.00011406075
uORF	ENST00000399697.7	POLR1D	448	0	0	-1	0	0.0020361522	0	0.0020361519
uORF	ENST00000399697.7	POLR1D	449	0	0	-1	3	0.00046698019	0.00059382423	0.00046698012
uORF	ENST00000399697.7	POLR1D	450	0	0	-1	0	0.00047800163	0	0.00047800156
uORF	ENST00000399697.7	POLR1D	451	0	0	-1	13	0.003295823	0.0025732383	0.0032958225
uORF	ENST00000399697.7	POLR1D	452	0	0	-1	0	0.00021091185	0	0.00021091182
uORF	ENST00000399697.7	POLR1D	453	0	0	-1	0	0.00011465383	0	0.00011465381
uORF	ENST00000399697.7	POLR1D	454	0	0	-1	0	0.00060609437	0	0.00060609428
uORF	ENST00000399697.7	POLR1D	455	0	0	-1	0	2.4663937e-05	0	2.4663934e-05
uORF	ENST00000399697.7	POLR1D	456	0	0	-1	0	8.8498047e-05	0	8.8498035e-05
uORF	ENST00000399697.7	POLR1D	457	0	0	-1	0	0.00042151907	0	0.00042151901
uORF	ENST00000399697.7	POLR1D	458	0	0	-1	0	3.2979642e-05	0	3.2979637e-05
uORF	ENST00000399697.7	POLR1D	459	0	0	-1	0	0.00015677315	0	0.00015677313
uORF	ENST00000399697.7	POLR1D	460	0	0	-1	0	0.00060472108	0	0.00060472099
uORF	ENST00000399697.7	POLR1D	461	0	0	-1	0	3.7244095e-05	0	3.724409e-05
uORF	ENST00000399697.7	POLR1D	462	0	0	-1	0	2.5016812e-05	0	2.5016809e-05
uORF	ENST00000399697.7	POLR1D	463	0	0	-1	4	0.0029665802	0.00079176564	0.0029665798
uORF	ENST00000399697.7	POLR1D	464	0	0	-1	5	0.00082137185	0.00098970705	0.00082137174
uORF	ENST00000399697.7	POLR1D	465	0	0	-1	3	0.001121703	0.00059382423	0.0011217028
uORF	ENST00000399697.7	POLR1D	466	0	0	-1	46	0.0061943904	0.0091053048	0.0061943895
uORF	ENST00000399697.7	POLR1D	467	0	0	-1	0	0.00017591885	0	0.00017591882
uORF	ENST00000399697.7	POLR1D	468	0	0	-1	0	0.0001274778	0	0.00012747779
uORF	ENST00000399697.7	POLR1D	469	0	0	-1	0	0.00079946907	0	0.00079946895
uORF	ENST00000399697.7	POLR1D	470	0	0	-1	0	0.00018059819	0	0.00018059816
uORF	ENST00000399697.7	POLR1D	471	0	0	-1	0	5.4883334e-05	0	5.4883326e-05
uORF	ENST00000399697.7	POLR1D	472	0	0	-1	0	0.0015468595	0	0.0015468593
uORF	ENST00000399697.7	POLR1D	473	0	0	-1	0	8.7820663e-05	0	8.782065e-05
uORF	ENST00000399697.7	POLR1D	474	0	0	-1	0	5.910762e-05	0	5.9107612e-05
uORF	ENST00000399697.7	POLR1D	475	0	0	-1	0	0.0032909329	0	0.0032909324
uORF	ENST00000399697.7	POLR1D	476	0	0	-1	0	0.00034781345	0	0.0003478134
uORF	ENST00000399697.7	POLR1D	477	0	0	-1	0	0.00028520971	0	0.00028520967
uORF	ENST00000399697.7	POLR1D	478	0	0	-1	0	0.0020787041	0	0.0020787038
uORF	ENST00000399697.7	POLR1D	479	0	0	-1	0	0.00015412507	0	0.00015412505
uORF	ENST00000399697.7	POLR1D	480	0	0	-1	0	3.1016683e-05	0	3.1016679e-05
uORF	ENST00000399697.7	POLR1D	481	0	0	-1	6	0.00081991544	0.0011876485	0.00081991532
uORF	ENST00000399697.7	POLR1D	482	0	0	-1	0	0.00010113804	0	0.00010113803
uORF	ENST00000399697.7	POLR1D	483	0	0	-1	0	3.9910126e-05	0	3.9910121e-05
uORF	ENST00000399697.7	POLR1D	484	0	0	-1	17	0.0020613133	0.003365004	0.002061313
uORF	ENST00000399697.7	POLR1D	485	0	0	-1	0	0.0007420975	0	0.0007420974
uORF	ENST00000399697.7	POLR1D	486	0	0	-1	0	0.00022438413	0	0.0002243841
uORF	ENST00000399697.7	POLR1D	487	0	0	-1	0	0.0016937662	0	0.001693766
uORF	ENST00000399697.7	POLR1D	488	0	0	-1	0	0.00013600879	0	0.00013600877
uORF	ENST00000399697.7	POLR1D	489	0	0	-1	0	0.00044851817	0	0.00044851811
uORF	ENST00000399697.7	POLR1D	490	0	0	-1	37	0.017196346	0.0073238321	0.017196344
uORF	ENST00000399697.7	POLR1D	491	0	0	-1	3	0.0010010857	0.00059382423	0.0010010856
uORF	ENST00000399697.7	POLR1D	492	0	0	-1	0	0.00037755529	0	0.00037755524
uORF	ENST00000399697.7	POLR1D	493	0	0	-1	36	0.022019971	0.0071258907	0.022019968
uORF	ENST00000399697.7	POLR1D	494	0	0	-1	28	0.0051781023	0.0055423595	0.0051781016
uORF	ENST00000399697.7	POLR1D	495	0	0	-1	0	0.00029586183	0	0.00029586179
uORF	ENST00000399697.7	POLR1D	496	0	0	-1	30	0.0071714367	0.0059382423	0.0071714357
uORF	ENST00000399697.7	POLR1D	497	0	0	-1	0	0.00010410022	0	0.0001041002
uORF	ENST00000399697.7	POLR1D	498	0	0	-1	4	0.00071617967	0.00079176564	0.00071617957
uORF	ENST00000399697.7	POLR1D	499	0	0	-1	10	0.006451379	0.0019794141	0.0064513781
uORF	ENST00000399697.7	POLR1D	500	0	0	-1	0	0.00028637677	0	0.00028637673
uORF	ENST00000399697.7	POLR1D	501	0	0	-1	0	8.6445936e-05	0	8.6445924e-05
uORF	ENST00000399697.7	POLR1D	502	0	0	-1	0	0.0010860033	0	0.0010860031
uORF	ENST00000399697.7	POLR1D	503	0	0	-1	0	0.00010152644	0	0.00010152642
uORF	ENST00000399697.7	POLR1D	504	0	0	-1	0	0.00010919373	0	0.00010919371
uORF	ENST00000399697.7	POLR1D	505	0	0	-1	9	0.00085849565	0.0017814727	0.00085849553
uORF	ENST00000399697.7	POLR1D	506	0	0	-1	0	0.00013990352	0	0.0001399035
uORF	ENST00000399697.7	POLR1D	507	0	0	-1	0	3.5759e-05	0	3.5758995e-05
uORF	ENST00000399697.7	POLR1D	508	0	0	-1	3	0.0012754286	0.00059382423	0.0012754284
uORF	ENST00000399697.7	POLR1D	509	0	0	-1	0	6.5722088e-05	0	6.5722079e-05
uORF	ENST00000399697.7	POLR1D	510	0	0	-1	0	0.00039732928	0	0.00039732922
uORF	ENST00000399697.7	POLR1D	511	0	0	-1	5	0.0020358164	0.00098970705	0.0020358161
uORF	ENST00000399697.7	POLR1D	512	0	0	-1	0	0.00024461091	0	0.00024461088
uORF	ENST00000399697.7	POLR1D	513	0	0	-1	0	0.0001450104	0	0.00014501038
uORF	ENST00000399697.7	POLR1D	514	0	0	-1	21	0.0022451857	0.0041567696	0.0022451853
uORF	ENST00000399697.7	POLR1D	515	0	0	-1	0	0.00024522826	0	0.00024522823
uORF	ENST00000399697.7	POLR1D	516	0	0	-1	0	0.00083439687	0	0.00083439675
uORF	ENST00000399697.7	POLR1D	517	0	0	-1	56	0.0078811739	0.011084719	0.0078811727
uORF	ENST00000399697.7	POLR1D	518	0	0	-1	5	0.00033067429	0.00098970705	0.00033067424
uORF	ENST00000399697.7	POLR1D	519	0	0	-1	0	0.00022062768	0	0.00022062765
uORF	ENST00000399697.7	POLR1D	520	0	0	-1	14	0.0021831177	0.0027711797	0.0021831174
uORF	ENST00000399697.7	POLR1D	521	0	0	-1	3	0.00067381328	0.00059382423	0.00067381318
uORF	ENST00000399697.7	POLR1D	522	0	0	-1	7	0.00011430773	0.0013855899	0.00011430772
uORF	ENST00000399697.7	POLR1D	523	0	0	-1	0	0.00088905962	0	0.0008890595
uORF	ENST00000399697.7	POLR1D	524	0	0	-1	0	4.3980512e-05	0	4.3980505e-05
uORF	ENST00000399697.7	POLR1D	525	0	0	-1	0	0.0015687194	0	0.0015687192
uORF	ENST00000399697.7	POLR1D	526	0	0	-1	68	0.015976265	0.013460016	0.015976263
uORF	ENST00000399697.7	POLR1D	527	0	0	-1	0	0.00031294063	0	0.00031294058
uORF	ENST00000399697.7	POLR1D	528	0	0	-1	0	0.00061372004	0	0.00061371995
uORF	ENST00000399697.7	POLR1D	529	0	0	-1	0	0.0012696628	0	0.0012696626
uORF	ENST00000399697.7	POLR1D	530	0	0	-1	0	0.00020189017	0	0.00020189014
uORF	ENST00000399697.7	POLR1D	531	0	0	-1	0	0.00043828122	0	0.00043828116
uORF	ENST00000399697.7	POLR1D	532	0	0	-1	2	0.0015020985	0.00039588282	0.0015020983
uORF	ENST00000399697.7	POLR1D	533	0	0	-1	0	0.00018905386	0	0.00018905383
uORF	ENST00000399697.7	POLR1D	534	0	0	-1	0	0.0002015512	0	0.00020155117
uORF	ENST00000399697.7	POLR1D	535	0	0	-1	0	0.0014894422	0	0.001489442
uORF	ENST00000399697.7	POLR1D	536	0	0	-1	0	0.0002639757	0	0.00026397566
uORF	ENST00000399697.7	POLR1D	537	0	0	-1	0	0.00063132844	0	0.00063132835
uORF	ENST00000399697.7	POLR1D	538	0	0	-1	33	0.010375724	0.0065320665	0.010375723
uORF	ENST00000399697.7	POLR1D	539	0	0	-1	7	0.0012856108	0.0013855899	0.0012856107
uORF	ENST00000399697.7	POLR1D	540	0	0	-1	0	0.00056279753	0	0.00056279745
uORF	ENST00000399697.7	POLR1D	541	0	0	-1	0	0.0016391842	0	0.001639184
uORF	ENST00000399697.7	POLR1D	542	0	0	-1	0	9.0986185e-05	0	9.0986172e-05
uORF	ENST00000399697.7	POLR1D	543	0	0	-1	0	0.00010050902	0	0.000100509
uORF	ENST00000399697.7	POLR1D	544	0	0	-1	0	0.0016099127	0	0.0016099125
uORF	ENST00000399697.7	POLR1D	545	0	0	-1	0	0.00011597347	0	0.00011597346
uORF	ENST00000399697.7	POLR1D	546	0	0	-1	0	3.3625005e-05	0	3.3625e-05
uORF	ENST00000399697.7	POLR1D	547	0	0	-1	0	0.0013555654	0	0.0013555652
uORF	ENST00000399697.7	POLR1D	548	0	0	-1	0	5.6566147e-05	0	5.6566139e-05
uORF	ENST00000399697.7	POLR1D	549	0	0	-1	0	3.464401e-05	0	3.4644005e-05
uORF	ENST00000399697.7	POLR1D	550	0	0	-1	0	0.00068478996	0	0.00068478987
uORF	ENST00000399697.7	POLR1D	551	0	0	-1	7	0.00040127855	0.0013855899	0.00040127849
uORF	ENST00000399697.7	POLR1D	552	0	0	-1	5	0.00028469283	0.00098970705	0.00028469279
uORF	ENST00000399697.7	POLR1D	553	0	0	-1	0	0.0012279651	0	0.0012279649
uORF	ENST00000399697.7	POLR1D	554	0	0	-1	0	0.00014918439	0	0.00014918437
uORF	ENST00000399697.7	POLR1D	555	0	0	-1	0	0.00012176167	0	0.00012176166
uORF	ENST00000399697.7	POLR1D	556	0	0	-1	0	0.0016782205	0	0.0016782202
uORF	ENST00000399697.7	POLR1D	557	0	0	-1	7	0.0002190473	0.0013855899	0.00021904727
uORF	ENST00000399697.7	POLR1D	558	0	0	-1	0	9.8677105e-05	0	9.8677091e-05
uORF	ENST00000399697.7	POLR1D	559	0	0	-1	23	0.0027636001	0.0045526524	0.0027635997
uORF	ENST00000399697.7	POLR1D	560	0	0	-1	0	0.00032062098	0	0.00032062093
uORF	ENST00000399697.7	POLR1D	561	0	0	-1	0	9.7083444e-05	0	9.7083431e-05
uORF	ENST00000399697.7	POLR1D	562	0	0	-1	15	0.010660453	0.0029691211	0.010660451
uORF	ENST00000399697.7	POLR1D	563	0	0	-1	0	0.00014336022	0	0.0001433602
uORF	ENST00000399697.7	POLR1D	564	0	0	-1	7	0.00077655801	0.0013855899	0.0007765579
uORF	ENST00000399697.7	POLR1D	565	0	0	-1	41	0.01060449	0.0081155978	0.010604488
uORF	ENST00000399697.7	POLR1D	566	0	0	-1	4	0.00080744782	0.00079176564	0.00080744771
uORF	ENST00000399697.7	POLR1D	567	0	0	-1	0	0.00016977638	0	0.00016977636
uORF	ENST00000399697.7	POLR1D	568	0	0	-1	6	0.0020237826	0.0011876485	0.0020237823
uORF	ENST00000399697.7	POLR1D	569	0	0	-1	0	5.7580412e-05	0	5.7580403e-05
uORF	ENST00000399697.7	POLR1D	570	0	0	-1	3	0.00040938941	0.00059382423	0.00040938935
uORF	ENST00000399697.7	POLR1D	571	0	0	-1	0	0.00058143813	0	0.00058143805
uORF	ENST00000399697.7	POLR1D	572	0	0	-1	0	5.0155802e-05	0	5.0155795e-05
uORF	ENST00000399697.7	POLR1D	573	0	0	-1	0	7.1611816e-05	0	7.1611805e-05
uORF	ENST00000399697.7	POLR1D	574	0	0	-1	0	1.5870837e-05	0	1.5870835e-05
uORF	ENST00000399697.7	POLR1D	575	0	0	-1	0	4.7911863e-06	0	4.7911856e-06
uORF	ENST00000399697.7	POLR1D	576	0	0	-1	0	2.6093125e-05	0	2.6093121e-05
uORF	ENST00000399697.7	POLR1D	577	0	0	-1	0	1.2632644e-05	0	1.2632642e-05
uORF	ENST00000399697.7	POLR1D	578	0	0	-1	0	1.8453233e-06	0	1.845323e-06
uORF	ENST00000399697.7	POLR1D	579	0	0	-1	0	2.4296323e-06	0	2.429632e-06
uORF	ENST00000399697.7	POLR1D	580	0	0	-1	0	2.7262386e-06	0	2.7262382e-06
uORF	ENST00000399697.7	POLR1D	581	0	0	-1	0	2.8140746e-06	0	2.8140742e-06
uORF	ENST00000399697.7	POLR1D	582	0	0	-1	0	1.0710997e-05	0	1.0710996e-05
uORF	ENST00000399697.7	POLR1D	583	0	0	-1	0	5.6683302e-06	0	5.6683294e-06
uORF	ENST00000399697.7	POLR1D	584	0	0	-1	0	1.7931883e-05	0	1.7931881e-05
uORF	ENST00000399697.7	POLR1D	585	0	0	-1	0	1.8410212e-05	0	1.8410209e-05
uORF	ENST00000399697.7	POLR1D	586	0	0	-1	0	3.6075553e-06	0	3.6075548e-06
uORF	ENST00000399697.7	POLR1D	587	0	0	-1	0	6.3559219e-06	0	6.355921e-06
uORF	ENST00000399697.7	POLR1D	588	0	0	-1	0	9.7577949e-06	0	9.7577936e-06
uORF	ENST00000399697.7	POLR1D	589	0	0	-1	0	3.9618785e-06	0	3.961878e-06
uORF	ENST00000399697.7	POLR1D	590	0	0	-1	0	4.7011786e-06	0	4.7011779e-06
uORF	ENST00000399697.7	POLR1D	591	0	0	-1	0	2.5989127e-06	0	2.5989123e-06
uORF	ENST00000399697.7	POLR1D	592	0	0	-1	0	5.8340688e-06	0	5.834068e-06
uORF	ENST00000399697.7	POLR1D	593	0	0	-1	0	5.9610301e-07	0	5.9610292e-07
uORF	ENST00000399697.7	POLR1D	594	0	0	-1	0	4.9189107e-06	0	4.91891e-06
uORF	ENST00000399697.7	POLR1D	595	0	0	-1	0	6.0297184e-06	0	6.0297175e-06
uORF	ENST00000399697.7	POLR1D	596	0	0	-1	0	8.4413823e-06	0	8.4413811e-06
uORF	ENST00000399697.7	POLR1D	597	0	0	-1	0	3.7476414e-06	0	3.7476408e-06
uORF	ENST00000399697.7	POLR1D	598	0	0	-1	0	2.4817618e-06	0	2.4817615e-06
uORF	ENST00000399697.7	POLR1D	599	0	0	-1	0	1.1581094e-05	0	1.1581093e-05
uORF	ENST00000399697.7	POLR1D	600	0	0	-1	0	8.5074709e-07	0	8.5074696e-07
uORF	ENST00000399697.7	POLR1D	601	0	0	-1	0	4.4489325e-06	0	4.4489319e-06
uORF	ENST00000399697.7	POLR1D	602	0	0	-1	0	1.6857747e-06	0	1.6857745e-06
uORF	ENST00000399697.7	POLR1D	603	0	0	-1	0	1.6922322e-06	0	1.692232e-06
uORF	ENST00000399697.7	POLR1D	604	0	0	-1	0	4.8757047e-06	0	4.875704e-06
uORF	ENST00000399697.7	POLR1D	605	0	0	-1	0	7.4145869e-06	0	7.4145858e-06
uORF	ENST00000399697.7	POLR1D	606	0	0	-1	0	6.4641949e-06	0	6.464194e-06
uORF	ENST00000399697.7	POLR1D	607	0	0	-1	0	6.4811697e-06	0	6.4811688e-06
uORF	ENST00000399697.7	POLR1D	608	0	0	-1	0	1.8241142e-05	0	1.824114e-05
uORF	ENST00000399697.7	POLR1D	609	0	0	-1	0	3.0157491e-06	0	3.0157487e-06
uORF	ENST00000399697.7	POLR1D	610	0	0	-1	0	3.046464e-05	0	3.0464636e-05
uORF	ENST00000399697.7	POLR1D	611	0	0	-1	0	9.0879385e-06	0	9.0879372e-06
uORF	ENST00000399697.7	POLR1D	612	0	0	-1	0	5.6788972e-06	0	5.6788964e-06
uORF	ENST00000399697.7	POLR1D	613	0	0	-1	0	4.8532925e-06	0	4.8532918e-06
uORF	ENST00000399697.7	POLR1D	614	0	0	-1	0	2.8953953e-06	0	2.8953948e-06
uORF	ENST00000399697.7	POLR1D	615	0	0	-1	0	1.6084172e-05	0	1.608417e-05
uORF	ENST00000399697.7	POLR1D	616	0	0	-1	0	1.0180212e-05	0	1.018021e-05
uORF	ENST00000399697.7	POLR1D	617	0	0	-1	0	7.2623466e-06	0	7.2623455e-06
uORF	ENST00000399697.7	POLR1D	618	0	0	-1	0	1.2671436e-05	0	1.2671434e-05
uORF	ENST00000399697.7	POLR1D	619	0	0	-1	0	2.6505448e-05	0	2.6505444e-05
uORF	ENST00000399697.7	POLR1D	620	0	0	-1	0	1.6135917e-05	0	1.6135914e-05
uORF	ENST00000399697.7	POLR1D	621	0	0	-1	0	1.2018294e-05	0	1.2018292e-05
uORF	ENST00000399697.7	POLR1D	622	0	0	-1	0	6.7182998e-05	0	6.7182989e-05
uORF	ENST00000399697.7	POLR1D	623	0	0	-1	0	2.2148897e-05	0	2.2148894e-05
uORF	ENST00000399697.7	POLR1D	624	0	0	-1	0	8.0367763e-06	0	8.0367752e-06
uORF	ENST00000399697.7	POLR1D	625	0	0	-1	0	5.8637711e-06	0	5.8637703e-06
uORF	ENST00000399697.7	POLR1D	626	0	0	-1	0	2.4213274e-05	0	2.421327e-05
uORF	ENST00000399697.7	POLR1D	627	0	0	-1	0	5.5618234e-06	0	5.5618226e-06
uORF	ENST00000399697.7	POLR1D	628	0	0	-1	0	1.5203736e-05	0	1.5203734e-05
uORF	ENST00000399697.7	POLR1D	629	0	0	-1	0	7.0347869e-06	0	7.0347859e-06
uORF	ENST00000399697.7	POLR1D	630	0	0	-1	0	2.5082302e-06	0	2.5082298e-06
uORF	ENST00000399697.7	POLR1D	631	0	0	-1	0	4.9883306e-06	0	4.9883299e-06
uORF	ENST00000399697.7	POLR1D	632	0	0	-1	0	7.4397103e-06	0	7.4397093e-06
uORF	ENST00000399697.7	POLR1D	633	0	0	-1	0	4.5132647e-06	0	4.513264e-06
uORF	ENST00000399697.7	POLR1D	634	0	0	-1	0	1.011567e-05	0	1.0115669e-05
uORF	ENST00000399697.7	POLR1D	635	0	0	-1	0	2.1935786e-05	0	2.1935783e-05
uORF	ENST00000399697.7	POLR1D	636	0	0	-1	1	2.5192157e-05	0.00019794141	2.5192154e-05
uORF	ENST00000399697.7	POLR1D	637	0	0	-1	0	1.2581401e-05	0	1.2581399e-05
uORF	ENST00000399697.7	POLR1D	638	0	0	-1	0	7.2570083e-06	0	7.2570073e-06
uORF	ENST00000399697.7	POLR1D	639	0	0	-1	0	3.9476181e-06	0	3.9476175e-06
uORF	ENST00000399697.7	POLR1D	640	0	0	-1	0	8.6773602e-05	0	8.6773589e-05
uORF	ENST00000399697.7	POLR1D	641	0	0	-1	0	2.6114236e-05	0	2.6114232e-05
uORF	ENST00000399697.7	POLR1D	642	0	0	-1	0	1.5120924e-05	0	1.5120922e-05
uORF	ENST00000399697.7	POLR1D	643	0	0	-1	0	1.4005644e-05	0	1.4005642e-05
uORF	ENST00000399697.7	POLR1D	644	0	0	-1	0	8.0229847e-06	0	8.0229836e-06
uORF	ENST00000399697.7	POLR1D	645	0	0	-1	0	4.5187303e-06	0	4.5187297e-06
uORF	ENST00000399697.7	POLR1D	646	0	0	-1	0	6.8217059e-06	0	6.821705e-06
uORF	ENST00000399697.7	POLR1D	647	0	0	-1	0	3.9027068e-06	0	3.9027062e-06
uORF	ENST00000399697.7	POLR1D	648	0	0	-1	0	2.751272e-05	0	2.7512716e-05
uORF	ENST00000399697.7	POLR1D	649	0	0	-1	0	3.6061174e-06	0	3.6061169e-06
uORF	ENST00000399697.7	POLR1D	650	0	0	-1	0	2.4224623e-06	0	2.422462e-06
uORF	ENST00000399697.7	POLR1D	651	0	0	-1	0	3.6820072e-06	0	3.6820067e-06
uORF	ENST00000399697.7	POLR1D	652	0	0	-1	0	1.5176061e-06	0	1.5176058e-06
uORF	ENST00000399697.7	POLR1D	653	0	0	-1	0	4.438543e-07	0	4.4385424e-07
uORF	ENST00000399697.7	POLR1D	654	0	0	-1	0	5.8062938e-06	0	5.8062929e-06
uORF	ENST00000399697.7	POLR1D	655	0	0	-1	0	2.0674575e-05	0	2.0674572e-05
uORF	ENST00000399697.7	POLR1D	656	0	0	-1	0	1.2273134e-05	0	1.2273133e-05
uORF	ENST00000399697.7	POLR1D	657	0	0	-1	0	1.0469933e-05	0	1.0469931e-05
uORF	ENST00000399697.7	POLR1D	658	0	0	-1	0	9.4260186e-06	0	9.4260172e-06
uORF	ENST00000399697.7	POLR1D	659	0	0	-1	0	5.2219052e-06	0	5.2219045e-06
uORF	ENST00000399697.7	POLR1D	660	0	0	-1	0	9.0233398e-06	0	9.0233385e-06
uORF	ENST00000399697.7	POLR1D	661	0	0	-1	0	7.8701323e-06	0	7.8701312e-06
uORF	ENST00000399697.7	POLR1D	662	0	0	-1	0	1.2611596e-06	0	1.2611594e-06
uORF	ENST00000399697.7	POLR1D	663	0	0	-1	0	9.9440035e-07	0	9.9440021e-07
uORF	ENST00000399697.7	POLR1D	664	0	0	-1	0	1.2744503e-05	0	1.2744501e-05
uORF	ENST00000399697.7	POLR1D	665	0	0	-1	0	4.2692154e-06	0	4.2692148e-06
uORF	ENST00000399697.7	POLR1D	666	0	0	-1	0	1.5955404e-06	0	1.5955402e-06
uORF	ENST00000399697.7	POLR1D	667	0	0	-1	0	7.5701445e-07	0	7.5701434e-07
uORF	ENST00000399697.7	POLR1D	668	0	0	-1	0	1.0009921e-06	0	1.000992e-06
uORF	ENST00000399697.7	POLR1D	669	0	0	-1	0	7.6331607e-06	0	7.6331597e-06
uORF	ENST00000399697.7	POLR1D	670	0	0	-1	0	3.3640019e-05	0	3.3640014e-05
uORF	ENST00000399697.7	POLR1D	671	0	0	-1	0	1.604063e-06	0	1.6040627e-06
uORF	ENST00000399697.7	POLR1D	672	0	0	-1	0	3.9721958e-06	0	3.9721953e-06
uORF	ENST00000399697.7	POLR1D	673	0	0	-1	0	1.1746946e-05	0	1.1746945e-05
uORF	ENST00000399697.7	POLR1D	674	0	0	-1	0	1.186593e-06	0	1.1865928e-06
uORF	ENST00000399697.7	POLR1D	675	0	0	-1	0	5.2110875e-07	0	5.2110867e-07
uORF	ENST00000399697.7	POLR1D	676	0	0	-1	0	1.2249982e-05	0	1.2249981e-05
uORF	ENST00000399697.7	POLR1D	677	0	0	-1	0	4.6100493e-07	0	4.6100486e-07
uORF	ENST00000399697.7	POLR1D	678	0	0	-1	0	6.1914835e-07	0	6.1914826e-07
uORF	ENST00000399697.7	POLR1D	679	0	0	-1	0	1.6239759e-06	0	1.6239757e-06
uORF	ENST00000399697.7	POLR1D	680	0	0	-1	0	9.4850247e-07	0	9.4850234e-07
uORF	ENST00000399697.7	POLR1D	681	0	0	-1	0	9.2910932e-06	0	9.2910919e-06
uORF	ENST00000399697.7	POLR1D	682	0	0	-1	0	3.1596855e-06	0	3.1596851e-06
uORF	ENST00000399697.7	POLR1D	683	0	0	-1	0	5.7143211e-07	0	5.7143203e-07
uORF	ENST00000399697.7	POLR1D	684	0	0	-1	0	1.9032721e-06	0	1.9032718e-06
uORF	ENST00000399697.7	POLR1D	685	0	0	-1	0	1.7395954e-06	0	1.7395952e-06
uORF	ENST00000399697.7	POLR1D	686	0	0	-1	0	4.3609043e-07	0	4.3609037e-07
uORF	ENST00000399697.7	POLR1D	687	0	0	-1	0	8.230985e-07	0	8.2309839e-07
uORF	ENST00000399697.7	POLR1D	688	0	0	-1	0	2.8356128e-06	0	2.8356124e-06
uORF	ENST00000399697.7	POLR1D	689	0	0	-1	0	2.7710594e-06	0	2.771059e-06
uORF	ENST00000399697.7	POLR1D	690	0	0	-1	0	2.4700362e-06	0	2.4700358e-06
uORF	ENST00000399697.7	POLR1D	691	0	0	-1	0	4.0810282e-06	0	4.0810277e-06
uORF	ENST00000399697.7	POLR1D	692	0	0	-1	0	8.2735534e-07	0	8.2735522e-07
uORF	ENST00000399697.7	POLR1D	693	0	0	-1	0	6.2223439e-06	0	6.222343e-06
uORF	ENST00000399697.7	POLR1D	694	0	0	-1	0	9.1096836e-06	0	9.1096823e-06
uORF	ENST00000399697.7	POLR1D	695	0	0	-1	0	8.2597336e-07	0	8.2597324e-07
uORF	ENST00000399697.7	POLR1D	696	0	0	-1	0	2.958466e-06	0	2.9584656e-06
uORF	ENST00000399697.7	POLR1D	697	0	0	-1	0	7.3711459e-07	0	7.3711448e-07
uORF	ENST00000399697.7	POLR1D	698	0	0	-1	0	8.0540281e-07	0	8.0540269e-07
uORF	ENST00000399697.7	POLR1D	699	0	0	-1	0	4.7776319e-07	0	4.7776313e-07
uORF	ENST00000399697.7	POLR1D	700	0	0	-1	0	3.0699462e-06	0	3.0699457e-06
uORF	ENST00000399697.7	POLR1D	701	0	0	-1	0	4.4251451e-07	0	4.4251444e-07
uORF	ENST00000399697.7	POLR1D	702	0	0	-1	0	5.5512436e-07	0	5.5512428e-07
uORF	ENST00000399697.7	POLR1D	703	0	0	-1	0	6.8681214e-07	0	6.8681205e-07
uORF	ENST00000399697.7	POLR1D	704	0	0	-1	0	2.0611479e-07	0	2.0611476e-07
uORF	ENST00000399697.7	POLR1D	705	0	0	-1	0	8.7223532e-07	0	8.7223519e-07
uORF	ENST00000399697.7	POLR1D	706	0	0	-1	0	5.2699755e-07	0	5.2699748e-07
uORF	ENST00000399697.7	POLR1D	707	0	0	-1	0	3.766059e-07	0	3.7660584e-07
uORF	ENST00000399697.7	POLR1D	708	0	0	-1	0	8.4540341e-07	0	8.4540329e-07
uORF	ENST00000399697.7	POLR1D	709	0	0	-1	0	7.8886887e-07	0	7.8886876e-07
uORF	ENST00000399697.7	POLR1D	710	0	0	-1	0	2.4283352e-06	0	2.4283348e-06
uORF	ENST00000399697.7	POLR1D	711	0	0	-1	0	3.4594483e-05	0	3.4594478e-05
uORF	ENST00000399697.7	POLR1D	712	0	0	-1	0	1.1371239e-05	0	1.1371237e-05
uORF	ENST00000399697.7	POLR1D	713	0	0	-1	0	1.3831942e-05	0	1.383194e-05
uORF	ENST00000399697.7	POLR1D	714	0	0	-1	0	4.3076536e-05	0	4.307653e-05
uORF	ENST00000399697.7	POLR1D	715	0	0	-1	0	3.0473939e-05	0	3.0473934e-05
uORF	ENST00000399697.7	POLR1D	716	0	0	-1	0	3.247656e-06	0	3.2476555e-06
uORF	ENST00000399697.7	POLR1D	717	0	0	-1	0	3.6661347e-06	0	3.6661342e-06
uORF	ENST00000399697.7	POLR1D	718	0	0	-1	0	9.5034505e-07	0	9.5034492e-07
uORF	ENST00000399697.7	POLR1D	719	0	0	-1	0	7.5531688e-07	0	7.5531677e-07
uORF	ENST00000399697.7	POLR1D	720	0	0	-1	0	3.1726297e-06	0	3.1726293e-06
uORF	ENST00000399697.7	POLR1D	721	0	0	-1	0	7.4157288e-07	0	7.4157277e-07
uORF	ENST00000399697.7	POLR1D	722	0	0	-1	0	5.7689948e-07	0	5.768994e-07
uORF	ENST00000399697.7	POLR1D	723	0	0	-1	0	1.1944137e-05	0	1.1944136e-05
uORF	ENST00000399697.7	POLR1D	724	0	0	-1	0	1.7999722e-06	0	1.799972e-06
uORF	ENST00000399697.7	POLR1D	725	0	0	-1	0	6.5110027e-07	0	6.5110017e-07
uORF	ENST00000399697.7	POLR1D	726	0	0	-1	0	2.9654893e-07	0	2.9654889e-07
uORF	ENST00000399697.7	POLR1D	727	0	0	-1	0	5.2764477e-07	0	5.276447e-07
uORF	ENST00000399697.7	POLR1D	728	0	0	-1	0	3.3807416e-07	0	3.3807411e-07
uORF	ENST00000399697.7	POLR1D	729	0	0	-1	0	7.0313092e-07	0	7.0313082e-07
uORF	ENST00000399697.7	POLR1D	730	0	0	-1	0	3.6810277e-06	0	3.6810272e-06
uORF	ENST00000399697.7	POLR1D	731	0	0	-1	0	4.21e-06	0	4.2099994e-06
uORF	ENST00000399697.7	POLR1D	732	0	0	-1	0	1.7491719e-05	0	1.7491716e-05
uORF	ENST00000399697.7	POLR1D	733	0	0	-1	0	9.9243255e-07	0	9.9243241e-07
uORF	ENST00000399697.7	POLR1D	734	0	0	-1	0	1.5635111e-05	0	1.5635108e-05
uORF	ENST00000399697.7	POLR1D	735	0	0	-1	0	2.1714059e-05	0	2.1714056e-05
uORF	ENST00000399697.7	POLR1D	736	0	0	-1	0	5.6469635e-06	0	5.6469627e-06
uORF	ENST00000399697.7	POLR1D	737	0	0	-1	0	9.8536327e-07	0	9.8536313e-07
uORF	ENST00000399697.7	POLR1D	738	0	0	-1	0	1.2629084e-06	0	1.2629082e-06
uORF	ENST00000399697.7	POLR1D	739	0	0	-1	0	1.5460371e-05	0	1.5460369e-05
uORF	ENST00000399697.7	POLR1D	740	0	0	-1	0	2.212503e-06	0	2.2125027e-06
uORF	ENST00000399697.7	POLR1D	741	0	0	-1	0	1.629934e-06	0	1.6299338e-06
uORF	ENST00000399697.7	POLR1D	742	0	0	-1	0	7.2099483e-06	0	7.2099473e-06
uORF	ENST00000399697.7	POLR1D	743	0	0	-1	0	3.7411746e-06	0	3.7411741e-06
uORF	ENST00000399697.7	POLR1D	744	0	0	-1	0	7.11653e-06	0	7.116529e-06
uORF	ENST00000399697.7	POLR1D	745	0	0	-1	0	6.9243297e-06	0	6.9243287e-06
uORF	ENST00000399697.7	POLR1D	746	0	0	-1	0	1.4787589e-07	0	1.4787587e-07
uORF	ENST00000399697.7	POLR1D	747	0	0	-1	0	1.3947176e-06	0	1.3947174e-06
uORF	ENST00000399697.7	POLR1D	748	0	0	-1	0	1.4183568e-05	0	1.4183566e-05
uORF	ENST00000399697.7	POLR1D	749	0	0	-1	0	1.8673212e-06	0	1.8673209e-06
uORF	ENST00000399697.7	POLR1D	750	0	0	-1	0	5.3207409e-06	0	5.3207402e-06
uORF	ENST00000399697.7	POLR1D	751	0	0	-1	0	4.6222613e-07	0	4.6222606e-07
uORF	ENST00000399697.7	POLR1D	752	0	0	-1	0	2.6002877e-07	0	2.6002873e-07
uORF	ENST00000399697.7	POLR1D	753	0	0	-1	0	7.0475794e-06	0	7.0475784e-06
uORF	ENST00000399697.7	POLR1D	754	0	0	-1	0	4.9050768e-06	0	4.9050761e-06
uORF	ENST00000399697.7	POLR1D	755	0	0	-1	0	9.0890262e-07	0	9.0890249e-07
uORF	ENST00000399697.7	POLR1D	756	0	0	-1	0	7.5702278e-06	0	7.5702267e-06
uORF	ENST00000399697.7	POLR1D	757	0	0	-1	0	5.6518015e-06	0	5.6518007e-06
uORF	ENST00000399697.7	POLR1D	758	0	0	-1	0	1.9354911e-06	0	1.9354909e-06
uORF	ENST00000399697.7	POLR1D	759	0	0	-1	0	7.1048902e-07	0	7.1048892e-07
uORF	ENST00000399697.7	POLR1D	760	0	0	-1	0	7.6463584e-07	0	7.6463573e-07
uORF	ENST00000399697.7	POLR1D	761	0	0	-1	0	7.9096918e-07	0	7.9096907e-07
uORF	ENST00000399697.7	POLR1D	762	0	0	-1	0	1.0024786e-06	0	1.0024785e-06
uORF	ENST00000399697.7	POLR1D	763	0	0	-1	0	4.8228196e-07	0	4.8228189e-07
uORF	ENST00000399697.7	POLR1D	764	0	0	-1	0	9.3267408e-07	0	9.3267395e-07
uORF	ENST00000399697.7	POLR1D	765	0	0	-1	0	2.8693858e-06	0	2.8693853e-06
uORF	ENST00000399697.7	POLR1D	766	0	0	-1	0	4.6389761e-07	0	4.6389754e-07
uORF	ENST00000399697.7	POLR1D	767	0	0	-1	0	8.295217e-07	0	8.2952158e-07
uORF	ENST00000399697.7	POLR1D	768	0	0	-1	0	6.6848605e-07	0	6.6848596e-07
uORF	ENST00000399697.7	POLR1D	769	0	0	-1	0	9.485327e-08	0	9.4853257e-08
uORF	ENST00000399697.7	POLR1D	770	0	0	-1	0	2.8425115e-06	0	2.8425111e-06
uORF	ENST00000399697.7	POLR1D	771	0	0	-1	0	1.4189866e-06	0	1.4189864e-06
uORF	ENST00000399697.7	POLR1D	772	0	0	-1	0	8.5269212e-06	0	8.52692e-06
uORF	ENST00000399697.7	POLR1D	773	0	0	-1	0	6.4950609e-06	0	6.49506e-06
uORF	ENST00000399697.7	POLR1D	774	0	0	-1	0	1.0635626e-06	0	1.0635625e-06
uORF	ENST00000399697.7	POLR1D	775	0	0	-1	0	2.9384398e-06	0	2.9384394e-06
uORF	ENST00000399697.7	POLR1D	776	0	0	-1	0	4.0922605e-06	0	4.0922599e-06
uORF	ENST00000399697.7	POLR1D	777	0	0	-1	0	1.211033e-06	0	1.2110328e-06
uORF	ENST00000399697.7	POLR1D	778	0	0	-1	0	1.3134036e-06	0	1.3134034e-06
uORF	ENST00000399697.7	POLR1D	779	0	0	-1	0	4.8040565e-06	0	4.8040558e-06
uORF	ENST00000399697.7	POLR1D	780	0	0	-1	0	5.7429264e-07	0	5.7429256e-07
uORF	ENST00000399697.7	POLR1D	781	0	0	-1	0	9.6892672e-06	0	9.6892659e-06
uORF	ENST00000399697.7	POLR1D	782	0	0	-1	0	5.2235366e-05	0	5.2235358e-05
uORF	ENST00000399697.7	POLR1D	783	0	0	-1	0	1.2428973e-06	0	1.2428971e-06
uORF	ENST00000399697.7	POLR1D	784	0	0	-1	0	7.8192261e-07	0	7.819225e-07
uORF	ENST00000399697.7	POLR1D	785	0	0	-1	0	9.8992146e-08	0	9.8992132e-08
uORF	ENST00000399697.7	POLR1D	786	0	0	-1	0	6.3306197e-07	0	6.3306188e-07
uORF	ENST00000399697.7	POLR1D	787	0	0	-1	0	4.2068054e-06	0	4.2068048e-06
uORF	ENST00000399697.7	POLR1D	788	0	0	-1	0	2.2031301e-07	0	2.2031298e-07
uORF	ENST00000399697.7	POLR1D	789	0	0	-1	0	1.0223005e-06	0	1.0223003e-06
uORF	ENST00000399697.7	POLR1D	790	0	0	-1	0	3.4963904e-07	0	3.4963899e-07
uORF	ENST00000399697.7	POLR1D	791	0	0	-1	0	4.2097366e-07	0	4.209736e-07
uORF	ENST00000399697.7	POLR1D	792	0	0	-1	0	4.0104439e-07	0	4.0104433e-07
uORF	ENST00000399697.7	POLR1D	793	0	0	-1	0	8.1062961e-07	0	8.106295e-07
uORF	ENST00000399697.7	POLR1D	794	0	0	-1	0	1.1359549e-06	0	1.1359547e-06
uORF	ENST00000399697.7	POLR1D	795	0	0	-1	0	1.2130072e-06	0	1.213007e-06
uORF	ENST00000399697.7	POLR1D	796	0	0	-1	0	1.8477077e-06	0	1.8477075e-06
uORF	ENST00000399697.7	POLR1D	797	0	0	-1	0	3.6714391e-06	0	3.6714386e-06
uORF	ENST00000399697.7	POLR1D	798	0	0	-1	0	1.1392627e-06	0	1.1392626e-06
uORF	ENST00000399697.7	POLR1D	799	0	0	-1	0	1.084326e-05	0	1.0843259e-05
uORF	ENST00000399697.7	POLR1D	800	0	0	-1	0	5.0467029e-06	0	5.0467022e-06
uORF	ENST00000399697.7	POLR1D	801	0	0	-1	0	1.431961e-06	0	1.4319608e-06
uORF	ENST00000399697.7	POLR1D	802	0	0	-1	0	3.3585201e-07	0	3.3585196e-07
uORF	ENST00000399697.7	POLR1D	803	0	0	-1	0	3.8986835e-07	0	3.8986829e-07
uORF	ENST00000399697.7	POLR1D	804	0	0	-1	0	1.1819803e-06	0	1.1819802e-06
uORF	ENST00000399697.7	POLR1D	805	0	0	-1	0	2.3724899e-06	0	2.3724896e-06
uORF	ENST00000399697.7	POLR1D	806	0	0	-1	0	9.8611103e-08	0	9.8611089e-08
uORF	ENST00000399697.7	POLR1D	807	0	0	-1	0	3.5669152e-07	0	3.5669146e-07
uORF	ENST00000399697.7	POLR1D	808	0	0	-1	0	1.123883e-06	0	1.1238828e-06
uORF	ENST00000399697.7	POLR1D	809	0	0	-1	0	1.1242447e-07	0	1.1242446e-07
uORF	ENST00000399697.7	POLR1D	810	0	0	-1	0	8.9179042e-07	0	8.9179029e-07
uORF	ENST00000399697.7	POLR1D	811	0	0	-1	0	2.1221786e-06	0	2.1221783e-06
uORF	ENST00000399697.7	POLR1D	812	0	0	-1	0	3.3891897e-07	0	3.3891892e-07
uORF	ENST00000399697.7	POLR1D	813	0	0	-1	0	4.2950921e-07	0	4.2950915e-07
uORF	ENST00000399697.7	POLR1D	814	0	0	-1	0	1.8575788e-06	0	1.8575785e-06
uORF	ENST00000399697.7	POLR1D	815	0	0	-1	0	4.1250348e-07	0	4.1250342e-07
uORF	ENST00000399697.7	POLR1D	816	0	0	-1	0	1.0007654e-07	0	1.0007653e-07
uORF	ENST00000399697.7	POLR1D	817	0	0	-1	0	1.9543656e-06	0	1.9543654e-06
uORF	ENST00000399697.7	POLR1D	818	0	0	-1	0	2.9631251e-06	0	2.9631247e-06
uORF	ENST00000399697.7	POLR1D	819	0	0	-1	0	1.8684452e-06	0	1.868445e-06
uORF	ENST00000399697.7	POLR1D	820	0	0	-1	0	1.6635674e-06	0	1.6635672e-06
uORF	ENST00000399697.7	POLR1D	821	0	0	-1	0	4.2813636e-07	0	4.281363e-07
uORF	ENST00000399697.7	POLR1D	822	0	0	-1	0	4.9100919e-07	0	4.9100912e-07
uORF	ENST00000399697.7	POLR1D	823	0	0	-1	0	3.9472968e-07	0	3.9472963e-07
uORF	ENST00000399697.7	POLR1D	824	0	0	-1	0	1.0586477e-06	0	1.0586476e-06
uORF	ENST00000399697.7	POLR1D	825	0	0	-1	0	1.1402313e-06	0	1.1402312e-06
uORF	ENST00000399697.7	POLR1D	826	0	0	-1	0	3.5683101e-07	0	3.5683096e-07
uORF	ENST00000399697.7	POLR1D	827	0	0	-1	0	5.2956597e-07	0	5.2956589e-07
uORF	ENST00000399697.7	POLR1D	828	0	0	-1	0	4.4567904e-07	0	4.4567897e-07
uORF	ENST00000399697.7	POLR1D	829	0	0	-1	0	1.833334e-06	0	1.8333337e-06
uORF	ENST00000399697.7	POLR1D	830	0	0	-1	0	8.7254978e-07	0	8.7254965e-07
uORF	ENST00000399697.7	POLR1D	831	0	0	-1	0	7.9369391e-07	0	7.936938e-07
uORF	ENST00000399697.7	POLR1D	832	0	0	-1	0	1.9934407e-06	0	1.9934404e-06
uORF	ENST00000399697.7	POLR1D	833	0	0	-1	0	1.2528012e-07	0	1.2528011e-07
uORF	ENST00000399697.7	POLR1D	834	0	0	-1	0	1.0282815e-06	0	1.0282814e-06
uORF	ENST00000399697.7	POLR1D	835	0	0	-1	0	3.3401618e-06	0	3.3401613e-06
uORF	ENST00000399697.7	POLR1D	836	0	0	-1	0	9.9491547e-07	0	9.9491533e-07
uORF	ENST00000399697.7	POLR1D	837	0	0	-1	0	2.5048787e-06	0	2.5048783e-06
uORF	ENST00000399697.7	POLR1D	838	0	0	-1	0	3.2664295e-06	0	3.2664291e-06
uORF	ENST00000399697.7	POLR1D	839	0	0	-1	0	1.1008351e-06	0	1.100835e-06
uORF	ENST00000399697.7	POLR1D	840	0	0	-1	0	3.4473799e-06	0	3.4473794e-06
uORF	ENST00000399697.7	POLR1D	841	0	0	-1	0	1.144486e-05	0	1.1444859e-05
uORF	ENST00000399697.7	POLR1D	842	0	0	-1	0	9.6049844e-06	0	9.604983e-06
uORF	ENST00000399697.7	POLR1D	843	0	0	-1	0	7.1598561e-07	0	7.159855e-07
uORF	ENST00000399697.7	POLR1D	844	0	0	-1	0	2.332645e-06	0	2.3326446e-06
uORF	ENST00000399697.7	POLR1D	845	0	0	-1	0	2.4798217e-06	0	2.4798213e-06
uORF	ENST00000399697.7	POLR1D	846	0	0	-1	0	4.8439474e-06	0	4.8439467e-06
uORF	ENST00000399697.7	POLR1D	847	0	0	-1	0	1.647737e-06	0	1.6477368e-06
uORF	ENST00000399697.7	POLR1D	848	0	0	-1	0	5.8368596e-07	0	5.8368588e-07
uORF	ENST00000399697.7	POLR1D	849	0	0	-1	0	2.860709e-07	0	2.8607086e-07
uORF	ENST00000399697.7	POLR1D	850	0	0	-1	0	2.0771363e-06	0	2.077136e-06
uORF	ENST00000399697.7	POLR1D	851	0	0	-1	0	4.2736151e-06	0	4.2736145e-06
uORF	ENST00000399697.7	POLR1D	852	0	0	-1	0	3.593974e-06	0	3.5939735e-06
uORF	ENST00000399697.7	POLR1D	853	0	0	-1	0	2.1544561e-07	0	2.1544558e-07
uORF	ENST00000399697.7	POLR1D	854	0	0	-1	0	1.7253195e-07	0	1.7253193e-07
uORF	ENST00000399697.7	POLR1D	855	0	0	-1	0	2.072591e-08	0	2.0725907e-08
uORF	ENST00000399697.7	POLR1D	856	0	0	-1	0	8.838127e-08	0	8.8381258e-08
uORF	ENST00000399697.7	POLR1D	857	0	0	-1	0	1.4822888e-07	0	1.4822886e-07
uORF	ENST00000399697.7	POLR1D	858	0	0	-1	0	2.7948488e-05	0	2.7948484e-05
uORF	ENST00000399697.7	POLR1D	859	0	0	-1	4	2.4505116e-05	0.00079176564	2.4505113e-05
uORF	ENST00000399697.7	POLR1D	860	0	0	-1	0	1.4413091e-06	0	1.4413089e-06
uORF	ENST00000399697.7	POLR1D	861	0	0	-1	0	9.5612813e-06	0	9.56128e-06
uORF	ENST00000399697.7	POLR1D	862	0	0	-1	0	3.7723908e-06	0	3.7723902e-06
uORF	ENST00000399697.7	POLR1D	863	0	0	-1	0	1.7749339e-07	0	1.7749337e-07
uORF	ENST00000399697.7	POLR1D	864	0	0	-1	0	5.0916328e-06	0	5.0916321e-06
uORF	ENST00000399697.7	POLR1D	865	0	0	-1	0	1.9139539e-05	0	1.9139537e-05
uORF	ENST00000399697.7	POLR1D	866	0	0	-1	0	2.6747068e-06	0	2.6747064e-06
uORF	ENST00000399697.7	POLR1D	867	0	0	-1	0	0.00014966363	0	0.0001496636
uORF	ENST00000399697.7	POLR1D	868	0	0	-1	0	0.00023543529	0	0.00023543526
uORF	ENST00000399697.7	POLR1D	869	0	0	-1	0	6.3332891e-07	0	6.3332882e-07
uORF	ENST00000399697.7	POLR1D	870	0	0	-1	0	6.4924814e-07	0	6.4924804e-07
uORF	ENST00000399697.7	POLR1D	871	0	0	-1	0	2.9521652e-07	0	2.9521648e-07
uORF	ENST00000399697.7	POLR1D	872	0	0	-1	0	3.3354902e-07	0	3.3354898e-07
uORF	ENST00000399697.7	POLR1D	873	0	0	-1	0	8.8577202e-08	0	8.857719e-08
uORF	ENST00000399697.7	POLR1D	874	0	0	-1	0	6.0146795e-07	0	6.0146786e-07
uORF	ENST00000399697.7	POLR1D	875	0	0	-1	0	7.3964436e-08	0	7.3964426e-08
uORF	ENST00000399697.7	POLR1D	876	0	0	-1	0	8.6942822e-07	0	8.694281e-07
uORF	ENST00000399697.7	POLR1D	877	0	0	-1	0	7.9607651e-07	0	7.9607639e-07
uORF	ENST00000399697.7	POLR1D	878	0	0	-1	0	1.3462802e-07	0	1.3462801e-07
uORF	ENST00000399697.7	POLR1D	879	0	0	-1	0	2.6176494e-07	0	2.617649e-07
uORF	ENST00000399697.7	POLR1D	880	0	0	-1	0	6.0975987e-07	0	6.0975978e-07
uORF	ENST00000399697.7	POLR1D	881	0	0	-1	0	1.8099508e-06	0	1.8099506e-06
uORF	ENST00000399697.7	POLR1D	882	0	0	-1	0	6.9163735e-07	0	6.9163726e-07
uORF	ENST00000399697.7	POLR1D	883	0	0	-1	0	7.3722531e-06	0	7.372252e-06
uORF	ENST00000399697.7	POLR1D	884	0	0	-1	0	3.6761739e-05	0	3.6761734e-05
uORF	ENST00000399697.7	POLR1D	885	0	0	-1	0	9.6138838e-06	0	9.6138824e-06
uORF	ENST00000399697.7	POLR1D	886	0	0	-1	0	2.1349692e-06	0	2.1349689e-06
uORF	ENST00000399697.7	POLR1D	887	0	0	-1	0	3.5477711e-07	0	3.5477706e-07
uORF	ENST00000399697.7	POLR1D	888	0	0	-1	0	2.3858007e-07	0	2.3858004e-07
uORF	ENST00000399697.7	POLR1D	889	0	0	-1	0	4.325581e-07	0	4.3255803e-07
uORF	ENST00000399697.7	POLR1D	890	0	0	-1	0	1.738825e-07	0	1.7388247e-07
uORF	ENST00000399697.7	POLR1D	891	0	0	-1	0	6.9779048e-08	0	6.9779038e-08
uORF	ENST00000399697.7	POLR1D	892	0	0	-1	0	6.2095842e-07	0	6.2095833e-07
uORF	ENST00000399697.7	POLR1D	893	0	0	-1	0	5.7019747e-07	0	5.7019739e-07
uORF	ENST00000399697.7	POLR1D	894	0	0	-1	0	6.7513957e-07	0	6.7513948e-07
uORF	ENST00000399697.7	POLR1D	895	0	0	-1	0	5.4380251e-07	0	5.4380244e-07
uORF	ENST00000399697.7	POLR1D	896	0	0	-1	0	1.0318761e-06	0	1.0318759e-06
uORF	ENST00000399697.7	POLR1D	897	0	0	-1	0	2.8272055e-07	0	2.8272051e-07
uORF	ENST00000399697.7	POLR1D	898	0	0	-1	0	1.6332226e-07	0	1.6332223e-07
uORF	ENST00000399697.7	POLR1D	899	0	0	-1	0	5.4532774e-07	0	5.4532766e-07
uORF	ENST00000399697.7	POLR1D	900	0	0	-1	0	3.6261331e-06	0	3.6261326e-06
uORF	ENST00000399697.7	POLR1D	901	0	0	-1	0	1.2167205e-06	0	1.2167204e-06
uORF	ENST00000399697.7	POLR1D	902	0	0	-1	0	2.2347086e-07	0	2.2347083e-07
uORF	ENST00000399697.7	POLR1D	903	0	0	-1	0	1.2457637e-07	0	1.2457636e-07
uORF	ENST00000399697.7	POLR1D	904	0	0	-1	0	3.8906532e-07	0	3.8906527e-07
uORF	ENST00000399697.7	POLR1D	905	0	0	-1	0	2.0129445e-07	0	2.0129443e-07
uORF	ENST00000399697.7	POLR1D	906	0	0	-1	0	1.4481242e-07	0	1.448124e-07
uORF	ENST00000399697.7	POLR1D	907	0	0	-1	0	2.7435754e-06	0	2.743575e-06
uORF	ENST00000399697.7	POLR1D	908	0	0	-1	0	6.4153613e-07	0	6.4153604e-07
uORF	ENST00000399697.7	POLR1D	909	0	0	-1	0	1.0426812e-06	0	1.0426811e-06
uORF	ENST00000399697.7	POLR1D	910	0	0	-1	0	1.5663736e-07	0	1.5663733e-07
uORF	ENST00000399697.7	POLR1D	911	0	0	-1	0	1.9459175e-07	0	1.9459172e-07
uORF	ENST00000399697.7	POLR1D	912	0	0	-1	0	5.5921635e-07	0	5.5921627e-07
uORF	ENST00000399697.7	POLR1D	913	0	0	-1	0	5.3379119e-07	0	5.3379112e-07
uORF	ENST00000399697.7	POLR1D	914	0	0	-1	0	6.4811019e-08	0	6.481101e-08
uORF	ENST00000399697.7	POLR1D	915	0	0	-1	0	9.5228508e-08	0	9.5228494e-08
uORF	ENST00000399697.7	POLR1D	916	0	0	-1	0	9.0722432e-07	0	9.0722419e-07
uORF	ENST00000399697.7	POLR1D	917	0	0	-1	0	1.7225568e-06	0	1.7225566e-06
uORF	ENST00000399697.7	POLR1D	918	0	0	-1	0	2.6566015e-06	0	2.6566011e-06
uORF	ENST00000399697.7	POLR1D	919	0	0	-1	0	7.470795e-06	0	7.470794e-06
uORF	ENST00000399697.7	POLR1D	920	0	0	-1	0	4.7210523e-07	0	4.7210516e-07
uORF	ENST00000399697.7	POLR1D	921	0	0	-1	0	1.8305796e-07	0	1.8305794e-07
uORF	ENST00000399697.7	POLR1D	922	0	0	-1	0	3.8113154e-08	0	3.8113148e-08
uORF	ENST00000399697.7	POLR1D	923	0	0	-1	0	1.3831414e-07	0	1.3831412e-07
uORF	ENST00000399697.7	POLR1D	924	0	0	-1	0	1.8683674e-07	0	1.8683672e-07
uORF	ENST00000399697.7	POLR1D	925	0	0	-1	0	1.3063357e-06	0	1.3063355e-06
uORF	ENST00000399697.7	POLR1D	926	0	0	-1	0	9.0568983e-07	0	9.056897e-07
uORF	ENST00000399697.7	POLR1D	927	0	0	-1	0	8.8491964e-07	0	8.8491952e-07
uORF	ENST00000399697.7	POLR1D	928	0	0	-1	0	5.4612821e-07	0	5.4612813e-07
uORF	ENST00000399697.7	POLR1D	929	0	0	-1	0	6.0104448e-08	0	6.0104439e-08
uORF	ENST00000399697.7	POLR1D	930	0	0	-1	0	1.7983001e-07	0	1.7982998e-07
uORF	ENST00000399697.7	POLR1D	931	0	0	-1	0	7.1723696e-07	0	7.1723686e-07
uORF	ENST00000399697.7	POLR1D	932	0	0	-1	0	3.7737601e-07	0	3.7737596e-07
uORF	ENST00000399697.7	POLR1D	933	0	0	-1	0	9.9983438e-08	0	9.9983424e-08
uORF	ENST00000399697.7	POLR1D	934	0	0	-1	0	3.3437678e-07	0	3.3437673e-07
uORF	ENST00000399697.7	POLR1D	935	0	0	-1	0	2.9922546e-08	0	2.9922542e-08
uORF	ENST00000399697.7	POLR1D	936	0	0	-1	0	3.3962674e-08	0	3.396267e-08
uORF	ENST00000399697.7	POLR1D	937	0	0	-1	0	3.58859e-08	0	3.5885895e-08
uORF	ENST00000399697.7	POLR1D	938	0	0	-1	0	2.8161095e-08	0	2.8161091e-08
uORF	ENST00000399697.7	POLR1D	939	0	0	-1	0	3.6260602e-08	0	3.6260596e-08
uORF	ENST00000399697.7	POLR1D	940	0	0	-1	0	4.4086896e-08	0	4.408689e-08
uORF	ENST00000399697.7	POLR1D	941	0	0	-1	0	7.138383e-08	0	7.138382e-08
uORF	ENST00000399697.7	POLR1D	942	0	0	-1	0	6.539463e-08	0	6.5394621e-08
uORF	ENST00000399697.7	POLR1D	943	0	0	-1	0	1.8605014e-07	0	1.8605012e-07
uORF	ENST00000399697.7	POLR1D	944	0	0	-1	0	3.0594126e-08	0	3.0594122e-08
uORF	ENST00000399697.7	POLR1D	945	0	0	-1	0	1.0634274e-07	0	1.0634272e-07
uORF	ENST00000399697.7	POLR1D	946	0	0	-1	0	8.9171515e-08	0	8.9171502e-08
uORF	ENST00000399697.7	POLR1D	947	0	0	-1	0	6.486398e-07	0	6.4863971e-07
uORF	ENST00000399697.7	POLR1D	948	0	0	-1	0	3.2609063e-07	0	3.2609058e-07
uORF	ENST00000399697.7	POLR1D	949	0	0	-1	0	5.4834732e-07	0	5.4834724e-07
uORF	ENST00000399697.7	POLR1D	950	0	0	-1	0	1.0075373e-06	0	1.0075372e-06
uORF	ENST00000399697.7	POLR1D	951	0	0	-1	0	2.651945e-07	0	2.6519446e-07
uORF	ENST00000399697.7	POLR1D	952	0	0	-1	0	3.3715622e-07	0	3.3715617e-07
uORF	ENST00000399697.7	POLR1D	953	0	0	-1	0	2.6612153e-07	0	2.6612149e-07
uORF	ENST00000399697.7	POLR1D	954	0	0	-1	0	4.8371888e-08	0	4.8371881e-08
uORF	ENST00000399697.7	POLR1D	955	0	0	-1	0	1.0430976e-07	0	1.0430974e-07
uORF	ENST00000399697.7	POLR1D	956	0	0	-1	0	1.1981889e-07	0	1.1981888e-07
uORF	ENST00000399697.7	POLR1D	957	0	0	-1	0	1.7687215e-08	0	1.7687213e-08
uORF	ENST00000399697.7	POLR1D	958	0	0	-1	0	1.1676089e-07	0	1.1676088e-07
uORF	ENST00000399697.7	POLR1D	959	0	0	-1	0	4.5697242e-08	0	4.5697235e-08
uORF	ENST00000399697.7	POLR1D	960	0	0	-1	0	1.5743679e-07	0	1.5743676e-07
uORF	ENST00000399697.7	POLR1D	961	0	0	-1	0	1.0094267e-07	0	1.0094266e-07
uORF	ENST00000399697.7	POLR1D	962	0	0	-1	0	4.3550834e-08	0	4.3550828e-08
uORF	ENST00000399697.7	POLR1D	963	0	0	-1	0	2.8522993e-07	0	2.8522989e-07
uORF	ENST00000399697.7	POLR1D	964	0	0	-1	0	2.6113409e-07	0	2.6113405e-07
uORF	ENST00000399697.7	POLR1D	965	0	0	-1	0	7.0813428e-07	0	7.0813418e-07
uORF	ENST00000399697.7	POLR1D	966	0	0	-1	0	7.3470659e-07	0	7.3470648e-07
uORF	ENST00000399697.7	POLR1D	967	0	0	-1	0	4.0730902e-07	0	4.0730896e-07
uORF	ENST00000399697.7	POLR1D	968	0	0	-1	0	3.9647077e-07	0	3.9647071e-07
uORF	ENST00000399697.7	POLR1D	969	0	0	-1	0	1.3466257e-07	0	1.3466255e-07
uORF	ENST00000399697.7	POLR1D	970	0	0	-1	0	8.555724e-08	0	8.5557227e-08
uORF	ENST00000399697.7	POLR1D	971	0	0	-1	0	4.6019494e-07	0	4.6019487e-07
uORF	ENST00000399697.7	POLR1D	972	0	0	-1	0	4.0035846e-07	0	4.003584e-07
uORF	ENST00000399697.7	POLR1D	973	0	0	-1	0	2.5362129e-07	0	2.5362126e-07
uORF	ENST00000399697.7	POLR1D	974	0	0	-1	0	1.7503231e-07	0	1.7503229e-07
uORF	ENST00000399697.7	POLR1D	975	0	0	-1	0	1.7478177e-07	0	1.7478175e-07
uORF	ENST00000399697.7	POLR1D	976	0	0	-1	0	6.8896156e-08	0	6.8896147e-08
uORF	ENST00000399697.7	POLR1D	977	0	0	-1	0	3.0294729e-08	0	3.0294724e-08
uORF	ENST00000399697.7	POLR1D	978	0	0	-1	0	2.4968102e-08	0	2.4968099e-08
uORF	ENST00000399697.7	POLR1D	979	0	0	-1	0	4.2306752e-08	0	4.2306746e-08
uORF	ENST00000399697.7	POLR1D	980	0	0	-1	0	9.1717588e-08	0	9.1717575e-08
uORF	ENST00000399697.7	POLR1D	981	0	0	-1	0	3.877431e-08	0	3.8774304e-08
uORF	ENST00000399697.7	POLR1D	982	0	0	-1	0	9.7302696e-08	0	9.7302682e-08
uORF	ENST00000399697.7	POLR1D	983	0	0	-1	0	3.9061563e-09	0	3.9061557e-09
uORF	ENST00000399697.7	POLR1D	984	0	0	-1	0	2.4108546e-09	0	2.4108543e-09
uORF	ENST00000399697.7	POLR1D	985	0	0	-1	0	1.7403968e-08	0	1.7403966e-08
uORF	ENST00000399697.7	POLR1D	986	0	0	-1	0	2.8011204e-08	0	2.80112e-08
uORF	ENST00000399697.7	POLR1D	987	0	0	-1	0	8.8144117e-07	0	8.8144104e-07
uORF	ENST00000399697.7	POLR1D	988	0	0	-1	0	6.1327114e-07	0	6.1327105e-07
uORF	ENST00000399697.7	POLR1D	989	0	0	-1	0	2.396763e-07	0	2.3967626e-07
uORF	ENST00000399697.7	POLR1D	990	0	0	-1	0	1.6443862e-07	0	1.6443859e-07
uORF	ENST00000399697.7	POLR1D	991	0	0	-1	0	3.7171723e-08	0	3.7171718e-08
uORF	ENST00000399697.7	POLR1D	992	0	0	-1	0	7.3960202e-08	0	7.3960191e-08
uORF	ENST00000399697.7	POLR1D	993	0	0	-1	0	2.0217675e-07	0	2.0217672e-07
uORF	ENST00000399697.7	POLR1D	994	0	0	-1	0	5.2459114e-07	0	5.2459107e-07
uORF	ENST00000399697.7	POLR1D	995	0	0	-1	0	4.7823207e-08	0	4.78232e-08
uORF	ENST00000399697.7	POLR1D	996	0	0	-1	0	1.3262566e-07	0	1.3262564e-07
uORF	ENST00000399697.7	POLR1D	997	0	0	-1	0	1.4566828e-07	0	1.4566826e-07
uORF	ENST00000399697.7	POLR1D	998	0	0	-1	0	2.9932463e-07	0	2.9932458e-07
uORF	ENST00000399697.7	POLR1D	999	0	0	-1	0	1.3593203e-06	0	1.3593201e-06
uORF	ENST00000399697.7	POLR1D	1000	0	0	-1	0	4.9487954e-07	0	4.9487947e-07
uORF	ENST00000399697.7	POLR1D	1001	0	0	-1	0	6.7408121e-07	0	6.7408111e-07
uORF	ENST00000399697.7	POLR1D	1002	0	0	-1	0	9.1225377e-07	0	9.1225364e-07
uORF	ENST00000399697.7	POLR1D	1003	0	0	-1	0	1.9735251e-07	0	1.9735248e-07
uORF	ENST00000399697.7	POLR1D	1004	0	0	-1	0	2.6641405e-07	0	2.6641401e-07
uORF	ENST00000399697.7	POLR1D	1005	0	0	-1	0	3.5407625e-06	0	3.540762e-06
uORF	ENST00000399697.7	POLR1D	1006	0	0	-1	0	2.6453677e-07	0	2.6453673e-07
uORF	ENST00000399697.7	POLR1D	1007	0	0	-1	0	2.3214977e-06	0	2.3214974e-06
uORF	ENST00000399697.7	POLR1D	1008	0	0	-1	0	2.534982e-07	0	2.5349816e-07
uORF	ENST00000399697.7	POLR1D	1009	0	0	-1	0	2.2938988e-07	0	2.2938985e-07
uORF	ENST00000399697.7	POLR1D	1010	0	0	-1	0	1.4445966e-06	0	1.4445964e-06
uORF	ENST00000399697.7	POLR1D	1011	0	0	-1	0	2.5633084e-05	0	2.563308e-05
uORF	ENST00000399697.7	POLR1D	1012	0	0	-1	0	4.3426516e-07	0	4.342651e-07
uORF	ENST00000399697.7	POLR1D	1013	0	0	-1	0	6.6812497e-08	0	6.6812487e-08
uORF	ENST00000399697.7	POLR1D	1014	0	0	-1	0	6.0185351e-07	0	6.0185343e-07
uORF	ENST00000399697.7	POLR1D	1015	0	0	-1	0	3.416708e-08	0	3.4167075e-08
uORF	ENST00000399697.7	POLR1D	1016	0	0	-1	0	7.6999058e-08	0	7.6999047e-08
uORF	ENST00000399697.7	POLR1D	1017	0	0	-1	0	2.8433155e-07	0	2.8433151e-07
uORF	ENST00000399697.7	POLR1D	1018	0	0	-1	0	3.2538267e-07	0	3.2538263e-07
uORF	ENST00000399697.7	POLR1D	1019	0	0	-1	0	6.9687246e-07	0	6.9687236e-07
uORF	ENST00000399697.7	POLR1D	1020	0	0	-1	0	1.5969128e-05	0	1.5969126e-05
uORF	ENST00000399697.7	POLR1D	1021	0	0	-1	0	3.73835e-06	0	3.7383494e-06
uORF	ENST00000399697.7	POLR1D	1022	0	0	-1	0	2.7064613e-07	0	2.7064609e-07
uORF	ENST00000399697.7	POLR1D	1023	0	0	-1	0	3.4826353e-06	0	3.4826348e-06
uORF	ENST00000399697.7	POLR1D	1024	0	0	-1	0	1.191111e-06	0	1.1911108e-06
uORF	ENST00000399697.7	POLR1D	1025	0	0	-1	0	2.6865393e-07	0	2.686539e-07
uORF	ENST00000399697.7	POLR1D	1026	0	0	-1	0	4.1412845e-06	0	4.1412839e-06
uORF	ENST00000399697.7	POLR1D	1027	0	0	-1	0	3.5995635e-07	0	3.5995629e-07
uORF	ENST00000399697.7	POLR1D	1028	0	0	-1	0	7.5190519e-07	0	7.5190508e-07
uORF	ENST00000399697.7	POLR1D	1029	0	0	-1	0	4.7594008e-07	0	4.7594002e-07
uORF	ENST00000399697.7	POLR1D	1030	0	0	-1	0	1.8514699e-08	0	1.8514696e-08
uORF	ENST00000399697.7	POLR1D	1031	0	0	-1	0	2.6286867e-07	0	2.6286863e-07
uORF	ENST00000399697.7	POLR1D	1032	0	0	-1	0	8.8711153e-07	0	8.871114e-07
uORF	ENST00000399697.7	POLR1D	1033	0	0	-1	0	1.9793832e-07	0	1.9793829e-07
uORF	ENST00000399697.7	POLR1D	1034	0	0	-1	0	4.0498043e-07	0	4.0498037e-07
uORF	ENST00000399697.7	POLR1D	1035	0	0	-1	0	1.1690971e-06	0	1.169097e-06
uORF	ENST00000399697.7	POLR1D	1036	0	0	-1	0	9.5559528e-07	0	9.5559515e-07
uORF	ENST00000399697.7	POLR1D	1037	0	0	-1	0	1.7073891e-06	0	1.7073888e-06
uORF	ENST00000399697.7	POLR1D	1038	0	0	-1	0	1.0247202e-06	0	1.02472e-06
uORF	ENST00000399697.7	POLR1D	1039	0	0	-1	0	4.5370648e-06	0	4.5370642e-06
uORF	ENST00000399697.7	POLR1D	1040	0	0	-1	0	2.1477888e-07	0	2.1477885e-07
uORF	ENST00000399697.7	POLR1D	1041	0	0	-1	0	7.6997918e-07	0	7.6997907e-07
uORF	ENST00000399697.7	POLR1D	1042	0	0	-1	0	5.9786964e-07	0	5.9786956e-07
uORF	ENST00000399697.7	POLR1D	1043	0	0	-1	0	2.7957324e-06	0	2.795732e-06
uORF	ENST00000399697.7	POLR1D	1044	0	0	-1	0	2.618261e-07	0	2.6182606e-07
uORF	ENST00000399697.7	POLR1D	1045	0	0	-1	0	8.9217792e-08	0	8.921778e-08
uORF	ENST00000399697.7	POLR1D	1046	0	0	-1	0	1.4507444e-06	0	1.4507442e-06
uORF	ENST00000399697.7	POLR1D	1047	0	0	-1	0	4.3639702e-07	0	4.3639695e-07
uORF	ENST00000399697.7	POLR1D	1048	0	0	-1	0	6.6287282e-07	0	6.6287273e-07
uORF	ENST00000399697.7	POLR1D	1049	0	0	-1	0	1.7570288e-06	0	1.7570286e-06
uORF	ENST00000399697.7	POLR1D	1050	0	0	-1	0	6.6709583e-07	0	6.6709574e-07
uORF	ENST00000399697.7	POLR1D	1051	0	0	-1	0	6.7473081e-07	0	6.7473072e-07
uORF	ENST00000399697.7	POLR1D	1052	0	0	-1	0	7.9160753e-07	0	7.9160742e-07
uORF	ENST00000399697.7	POLR1D	1053	0	0	-1	0	1.0124216e-06	0	1.0124215e-06
uORF	ENST00000399697.7	POLR1D	1054	0	0	-1	0	3.0536427e-07	0	3.0536422e-07
uORF	ENST00000399697.7	POLR1D	1055	0	0	-1	0	3.2807968e-06	0	3.2807964e-06
uORF	ENST00000399697.7	POLR1D	1056	0	0	-1	0	3.8449298e-07	0	3.8449292e-07
uORF	ENST00000399697.7	POLR1D	1057	0	0	-1	0	1.0460717e-06	0	1.0460716e-06
uORF	ENST00000399697.7	POLR1D	1058	0	0	-1	0	2.9806699e-07	0	2.9806695e-07
uORF	ENST00000399697.7	POLR1D	1059	0	0	-1	0	1.3552609e-06	0	1.3552607e-06
uORF	ENST00000399697.7	POLR1D	1060	0	0	-1	0	7.6297943e-07	0	7.6297932e-07
uORF	ENST00000399697.7	POLR1D	1061	0	0	-1	0	1.5192844e-06	0	1.5192842e-06
uORF	ENST00000399697.7	POLR1D	1062	0	0	-1	0	5.0548383e-06	0	5.0548376e-06
uORF	ENST00000399697.7	POLR1D	1063	0	0	-1	0	2.0193193e-06	0	2.019319e-06
uORF	ENST00000399697.7	POLR1D	1064	0	0	-1	0	9.0583586e-07	0	9.0583573e-07
uORF	ENST00000399697.7	POLR1D	1065	0	0	-1	0	3.3850679e-07	0	3.3850675e-07
uORF	ENST00000399697.7	POLR1D	1066	0	0	-1	0	2.7733421e-07	0	2.7733417e-07
uORF	ENST00000399697.7	POLR1D	1067	0	0	-1	0	4.6292755e-07	0	4.6292748e-07
uORF	ENST00000399697.7	POLR1D	1068	0	0	-1	0	2.9082261e-07	0	2.9082257e-07
uORF	ENST00000399697.7	POLR1D	1069	0	0	-1	0	4.5649261e-07	0	4.5649255e-07
uORF	ENST00000399697.7	POLR1D	1070	0	0	-1	0	4.1879053e-07	0	4.1879048e-07
uORF	ENST00000399697.7	POLR1D	1071	0	0	-1	0	5.4122336e-07	0	5.4122328e-07
uORF	ENST00000399697.7	POLR1D	1072	0	0	-1	0	4.2388393e-07	0	4.2388387e-07
uORF	ENST00000399697.7	POLR1D	1073	0	0	-1	0	8.4798251e-07	0	8.4798238e-07
uORF	ENST00000399697.7	POLR1D	1074	0	0	-1	0	2.1480841e-05	0	2.1480838e-05
uORF	ENST00000399697.7	POLR1D	1075	0	0	-1	0	8.8335639e-07	0	8.8335627e-07
uORF	ENST00000399697.7	POLR1D	1076	0	0	-1	0	3.5854155e-06	0	3.585415e-06
uORF	ENST00000399697.7	POLR1D	1077	0	0	-1	0	3.1877317e-07	0	3.1877313e-07
uORF	ENST00000399697.7	POLR1D	1078	0	0	-1	0	2.7889456e-07	0	2.7889452e-07
uORF	ENST00000399697.7	POLR1D	1079	0	0	-1	0	5.5727946e-07	0	5.5727938e-07
uORF	ENST00000399697.7	POLR1D	1080	0	0	-1	0	7.2388883e-07	0	7.2388873e-07
uORF	ENST00000399697.7	POLR1D	1081	0	0	-1	0	1.1494e-06	0	1.1493998e-06
uORF	ENST00000399697.7	POLR1D	1082	0	0	-1	0	3.1220802e-07	0	3.1220797e-07
uORF	ENST00000399697.7	POLR1D	1083	0	0	-1	0	5.0840515e-07	0	5.0840508e-07
uORF	ENST00000399697.7	POLR1D	1084	0	0	-1	0	1.9748467e-07	0	1.9748464e-07
uORF	ENST00000399697.7	POLR1D	1085	0	0	-1	0	1.5547177e-07	0	1.5547174e-07
uORF	ENST00000399697.7	POLR1D	1086	0	0	-1	0	7.366069e-06	0	7.3660679e-06
uORF	ENST00000399697.7	POLR1D	1087	0	0	-1	0	7.6908573e-06	0	7.6908562e-06
uORF	ENST00000399697.7	POLR1D	1088	0	0	-1	0	3.1492316e-06	0	3.1492311e-06
uORF	ENST00000399697.7	POLR1D	1089	0	0	-1	0	1.6330987e-06	0	1.6330985e-06
uORF	ENST00000399697.7	POLR1D	1090	0	0	-1	0	8.3276672e-07	0	8.327666e-07
uORF	ENST00000399697.7	POLR1D	1091	0	0	-1	0	5.9154593e-07	0	5.9154584e-07
uORF	ENST00000399697.7	POLR1D	1092	0	0	-1	0	1.793513e-07	0	1.7935128e-07
uORF	ENST00000399697.7	POLR1D	1093	0	0	-1	0	4.9211695e-07	0	4.9211688e-07
uORF	ENST00000399697.7	POLR1D	1094	0	0	-1	0	2.2759326e-07	0	2.2759323e-07
uORF	ENST00000399697.7	POLR1D	1095	0	0	-1	0	3.3849858e-06	0	3.3849853e-06
uORF	ENST00000399697.7	POLR1D	1096	0	0	-1	0	3.825767e-07	0	3.8257665e-07
uORF	ENST00000399697.7	POLR1D	1097	0	0	-1	0	9.7913573e-07	0	9.791356e-07
uORF	ENST00000399697.7	POLR1D	1098	0	0	-1	0	1.1313105e-06	0	1.1313103e-06
uORF	ENST00000399697.7	POLR1D	1099	0	0	-1	0	6.3052295e-07	0	6.3052286e-07
uORF	ENST00000399697.7	POLR1D	1100	0	0	-1	0	1.2220933e-06	0	1.2220931e-06
uORF	ENST00000399697.7	POLR1D	1101	0	0	-1	0	4.9974841e-07	0	4.9974834e-07
uORF	ENST00000399697.7	POLR1D	1102	0	0	-1	0	3.798057e-08	0	3.7980564e-08
uORF	ENST00000399697.7	POLR1D	1103	0	0	-1	0	1.1199344e-07	0	1.1199342e-07
uORF	ENST00000399697.7	POLR1D	1104	0	0	-1	0	1.5953584e-07	0	1.5953582e-07
uORF	ENST00000399697.7	POLR1D	1105	0	0	-1	0	1.2834774e-07	0	1.2834772e-07
uORF	ENST00000399697.7	POLR1D	1106	0	0	-1	0	2.5725532e-07	0	2.5725529e-07
uORF	ENST00000399697.7	POLR1D	1107	0	0	-1	0	2.7035023e-07	0	2.7035019e-07
uORF	ENST00000399697.7	POLR1D	1108	0	0	-1	0	1.9015883e-06	0	1.9015881e-06
uORF	ENST00000399697.7	POLR1D	1109	0	0	-1	0	1.9798061e-07	0	1.9798058e-07
uORF	ENST00000399697.7	POLR1D	1110	0	0	-1	0	4.0450954e-07	0	4.0450948e-07
uORF	ENST00000399697.7	POLR1D	1111	0	0	-1	0	1.3698391e-06	0	1.3698389e-06
uORF	ENST00000399697.7	POLR1D	1112	0	0	-1	0	2.1508225e-07	0	2.1508222e-07
uORF	ENST00000399697.7	POLR1D	1113	0	0	-1	0	5.4025309e-06	0	5.4025301e-06
uORF	ENST00000399697.7	POLR1D	1114	0	0	-1	0	2.5958709e-06	0	2.5958705e-06
uORF	ENST00000399697.7	POLR1D	1115	0	0	-1	0	1.0808802e-06	0	1.0808801e-06
uORF	ENST00000399697.7	POLR1D	1116	0	0	-1	0	3.0615174e-06	0	3.061517e-06
uORF	ENST00000399697.7	POLR1D	1117	0	0	-1	0	2.3120046e-07	0	2.3120043e-07
uORF	ENST00000399697.7	POLR1D	1118	0	0	-1	0	4.8537693e-08	0	4.8537686e-08
uORF	ENST00000399697.7	POLR1D	1119	0	0	-1	0	2.7647835e-07	0	2.7647831e-07
uORF	ENST00000399697.7	POLR1D	1120	0	0	-1	0	7.5723214e-08	0	7.5723204e-08
uORF	ENST00000399697.7	POLR1D	1121	0	0	-1	0	1.1038402e-07	0	1.1038401e-07
uORF	ENST00000399697.7	POLR1D	1122	0	0	-1	0	2.9778968e-07	0	2.9778964e-07
uORF	ENST00000399697.7	POLR1D	1123	0	0	-1	0	2.7427734e-07	0	2.742773e-07
uORF	ENST00000399697.7	POLR1D	1124	0	0	-1	0	1.5487066e-07	0	1.5487064e-07
uORF	ENST00000399697.7	POLR1D	1125	0	0	-1	0	4.5969927e-07	0	4.596992e-07
uORF	ENST00000399697.7	POLR1D	1126	0	0	-1	0	3.8323367e-07	0	3.8323361e-07
uORF	ENST00000399697.7	POLR1D	1127	0	0	-1	0	8.9335117e-08	0	8.9335104e-08
uORF	ENST00000399697.7	POLR1D	1128	0	0	-1	0	1.3093359e-07	0	1.3093357e-07
uORF	ENST00000399697.7	POLR1D	1129	0	0	-1	0	1.015438e-07	0	1.0154378e-07
uORF	ENST00000399697.7	POLR1D	1130	0	0	-1	0	1.8086369e-07	0	1.8086367e-07
uORF	ENST00000399697.7	POLR1D	1131	0	0	-1	0	1.2921086e-07	0	1.2921084e-07
uORF	ENST00000399697.7	POLR1D	1132	0	0	-1	0	6.3030058e-07	0	6.3030049e-07
uORF	ENST00000399697.7	POLR1D	1133	0	0	-1	0	2.3002758e-07	0	2.3002755e-07
uORF	ENST00000399697.7	POLR1D	1134	0	0	-1	0	1.6947428e-07	0	1.6947425e-07
uORF	ENST00000399697.7	POLR1D	1135	0	0	-1	0	2.9659873e-07	0	2.9659869e-07
uORF	ENST00000399697.7	POLR1D	1136	0	0	-1	0	1.8633258e-06	0	1.8633255e-06
uORF	ENST00000399697.7	POLR1D	1137	0	0	-1	0	7.443351e-06	0	7.44335e-06
uORF	ENST00000399697.7	POLR1D	1138	0	0	-1	0	2.8534205e-07	0	2.8534201e-07
uORF	ENST00000399697.7	POLR1D	1139	0	0	-1	0	1.1568262e-06	0	1.1568261e-06
uORF	ENST00000399697.7	POLR1D	1140	0	0	-1	0	5.6035185e-07	0	5.6035177e-07
uORF	ENST00000399697.7	POLR1D	1141	0	0	-1	0	2.1238448e-06	0	2.1238444e-06
uORF	ENST00000399697.7	POLR1D	1142	0	0	-1	0	3.0523224e-06	0	3.052322e-06
uORF	ENST00000399697.7	POLR1D	1143	0	0	-1	0	3.0559093e-07	0	3.0559089e-07
uORF	ENST00000399697.7	POLR1D	1144	0	0	-1	0	3.4901925e-06	0	3.490192e-06
uORF	ENST00000399697.7	POLR1D	1145	0	0	-1	0	6.1097762e-07	0	6.1097754e-07
uORF	ENST00000399697.7	POLR1D	1146	0	0	-1	0	1.6048479e-06	0	1.6048476e-06
uORF	ENST00000399697.7	POLR1D	1147	0	0	-1	0	2.7660928e-06	0	2.7660925e-06
uORF	ENST00000399697.7	POLR1D	1148	0	0	-1	0	1.2315625e-07	0	1.2315624e-07
uORF	ENST00000399697.7	POLR1D	1149	0	0	-1	0	1.2719016e-07	0	1.2719014e-07
uORF	ENST00000399697.7	POLR1D	1150	0	0	-1	0	4.5587657e-07	0	4.5587651e-07
uORF	ENST00000399697.7	POLR1D	1151	0	0	-1	0	4.7581665e-07	0	4.7581658e-07
uORF	ENST00000399697.7	POLR1D	1152	0	0	-1	0	2.473013e-06	0	2.4730126e-06
uORF	ENST00000399697.7	POLR1D	1153	0	0	-1	0	6.0349566e-07	0	6.0349558e-07
uORF	ENST00000399697.7	POLR1D	1154	0	0	-1	0	7.5938397e-07	0	7.5938386e-07
uORF	ENST00000399697.7	POLR1D	1155	0	0	-1	0	1.6594832e-07	0	1.659483e-07
uORF	ENST00000399697.7	POLR1D	1156	0	0	-1	0	7.1920098e-08	0	7.1920088e-08
uORF	ENST00000399697.7	POLR1D	1157	0	0	-1	0	1.1887478e-07	0	1.1887476e-07
uORF	ENST00000399697.7	POLR1D	1158	0	0	-1	0	3.8840153e-06	0	3.8840148e-06
uORF	ENST00000399697.7	POLR1D	1159	0	0	-1	0	1.2946922e-06	0	1.294692e-06
uORF	ENST00000399697.7	POLR1D	1160	0	0	-1	0	1.4294346e-07	0	1.4294344e-07
uORF	ENST00000399697.7	POLR1D	1161	0	0	-1	0	1.0835006e-06	0	1.0835004e-06
uORF	ENST00000399697.7	POLR1D	1162	0	0	-1	0	4.4062013e-08	0	4.4062006e-08
uORF	ENST00000399697.7	POLR1D	1163	0	0	-1	0	8.2822012e-08	0	8.2822001e-08
uORF	ENST00000399697.7	POLR1D	1164	0	0	-1	0	3.7597465e-07	0	3.759746e-07
uORF	ENST00000399697.7	POLR1D	1165	0	0	-1	0	4.2751213e-07	0	4.2751207e-07
uORF	ENST00000399697.7	POLR1D	1166	0	0	-1	0	4.6768406e-07	0	4.6768399e-07
uORF	ENST00000399697.7	POLR1D	1167	0	0	-1	0	1.3398287e-07	0	1.3398285e-07
uORF	ENST00000399697.7	POLR1D	1168	0	0	-1	0	1.1496904e-06	0	1.1496903e-06
uORF	ENST00000399697.7	POLR1D	1169	0	0	-1	0	1.8027991e-07	0	1.8027989e-07
uORF	ENST00000399697.7	POLR1D	1170	0	0	-1	0	5.9189688e-07	0	5.9189679e-07
uORF	ENST00000399697.7	POLR1D	1171	0	0	-1	0	5.2948212e-07	0	5.2948205e-07
uORF	ENST00000399697.7	POLR1D	1172	0	0	-1	0	1.6244088e-07	0	1.6244086e-07
uORF	ENST00000399697.7	POLR1D	1173	0	0	-1	0	2.684836e-07	0	2.6848357e-07
uORF	ENST00000399697.7	POLR1D	1174	0	0	-1	0	9.793132e-07	0	9.7931306e-07
uORF	ENST00000399697.7	POLR1D	1175	0	0	-1	0	4.4257567e-07	0	4.4257561e-07
uORF	ENST00000399697.7	POLR1D	1176	0	0	-1	0	1.1222829e-06	0	1.1222828e-06
uORF	ENST00000399697.7	POLR1D	1177	0	0	-1	0	1.6287065e-06	0	1.6287063e-06
uORF	ENST00000399697.7	POLR1D	1178	0	0	-1	0	4.5029225e-07	0	4.5029218e-07
uORF	ENST00000399697.7	POLR1D	1179	0	0	-1	0	6.63736e-06	0	6.6373591e-06
uORF	ENST00000399697.7	POLR1D	1180	0	0	-1	0	6.8167924e-07	0	6.8167914e-07
uORF	ENST00000399697.7	POLR1D	1181	0	0	-1	0	9.9155079e-07	0	9.9155065e-07
uORF	ENST00000399697.7	POLR1D	1182	0	0	-1	0	7.2365691e-07	0	7.2365681e-07
uORF	ENST00000399697.7	POLR1D	1183	0	0	-1	0	6.9803086e-06	0	6.9803076e-06
uORF	ENST00000399697.7	POLR1D	1184	0	0	-1	0	6.4314081e-06	0	6.4314072e-06
uORF	ENST00000399697.7	POLR1D	1185	0	0	-1	0	9.4044062e-06	0	9.4044049e-06
uORF	ENST00000399697.7	POLR1D	1186	0	0	-1	0	2.1423505e-06	0	2.1423502e-06
uORF	ENST00000399697.7	POLR1D	1187	0	0	-1	0	7.0035599e-06	0	7.0035589e-06
uORF	ENST00000399697.7	POLR1D	1188	0	0	-1	0	7.7929991e-07	0	7.792998e-07
uORF	ENST00000399697.7	POLR1D	1189	0	0	-1	0	2.0668494e-06	0	2.0668492e-06
uORF	ENST00000399697.7	POLR1D	1190	0	0	-1	0	1.1899245e-06	0	1.1899244e-06
uORF	ENST00000399697.7	POLR1D	1191	0	0	-1	0	3.7010761e-07	0	3.7010756e-07
uORF	ENST00000399697.7	POLR1D	1192	0	0	-1	0	8.8412968e-08	0	8.8412955e-08
uORF	ENST00000399697.7	POLR1D	1193	0	0	-1	0	2.3822334e-07	0	2.382233e-07
uORF	ENST00000399697.7	POLR1D	1194	0	0	-1	0	2.3463114e-07	0	2.3463111e-07
uORF	ENST00000399697.7	POLR1D	1195	0	0	-1	0	4.0993555e-07	0	4.0993549e-07
uORF	ENST00000399697.7	POLR1D	1196	0	0	-1	0	1.4678096e-05	0	1.4678094e-05
uORF	ENST00000399697.7	POLR1D	1197	0	0	-1	0	9.0743282e-07	0	9.0743269e-07
uORF	ENST00000399697.7	POLR1D	1198	0	0	-1	0	6.5535636e-07	0	6.5535627e-07
uORF	ENST00000399697.7	POLR1D	1199	0	0	-1	0	1.3526029e-07	0	1.3526027e-07
uORF	ENST00000399697.7	POLR1D	1200	0	0	-1	0	1.2884313e-06	0	1.2884312e-06
uORF	ENST00000399697.7	POLR1D	1201	0	0	-1	0	5.9364766e-07	0	5.9364757e-07
uORF	ENST00000399697.7	POLR1D	1202	0	0	-1	0	1.4632611e-06	0	1.4632609e-06
uORF	ENST00000399697.7	POLR1D	1203	0	0	-1	0	3.9517786e-07	0	3.9517781e-07
uORF	ENST00000399697.7	POLR1D	1204	0	0	-1	0	2.0993443e-07	0	2.099344e-07
uORF	ENST00000399697.7	POLR1D	1205	0	0	-1	0	2.2588575e-08	0	2.2588571e-08
uORF	ENST00000399697.7	POLR1D	1206	0	0	-1	0	8.7147117e-07	0	8.7147105e-07
uORF	ENST00000399697.7	POLR1D	1207	0	0	-1	0	4.568079e-07	0	4.5680783e-07
uORF	ENST00000399697.7	POLR1D	1208	0	0	-1	0	9.2666781e-08	0	9.2666768e-08
uORF	ENST00000399697.7	POLR1D	1209	0	0	-1	0	1.0393777e-07	0	1.0393776e-07
uORF	ENST00000399697.7	POLR1D	1210	0	0	-1	0	7.2228966e-07	0	7.2228955e-07
uORF	ENST00000399697.7	POLR1D	1211	0	0	-1	0	6.5797536e-07	0	6.5797527e-07
uORF	ENST00000399697.7	POLR1D	1212	0	0	-1	0	1.0198013e-07	0	1.0198011e-07
uORF	ENST00000399697.7	POLR1D	1213	0	0	-1	0	1.5366311e-07	0	1.5366309e-07
uORF	ENST00000399697.7	POLR1D	1214	0	0	-1	0	1.1232074e-07	0	1.1232073e-07
uORF	ENST00000399697.7	POLR1D	1215	0	0	-1	0	1.1634518e-07	0	1.1634517e-07
uORF	ENST00000399697.7	POLR1D	1216	0	0	-1	0	2.3788188e-07	0	2.3788184e-07
uORF	ENST00000399697.7	POLR1D	1217	0	0	-1	0	1.8975838e-07	0	1.8975835e-07
uORF	ENST00000399697.7	POLR1D	1218	0	0	-1	0	2.1039222e-07	0	2.1039219e-07
uORF	ENST00000399697.7	POLR1D	1219	0	0	-1	0	2.0975352e-07	0	2.0975349e-07
uORF	ENST00000399697.7	POLR1D	1220	0	0	-1	0	8.73045e-07	0	8.7304487e-07
uORF	ENST00000399697.7	POLR1D	1221	0	0	-1	0	1.0804025e-07	0	1.0804024e-07
uORF	ENST00000399697.7	POLR1D	1222	0	0	-1	0	1.0054069e-07	0	1.0054067e-07
uORF	ENST00000399697.7	POLR1D	1223	0	0	-1	0	2.4704484e-08	0	2.470448e-08
uORF	ENST00000399697.7	POLR1D	1224	0	0	-1	0	7.8688934e-08	0	7.8688923e-08
uORF	ENST00000399697.7	POLR1D	1225	0	0	-1	0	4.1510706e-08	0	4.15107e-08
uORF	ENST00000399697.7	POLR1D	1226	0	0	-1	0	7.7469565e-08	0	7.7469554e-08
uORF	ENST00000399697.7	POLR1D	1227	0	0	-1	0	8.6326466e-09	0	8.6326454e-09
uORF	ENST00000399697.7	POLR1D	1228	0	0	-1	0	3.0989715e-09	0	3.0989711e-09
uORF	ENST00000399697.7	POLR1D	1229	0	0	-1	0	3.1530614e-09	0	3.1530609e-09
uORF	ENST00000399697.7	POLR1D	1230	0	0	-1	0	4.0172958e-09	0	4.0172953e-09
uORF	ENST00000399697.7	POLR1D	1231	0	0	-1	0	1.2133202e-09	0	1.21332e-09
uORF	ENST00000399697.7	POLR1D	1232	0	0	-1	0	7.5579709e-10	0	7.5579698e-10
uORF	ENST00000399697.7	POLR1D	1233	0	0	-1	0	8.1306656e-10	0	8.1306644e-10
uORF	ENST00000399697.7	POLR1D	1234	0	0	-1	0	1.5210405e-09	0	1.5210403e-09
uORF	ENST00000399697.7	POLR1D	1235	0	0	-1	0	3.5089453e-08	0	3.5089448e-08
uORF	ENST00000399697.7	POLR1D	1236	0	0	-1	0	2.4184134e-08	0	2.418413e-08
uORF	ENST00000399697.7	POLR1D	1237	0	0	-1	0	2.050854e-07	0	2.0508537e-07
uORF	ENST00000399697.7	POLR1D	1238	0	0	-1	0	2.5337698e-08	0	2.5337695e-08
uORF	ENST00000399697.7	POLR1D	1239	0	0	-1	0	7.3740702e-09	0	7.3740692e-09
uORF	ENST00000399697.7	POLR1D	1240	0	0	-1	0	1.7126892e-08	0	1.7126889e-08
uORF	ENST00000399697.7	POLR1D	1241	0	0	-1	0	4.4401305e-09	0	4.4401299e-09
uORF	ENST00000399697.7	POLR1D	1242	0	0	-1	0	5.3827463e-08	0	5.3827456e-08
uORF	ENST00000399697.7	POLR1D	1243	0	0	-1	0	1.8451288e-07	0	1.8451286e-07
uORF	ENST00000399697.7	POLR1D	1244	0	0	-1	0	3.5924609e-07	0	3.5924604e-07
uORF	ENST00000399697.7	POLR1D	1245	0	0	-1	0	1.2162924e-06	0	1.2162922e-06
uORF	ENST00000399697.7	POLR1D	1246	0	0	-1	0	2.5656379e-06	0	2.5656376e-06
uORF	ENST00000399697.7	POLR1D	1247	0	0	-1	0	3.6371086e-06	0	3.6371081e-06
uORF	ENST00000399697.7	POLR1D	1248	0	0	-1	0	6.1739629e-06	0	6.173962e-06
uORF	ENST00000399697.7	POLR1D	1249	0	0	-1	0	5.0735043e-06	0	5.0735036e-06
uORF	ENST00000399697.7	POLR1D	1250	0	0	-1	0	1.0838221e-06	0	1.0838219e-06
uORF	ENST00000399697.7	POLR1D	1251	0	0	-1	0	2.4944746e-05	0	2.4944742e-05
uORF	ENST00000399697.7	POLR1D	1252	0	0	-1	0	3.5956916e-06	0	3.5956911e-06
uORF	ENST00000399697.7	POLR1D	1253	0	0	-1	0	6.1168072e-07	0	6.1168063e-07
uORF	ENST00000399697.7	POLR1D	1254	0	0	-1	0	1.800373e-07	0	1.8003728e-07
uORF	ENST00000399697.7	POLR1D	1255	0	0	-1	0	7.8452643e-07	0	7.8452632e-07
uORF	ENST00000399697.7	POLR1D	1256	0	0	-1	0	8.4894708e-07	0	8.4894696e-07
uORF	ENST00000399697.7	POLR1D	1257	0	0	-1	0	4.9255971e-07	0	4.9255964e-07
uORF	ENST00000399697.7	POLR1D	1258	0	0	-1	0	8.2785846e-08	0	8.2785834e-08
uORF	ENST00000399697.7	POLR1D	1259	0	0	-1	0	4.721737e-07	0	4.7217363e-07
uORF	ENST00000399697.7	POLR1D	1260	0	0	-1	0	1.938259e-07	0	1.9382587e-07
uORF	ENST00000399697.7	POLR1D	1261	0	0	-1	0	1.2689278e-06	0	1.2689276e-06
uORF	ENST00000399697.7	POLR1D	1262	0	0	-1	0	3.7188974e-07	0	3.7188969e-07
uORF	ENST00000399697.7	POLR1D	1263	0	0	-1	0	1.6547469e-07	0	1.6547466e-07
uORF	ENST00000399697.7	POLR1D	1264	0	0	-1	0	5.9316577e-08	0	5.9316568e-08
uORF	ENST00000399697.7	POLR1D	1265	0	0	-1	0	1.2968319e-07	0	1.2968317e-07
uORF	ENST00000399697.7	POLR1D	1266	0	0	-1	0	7.6410771e-08	0	7.641076e-08
uORF	ENST00000399697.7	POLR1D	1267	0	0	-1	0	6.9695517e-08	0	6.9695507e-08
uORF	ENST00000399697.7	POLR1D	1268	0	0	-1	0	7.14533e-08	0	7.145329e-08
uORF	ENST00000399697.7	POLR1D	1269	0	0	-1	0	1.5721085e-07	0	1.5721083e-07
uORF	ENST00000399697.7	POLR1D	1270	0	0	-1	0	1.1225992e-07	0	1.122599e-07
uORF	ENST00000399697.7	POLR1D	1271	0	0	-1	0	3.2395158e-07	0	3.2395154e-07
uORF	ENST00000399697.7	POLR1D	1272	0	0	-1	0	3.8340838e-07	0	3.8340832e-07
uORF	ENST00000399697.7	POLR1D	1273	0	0	-1	0	1.6705516e-06	0	1.6705513e-06
uORF	ENST00000399697.7	POLR1D	1274	0	0	-1	0	9.6922838e-07	0	9.6922824e-07
uORF	ENST00000399697.7	POLR1D	1275	0	0	-1	0	2.0158386e-06	0	2.0158383e-06
uORF	ENST00000399697.7	POLR1D	1276	0	0	-1	0	1.6818628e-06	0	1.6818626e-06
uORF	ENST00000399697.7	POLR1D	1277	0	0	-1	0	3.5742121e-07	0	3.5742116e-07
uORF	ENST00000399697.7	POLR1D	1278	0	0	-1	0	1.0306399e-06	0	1.0306397e-06
uORF	ENST00000399697.7	POLR1D	1279	0	0	-1	0	3.4791643e-07	0	3.4791638e-07
uORF	ENST00000399697.7	POLR1D	1280	0	0	-1	0	1.9657523e-07	0	1.965752e-07
uORF	ENST00000399697.7	POLR1D	1281	0	0	-1	0	7.4181578e-08	0	7.4181568e-08
uORF	ENST00000399697.7	POLR1D	1282	0	0	-1	0	2.0037319e-07	0	2.0037317e-07
uORF	ENST00000399697.7	POLR1D	1283	0	0	-1	0	4.3782334e-06	0	4.3782327e-06
uORF	ENST00000399697.7	POLR1D	1284	0	0	-1	0	2.5076119e-07	0	2.5076115e-07
uORF	ENST00000399697.7	POLR1D	1285	0	0	-1	0	1.749804e-07	0	1.7498038e-07
uORF	ENST00000399697.7	POLR1D	1286	0	0	-1	0	4.0141788e-07	0	4.0141782e-07
uORF	ENST00000399697.7	POLR1D	1287	0	0	-1	0	3.7195429e-07	0	3.7195423e-07
uORF	ENST00000399697.7	POLR1D	1288	0	0	-1	0	1.971561e-07	0	1.9715607e-07
uORF	ENST00000399697.7	POLR1D	1289	0	0	-1	0	7.5004202e-08	0	7.5004191e-08
uORF	ENST00000399697.7	POLR1D	1290	0	0	-1	0	2.003579e-07	0	2.0035787e-07
uORF	ENST00000399697.7	POLR1D	1291	0	0	-1	0	1.1334271e-06	0	1.1334269e-06
uORF	ENST00000399697.7	POLR1D	1292	0	0	-1	0	1.6609233e-06	0	1.6609231e-06
uORF	ENST00000399697.7	POLR1D	1293	0	0	-1	0	7.6402506e-07	0	7.6402495e-07
uORF	ENST00000399697.7	POLR1D	1294	0	0	-1	0	2.0597253e-07	0	2.059725e-07
uORF	ENST00000399697.7	POLR1D	1295	0	0	-1	0	9.3715346e-07	0	9.3715333e-07
uORF	ENST00000399697.7	POLR1D	1296	0	0	-1	0	6.9343247e-07	0	6.9343237e-07
uORF	ENST00000399697.7	POLR1D	1297	0	0	-1	0	3.9175164e-05	0	3.9175158e-05
uORF	ENST00000399697.7	POLR1D	1298	0	0	-1	0	1.8314948e-05	0	1.8314945e-05
uORF	ENST00000399697.7	POLR1D	1299	0	0	-1	0	9.45395e-05	0	9.4539487e-05
uORF	ENST00000399697.7	POLR1D	1300	0	0	-1	0	3.9665174e-06	0	3.9665168e-06
uORF	ENST00000399697.7	POLR1D	1301	0	0	-1	0	6.1094702e-06	0	6.1094693e-06
uORF	ENST00000399697.7	POLR1D	1302	0	0	-1	0	9.8250453e-08	0	9.8250439e-08
uORF	ENST00000399697.7	POLR1D	1303	0	0	-1	0	2.4218164e-07	0	2.4218161e-07
uORF	ENST00000399697.7	POLR1D	1304	0	0	-1	0	4.2976144e-06	0	4.2976138e-06
uORF	ENST00000399697.7	POLR1D	1305	0	0	-1	0	3.2155981e-06	0	3.2155976e-06
uORF	ENST00000399697.7	POLR1D	1306	0	0	-1	0	3.4386717e-06	0	3.4386712e-06
uORF	ENST00000399697.7	POLR1D	1307	0	0	-1	0	9.4652041e-06	0	9.4652028e-06
uORF	ENST00000399697.7	POLR1D	1308	0	0	-1	0	1.5144152e-06	0	1.514415e-06
uORF	ENST00000399697.7	POLR1D	1309	0	0	-1	0	3.2557775e-06	0	3.2557771e-06
uORF	ENST00000399697.7	POLR1D	1310	0	0	-1	0	1.5430382e-05	0	1.5430379e-05
uORF	ENST00000399697.7	POLR1D	1311	0	0	-1	0	6.7615606e-06	0	6.7615596e-06
uORF	ENST00000399697.7	POLR1D	1312	0	0	-1	0	3.807824e-06	0	3.8078234e-06
uORF	ENST00000399697.7	POLR1D	1313	0	0	-1	0	1.3581398e-06	0	1.3581396e-06
uORF	ENST00000399697.7	POLR1D	1314	0	0	-1	0	2.5365575e-06	0	2.5365572e-06
uORF	ENST00000399697.7	POLR1D	1315	0	0	-1	0	1.7088218e-05	0	1.7088215e-05
uORF	ENST00000399697.7	POLR1D	1316	0	0	-1	0	2.4841938e-06	0	2.4841935e-06
uORF	ENST00000399697.7	POLR1D	1317	0	0	-1	0	2.3169909e-07	0	2.3169906e-07
uORF	ENST00000399697.7	POLR1D	1318	0	0	-1	0	1.3669616e-06	0	1.3669614e-06
uORF	ENST00000399697.7	POLR1D	1319	0	0	-1	0	2.6193713e-06	0	2.619371e-06
uORF	ENST00000399697.7	POLR1D	1320	0	0	-1	0	4.3944219e-06	0	4.3944213e-06
uORF	ENST00000399697.7	POLR1D	1321	0	0	-1	0	6.2820618e-07	0	6.2820609e-07
uORF	ENST00000399697.7	POLR1D	1322	0	0	-1	0	2.0519241e-07	0	2.0519238e-07
uORF	ENST00000399697.7	POLR1D	1323	0	0	-1	0	2.6122103e-07	0	2.61221e-07
uORF	ENST00000399697.7	POLR1D	1324	0	0	-1	0	1.2493074e-06	0	1.2493072e-06
uORF	ENST00000399697.7	POLR1D	1325	0	0	-1	0	6.7036621e-07	0	6.7036611e-07
uORF	ENST00000399697.7	POLR1D	1326	0	0	-1	0	9.2189606e-07	0	9.2189593e-07
uORF	ENST00000399697.7	POLR1D	1327	0	0	-1	0	4.8167391e-07	0	4.8167384e-07
uORF	ENST00000399697.7	POLR1D	1328	0	0	-1	0	1.4449149e-06	0	1.4449147e-06
uORF	ENST00000399697.7	POLR1D	1329	0	0	-1	0	6.7106788e-07	0	6.7106778e-07
uORF	ENST00000399697.7	POLR1D	1330	0	0	-1	0	3.8274752e-07	0	3.8274746e-07
uORF	ENST00000399697.7	POLR1D	1331	0	0	-1	0	3.8222206e-06	0	3.8222201e-06
uORF	ENST00000399697.7	POLR1D	1332	0	0	-1	0	1.76384e-06	0	1.7638398e-06
uORF	ENST00000399697.7	POLR1D	1333	0	0	-1	0	9.6770769e-08	0	9.6770755e-08
uORF	ENST00000399697.7	POLR1D	1334	0	0	-1	0	4.7786119e-07	0	4.7786112e-07
uORF	ENST00000399697.7	POLR1D	1335	0	0	-1	0	7.9556878e-07	0	7.9556867e-07
uORF	ENST00000399697.7	POLR1D	1336	0	0	-1	0	1.7208238e-07	0	1.7208236e-07
uORF	ENST00000399697.7	POLR1D	1337	0	0	-1	0	1.1605301e-06	0	1.16053e-06
uORF	ENST00000399697.7	POLR1D	1338	0	0	-1	0	5.4578491e-06	0	5.4578483e-06
uORF	ENST00000399697.7	POLR1D	1339	0	0	-1	0	2.4090448e-06	0	2.4090444e-06
uORF	ENST00000399697.7	POLR1D	1340	0	0	-1	0	3.4740667e-06	0	3.4740662e-06
uORF	ENST00000399697.7	POLR1D	1341	0	0	-1	0	7.4625302e-07	0	7.4625292e-07
uORF	ENST00000399697.7	POLR1D	1342	0	0	-1	0	1.5753029e-06	0	1.5753027e-06
uORF	ENST00000399697.7	POLR1D	1343	0	0	-1	0	1.4632234e-06	0	1.4632232e-06
uORF	ENST00000399697.7	POLR1D	1344	0	0	-1	0	5.10804e-07	0	5.1080393e-07
uORF	ENST00000399697.7	POLR1D	1345	0	0	-1	0	1.5819843e-06	0	1.5819841e-06
uORF	ENST00000399697.7	POLR1D	1346	0	0	-1	0	5.5307453e-07	0	5.5307445e-07
uORF	ENST00000399697.7	POLR1D	1347	0	0	-1	0	3.1466362e-07	0	3.1466358e-07
uORF	ENST00000399697.7	POLR1D	1348	0	0	-1	0	1.8597794e-07	0	1.8597791e-07
uORF	ENST00000399697.7	POLR1D	1349	0	0	-1	0	1.7353229e-07	0	1.7353226e-07
uORF	ENST00000399697.7	POLR1D	1350	0	0	-1	0	3.7058862e-07	0	3.7058857e-07
uORF	ENST00000399697.7	POLR1D	1351	0	0	-1	0	3.9659631e-07	0	3.9659625e-07
uORF	ENST00000399697.7	POLR1D	1352	0	0	-1	0	3.0341351e-07	0	3.0341347e-07
uORF	ENST00000399697.7	POLR1D	1353	0	0	-1	0	7.2496448e-07	0	7.2496438e-07
uORF	ENST00000399697.7	POLR1D	1354	0	0	-1	0	3.6986731e-07	0	3.6986726e-07
uORF	ENST00000399697.7	POLR1D	1355	0	0	-1	0	2.4236095e-07	0	2.4236092e-07
uORF	ENST00000399697.7	POLR1D	1356	0	0	-1	0	5.7121906e-07	0	5.7121898e-07
uORF	ENST00000399697.7	POLR1D	1357	0	0	-1	0	1.2890814e-06	0	1.2890812e-06
uORF	ENST00000399697.7	POLR1D	1358	0	0	-1	0	9.050699e-07	0	9.0506977e-07
uORF	ENST00000399697.7	POLR1D	1359	0	0	-1	0	1.6012552e-06	0	1.601255e-06
uORF	ENST00000399697.7	POLR1D	1360	0	0	-1	0	2.4545017e-07	0	2.4545013e-07
uORF	ENST00000399697.7	POLR1D	1361	0	0	-1	0	2.5016499e-07	0	2.5016495e-07
uORF	ENST00000399697.7	POLR1D	1362	0	0	-1	0	4.920156e-07	0	4.9201553e-07
uORF	ENST00000399697.7	POLR1D	1363	0	0	-1	0	3.3749271e-07	0	3.3749266e-07
uORF	ENST00000399697.7	POLR1D	1364	0	0	-1	0	1.2603143e-06	0	1.2603141e-06
uORF	ENST00000399697.7	POLR1D	1365	0	0	-1	0	1.8792685e-05	0	1.8792683e-05
uORF	ENST00000399697.7	POLR1D	1366	0	0	-1	0	1.1737091e-07	0	1.1737089e-07
uORF	ENST00000399697.7	POLR1D	1367	0	0	-1	0	1.3962274e-07	0	1.3962272e-07
uORF	ENST00000399697.7	POLR1D	1368	0	0	-1	0	1.7932035e-07	0	1.7932033e-07
uORF	ENST00000399697.7	POLR1D	1369	0	0	-1	0	1.8839754e-07	0	1.8839751e-07
uORF	ENST00000399697.7	POLR1D	1370	0	0	-1	0	2.0611507e-08	0	2.0611504e-08
uORF	ENST00000399697.7	POLR1D	1371	0	0	-1	0	1.8141422e-07	0	1.814142e-07
uORF	ENST00000399697.7	POLR1D	1372	0	0	-1	0	5.2625598e-08	0	5.2625591e-08
uORF	ENST00000399697.7	POLR1D	1373	0	0	-1	0	7.7441499e-08	0	7.7441488e-08
uORF	ENST00000399697.7	POLR1D	1374	0	0	-1	0	7.7315462e-08	0	7.7315451e-08
uORF	ENST00000399697.7	POLR1D	1375	0	0	-1	0	5.5607039e-08	0	5.5607031e-08
uORF	ENST00000399697.7	POLR1D	1376	0	0	-1	0	1.9123744e-08	0	1.9123742e-08
uORF	ENST00000399697.7	POLR1D	1377	0	0	-1	0	7.0710747e-08	0	7.0710737e-08
uORF	ENST00000399697.7	POLR1D	1378	0	0	-1	0	3.1756418e-08	0	3.1756413e-08
uORF	ENST00000399697.7	POLR1D	1379	0	0	-1	0	9.3998509e-08	0	9.3998495e-08
uORF	ENST00000399697.7	POLR1D	1380	0	0	-1	0	1.9170081e-07	0	1.9170078e-07
uORF	ENST00000399697.7	POLR1D	1381	0	0	-1	0	1.0400639e-07	0	1.0400637e-07
uORF	ENST00000399697.7	POLR1D	1382	0	0	-1	0	1.1573707e-07	0	1.1573706e-07
uORF	ENST00000399697.7	POLR1D	1383	0	0	-1	0	3.7726355e-08	0	3.772635e-08
uORF	ENST00000399697.7	POLR1D	1384	0	0	-1	0	3.3956147e-07	0	3.3956142e-07
uORF	ENST00000399697.7	POLR1D	1385	0	0	-1	0	4.3838213e-07	0	4.3838207e-07
uORF	ENST00000399697.7	POLR1D	1386	0	0	-1	0	2.4532332e-07	0	2.4532329e-07
uORF	ENST00000399697.7	POLR1D	1387	0	0	-1	0	7.9289312e-06	0	7.92893e-06
uORF	ENST00000399697.7	POLR1D	1388	0	0	-1	0	8.3976897e-07	0	8.3976885e-07
uORF	ENST00000399697.7	POLR1D	1389	0	0	-1	0	7.0558474e-07	0	7.0558464e-07
uORF	ENST00000399697.7	POLR1D	1390	0	0	-1	0	1.120547e-06	0	1.1205469e-06
uORF	ENST00000399697.7	POLR1D	1391	0	0	-1	0	2.220564e-07	0	2.2205637e-07
uORF	ENST00000399697.7	POLR1D	1392	0	0	-1	0	6.3947546e-08	0	6.3947537e-08
uORF	ENST00000399697.7	POLR1D	1393	0	0	-1	0	1.928165e-07	0	1.9281647e-07
uORF	ENST00000399697.7	POLR1D	1394	0	0	-1	0	8.9847248e-08	0	8.9847235e-08
uORF	ENST00000399697.7	POLR1D	1395	0	0	-1	0	3.5492872e-07	0	3.5492867e-07
uORF	ENST00000399697.7	POLR1D	1396	0	0	-1	0	3.4166706e-07	0	3.4166701e-07
uORF	ENST00000399697.7	POLR1D	1397	0	0	-1	0	3.1706381e-07	0	3.1706376e-07
uORF	ENST00000399697.7	POLR1D	1398	0	0	-1	0	1.1857507e-07	0	1.1857506e-07
uORF	ENST00000399697.7	POLR1D	1399	0	0	-1	0	2.2875437e-07	0	2.2875434e-07
uORF	ENST00000399697.7	POLR1D	1400	0	0	-1	0	1.1023864e-07	0	1.1023862e-07
uORF	ENST00000399697.7	POLR1D	1401	0	0	-1	0	4.9104381e-07	0	4.9104374e-07
uORF	ENST00000399697.7	POLR1D	1402	0	0	-1	0	3.1910349e-07	0	3.1910345e-07
uORF	ENST00000399697.7	POLR1D	1403	0	0	-1	0	2.9149971e-06	0	2.9149967e-06
uORF	ENST00000399697.7	POLR1D	1404	0	0	-1	0	2.2927518e-06	0	2.2927515e-06
uORF	ENST00000399697.7	POLR1D	1405	0	0	-1	0	5.6112884e-07	0	5.6112876e-07
uORF	ENST00000399697.7	POLR1D	1406	0	0	-1	0	3.4713989e-07	0	3.4713984e-07
uORF	ENST00000399697.7	POLR1D	1407	0	0	-1	0	1.0845164e-05	0	1.0845163e-05
uORF	ENST00000399697.7	POLR1D	1408	0	0	-1	0	1.5471368e-06	0	1.5471366e-06
uORF	ENST00000399697.7	POLR1D	1409	0	0	-1	0	1.4810425e-07	0	1.4810423e-07
uORF	ENST00000399697.7	POLR1D	1410	0	0	-1	0	1.8471358e-07	0	1.8471356e-07
uORF	ENST00000399697.7	POLR1D	1411	0	0	-1	0	7.1034229e-08	0	7.1034219e-08
uORF	ENST00000399697.7	POLR1D	1412	0	0	-1	0	4.1752735e-08	0	4.1752729e-08
uORF	ENST00000399697.7	POLR1D	1413	0	0	-1	0	3.7490483e-07	0	3.7490478e-07
uORF	ENST00000399697.7	POLR1D	1414	0	0	-1	0	1.1025741e-06	0	1.1025739e-06
uORF	ENST00000399697.7	POLR1D	1415	0	0	-1	0	3.0406891e-06	0	3.0406886e-06
uORF	ENST00000399697.7	POLR1D	1416	0	0	-1	0	2.9421116e-07	0	2.9421112e-07
uORF	ENST00000399697.7	POLR1D	1417	0	0	-1	0	3.6910936e-07	0	3.6910931e-07
uORF	ENST00000399697.7	POLR1D	1418	0	0	-1	0	8.7165695e-08	0	8.7165683e-08
uORF	ENST00000399697.7	POLR1D	1419	0	0	-1	0	4.3860797e-07	0	4.3860791e-07
uORF	ENST00000399697.7	POLR1D	1420	0	0	-1	0	1.531418e-06	0	1.5314178e-06
uORF	ENST00000399697.7	POLR1D	1421	0	0	-1	0	1.2293435e-07	0	1.2293433e-07
uORF	ENST00000399697.7	POLR1D	1422	0	0	-1	0	2.701546e-07	0	2.7015456e-07
uORF	ENST00000399697.7	POLR1D	1423	0	0	-1	0	1.8329607e-07	0	1.8329604e-07
uORF	ENST00000399697.7	POLR1D	1424	0	0	-1	0	2.9949197e-07	0	2.9949193e-07
uORF	ENST00000399697.7	POLR1D	1425	0	0	-1	0	1.1591017e-05	0	1.1591015e-05
uORF	ENST00000399697.7	POLR1D	1426	0	0	-1	0	9.604646e-06	0	9.6046447e-06
uORF	ENST00000399697.7	POLR1D	1427	0	0	-1	0	1.3962082e-06	0	1.396208e-06
uORF	ENST00000399697.7	POLR1D	1428	0	0	-1	0	4.1739358e-06	0	4.1739353e-06
uORF	ENST00000399697.7	POLR1D	1429	0	0	-1	0	1.7911963e-06	0	1.791196e-06
uORF	ENST00000399697.7	POLR1D	1430	0	0	-1	0	2.9874002e-07	0	2.9873998e-07
uORF	ENST00000399697.7	POLR1D	1431	0	0	-1	0	2.6540403e-07	0	2.6540399e-07
uORF	ENST00000399697.7	POLR1D	1432	0	0	-1	0	3.0981016e-06	0	3.0981012e-06
uORF	ENST00000399697.7	POLR1D	1433	0	0	-1	0	1.3340681e-07	0	1.334068e-07
uORF	ENST00000399697.7	POLR1D	1434	0	0	-1	0	1.0198441e-07	0	1.019844e-07
uORF	ENST00000399697.7	POLR1D	1435	0	0	-1	0	2.7614881e-08	0	2.7614877e-08
uORF	ENST00000399697.7	POLR1D	1436	0	0	-1	0	8.8476227e-08	0	8.8476215e-08
uORF	ENST00000399697.7	POLR1D	1437	0	0	-1	0	1.4196382e-07	0	1.419638e-07
uORF	ENST00000399697.7	POLR1D	1438	0	0	-1	0	7.678716e-07	0	7.6787149e-07
uORF	ENST00000399697.7	POLR1D	1439	0	0	-1	0	3.2254894e-07	0	3.225489e-07
uORF	ENST00000399697.7	POLR1D	1440	0	0	-1	0	2.0870544e-08	0	2.0870541e-08
uORF	ENST00000399697.7	POLR1D	1441	0	0	-1	0	3.2304161e-08	0	3.2304157e-08
uORF	ENST00000399697.7	POLR1D	1442	0	0	-1	0	2.3428858e-07	0	2.3428854e-07
uORF	ENST00000399697.7	POLR1D	1443	0	0	-1	0	6.1924106e-07	0	6.1924098e-07
uORF	ENST00000399697.7	POLR1D	1444	0	0	-1	0	3.7464997e-07	0	3.7464992e-07
uORF	ENST00000399697.7	POLR1D	1445	0	0	-1	0	1.6660321e-07	0	1.6660319e-07
uORF	ENST00000399697.7	POLR1D	1446	0	0	-1	0	1.0983672e-07	0	1.098367e-07
uORF	ENST00000399697.7	POLR1D	1447	0	0	-1	0	7.0821596e-07	0	7.0821586e-07
uORF	ENST00000399697.7	POLR1D	1448	0	0	-1	0	5.2305103e-07	0	5.2305095e-07
uORF	ENST00000399697.7	POLR1D	1449	0	0	-1	0	1.1421827e-06	0	1.1421825e-06
uORF	ENST00000399697.7	POLR1D	1450	0	0	-1	0	3.9768747e-07	0	3.9768742e-07
uORF	ENST00000399697.7	POLR1D	1451	0	0	-1	0	4.2107226e-06	0	4.210722e-06
uORF	ENST00000399697.7	POLR1D	1452	0	0	-1	0	4.563729e-07	0	4.5637284e-07
uORF	ENST00000399697.7	POLR1D	1453	0	0	-1	0	5.1087345e-06	0	5.1087338e-06
uORF	ENST00000399697.7	POLR1D	1454	0	0	-1	0	1.5810704e-06	0	1.5810701e-06
uORF	ENST00000399697.7	POLR1D	1455	0	0	-1	0	6.6053417e-07	0	6.6053408e-07
uORF	ENST00000399697.7	POLR1D	1456	0	0	-1	0	9.2806204e-07	0	9.280619e-07
uORF	ENST00000399697.7	POLR1D	1457	0	0	-1	0	7.2844983e-07	0	7.2844973e-07
uORF	ENST00000399697.7	POLR1D	1458	0	0	-1	0	2.2574986e-06	0	2.2574983e-06
uORF	ENST00000399697.7	POLR1D	1459	0	0	-1	0	2.2488284e-06	0	2.2488281e-06
uORF	ENST00000399697.7	POLR1D	1460	0	0	-1	0	4.522386e-06	0	4.5223854e-06
uORF	ENST00000399697.7	POLR1D	1461	0	0	-1	0	3.8314724e-06	0	3.8314719e-06
uORF	ENST00000399697.7	POLR1D	1462	0	0	-1	0	2.5750791e-05	0	2.5750787e-05
uORF	ENST00000399697.7	POLR1D	1463	0	0	-1	0	8.3694908e-07	0	8.3694897e-07
uORF	ENST00000399697.7	POLR1D	1464	0	0	-1	0	8.1385593e-07	0	8.1385582e-07
uORF	ENST00000399697.7	POLR1D	1465	0	0	-1	0	5.8837722e-05	0	5.8837714e-05
uORF	ENST00000399697.7	POLR1D	1466	0	0	-1	0	1.7196624e-05	0	1.7196622e-05
uORF	ENST00000399697.7	POLR1D	1467	0	0	-1	0	8.866362e-07	0	8.8663607e-07
uORF	ENST00000399697.7	POLR1D	1468	0	0	-1	0	3.3928086e-07	0	3.3928081e-07
uORF	ENST00000399697.7	POLR1D	1469	0	0	-1	0	4.9771182e-07	0	4.9771175e-07
uORF	ENST00000399697.7	POLR1D	1470	0	0	-1	0	4.7699109e-07	0	4.7699102e-07
uORF	ENST00000399697.7	POLR1D	1471	0	0	-1	0	2.6169855e-07	0	2.6169851e-07
uORF	ENST00000399697.7	POLR1D	1472	0	0	-1	0	6.8306599e-07	0	6.8306589e-07
uORF	ENST00000399697.7	POLR1D	1473	0	0	-1	0	2.0171973e-07	0	2.017197e-07
uORF	ENST00000399697.7	POLR1D	1474	0	0	-1	0	1.2537097e-07	0	1.2537096e-07
uORF	ENST00000399697.7	POLR1D	1475	0	0	-1	0	6.0756395e-07	0	6.0756386e-07
uORF	ENST00000399697.7	POLR1D	1476	0	0	-1	0	9.0789251e-07	0	9.0789238e-07
uORF	ENST00000399697.7	POLR1D	1477	0	0	-1	0	8.7292347e-07	0	8.7292334e-07
uORF	ENST00000399697.7	POLR1D	1478	0	0	-1	0	7.4483677e-07	0	7.4483666e-07
uORF	ENST00000399697.7	POLR1D	1479	0	0	-1	0	1.5584563e-06	0	1.5584561e-06
uORF	ENST00000399697.7	POLR1D	1480	0	0	-1	0	2.7772739e-06	0	2.7772736e-06
uORF	ENST00000399697.7	POLR1D	1481	0	0	-1	0	8.0509869e-07	0	8.0509858e-07
uORF	ENST00000399697.7	POLR1D	1482	0	0	-1	0	2.6377597e-07	0	2.6377594e-07
uORF	ENST00000399697.7	POLR1D	1483	0	0	-1	0	1.1999391e-06	0	1.1999389e-06
uORF	ENST00000399697.7	POLR1D	1484	0	0	-1	0	9.7554539e-07	0	9.7554525e-07
uORF	ENST00000399697.7	POLR1D	1485	0	0	-1	0	3.4891988e-07	0	3.4891983e-07
uORF	ENST00000399697.7	POLR1D	1486	0	0	-1	0	7.4066531e-07	0	7.4066521e-07
uORF	ENST00000399697.7	POLR1D	1487	0	0	-1	0	5.5320934e-06	0	5.5320926e-06
uORF	ENST00000399697.7	POLR1D	1488	0	0	-1	0	3.6108162e-07	0	3.6108157e-07
uORF	ENST00000399697.7	POLR1D	1489	0	0	-1	0	9.557001e-07	0	9.5569997e-07
uORF	ENST00000399697.7	POLR1D	1490	0	0	-1	0	1.951973e-07	0	1.9519727e-07
uORF	ENST00000399697.7	POLR1D	1491	0	0	-1	0	2.0195794e-06	0	2.0195791e-06
uORF	ENST00000399697.7	POLR1D	1492	0	0	-1	0	3.0768064e-05	0	3.076806e-05
uORF	ENST00000399697.7	POLR1D	1493	0	0	-1	0	2.6215815e-07	0	2.6215812e-07
uORF	ENST00000399697.7	POLR1D	1494	0	0	-1	0	1.4852924e-06	0	1.4852922e-06
uORF	ENST00000399697.7	POLR1D	1495	0	0	-1	0	4.9008454e-06	0	4.9008447e-06
uORF	ENST00000399697.7	POLR1D	1496	0	0	-1	0	1.0203348e-06	0	1.0203347e-06
uORF	ENST00000399697.7	POLR1D	1497	0	0	-1	0	5.2858155e-07	0	5.2858148e-07
uORF	ENST00000399697.7	POLR1D	1498	0	0	-1	0	1.65785e-06	0	1.6578498e-06
uORF	ENST00000399697.7	POLR1D	1499	0	0	-1	0	2.5093952e-06	0	2.5093949e-06
uORF	ENST00000399697.7	POLR1D	1500	0	0	-1	0	3.988469e-06	0	3.9884684e-06
uORF	ENST00000399697.7	POLR1D	1501	0	0	-1	0	3.6658323e-05	0	3.6658317e-05
uORF	ENST00000399697.7	POLR1D	1502	0	0	-1	0	1.5221073e-05	0	1.5221071e-05
uORF	ENST00000399697.7	POLR1D	1503	0	0	-1	0	9.5915061e-07	0	9.5915047e-07
uORF	ENST00000399697.7	POLR1D	1504	0	0	-1	0	2.176206e-06	0	2.1762056e-06
uORF	ENST00000399697.7	POLR1D	1505	0	0	-1	0	4.5124939e-06	0	4.5124932e-06
uORF	ENST00000399697.7	POLR1D	1506	0	0	-1	0	2.1111235e-07	0	2.1111232e-07
uORF	ENST00000399697.7	POLR1D	1507	0	0	-1	0	4.0423206e-06	0	4.04232e-06
uORF	ENST00000399697.7	POLR1D	1508	0	0	-1	0	6.9266744e-06	0	6.9266734e-06
uORF	ENST00000399697.7	POLR1D	1509	0	0	-1	0	8.8863271e-06	0	8.8863259e-06
uORF	ENST00000399697.7	POLR1D	1510	0	0	-1	0	8.1536782e-05	0	8.153677e-05
uORF	ENST00000399697.7	POLR1D	1511	0	0	-1	0	1.9741237e-05	0	1.9741235e-05
uORF	ENST00000399697.7	POLR1D	1512	0	0	-1	0	3.0498752e-06	0	3.0498748e-06
uORF	ENST00000399697.7	POLR1D	1513	0	0	-1	0	1.1172429e-05	0	1.1172428e-05
uORF	ENST00000399697.7	POLR1D	1514	0	0	-1	0	2.7026932e-05	0	2.7026928e-05
uORF	ENST00000399697.7	POLR1D	1515	0	0	-1	0	9.6787853e-06	0	9.6787839e-06
uORF	ENST00000399697.7	POLR1D	1516	0	0	-1	0	2.2468425e-05	0	2.2468421e-05
uORF	ENST00000399697.7	POLR1D	1517	0	0	-1	0	1.6922346e-05	0	1.6922343e-05
uORF	ENST00000399697.7	POLR1D	1518	0	0	-1	0	8.4535185e-07	0	8.4535173e-07
uORF	ENST00000399697.7	POLR1D	1519	0	0	-1	0	2.7883621e-06	0	2.7883617e-06
uORF	ENST00000399697.7	POLR1D	1520	0	0	-1	0	3.510097e-06	0	3.5100965e-06
uORF	ENST00000399697.7	POLR1D	1521	0	0	-1	0	1.3954893e-06	0	1.3954891e-06
uORF	ENST00000399697.7	POLR1D	1522	0	0	-1	0	1.4472945e-05	0	1.4472943e-05
uORF	ENST00000399697.7	POLR1D	1523	0	0	-1	0	1.7254399e-05	0	1.7254396e-05
uORF	ENST00000399697.7	POLR1D	1524	0	0	-1	0	7.2555072e-06	0	7.2555061e-06
uORF	ENST00000399697.7	POLR1D	1525	0	0	-1	0	5.9213885e-06	0	5.9213877e-06
uORF	ENST00000399697.7	POLR1D	1526	0	0	-1	0	1.1867746e-05	0	1.1867745e-05
uORF	ENST00000399697.7	POLR1D	1527	0	0	-1	0	4.6924933e-06	0	4.6924927e-06
uORF	ENST00000399697.7	POLR1D	1528	0	0	-1	0	3.7857779e-07	0	3.7857774e-07
uORF	ENST00000399697.7	POLR1D	1529	0	0	-1	0	7.4678455e-06	0	7.4678445e-06
uORF	ENST00000399697.7	POLR1D	1530	0	0	-1	0	1.9613713e-06	0	1.961371e-06
uORF	ENST00000399697.7	POLR1D	1531	0	0	-1	0	1.4931746e-06	0	1.4931744e-06
uORF	ENST00000399697.7	POLR1D	1532	0	0	-1	0	1.8839744e-06	0	1.8839741e-06
uORF	ENST00000399697.7	POLR1D	1533	0	0	-1	0	3.4561692e-06	0	3.4561687e-06
uORF	ENST00000399697.7	POLR1D	1534	0	0	-1	0	8.1153196e-08	0	8.1153185e-08
uORF	ENST00000399697.7	POLR1D	1535	0	0	-1	0	2.9126297e-06	0	2.9126293e-06
uORF	ENST00000399697.7	POLR1D	1536	0	0	-1	0	8.6617746e-07	0	8.6617734e-07
uORF	ENST00000399697.7	POLR1D	1537	0	0	-1	0	3.0746531e-07	0	3.0746527e-07
uORF	ENST00000399697.7	POLR1D	1538	0	0	-1	0	1.6901137e-07	0	1.6901135e-07
uORF	ENST00000399697.7	POLR1D	1539	0	0	-1	0	3.7808334e-06	0	3.7808328e-06
uORF	ENST00000399697.7	POLR1D	1540	0	0	-1	0	9.2055188e-07	0	9.2055175e-07
uORF	ENST00000399697.7	POLR1D	1541	0	0	-1	0	3.5724062e-07	0	3.5724057e-07
uORF	ENST00000399697.7	POLR1D	1542	0	0	-1	0	8.5959334e-07	0	8.5959322e-07
uORF	ENST00000399697.7	POLR1D	1543	0	0	-1	0	1.2637692e-07	0	1.263769e-07
uORF	ENST00000399697.7	POLR1D	1544	0	0	-1	0	5.8315516e-07	0	5.8315507e-07
uORF	ENST00000399697.7	POLR1D	1545	0	0	-1	0	5.746893e-07	0	5.7468921e-07
uORF	ENST00000399697.7	POLR1D	1546	0	0	-1	0	4.5995446e-07	0	4.599544e-07
uORF	ENST00000399697.7	POLR1D	1547	0	0	-1	0	3.0378993e-07	0	3.0378989e-07
uORF	ENST00000399697.7	POLR1D	1548	0	0	-1	0	1.9486585e-07	0	1.9486582e-07
uORF	ENST00000399697.7	POLR1D	1549	0	0	-1	0	8.9044896e-08	0	8.9044883e-08
uORF	ENST00000399697.7	POLR1D	1550	0	0	-1	0	1.5730825e-06	0	1.5730823e-06
uORF	ENST00000399697.7	POLR1D	1551	0	0	-1	0	3.1962113e-06	0	3.1962109e-06
uORF	ENST00000399697.7	POLR1D	1552	0	0	-1	0	1.3090444e-06	0	1.3090442e-06
uORF	ENST00000399697.7	POLR1D	1553	0	0	-1	0	6.889833e-06	0	6.889832e-06
uORF	ENST00000399697.7	POLR1D	1554	0	0	-1	0	8.8623092e-06	0	8.8623079e-06
uORF	ENST00000399697.7	POLR1D	1555	0	0	-1	0	3.6541601e-07	0	3.6541596e-07
uORF	ENST00000399697.7	POLR1D	1556	0	0	-1	0	5.2707594e-07	0	5.2707587e-07
uORF	ENST00000399697.7	POLR1D	1557	0	0	-1	0	1.0063719e-07	0	1.0063718e-07
uORF	ENST00000399697.7	POLR1D	1558	0	0	-1	0	4.6929184e-08	0	4.6929177e-08
uORF	ENST00000399697.7	POLR1D	1559	0	0	-1	0	4.9168023e-07	0	4.9168016e-07
uORF	ENST00000399697.7	POLR1D	1560	0	0	-1	0	2.8417378e-07	0	2.8417374e-07
uORF	ENST00000399697.7	POLR1D	1561	0	0	-1	0	1.2539284e-07	0	1.2539283e-07
uORF	ENST00000399697.7	POLR1D	1562	0	0	-1	0	8.1940487e-07	0	8.1940476e-07
uORF	ENST00000399697.7	POLR1D	1563	0	0	-1	0	3.04536e-07	0	3.0453596e-07
uORF	ENST00000399697.7	POLR1D	1564	0	0	-1	0	3.6693191e-07	0	3.6693186e-07
uORF	ENST00000399697.7	POLR1D	1565	0	0	-1	0	5.3429898e-07	0	5.342989e-07
uORF	ENST00000399697.7	POLR1D	1566	0	0	-1	0	1.0808875e-06	0	1.0808873e-06
uORF	ENST00000399697.7	POLR1D	1567	0	0	-1	0	2.0920704e-06	0	2.0920701e-06
uORF	ENST00000399697.7	POLR1D	1568	0	0	-1	0	2.9445255e-07	0	2.9445251e-07
uORF	ENST00000399697.7	POLR1D	1569	0	0	-1	0	2.3241702e-07	0	2.3241699e-07
uORF	ENST00000399697.7	POLR1D	1570	0	0	-1	0	4.7657209e-06	0	4.7657202e-06
uORF	ENST00000399697.7	POLR1D	1571	0	0	-1	0	4.1282619e-05	0	4.1282613e-05
uORF	ENST00000399697.7	POLR1D	1572	0	0	-1	0	1.1864646e-05	0	1.1864644e-05
uORF	ENST00000399697.7	POLR1D	1573	0	0	-1	0	2.0700411e-06	0	2.0700408e-06
uORF	ENST00000399697.7	POLR1D	1574	0	0	-1	0	1.9547908e-06	0	1.9547906e-06
uORF	ENST00000399697.7	POLR1D	1575	0	0	-1	0	2.20221e-07	0	2.2022097e-07
uORF	ENST00000399697.7	POLR1D	1576	0	0	-1	0	3.2256971e-06	0	3.2256967e-06
uORF	ENST00000399697.7	POLR1D	1577	0	0	-1	0	8.1900134e-06	0	8.1900123e-06
uORF	ENST00000399697.7	POLR1D	1578	0	0	-1	0	9.3060305e-07	0	9.3060292e-07
uORF	ENST00000399697.7	POLR1D	1579	0	0	-1	0	5.3527178e-06	0	5.3527171e-06
uORF	ENST00000399697.7	POLR1D	1580	0	0	-1	0	1.8170018e-06	0	1.8170016e-06
uORF	ENST00000399697.7	POLR1D	1581	0	0	-1	0	6.2224478e-07	0	6.222447e-07
uORF	ENST00000399697.7	POLR1D	1582	0	0	-1	0	8.0996432e-07	0	8.099642e-07
uORF	ENST00000399697.7	POLR1D	1583	0	0	-1	0	1.001438e-06	0	1.0014379e-06
uORF	ENST00000399697.7	POLR1D	1584	0	0	-1	0	5.3173321e-06	0	5.3173314e-06
uORF	ENST00000399697.7	POLR1D	1585	0	0	-1	0	1.6063201e-07	0	1.6063199e-07
uORF	ENST00000399697.7	POLR1D	1586	0	0	-1	0	9.0272954e-07	0	9.0272941e-07
uORF	ENST00000399697.7	POLR1D	1587	0	0	-1	0	6.3910175e-06	0	6.3910165e-06
uORF	ENST00000399697.7	POLR1D	1588	0	0	-1	0	1.2308662e-07	0	1.230866e-07
uORF	ENST00000399697.7	POLR1D	1589	0	0	-1	0	1.0622744e-06	0	1.0622742e-06
uORF	ENST00000399697.7	POLR1D	1590	0	0	-1	0	5.2717041e-07	0	5.2717034e-07
uORF	ENST00000399697.7	POLR1D	1591	0	0	-1	0	4.9558236e-07	0	4.9558229e-07
uORF	ENST00000399697.7	POLR1D	1592	0	0	-1	0	7.4771555e-07	0	7.4771544e-07
uORF	ENST00000399697.7	POLR1D	1593	0	0	-1	0	4.4253117e-08	0	4.425311e-08
uORF	ENST00000399697.7	POLR1D	1594	0	0	-1	0	6.9090294e-07	0	6.9090284e-07
uORF	ENST00000399697.7	POLR1D	1595	0	0	-1	0	6.9046621e-07	0	6.9046611e-07
uORF	ENST00000399697.7	POLR1D	1596	0	0	-1	0	8.3073878e-08	0	8.3073867e-08
uORF	ENST00000399697.7	POLR1D	1597	0	0	-1	0	5.3092599e-08	0	5.3092591e-08
uORF	ENST00000399697.7	POLR1D	1598	0	0	-1	0	2.2156573e-08	0	2.215657e-08
uORF	ENST00000399697.7	POLR1D	1599	0	0	-1	0	5.3787977e-07	0	5.3787969e-07
uORF	ENST00000399697.7	POLR1D	1600	0	0	-1	0	9.7949248e-07	0	9.7949234e-07
uORF	ENST00000399697.7	POLR1D	1601	0	0	-1	0	3.383754e-07	0	3.3837535e-07
uORF	ENST00000399697.7	POLR1D	1602	0	0	-1	0	4.0894665e-08	0	4.089466e-08
uORF	ENST00000399697.7	POLR1D	1603	0	0	-1	0	6.0581425e-07	0	6.0581416e-07
uORF	ENST00000399697.7	POLR1D	1604	0	0	-1	0	2.2316151e-06	0	2.2316148e-06
uORF	ENST00000399697.7	POLR1D	1605	0	0	-1	0	1.0270388e-06	0	1.0270387e-06
uORF	ENST00000399697.7	POLR1D	1606	0	0	-1	0	2.3569385e-06	0	2.3569381e-06
uORF	ENST00000399697.7	POLR1D	1607	0	0	-1	0	6.9881577e-07	0	6.9881567e-07
uORF	ENST00000399697.7	POLR1D	1608	0	0	-1	0	3.6016459e-08	0	3.6016454e-08
uORF	ENST00000399697.7	POLR1D	1609	0	0	-1	0	2.9943257e-07	0	2.9943253e-07
uORF	ENST00000399697.7	POLR1D	1610	0	0	-1	0	1.6202407e-07	0	1.6202404e-07
uORF	ENST00000399697.7	POLR1D	1611	0	0	-1	0	4.8246733e-07	0	4.8246726e-07
uORF	ENST00000399697.7	POLR1D	1612	0	0	-1	0	1.0757087e-06	0	1.0757086e-06
uORF	ENST00000399697.7	POLR1D	1613	0	0	-1	0	1.7058014e-07	0	1.7058011e-07
uORF	ENST00000399697.7	POLR1D	1614	0	0	-1	0	1.410201e-07	0	1.4102008e-07
uORF	ENST00000399697.7	POLR1D	1615	0	0	-1	0	6.9276223e-07	0	6.9276213e-07
uORF	ENST00000399697.7	POLR1D	1616	0	0	-1	0	2.2456405e-07	0	2.2456402e-07
uORF	ENST00000399697.7	POLR1D	1617	0	0	-1	0	1.5609479e-06	0	1.5609477e-06
uORF	ENST00000399697.7	POLR1D	1618	0	0	-1	0	1.3045785e-05	0	1.3045783e-05
uORF	ENST00000399697.7	POLR1D	1619	0	0	-1	0	3.3896342e-06	0	3.3896337e-06
uORF	ENST00000399697.7	POLR1D	1620	0	0	-1	0	3.8125529e-07	0	3.8125524e-07
uORF	ENST00000399697.7	POLR1D	1621	0	0	-1	0	5.530398e-07	0	5.5303972e-07
uORF	ENST00000399697.7	POLR1D	1622	0	0	-1	0	2.008723e-06	0	2.0087227e-06
uORF	ENST00000399697.7	POLR1D	1623	0	0	-1	0	1.0917477e-06	0	1.0917475e-06
uORF	ENST00000399697.7	POLR1D	1624	0	0	-1	0	3.9752426e-06	0	3.9752421e-06
uORF	ENST00000399697.7	POLR1D	1625	0	0	-1	0	9.0428392e-07	0	9.0428379e-07
uORF	ENST00000399697.7	POLR1D	1626	0	0	-1	0	1.3257134e-06	0	1.3257132e-06
uORF	ENST00000399697.7	POLR1D	1627	0	0	-1	0	9.722191e-06	0	9.7221896e-06
uORF	ENST00000399697.7	POLR1D	1628	0	0	-1	0	3.4001728e-06	0	3.4001723e-06
uORF	ENST00000399697.7	POLR1D	1629	0	0	-1	0	1.0929551e-06	0	1.092955e-06
uORF	ENST00000399697.7	POLR1D	1630	0	0	-1	0	1.8986636e-06	0	1.8986634e-06
uORF	ENST00000399697.7	POLR1D	1631	0	0	-1	0	2.1209382e-06	0	2.1209379e-06
uORF	ENST00000399697.7	POLR1D	1632	0	0	-1	0	1.0020887e-06	0	1.0020885e-06
uORF	ENST00000399697.7	POLR1D	1633	0	0	-1	0	3.0718704e-06	0	3.07187e-06
uORF	ENST00000399697.7	POLR1D	1634	0	0	-1	0	7.65126e-07	0	7.6512589e-07
uORF	ENST00000399697.7	POLR1D	1635	0	0	-1	0	6.993285e-07	0	6.993284e-07
uORF	ENST00000399697.7	POLR1D	1636	0	0	-1	0	3.1595451e-07	0	3.1595446e-07
uORF	ENST00000399697.7	POLR1D	1637	0	0	-1	0	2.4116386e-07	0	2.4116383e-07
uORF	ENST00000399697.7	POLR1D	1638	0	0	-1	0	1.0662753e-06	0	1.0662752e-06
uORF	ENST00000399697.7	POLR1D	1639	0	0	-1	0	6.3362069e-07	0	6.336206e-07
uORF	ENST00000399697.7	POLR1D	1640	0	0	-1	0	6.6293228e-07	0	6.6293219e-07
uORF	ENST00000399697.7	POLR1D	1641	0	0	-1	0	1.7088593e-07	0	1.708859e-07
uORF	ENST00000399697.7	POLR1D	1642	0	0	-1	0	2.2470157e-07	0	2.2470153e-07
uORF	ENST00000399697.7	POLR1D	1643	0	0	-1	0	5.3848487e-07	0	5.3848479e-07
uORF	ENST00000399697.7	POLR1D	1644	0	0	-1	0	1.0248522e-06	0	1.024852e-06
uORF	ENST00000399697.7	POLR1D	1645	0	0	-1	0	2.9672603e-07	0	2.9672599e-07
uORF	ENST00000399697.7	POLR1D	1646	0	0	-1	0	9.699103e-08	0	9.6991017e-08
uORF	ENST00000399697.7	POLR1D	1647	0	0	-1	0	5.3208242e-07	0	5.3208235e-07
uORF	ENST00000399697.7	POLR1D	1648	0	0	-1	0	1.8508151e-06	0	1.8508149e-06
uORF	ENST00000399697.7	POLR1D	1649	0	0	-1	0	9.1868384e-07	0	9.1868371e-07
uORF	ENST00000399697.7	POLR1D	1650	0	0	-1	0	6.1748104e-08	0	6.1748095e-08
uORF	ENST00000399697.7	POLR1D	1651	0	0	-1	0	2.7742562e-06	0	2.7742559e-06
uORF	ENST00000399697.7	POLR1D	1652	0	0	-1	0	2.5436991e-06	0	2.5436987e-06
uORF	ENST00000399697.7	POLR1D	1653	0	0	-1	0	1.7848886e-06	0	1.7848883e-06
uORF	ENST00000399697.7	POLR1D	1654	0	0	-1	0	1.2240073e-06	0	1.2240071e-06
uORF	ENST00000399697.7	POLR1D	1655	0	0	-1	0	1.1002249e-05	0	1.1002248e-05
uORF	ENST00000399697.7	POLR1D	1656	0	0	-1	0	6.1773494e-06	0	6.1773485e-06
uORF	ENST00000399697.7	POLR1D	1657	0	0	-1	0	2.0288919e-06	0	2.0288916e-06
uORF	ENST00000399697.7	POLR1D	1658	0	0	-1	0	1.8369008e-06	0	1.8369005e-06
uORF	ENST00000399697.7	POLR1D	1659	0	0	-1	0	3.1425125e-07	0	3.1425121e-07
uORF	ENST00000399697.7	POLR1D	1660	0	0	-1	0	2.3042389e-07	0	2.3042386e-07
uORF	ENST00000399697.7	POLR1D	1661	0	0	-1	0	1.3663099e-06	0	1.3663097e-06
uORF	ENST00000399697.7	POLR1D	1662	0	0	-1	0	3.7458694e-06	0	3.7458689e-06
uORF	ENST00000399697.7	POLR1D	1663	0	0	-1	0	2.1106987e-07	0	2.1106984e-07
uORF	ENST00000399697.7	POLR1D	1664	0	0	-1	0	7.1665301e-07	0	7.166529e-07
uORF	ENST00000399697.7	POLR1D	1665	0	0	-1	0	6.0057582e-06	0	6.0057574e-06
uORF	ENST00000399697.7	POLR1D	1666	0	0	-1	0	3.6827551e-06	0	3.6827545e-06
uORF	ENST00000399697.7	POLR1D	1667	0	0	-1	0	2.3539644e-06	0	2.3539641e-06
uORF	ENST00000399697.7	POLR1D	1668	0	0	-1	0	4.1659172e-07	0	4.1659166e-07
uORF	ENST00000399697.7	POLR1D	1669	0	0	-1	0	1.8384121e-07	0	1.8384118e-07
uORF	ENST00000399697.7	POLR1D	1670	0	0	-1	0	1.7230046e-07	0	1.7230044e-07
uORF	ENST00000399697.7	POLR1D	1671	0	0	-1	0	3.5577764e-07	0	3.5577759e-07
uORF	ENST00000399697.7	POLR1D	1672	0	0	-1	0	1.2008257e-07	0	1.2008256e-07
uORF	ENST00000399697.7	POLR1D	1673	0	0	-1	0	6.4335336e-07	0	6.4335327e-07
uORF	ENST00000399697.7	POLR1D	1674	0	0	-1	0	2.0602636e-07	0	2.0602633e-07
uORF	ENST00000399697.7	POLR1D	1675	0	0	-1	0	6.9295284e-06	0	6.9295274e-06
uORF	ENST00000399697.7	POLR1D	1676	0	0	-1	0	3.7379738e-07	0	3.7379732e-07
uORF	ENST00000399697.7	POLR1D	1677	0	0	-1	0	4.4056173e-06	0	4.4056167e-06
uORF	ENST00000399697.7	POLR1D	1678	0	0	-1	0	1.847743e-06	0	1.8477427e-06
uORF	ENST00000399697.7	POLR1D	1679	0	0	-1	0	2.2299609e-07	0	2.2299606e-07
uORF	ENST00000399697.7	POLR1D	1680	0	0	-1	0	5.3074098e-07	0	5.307409e-07
uORF	ENST00000399697.7	POLR1D	1681	0	0	-1	0	2.3662265e-06	0	2.3662261e-06
uORF	ENST00000399697.7	POLR1D	1682	0	0	-1	0	7.0656151e-06	0	7.0656141e-06
uORF	ENST00000399697.7	POLR1D	1683	0	0	-1	0	3.581477e-05	0	3.5814765e-05
uORF	ENST00000399697.7	POLR1D	1684	0	0	-1	0	7.9202782e-06	0	7.9202771e-06
uORF	ENST00000399697.7	POLR1D	1685	0	0	-1	0	8.0389566e-07	0	8.0389555e-07
uORF	ENST00000399697.7	POLR1D	1686	0	0	-1	0	1.0060995e-07	0	1.0060993e-07
uORF	ENST00000399697.7	POLR1D	1687	0	0	-1	0	6.7669794e-06	0	6.7669784e-06
uORF	ENST00000399697.7	POLR1D	1688	0	0	-1	0	3.5068949e-06	0	3.5068944e-06
uORF	ENST00000399697.7	POLR1D	1689	0	0	-1	0	9.8130786e-06	0	9.8130772e-06
uORF	ENST00000399697.7	POLR1D	1690	0	0	-1	0	2.8164022e-06	0	2.8164018e-06
uORF	ENST00000399697.7	POLR1D	1691	0	0	-1	0	5.0967559e-05	0	5.0967552e-05
uORF	ENST00000399697.7	POLR1D	1692	0	0	-1	0	1.9452264e-06	0	1.9452261e-06
uORF	ENST00000399697.7	POLR1D	1693	0	0	-1	0	9.6110091e-07	0	9.6110077e-07
uORF	ENST00000399697.7	POLR1D	1694	0	0	-1	0	6.318424e-07	0	6.3184231e-07
uORF	ENST00000399697.7	POLR1D	1695	0	0	-1	0	9.2738702e-07	0	9.2738689e-07
uORF	ENST00000399697.7	POLR1D	1696	0	0	-1	0	5.5106966e-07	0	5.5106958e-07
uORF	ENST00000399697.7	POLR1D	1697	0	0	-1	0	7.9884676e-06	0	7.9884665e-06
uORF	ENST00000399697.7	POLR1D	1698	0	0	-1	0	9.9809336e-07	0	9.9809321e-07
uORF	ENST00000399697.7	POLR1D	1699	0	0	-1	0	4.6903724e-06	0	4.6903717e-06
uORF	ENST00000399697.7	POLR1D	1700	0	0	-1	0	5.6773621e-07	0	5.6773613e-07
uORF	ENST00000399697.7	POLR1D	1701	0	0	-1	0	7.4167474e-07	0	7.4167463e-07
uORF	ENST00000399697.7	POLR1D	1702	0	0	-1	0	1.4805801e-06	0	1.4805799e-06
uORF	ENST00000399697.7	POLR1D	1703	0	0	-1	0	4.100286e-07	0	4.1002855e-07
uORF	ENST00000399697.7	POLR1D	1704	0	0	-1	0	1.2803958e-06	0	1.2803957e-06
uORF	ENST00000399697.7	POLR1D	1705	0	0	-1	0	1.0969839e-06	0	1.0969837e-06
uORF	ENST00000399697.7	POLR1D	1706	0	0	-1	0	4.618322e-07	0	4.6183214e-07
uORF	ENST00000399697.7	POLR1D	1707	0	0	-1	0	1.8485607e-06	0	1.8485605e-06
uORF	ENST00000399697.7	POLR1D	1708	0	0	-1	0	5.5567205e-07	0	5.5567197e-07
uORF	ENST00000399697.7	POLR1D	1709	0	0	-1	0	7.7320658e-07	0	7.7320647e-07
uORF	ENST00000399697.7	POLR1D	1710	0	0	-1	0	7.7770812e-07	0	7.7770801e-07
uORF	ENST00000399697.7	POLR1D	1711	0	0	-1	0	2.1471756e-06	0	2.1471753e-06
uORF	ENST00000399697.7	POLR1D	1712	0	0	-1	0	1.5658785e-06	0	1.5658783e-06
uORF	ENST00000399697.7	POLR1D	1713	0	0	-1	0	1.5137222e-06	0	1.513722e-06
uORF	ENST00000399697.7	POLR1D	1714	0	0	-1	0	8.0651267e-07	0	8.0651256e-07
uORF	ENST00000399697.7	POLR1D	1715	0	0	-1	0	3.799651e-06	0	3.7996505e-06
uORF	ENST00000399697.7	POLR1D	1716	0	0	-1	0	4.7305557e-06	0	4.730555e-06
uORF	ENST00000399697.7	POLR1D	1717	0	0	-1	0	3.6627659e-06	0	3.6627654e-06
uORF	ENST00000399697.7	POLR1D	1718	0	0	-1	0	6.0685893e-06	0	6.0685884e-06
uORF	ENST00000399697.7	POLR1D	1719	0	0	-1	0	1.351121e-06	0	1.3511208e-06
uORF	ENST00000399697.7	POLR1D	1720	0	0	-1	0	1.1107571e-05	0	1.1107569e-05
uORF	ENST00000399697.7	POLR1D	1721	0	0	-1	0	2.3112992e-07	0	2.3112988e-07
uORF	ENST00000399697.7	POLR1D	1722	0	0	-1	0	4.6081638e-07	0	4.6081632e-07
uORF	ENST00000399697.7	POLR1D	1723	0	0	-1	0	2.5797285e-06	0	2.5797281e-06
uORF	ENST00000399697.7	POLR1D	1724	0	0	-1	0	6.8936941e-07	0	6.8936932e-07
uORF	ENST00000399697.7	POLR1D	1725	0	0	-1	0	2.5160189e-06	0	2.5160185e-06
uORF	ENST00000399697.7	POLR1D	1726	0	0	-1	0	9.0622035e-07	0	9.0622022e-07
uORF	ENST00000399697.7	POLR1D	1727	0	0	-1	0	2.5707038e-07	0	2.5707035e-07
uORF	ENST00000399697.7	POLR1D	1728	0	0	-1	0	2.5904021e-07	0	2.5904017e-07
uORF	ENST00000399697.7	POLR1D	1729	0	0	-1	0	7.9611646e-06	0	7.9611634e-06
uORF	ENST00000399697.7	POLR1D	1730	0	0	-1	0	1.3817394e-06	0	1.3817392e-06
uORF	ENST00000399697.7	POLR1D	1731	0	0	-1	0	5.8010215e-07	0	5.8010207e-07
uORF	ENST00000399697.7	POLR1D	1732	0	0	-1	0	1.8220202e-06	0	1.8220199e-06
uORF	ENST00000399697.7	POLR1D	1733	0	0	-1	0	2.1391828e-07	0	2.1391825e-07
uORF	ENST00000399697.7	POLR1D	1734	0	0	-1	0	1.7255861e-07	0	1.7255859e-07
uORF	ENST00000399697.7	POLR1D	1735	0	0	-1	0	4.4969984e-06	0	4.4969977e-06
uORF	ENST00000399697.7	POLR1D	1736	0	0	-1	0	6.5534385e-07	0	6.5534376e-07
uORF	ENST00000399697.7	POLR1D	1737	0	0	-1	0	2.1399694e-06	0	2.1399691e-06
uORF	ENST00000399697.7	POLR1D	1738	0	0	-1	0	4.5400038e-06	0	4.5400032e-06
uORF	ENST00000399697.7	POLR1D	1739	0	0	-1	0	4.0255685e-07	0	4.0255679e-07
uORF	ENST00000399697.7	POLR1D	1740	0	0	-1	0	3.5886551e-06	0	3.5886546e-06
uORF	ENST00000399697.7	POLR1D	1741	0	0	-1	0	1.0851355e-06	0	1.0851354e-06
uORF	ENST00000399697.7	POLR1D	1742	0	0	-1	0	1.3879294e-06	0	1.3879292e-06
uORF	ENST00000399697.7	POLR1D	1743	0	0	-1	0	3.3541542e-07	0	3.3541537e-07
uORF	ENST00000399697.7	POLR1D	1744	0	0	-1	0	1.171138e-06	0	1.1711379e-06
uORF	ENST00000399697.7	POLR1D	1745	0	0	-1	0	1.8593884e-06	0	1.8593881e-06
uORF	ENST00000399697.7	POLR1D	1746	0	0	-1	0	1.3165123e-06	0	1.3165122e-06
uORF	ENST00000399697.7	POLR1D	1747	0	0	-1	0	5.5432758e-07	0	5.5432751e-07
uORF	ENST00000399697.7	POLR1D	1748	0	0	-1	0	3.455523e-06	0	3.4555225e-06
uORF	ENST00000399697.7	POLR1D	1749	0	0	-1	0	5.2891614e-06	0	5.2891607e-06
uORF	ENST00000399697.7	POLR1D	1750	0	0	-1	0	1.4642222e-05	0	1.464222e-05
uORF	ENST00000399697.7	POLR1D	1751	0	0	-1	0	8.2366228e-07	0	8.2366216e-07
uORF	ENST00000399697.7	POLR1D	1752	0	0	-1	0	1.5659981e-06	0	1.5659979e-06
uORF	ENST00000399697.7	POLR1D	1753	0	0	-1	0	3.9923011e-06	0	3.9923005e-06
uORF	ENST00000399697.7	POLR1D	1754	0	0	-1	0	3.8547269e-06	0	3.8547263e-06
uORF	ENST00000399697.7	POLR1D	1755	0	0	-1	0	1.5168898e-06	0	1.5168896e-06
uORF	ENST00000399697.7	POLR1D	1756	0	0	-1	0	4.3741684e-06	0	4.3741678e-06
uORF	ENST00000399697.7	POLR1D	1757	0	0	-1	0	1.3191113e-06	0	1.3191111e-06
uORF	ENST00000399697.7	POLR1D	1758	0	0	-1	0	2.1666717e-06	0	2.1666714e-06
uORF	ENST00000399697.7	POLR1D	1759	0	0	-1	0	7.2272098e-07	0	7.2272088e-07
uORF	ENST00000399697.7	POLR1D	1760	0	0	-1	0	1.635612e-07	0	1.6356117e-07
uORF	ENST00000399697.7	POLR1D	1761	0	0	-1	0	1.0431885e-06	0	1.0431883e-06
uORF	ENST00000399697.7	POLR1D	1762	0	0	-1	0	6.6198495e-06	0	6.6198486e-06
uORF	ENST00000399697.7	POLR1D	1763	0	0	-1	0	6.9572968e-07	0	6.9572958e-07
uORF	ENST00000399697.7	POLR1D	1764	0	0	-1	0	1.8275044e-07	0	1.8275041e-07
uORF	ENST00000399697.7	POLR1D	1765	0	0	-1	0	6.78584e-07	0	6.785839e-07
uORF	ENST00000399697.7	POLR1D	1766	0	0	-1	0	1.0430781e-06	0	1.043078e-06
uORF	ENST00000399697.7	POLR1D	1767	0	0	-1	0	1.4130778e-07	0	1.4130776e-07
uORF	ENST00000399697.7	POLR1D	1768	0	0	-1	0	3.580249e-08	0	3.5802485e-08
uORF	ENST00000399697.7	POLR1D	1769	0	0	-1	0	2.7304785e-07	0	2.7304781e-07
uORF	ENST00000399697.7	POLR1D	1770	0	0	-1	0	3.255596e-07	0	3.2555955e-07
uORF	ENST00000399697.7	POLR1D	1771	0	0	-1	0	2.0843008e-07	0	2.0843005e-07
uORF	ENST00000399697.7	POLR1D	1772	0	0	-1	0	2.5928438e-07	0	2.5928434e-07
uORF	ENST00000399697.7	POLR1D	1773	0	0	-1	0	3.8704951e-07	0	3.8704946e-07
uORF	ENST00000399697.7	POLR1D	1774	0	0	-1	0	4.9526102e-07	0	4.9526095e-07
uORF	ENST00000399697.7	POLR1D	1775	0	0	-1	0	9.4130604e-07	0	9.4130591e-07
uORF	ENST00000399697.7	POLR1D	1776	0	0	-1	0	9.7649581e-07	0	9.7649567e-07
uORF	ENST00000399697.7	POLR1D	1777	0	0	-1	0	1.2390633e-07	0	1.2390631e-07
uORF	ENST00000399697.7	POLR1D	1778	0	0	-1	0	1.8659058e-08	0	1.8659056e-08
uORF	ENST00000399697.7	POLR1D	1779	0	0	-1	0	7.4767206e-07	0	7.4767195e-07
uORF	ENST00000399697.7	POLR1D	1780	0	0	-1	0	5.466926e-07	0	5.4669253e-07
uORF	ENST00000399697.7	POLR1D	1781	0	0	-1	0	1.6920167e-07	0	1.6920165e-07
uORF	ENST00000399697.7	POLR1D	1782	0	0	-1	0	1.4551264e-07	0	1.4551262e-07
uORF	ENST00000399697.7	POLR1D	1783	0	0	-1	0	6.447101e-07	0	6.4471001e-07
uORF	ENST00000399697.7	POLR1D	1784	0	0	-1	0	1.5887456e-06	0	1.5887454e-06
uORF	ENST00000399697.7	POLR1D	1785	0	0	-1	0	1.4999604e-07	0	1.4999602e-07
uORF	ENST00000399697.7	POLR1D	1786	0	0	-1	0	2.3557192e-07	0	2.3557188e-07
uORF	ENST00000399697.7	POLR1D	1787	0	0	-1	0	1.1668776e-07	0	1.1668774e-07
uORF	ENST00000399697.7	POLR1D	1788	0	0	-1	0	2.6335695e-07	0	2.6335691e-07
uORF	ENST00000399697.7	POLR1D	1789	0	0	-1	0	1.0014126e-07	0	1.0014125e-07
uORF	ENST00000399697.7	POLR1D	1790	0	0	-1	0	1.7463299e-07	0	1.7463296e-07
uORF	ENST00000399697.7	POLR1D	1791	0	0	-1	0	6.2927774e-07	0	6.2927765e-07
uORF	ENST00000399697.7	POLR1D	1792	0	0	-1	0	4.9498527e-07	0	4.949852e-07
uORF	ENST00000399697.7	POLR1D	1793	0	0	-1	0	2.3681125e-07	0	2.3681121e-07
uORF	ENST00000399697.7	POLR1D	1794	0	0	-1	0	1.8422375e-06	0	1.8422372e-06
uORF	ENST00000399697.7	POLR1D	1795	0	0	-1	0	2.399401e-06	0	2.3994006e-06
uORF	ENST00000399697.7	POLR1D	1796	0	0	-1	0	3.4082288e-07	0	3.4082283e-07
uORF	ENST00000399697.7	POLR1D	1797	0	0	-1	0	2.2727961e-07	0	2.2727958e-07
uORF	ENST00000399697.7	POLR1D	1798	0	0	-1	0	1.6975736e-07	0	1.6975733e-07
uORF	ENST00000399697.7	POLR1D	1799	0	0	-1	0	8.0730223e-07	0	8.0730211e-07
uORF	ENST00000399697.7	POLR1D	1800	0	0	-1	0	6.8981331e-07	0	6.8981321e-07
uORF	ENST00000399697.7	POLR1D	1801	0	0	-1	0	9.8630389e-06	0	9.8630375e-06
uORF	ENST00000399697.7	POLR1D	1802	0	0	-1	0	3.8303251e-06	0	3.8303246e-06
uORF	ENST00000399697.7	POLR1D	1803	0	0	-1	0	3.397364e-07	0	3.3973635e-07
uORF	ENST00000399697.7	POLR1D	1804	0	0	-1	0	9.066984e-07	0	9.0669827e-07
uORF	ENST00000399697.7	POLR1D	1805	0	0	-1	0	5.9364083e-07	0	5.9364075e-07
uORF	ENST00000399697.7	POLR1D	1806	0	0	-1	0	1.9330303e-06	0	1.93303e-06
uORF	ENST00000399697.7	POLR1D	1807	0	0	-1	0	1.1736839e-06	0	1.1736838e-06
uORF	ENST00000399697.7	POLR1D	1808	0	0	-1	0	3.6303942e-07	0	3.6303937e-07
uORF	ENST00000399697.7	POLR1D	1809	0	0	-1	0	4.7874295e-07	0	4.7874288e-07
uORF	ENST00000399697.7	POLR1D	1810	0	0	-1	0	1.2252862e-06	0	1.225286e-06
uORF	ENST00000399697.7	POLR1D	1811	0	0	-1	0	4.9275093e-07	0	4.9275086e-07
uORF	ENST00000399697.7	POLR1D	1812	0	0	-1	0	7.9122867e-07	0	7.9122856e-07
uORF	ENST00000399697.7	POLR1D	1813	0	0	-1	0	3.8153121e-06	0	3.8153115e-06
uORF	ENST00000399697.7	POLR1D	1814	0	0	-1	0	2.8447789e-06	0	2.8447785e-06
uORF	ENST00000399697.7	POLR1D	1815	0	0	-1	0	1.0067449e-06	0	1.0067448e-06
uORF	ENST00000399697.7	POLR1D	1816	0	0	-1	0	1.5261882e-06	0	1.5261879e-06
uORF	ENST00000399697.7	POLR1D	1817	0	0	-1	0	8.321324e-07	0	8.3213228e-07
uORF	ENST00000399697.7	POLR1D	1818	0	0	-1	0	1.3533364e-06	0	1.3533362e-06
uORF	ENST00000399697.7	POLR1D	1819	0	0	-1	0	2.2557868e-05	0	2.2557865e-05
uORF	ENST00000399697.7	POLR1D	1820	0	0	-1	0	3.9724662e-07	0	3.9724657e-07
uORF	ENST00000399697.7	POLR1D	1821	0	0	-1	0	2.5604559e-06	0	2.5604555e-06
uORF	ENST00000399697.7	POLR1D	1822	0	0	-1	0	3.3519111e-06	0	3.3519106e-06
uORF	ENST00000399697.7	POLR1D	1823	0	0	-1	0	6.3331895e-06	0	6.3331886e-06
uORF	ENST00000399697.7	POLR1D	1824	0	0	-1	0	1.0963417e-06	0	1.0963416e-06
uORF	ENST00000399697.7	POLR1D	1825	0	0	-1	0	4.9746934e-05	0	4.9746927e-05
uORF	ENST00000399697.7	POLR1D	1826	0	0	-1	0	7.9783867e-06	0	7.9783856e-06
uORF	ENST00000399697.7	POLR1D	1827	0	0	-1	0	3.399461e-07	0	3.3994605e-07
uORF	ENST00000399697.7	POLR1D	1828	0	0	-1	0	5.6085543e-07	0	5.6085535e-07
uORF	ENST00000399697.7	POLR1D	1829	0	0	-1	0	1.0327769e-06	0	1.0327768e-06
uORF	ENST00000399697.7	POLR1D	1830	0	0	-1	0	3.0979513e-06	0	3.0979509e-06
uORF	ENST00000399697.7	POLR1D	1831	0	0	-1	0	6.8518642e-07	0	6.8518632e-07
uORF	ENST00000399697.7	POLR1D	1832	0	0	-1	0	5.4220334e-07	0	5.4220326e-07
uORF	ENST00000399697.7	POLR1D	1833	0	0	-1	0	3.7725906e-07	0	3.77259e-07
uORF	ENST00000399697.7	POLR1D	1834	0	0	-1	0	2.4958845e-06	0	2.4958841e-06
uORF	ENST00000399697.7	POLR1D	1835	0	0	-1	0	5.5143823e-07	0	5.5143816e-07
uORF	ENST00000399697.7	POLR1D	1836	0	0	-1	0	3.6716401e-07	0	3.6716395e-07
uORF	ENST00000399697.7	POLR1D	1837	0	0	-1	0	6.7558722e-07	0	6.7558712e-07
uORF	ENST00000399697.7	POLR1D	1838	0	0	-1	0	3.552467e-07	0	3.5524665e-07
uORF	ENST00000399697.7	POLR1D	1839	0	0	-1	0	5.2146419e-07	0	5.2146411e-07
uORF	ENST00000399697.7	POLR1D	1840	0	0	-1	0	6.3346846e-07	0	6.3346837e-07
uORF	ENST00000399697.7	POLR1D	1841	0	0	-1	0	6.255037e-08	0	6.2550361e-08
uORF	ENST00000399697.7	POLR1D	1842	0	0	-1	0	1.2435464e-07	0	1.2435462e-07
uORF	ENST00000399697.7	POLR1D	1843	0	0	-1	0	5.6688731e-07	0	5.6688723e-07
uORF	ENST00000399697.7	POLR1D	1844	0	0	-1	0	9.5043833e-07	0	9.504382e-07
uORF	ENST00000399697.7	POLR1D	1845	0	0	-1	0	4.996441e-07	0	4.9964403e-07
uORF	ENST00000399697.7	POLR1D	1846	0	0	-1	0	7.2040405e-07	0	7.2040394e-07
uORF	ENST00000399697.7	POLR1D	1847	0	0	-1	0	1.477491e-06	0	1.4774908e-06
uORF	ENST00000399697.7	POLR1D	1848	0	0	-1	0	2.8366651e-06	0	2.8366647e-06
uORF	ENST00000399697.7	POLR1D	1849	0	0	-1	0	5.5101209e-06	0	5.5101201e-06
uORF	ENST00000399697.7	POLR1D	1850	0	0	-1	0	3.6142667e-06	0	3.6142662e-06
uORF	ENST00000399697.7	POLR1D	1851	0	0	-1	0	2.2434581e-06	0	2.2434578e-06
uORF	ENST00000399697.7	POLR1D	1852	0	0	-1	0	2.0704006e-06	0	2.0704003e-06
uORF	ENST00000399697.7	POLR1D	1853	0	0	-1	0	4.839012e-06	0	4.8390113e-06
uORF	ENST00000399697.7	POLR1D	1854	0	0	-1	0	1.6984035e-06	0	1.6984032e-06
uORF	ENST00000399697.7	POLR1D	1855	0	0	-1	0	1.0302035e-06	0	1.0302034e-06
uORF	ENST00000399697.7	POLR1D	1856	0	0	-1	0	6.7565549e-07	0	6.7565539e-07
uORF	ENST00000399697.7	POLR1D	1857	0	0	-1	0	1.456296e-06	0	1.4562958e-06
uORF	ENST00000399697.7	POLR1D	1858	0	0	-1	0	9.8161479e-08	0	9.8161465e-08
uORF	ENST00000399697.7	POLR1D	1859	0	0	-1	0	4.7815544e-08	0	4.7815537e-08
uORF	ENST00000399697.7	POLR1D	1860	0	0	-1	0	4.5285013e-08	0	4.5285007e-08
uORF	ENST00000399697.7	POLR1D	1861	0	0	-1	0	1.2103004e-07	0	1.2103002e-07
uORF	ENST00000399697.7	POLR1D	1862	0	0	-1	0	4.351455e-08	0	4.3514544e-08
uORF	ENST00000399697.7	POLR1D	1863	0	0	-1	0	1.6854121e-07	0	1.6854118e-07
uORF	ENST00000399697.7	POLR1D	1864	0	0	-1	0	3.6004491e-07	0	3.6004486e-07
uORF	ENST00000399697.7	POLR1D	1865	0	0	-1	0	9.2441127e-07	0	9.2441114e-07
uORF	ENST00000399697.7	POLR1D	1866	0	0	-1	0	1.9519164e-06	0	1.9519161e-06
uORF	ENST00000399697.7	POLR1D	1867	0	0	-1	0	2.4007525e-07	0	2.4007522e-07
uORF	ENST00000399697.7	POLR1D	1868	0	0	-1	0	6.7901124e-07	0	6.7901114e-07
uORF	ENST00000399697.7	POLR1D	1869	0	0	-1	0	1.29121e-06	0	1.2912098e-06
uORF	ENST00000399697.7	POLR1D	1870	0	0	-1	0	1.6037623e-07	0	1.6037621e-07
uORF	ENST00000399697.7	POLR1D	1871	0	0	-1	0	9.5949773e-08	0	9.5949759e-08
uORF	ENST00000399697.7	POLR1D	1872	0	0	-1	0	1.9428403e-06	0	1.94284e-06
uORF	ENST00000399697.7	POLR1D	1873	0	0	-1	0	3.3790107e-07	0	3.3790102e-07
uORF	ENST00000399697.7	POLR1D	1874	0	0	-1	0	3.498704e-06	0	3.4987035e-06
uORF	ENST00000399697.7	POLR1D	1875	0	0	-1	0	4.4869333e-07	0	4.4869326e-07
uORF	ENST00000399697.7	POLR1D	1876	0	0	-1	0	4.9463324e-07	0	4.9463317e-07
uORF	ENST00000399697.7	POLR1D	1877	0	0	-1	0	3.2937677e-07	0	3.2937673e-07
uORF	ENST00000399697.7	POLR1D	1878	0	0	-1	0	3.0771525e-07	0	3.0771521e-07
uORF	ENST00000399697.7	POLR1D	1879	0	0	-1	0	4.1568251e-07	0	4.1568245e-07
uORF	ENST00000399697.7	POLR1D	1880	0	0	-1	0	2.5273974e-07	0	2.527397e-07
uORF	ENST00000399697.7	POLR1D	1881	0	0	-1	0	4.6574723e-08	0	4.6574716e-08
uORF	ENST00000399697.7	POLR1D	1882	0	0	-1	0	5.100373e-07	0	5.1003722e-07
uORF	ENST00000399697.7	POLR1D	1883	0	0	-1	0	3.6436286e-06	0	3.6436281e-06
uORF	ENST00000399697.7	POLR1D	1884	0	0	-1	0	6.3501416e-06	0	6.3501407e-06
uORF	ENST00000399697.7	POLR1D	1885	0	0	-1	0	1.2833397e-06	0	1.2833395e-06
uORF	ENST00000399697.7	POLR1D	1886	0	0	-1	0	1.2662236e-06	0	1.2662235e-06
uORF	ENST00000399697.7	POLR1D	1887	0	0	-1	0	7.1726771e-07	0	7.1726761e-07
uORF	ENST00000399697.7	POLR1D	1888	0	0	-1	0	1.1837667e-07	0	1.1837665e-07
uORF	ENST00000399697.7	POLR1D	1889	0	0	-1	0	2.0531689e-07	0	2.0531686e-07
uORF	ENST00000399697.7	POLR1D	1890	0	0	-1	0	5.633965e-07	0	5.6339642e-07
uORF	ENST00000399697.7	POLR1D	1891	0	0	-1	0	3.1362822e-07	0	3.1362818e-07
uORF	ENST00000399697.7	POLR1D	1892	0	0	-1	0	4.8575038e-07	0	4.8575031e-07
uORF	ENST00000399697.7	POLR1D	1893	0	0	-1	0	7.6904496e-07	0	7.6904485e-07
uORF	ENST00000399697.7	POLR1D	1894	0	0	-1	0	1.7031404e-07	0	1.7031401e-07
uORF	ENST00000399697.7	POLR1D	1895	0	0	-1	0	3.1436667e-07	0	3.1436663e-07
uORF	ENST00000399697.7	POLR1D	1896	0	0	-1	0	9.0921596e-08	0	9.0921583e-08
uORF	ENST00000399697.7	POLR1D	1897	0	0	-1	0	1.0736789e-07	0	1.0736787e-07
uORF	ENST00000399697.7	POLR1D	1898	0	0	-1	0	7.1219134e-08	0	7.1219124e-08
uORF	ENST00000399697.7	POLR1D	1899	0	0	-1	0	2.0936402e-07	0	2.0936399e-07
uORF	ENST00000399697.7	POLR1D	1900	0	0	-1	0	1.8229533e-08	0	1.8229531e-08
uORF	ENST00000399697.7	POLR1D	1901	0	0	-1	0	3.1422562e-08	0	3.1422558e-08
uORF	ENST00000399697.7	POLR1D	1902	0	0	-1	0	4.1576158e-08	0	4.1576152e-08
uORF	ENST00000399697.7	POLR1D	1903	0	0	-1	0	4.0462425e-08	0	4.0462419e-08
uORF	ENST00000399697.7	POLR1D	1904	0	0	-1	0	1.7416264e-07	0	1.7416261e-07
uORF	ENST00000399697.7	POLR1D	1905	0	0	-1	0	7.0461783e-07	0	7.0461773e-07
uORF	ENST00000399697.7	POLR1D	1906	0	0	-1	0	6.3064235e-06	0	6.3064226e-06
uORF	ENST00000399697.7	POLR1D	1907	0	0	-1	0	1.1510696e-06	0	1.1510694e-06
uORF	ENST00000399697.7	POLR1D	1908	0	0	-1	0	1.4799441e-07	0	1.4799439e-07
uORF	ENST00000399697.7	POLR1D	1909	0	0	-1	0	7.020883e-07	0	7.020882e-07
uORF	ENST00000399697.7	POLR1D	1910	0	0	-1	0	4.3436168e-07	0	4.3436162e-07
uORF	ENST00000399697.7	POLR1D	1911	0	0	-1	0	1.2752173e-07	0	1.2752171e-07
uORF	ENST00000399697.7	POLR1D	1912	0	0	-1	0	2.6893514e-07	0	2.689351e-07
uORF	ENST00000399697.7	POLR1D	1913	0	0	-1	0	3.6247758e-07	0	3.6247753e-07
uORF	ENST00000399697.7	POLR1D	1914	0	0	-1	0	6.5138158e-07	0	6.5138149e-07
uORF	ENST00000399697.7	POLR1D	1915	0	0	-1	0	5.4193765e-07	0	5.4193758e-07
uORF	ENST00000399697.7	POLR1D	1916	0	0	-1	0	2.8540626e-07	0	2.8540622e-07
uORF	ENST00000399697.7	POLR1D	1917	0	0	-1	0	2.3537926e-07	0	2.3537923e-07
uORF	ENST00000399697.7	POLR1D	1918	0	0	-1	0	2.4965414e-06	0	2.496541e-06
uORF	ENST00000399697.7	POLR1D	1919	0	0	-1	0	7.3907216e-07	0	7.3907206e-07
uORF	ENST00000399697.7	POLR1D	1920	0	0	-1	0	2.8601198e-07	0	2.8601194e-07
uORF	ENST00000399697.7	POLR1D	1921	0	0	-1	0	1.0134767e-06	0	1.0134765e-06
uORF	ENST00000399697.7	POLR1D	1922	0	0	-1	0	5.2604099e-07	0	5.2604092e-07
uORF	ENST00000399697.7	POLR1D	1923	0	0	-1	0	3.9155515e-07	0	3.9155509e-07
uORF	ENST00000399697.7	POLR1D	1924	0	0	-1	0	4.6629125e-06	0	4.6629118e-06
uORF	ENST00000399697.7	POLR1D	1925	0	0	-1	0	9.2699622e-07	0	9.2699609e-07
uORF	ENST00000399697.7	POLR1D	1926	0	0	-1	0	4.1962687e-07	0	4.1962681e-07
uORF	ENST00000399697.7	POLR1D	1927	0	0	-1	0	2.1946286e-07	0	2.1946283e-07
uORF	ENST00000399697.7	POLR1D	1928	0	0	-1	0	2.7284308e-08	0	2.7284304e-08
uORF	ENST00000399697.7	POLR1D	1929	0	0	-1	0	6.8825102e-08	0	6.8825092e-08
uORF	ENST00000399697.7	POLR1D	1930	0	0	-1	0	7.8504847e-08	0	7.8504836e-08
uORF	ENST00000399697.7	POLR1D	1931	0	0	-1	0	8.9592433e-08	0	8.959242e-08
uORF	ENST00000399697.7	POLR1D	1932	0	0	-1	0	1.4882407e-07	0	1.4882405e-07
uORF	ENST00000399697.7	POLR1D	1933	0	0	-1	0	6.1712223e-07	0	6.1712214e-07
uORF	ENST00000399697.7	POLR1D	1934	0	0	-1	0	2.7295789e-06	0	2.7295785e-06
uORF	ENST00000399697.7	POLR1D	1935	0	0	-1	0	7.2574551e-07	0	7.257454e-07
uORF	ENST00000399697.7	POLR1D	1936	0	0	-1	0	6.9024105e-07	0	6.9024095e-07
uORF	ENST00000399697.7	POLR1D	1937	0	0	-1	0	1.261891e-06	0	1.2618909e-06
uORF	ENST00000399697.7	POLR1D	1938	0	0	-1	0	7.0054136e-07	0	7.0054126e-07
uORF	ENST00000399697.7	POLR1D	1939	0	0	-1	0	4.7102861e-07	0	4.7102855e-07
uORF	ENST00000399697.7	POLR1D	1940	0	0	-1	0	2.2255739e-07	0	2.2255736e-07
uORF	ENST00000399697.7	POLR1D	1941	0	0	-1	0	1.5615926e-06	0	1.5615924e-06
uORF	ENST00000399697.7	POLR1D	1942	0	0	-1	0	1.5639824e-07	0	1.5639822e-07
uORF	ENST00000399697.7	POLR1D	1943	0	0	-1	0	1.4298861e-07	0	1.4298859e-07
uORF	ENST00000399697.7	POLR1D	1944	0	0	-1	0	1.6790911e-07	0	1.6790908e-07
uORF	ENST00000399697.7	POLR1D	1945	0	0	-1	0	1.5681269e-07	0	1.5681267e-07
uORF	ENST00000399697.7	POLR1D	1946	0	0	-1	0	5.8142778e-08	0	5.8142769e-08
uORF	ENST00000399697.7	POLR1D	1947	0	0	-1	0	6.103582e-08	0	6.1035811e-08
uORF	ENST00000399697.7	POLR1D	1948	0	0	-1	0	7.9227931e-08	0	7.922792e-08
uORF	ENST00000399697.7	POLR1D	1949	0	0	-1	0	1.6252517e-07	0	1.6252515e-07
uORF	ENST00000399697.7	POLR1D	1950	0	0	-1	0	2.3679352e-08	0	2.3679348e-08
uORF	ENST00000399697.7	POLR1D	1951	0	0	-1	0	9.1387378e-08	0	9.1387365e-08
uORF	ENST00000399697.7	POLR1D	1952	0	0	-1	0	2.3179402e-08	0	2.3179398e-08
uORF	ENST00000399697.7	POLR1D	1953	0	0	-1	0	8.2362295e-09	0	8.2362283e-09
uORF	ENST00000399697.7	POLR1D	1954	0	0	-1	0	8.3788185e-09	0	8.3788173e-09
uORF	ENST00000399697.7	POLR1D	1955	0	0	-1	0	1.0584225e-08	0	1.0584224e-08
uORF	ENST00000399697.7	POLR1D	1956	0	0	-1	0	3.1958438e-09	0	3.1958434e-09
uORF	ENST00000399697.7	POLR1D	1957	0	0	-1	0	3.2451186e-09	0	3.2451182e-09
uORF	ENST00000399697.7	POLR1D	1958	0	0	-1	0	9.6252215e-08	0	9.6252201e-08
uORF	ENST00000399697.7	POLR1D	1959	0	0	-1	0	3.491434e-08	0	3.4914335e-08
uORF	ENST00000399697.7	POLR1D	1960	0	0	-1	0	5.2177736e-08	0	5.2177728e-08
uORF	ENST00000399697.7	POLR1D	1961	0	0	-1	0	5.8898624e-09	0	5.8898615e-09
uORF	ENST00000399697.7	POLR1D	1962	0	0	-1	0	4.8928641e-08	0	4.8928634e-08
uORF	ENST00000399697.7	POLR1D	1963	0	0	-1	0	3.4742023e-08	0	3.4742018e-08
uORF	ENST00000399697.7	POLR1D	1964	0	0	-1	0	4.1423704e-08	0	4.1423698e-08
uORF	ENST00000399697.7	POLR1D	1965	0	0	-1	0	5.7444055e-07	0	5.7444047e-07
uORF	ENST00000399697.7	POLR1D	1966	0	0	-1	0	6.6770077e-08	0	6.6770068e-08
uORF	ENST00000399697.7	POLR1D	1967	0	0	-1	0	3.5846307e-07	0	3.5846302e-07
uORF	ENST00000399697.7	POLR1D	1968	0	0	-1	0	5.043097e-07	0	5.0430962e-07
uORF	ENST00000399697.7	POLR1D	1969	0	0	-1	0	2.0368044e-07	0	2.0368041e-07
uORF	ENST00000399697.7	POLR1D	1970	0	0	-1	0	2.2542469e-07	0	2.2542465e-07
uORF	ENST00000399697.7	POLR1D	1971	0	0	-1	0	1.4240358e-07	0	1.4240356e-07
uORF	ENST00000399697.7	POLR1D	1972	0	0	-1	0	4.4267827e-07	0	4.4267821e-07
uORF	ENST00000399697.7	POLR1D	1973	0	0	-1	0	2.1218566e-06	0	2.1218563e-06
uORF	ENST00000399697.7	POLR1D	1974	0	0	-1	0	5.7901218e-07	0	5.790121e-07
uORF	ENST00000399697.7	POLR1D	1975	0	0	-1	0	2.1279156e-06	0	2.1279153e-06
uORF	ENST00000399697.7	POLR1D	1976	0	0	-1	0	5.3978856e-06	0	5.3978848e-06
uORF	ENST00000399697.7	POLR1D	1977	0	0	-1	0	3.0758983e-06	0	3.0758979e-06
uORF	ENST00000399697.7	POLR1D	1978	0	0	-1	0	3.2613574e-05	0	3.261357e-05
uORF	ENST00000399697.7	POLR1D	1979	0	0	-1	0	2.3892489e-06	0	2.3892486e-06
uORF	ENST00000399697.7	POLR1D	1980	0	0	-1	0	5.4185314e-08	0	5.4185306e-08
uORF	ENST00000399697.7	POLR1D	1981	0	0	-1	0	6.0343668e-06	0	6.034366e-06
uORF	ENST00000399697.7	POLR1D	1982	0	0	-1	0	8.4720813e-07	0	8.4720801e-07
uORF	ENST00000399697.7	POLR1D	1983	0	0	-1	0	4.8935594e-06	0	4.8935587e-06
uORF	ENST00000399697.7	POLR1D	1984	0	0	-1	0	2.2895902e-06	0	2.2895898e-06
uORF	ENST00000399697.7	POLR1D	1985	0	0	-1	0	1.1067785e-06	0	1.1067784e-06
uORF	ENST00000399697.7	POLR1D	1986	0	0	-1	0	8.6073851e-07	0	8.6073839e-07
uORF	ENST00000399697.7	POLR1D	1987	0	0	-1	0	7.8405265e-06	0	7.8405253e-06
uORF	ENST00000399697.7	POLR1D	1988	0	0	-1	0	6.0135665e-07	0	6.0135656e-07
uORF	ENST00000399697.7	POLR1D	1989	0	0	-1	0	8.7480026e-07	0	8.7480014e-07
uORF	ENST00000399697.7	POLR1D	1990	0	0	-1	0	2.7838585e-06	0	2.7838581e-06
uORF	ENST00000399697.7	POLR1D	1991	0	0	-1	0	4.0789678e-07	0	4.0789672e-07
uORF	ENST00000399697.7	POLR1D	1992	0	0	-1	0	1.9232755e-06	0	1.9232752e-06
uORF	ENST00000399697.7	POLR1D	1993	0	0	-1	0	1.1558982e-07	0	1.155898e-07
uORF	ENST00000399697.7	POLR1D	1994	0	0	-1	0	5.0135881e-08	0	5.0135874e-08
uORF	ENST00000399697.7	POLR1D	1995	0	0	-1	0	2.6579217e-08	0	2.6579213e-08
uORF	ENST00000399697.7	POLR1D	1996	0	0	-1	0	5.9787162e-08	0	5.9787153e-08
uORF	ENST00000399697.7	POLR1D	1997	0	0	-1	0	1.2441922e-08	0	1.244192e-08
uORF	ENST00000399697.7	POLR1D	1998	0	0	-1	0	3.62541e-08	0	3.6254095e-08
uORF	ENST00000399697.7	POLR1D	1999	0	0	-1	0	3.722749e-08	0	3.7227485e-08
uORF	ENST00000399697.7	POLR1D	2000	0	0	-1	0	2.7722063e-08	0	2.7722059e-08
uORF	ENST00000399697.7	POLR1D	2001	0	0	-1	0	9.0503931e-08	0	9.0503919e-08
uORF	ENST00000399697.7	POLR1D	2002	0	0	-1	0	3.2518693e-07	0	3.2518689e-07
uORF	ENST00000399697.7	POLR1D	2003	0	0	-1	0	2.2506981e-07	0	2.2506978e-07
uORF	ENST00000399697.7	POLR1D	2004	0	0	-1	0	6.1081117e-08	0	6.1081108e-08
uORF	ENST00000399697.7	POLR1D	2005	0	0	-1	0	3.0102349e-08	0	3.0102345e-08
uORF	ENST00000399697.7	POLR1D	2006	0	0	-1	0	2.4119826e-08	0	2.4119823e-08
uORF	ENST00000399697.7	POLR1D	2007	0	0	-1	0	1.500436e-08	0	1.5004358e-08
uORF	ENST00000399697.7	POLR1D	2008	0	0	-1	0	3.0431504e-09	0	3.04315e-09
uORF	ENST00000399697.7	POLR1D	2009	0	0	-1	0	9.1822212e-09	0	9.1822199e-09
uORF	ENST00000399697.7	POLR1D	2010	0	0	-1	0	7.0665411e-09	0	7.0665401e-09
uORF	ENST00000399697.7	POLR1D	2011	0	0	-1	0	7.1246177e-08	0	7.1246167e-08
uORF	ENST00000399697.7	POLR1D	2012	0	0	-1	0	5.8030327e-08	0	5.8030319e-08
uORF	ENST00000399697.7	POLR1D	2013	0	0	-1	0	7.6161953e-08	0	7.6161942e-08
uORF	ENST00000399697.7	POLR1D	2014	0	0	-1	0	5.767306e-07	0	5.7673052e-07
uORF	ENST00000399697.7	POLR1D	2015	0	0	-1	0	8.1830102e-08	0	8.183009e-08
uORF	ENST00000399697.7	POLR1D	2016	0	0	-1	0	4.4537907e-07	0	4.4537901e-07
uORF	ENST00000399697.7	POLR1D	2017	0	0	-1	0	1.7363757e-07	0	1.7363755e-07
uORF	ENST00000399697.7	POLR1D	2018	0	0	-1	0	1.5180829e-07	0	1.5180827e-07
uORF	ENST00000399697.7	POLR1D	2019	0	0	-1	0	7.8956845e-08	0	7.8956833e-08
uORF	ENST00000399697.7	POLR1D	2020	0	0	-1	0	2.7632636e-08	0	2.7632632e-08
uORF	ENST00000399697.7	POLR1D	2021	0	0	-1	0	2.9056559e-09	0	2.9056555e-09
uORF	ENST00000399697.7	POLR1D	2022	0	0	-1	0	2.5559668e-08	0	2.5559665e-08
uORF	ENST00000399697.7	POLR1D	2023	0	0	-1	0	5.8720083e-08	0	5.8720075e-08
uORF	ENST00000399697.7	POLR1D	2024	0	0	-1	0	1.1924015e-09	0	1.1924013e-09
uORF	ENST00000399697.7	POLR1D	2025	0	0	-1	0	1.0430711e-08	0	1.0430709e-08
uORF	ENST00000399697.7	POLR1D	2026	0	0	-1	0	8.7128411e-09	0	8.7128399e-09
uORF	ENST00000399697.7	POLR1D	2027	0	0	-1	0	9.8634334e-10	0	9.863432e-10
uORF	ENST00000399697.7	POLR1D	2028	0	0	-1	0	1.2508619e-08	0	1.2508617e-08
uORF	ENST00000399697.7	POLR1D	2029	0	0	-1	0	4.1819503e-09	0	4.1819497e-09
uORF	ENST00000399697.7	POLR1D	2030	0	0	-1	0	1.7134266e-09	0	1.7134264e-09
uORF	ENST00000399697.7	POLR1D	2031	0	0	-1	0	4.1803392e-09	0	4.1803386e-09
uORF	ENST00000399697.7	POLR1D	2032	0	0	-1	0	6.7214967e-09	0	6.7214957e-09
uORF	ENST00000399697.7	POLR1D	2033	0	0	-1	0	4.9654973e-09	0	4.9654966e-09
uORF	ENST00000399697.7	POLR1D	2034	0	0	-1	0	1.692128e-07	0	1.6921277e-07
uORF	ENST00000399697.7	POLR1D	2035	0	0	-1	0	7.164094e-08	0	7.164093e-08
CDS	ENST00000429711.7	RPL32	0	0	0	-1	0	2.7568453e-07	0	2.7568453e-07
CDS	ENST00000429711.7	RPL32	1	0	0	-1	0	2.7351055e-08	0	2.7351055e-08
CDS	ENST00000429711.7	RPL32	2	0	0	-1	0	2.8943779e-07	0	2.894378e-07
CDS	ENST00000429711.7	RPL32	3	0	0	-1	0	7.5658384e-08	0	7.5658386e-08
CDS	ENST00000429711.7	RPL32	4	0	0	-1	0	1.6433468e-07	0	1.6433468e-07
CDS	ENST00000429711.7	RPL32	5	0	0	-1	0	3.3197023e-07	0	3.3197023e-07
CDS	ENST00000429711.7	RPL32	6	0	0	-1	0	1.6561694e-07	0	1.6561694e-07
CDS	ENST00000429711.7	RPL32	7	0	0	-1	0	7.6502936e-08	0	7.6502937e-08
CDS	ENST00000429711.7	RPL32	8	0	0	-1	0	8.4183249e-08	0	8.4183251e-08
CDS	ENST00000429711.7	RPL32	9	0	0	-1	0	4.8713332e-07	0	4.8713333e-07
CDS	ENST00000429711.7	RPL32	10	0	0	-1	0	1.7906812e-07	0	1.7906813e-07
CDS	ENST00000429711.7	RPL32	11	0	0	-1	0	3.1518093e-06	0	3.1518094e-06
CDS	ENST00000429711.7	RPL32	12	0	0	-1	0	7.1410693e-07	0	7.1410695e-07
CDS	ENST00000429711.7	RPL32	13	0	0	-1	0	2.1002106e-06	0	2.1002107e-06
CDS	ENST00000429711.7	RPL32	14	0	0	-1	0	4.9935204e-07	0	4.9935205e-07
CDS	ENST00000429711.7	RPL32	15	0	0	-1	0	7.4319917e-07	0	7.4319918e-07
CDS	ENST00000429711.7	RPL32	16	0	0	-1	0	5.9710865e-06	0	5.9710866e-06
CDS	ENST00000429711.7	RPL32	17	0	0	-1	0	8.9859504e-06	0	8.9859506e-06
CDS	ENST00000429711.7	RPL32	18	0	0	-1	0	1.3051863e-06	0	1.3051863e-06
CDS	ENST00000429711.7	RPL32	19	0	0	-1	0	2.1839651e-06	0	2.1839651e-06
CDS	ENST00000429711.7	RPL32	20	0	0	-1	0	7.6810202e-06	0	7.6810203e-06
CDS	ENST00000429711.7	RPL32	21	0	0	-1	0	4.1434059e-06	0	4.143406e-06
CDS	ENST00000429711.7	RPL32	22	0	0	-1	0	1.1858243e-05	0	1.1858243e-05
CDS	ENST00000429711.7	RPL32	23	0	0	-1	0	3.096997e-06	0	3.0969971e-06
CDS	ENST00000429711.7	RPL32	24	0	0	-1	0	1.4208073e-05	0	1.4208074e-05
CDS	ENST00000429711.7	RPL32	25	0	0	-1	0	2.6804678e-06	0	2.6804678e-06
CDS	ENST00000429711.7	RPL32	26	0	0	-1	0	8.5710035e-06	0	8.5710037e-06
CDS	ENST00000429711.7	RPL32	27	0	0	-1	0	1.3208813e-06	0	1.3208814e-06
CDS	ENST00000429711.7	RPL32	28	0	0	-1	0	1.5829593e-06	0	1.5829593e-06
CDS	ENST00000429711.7	RPL32	29	0	0	-1	0	4.4867729e-06	0	4.486773e-06
CDS	ENST00000429711.7	RPL32	30	0	0	-1	0	3.2394232e-07	0	3.2394232e-07
CDS	ENST00000429711.7	RPL32	31	0	0	-1	0	5.7795105e-06	0	5.7795106e-06
CDS	ENST00000429711.7	RPL32	32	0	0	-1	0	1.7549432e-05	0	1.7549432e-05
CDS	ENST00000429711.7	RPL32	33	0	0	-1	0	3.420169e-05	0	3.4201691e-05
CDS	ENST00000429711.7	RPL32	34	0	0	-1	4	3.0381198e-05	0.00022336386	3.0381198e-05
CDS	ENST00000429711.7	RPL32	35	0	0	-1	0	5.9930309e-05	0	5.9930311e-05
CDS	ENST00000429711.7	RPL32	36	0	0	-1	0	8.3282321e-05	0	8.3282322e-05
CDS	ENST00000429711.7	RPL32	37	0	0	-1	14	0.00010311698	0.00078177351	0.00010311698
CDS	ENST00000429711.7	RPL32	38	0	0	-1	70	0.00040010488	0.0039088675	0.00040010489
CDS	ENST00000429711.7	RPL32	39	0	0	-1	82	0.003680289	0.0045789591	0.0036802891
CDS	ENST00000429711.7	RPL32	40	0	0	-1	5	0.00014519403	0.00027920482	0.00014519404
CDS	ENST00000429711.7	RPL32	41	0	0	-1	0	0.00029090376	0	0.00029090376
CDS	ENST00000429711.7	RPL32	42	0	0	-1	4	0.00063774403	0.00022336386	0.00063774404
CDS	ENST00000429711.7	RPL32	43	0	0	-1	0	6.354192e-05	0	6.3541921e-05
CDS	ENST00000429711.7	RPL32	44	0	0	-1	0	5.2534317e-05	0	5.2534318e-05
CDS	ENST00000429711.7	RPL32	45	0	0	-1	0	4.4141911e-05	0	4.4141912e-05
CDS	ENST00000429711.7	RPL32	46	0	0	-1	0	2.095494e-05	0	2.095494e-05
CDS	ENST00000429711.7	RPL32	47	0	0	-1	0	8.7473063e-06	0	8.7473065e-06
CDS	ENST00000429711.7	RPL32	48	0	0	-1	0	1.4368687e-05	0	1.4368687e-05
CDS	ENST00000429711.7	RPL32	49	0	0	-1	0	8.3825153e-06	0	8.3825154e-06
CDS	ENST00000429711.7	RPL32	50	0	0	-1	0	1.9460216e-05	0	1.9460217e-05
CDS	ENST00000429711.7	RPL32	51	0	0	-1	6	0.00021061054	0.00033504579	0.00021061054
CDS	ENST00000429711.7	RPL32	52	0	0	-1	0	1.0644602e-05	0	1.0644603e-05
CDS	ENST00000429711.7	RPL32	53	0	0	-1	0	7.6216315e-06	0	7.6216317e-06
CDS	ENST00000429711.7	RPL32	54	0	0	-1	0	6.0551567e-05	0	6.0551568e-05
CDS	ENST00000429711.7	RPL32	55	0	0	-1	0	4.9652117e-06	0	4.9652118e-06
CDS	ENST00000429711.7	RPL32	56	0	0	-1	0	4.9536993e-06	0	4.9536994e-06
CDS	ENST00000429711.7	RPL32	57	0	0	-1	0	6.3307838e-05	0	6.3307839e-05
CDS	ENST00000429711.7	RPL32	58	0	0	-1	0	3.9101574e-06	0	3.9101575e-06
CDS	ENST00000429711.7	RPL32	59	0	0	-1	0	4.4467947e-06	0	4.4467948e-06
CDS	ENST00000429711.7	RPL32	60	0	0	-1	0	0.00013864874	0	0.00013864874
CDS	ENST00000429711.7	RPL32	61	0	0	-1	0	3.1720156e-06	0	3.1720156e-06
CDS	ENST00000429711.7	RPL32	62	0	0	-1	0	7.9921136e-07	0	7.9921138e-07
CDS	ENST00000429711.7	RPL32	63	0	0	-1	18	1.0820576e-05	0.0010051374	1.0820576e-05
CDS	ENST00000429711.7	RPL32	64	0	0	-1	0	6.1427472e-06	0	6.1427474e-06
CDS	ENST00000429711.7	RPL32	65	0	0	-1	6	2.0548852e-05	0.00033504579	2.0548853e-05
CDS	ENST00000429711.7	RPL32	66	0	0	-1	33	5.8535101e-05	0.0018427518	5.8535102e-05
CDS	ENST00000429711.7	RPL32	67	0	0	-1	0	8.4210315e-06	0	8.4210316e-06
CDS	ENST00000429711.7	RPL32	68	0	0	-1	16	5.5262015e-05	0.00089345544	5.5262016e-05
CDS	ENST00000429711.7	RPL32	69	0	0	-1	0	3.4904206e-05	0	3.4904206e-05
CDS	ENST00000429711.7	RPL32	70	0	0	-1	0	2.3820278e-06	0	2.3820278e-06
CDS	ENST00000429711.7	RPL32	71	0	0	-1	0	3.3467875e-06	0	3.3467875e-06
CDS	ENST00000429711.7	RPL32	72	0	0	-1	0	7.9687525e-06	0	7.9687526e-06
CDS	ENST00000429711.7	RPL32	73	0	0	-1	0	4.9558066e-06	0	4.9558067e-06
CDS	ENST00000429711.7	RPL32	74	0	0	-1	0	8.8685574e-06	0	8.8685576e-06
CDS	ENST00000429711.7	RPL32	75	0	0	-1	7	1.7317834e-05	0.00039088675	1.7317834e-05
CDS	ENST00000429711.7	RPL32	76	0	0	-1	0	4.4489134e-05	0	4.4489135e-05
CDS	ENST00000429711.7	RPL32	77	1	0	0	386	0.0057900287	0.021554612	0.0057900288
CDS	ENST00000429711.7	RPL32	78	1	0	1	7	0.00035506435	0.00039088675	0.00035506435
CDS	ENST00000429711.7	RPL32	79	1	0	2	0	9.3741946e-06	0	9.3741948e-06
CDS	ENST00000429711.7	RPL32	80	1	0	0	0	0.00015855186	0	0.00015855187
CDS	ENST00000429711.7	RPL32	81	1	0	1	0	1.1789863e-05	0	1.1789863e-05
CDS	ENST00000429711.7	RPL32	82	1	0	2	0	3.3123263e-06	0	3.3123263e-06
CDS	ENST00000429711.7	RPL32	83	1	0	0	0	0.00010683825	0	0.00010683825
CDS	ENST00000429711.7	RPL32	84	1	0	1	4	5.9530284e-06	0.00022336386	5.9530286e-06
CDS	ENST00000429711.7	RPL32	85	1	0	2	0	8.3404839e-06	0	8.340484e-06
CDS	ENST00000429711.7	RPL32	86	1	0	0	42	0.00011193957	0.0023453205	0.00011193958
CDS	ENST00000429711.7	RPL32	87	1	0	1	18	7.1877935e-06	0.0010051374	7.1877936e-06
CDS	ENST00000429711.7	RPL32	88	1	0	2	0	2.2569919e-05	0	2.2569919e-05
CDS	ENST00000429711.7	RPL32	89	1	0	0	0	0.00023389848	0	0.00023389848
CDS	ENST00000429711.7	RPL32	90	1	0	1	0	2.1687472e-06	0	2.1687472e-06
CDS	ENST00000429711.7	RPL32	91	1	0	2	0	2.7958748e-07	0	2.7958749e-07
CDS	ENST00000429711.7	RPL32	92	1	0	0	0	5.1120992e-07	0	5.1120993e-07
CDS	ENST00000429711.7	RPL32	93	1	0	1	0	5.7988859e-07	0	5.798886e-07
CDS	ENST00000429711.7	RPL32	94	1	0	2	0	1.5291865e-06	0	1.5291866e-06
CDS	ENST00000429711.7	RPL32	95	1	0	0	0	5.6978679e-06	0	5.697868e-06
CDS	ENST00000429711.7	RPL32	96	1	0	1	0	6.0618213e-06	0	6.0618214e-06
CDS	ENST00000429711.7	RPL32	97	1	0	2	0	3.070769e-06	0	3.0707691e-06
CDS	ENST00000429711.7	RPL32	98	1	0	0	0	2.0100115e-05	0	2.0100115e-05
CDS	ENST00000429711.7	RPL32	99	1	0	1	0	2.5228411e-07	0	2.5228412e-07
CDS	ENST00000429711.7	RPL32	100	1	0	2	0	2.1947731e-07	0	2.1947732e-07
CDS	ENST00000429711.7	RPL32	101	1	0	0	0	3.2180969e-07	0	3.218097e-07
CDS	ENST00000429711.7	RPL32	102	1	0	1	0	2.0754078e-08	0	2.0754078e-08
CDS	ENST00000429711.7	RPL32	103	1	0	2	0	7.5695773e-08	0	7.5695775e-08
CDS	ENST00000429711.7	RPL32	104	1	0	0	0	7.4325477e-08	0	7.4325479e-08
CDS	ENST00000429711.7	RPL32	105	1	0	1	0	1.3030377e-07	0	1.3030378e-07
CDS	ENST00000429711.7	RPL32	106	1	0	2	0	2.2659269e-07	0	2.2659269e-07
CDS	ENST00000429711.7	RPL32	107	1	0	0	0	2.7529123e-07	0	2.7529123e-07
CDS	ENST00000429711.7	RPL32	108	1	0	1	0	1.2364865e-07	0	1.2364865e-07
CDS	ENST00000429711.7	RPL32	109	1	0	2	0	7.8229999e-07	0	7.8230001e-07
CDS	ENST00000429711.7	RPL32	110	1	0	0	0	4.225129e-07	0	4.2251291e-07
CDS	ENST00000429711.7	RPL32	111	1	0	1	0	3.3727826e-08	0	3.3727827e-08
CDS	ENST00000429711.7	RPL32	112	1	0	2	0	2.319643e-08	0	2.319643e-08
CDS	ENST00000429711.7	RPL32	113	1	0	0	0	8.2280174e-09	0	8.2280175e-09
CDS	ENST00000429711.7	RPL32	114	1	0	1	0	3.3286721e-08	0	3.3286722e-08
CDS	ENST00000429711.7	RPL32	115	1	0	2	0	3.9706158e-08	0	3.9706159e-08
CDS	ENST00000429711.7	RPL32	116	1	0	0	0	7.6350453e-08	0	7.6350455e-08
CDS	ENST00000429711.7	RPL32	117	1	0	1	0	1.2439295e-07	0	1.2439296e-07
CDS	ENST00000429711.7	RPL32	118	1	0	2	0	2.0236772e-07	0	2.0236772e-07
CDS	ENST00000429711.7	RPL32	119	1	0	0	0	9.2104756e-06	0	9.2104758e-06
CDS	ENST00000429711.7	RPL32	120	1	0	1	0	6.6590968e-07	0	6.659097e-07
CDS	ENST00000429711.7	RPL32	121	1	0	2	0	2.9756626e-07	0	2.9756627e-07
CDS	ENST00000429711.7	RPL32	122	1	0	0	0	6.2938875e-07	0	6.2938876e-07
CDS	ENST00000429711.7	RPL32	123	1	0	1	0	5.5286154e-07	0	5.5286155e-07
CDS	ENST00000429711.7	RPL32	124	1	0	2	0	1.0269728e-07	0	1.0269728e-07
CDS	ENST00000429711.7	RPL32	125	1	0	0	0	1.8963499e-07	0	1.8963499e-07
CDS	ENST00000429711.7	RPL32	126	1	0	1	0	1.227352e-07	0	1.227352e-07
CDS	ENST00000429711.7	RPL32	127	1	0	2	0	5.4094261e-07	0	5.4094262e-07
CDS	ENST00000429711.7	RPL32	128	1	0	0	0	4.211829e-07	0	4.2118291e-07
CDS	ENST00000429711.7	RPL32	129	1	0	1	0	4.4132898e-07	0	4.4132899e-07
CDS	ENST00000429711.7	RPL32	130	1	0	2	0	1.7058201e-06	0	1.7058201e-06
CDS	ENST00000429711.7	RPL32	131	1	0	0	0	7.0031861e-06	0	7.0031862e-06
CDS	ENST00000429711.7	RPL32	132	1	0	1	0	1.360464e-06	0	1.360464e-06
CDS	ENST00000429711.7	RPL32	133	1	0	2	0	6.8585491e-06	0	6.8585493e-06
CDS	ENST00000429711.7	RPL32	134	1	0	0	0	0.00011804698	0	0.00011804698
CDS	ENST00000429711.7	RPL32	135	1	0	1	0	4.4800386e-06	0	4.4800387e-06
CDS	ENST00000429711.7	RPL32	136	1	0	2	0	1.8446644e-05	0	1.8446645e-05
CDS	ENST00000429711.7	RPL32	137	1	1	0	12	0.0011049367	0.00067009158	0.0011049367
CDS	ENST00000429711.7	RPL32	138	1	1	1	0	4.8285408e-05	0	4.8285409e-05
CDS	ENST00000429711.7	RPL32	139	1	1	2	0	3.7441605e-05	0	3.7441606e-05
CDS	ENST00000429711.7	RPL32	140	1	1	0	0	0.00061344937	0	0.00061344939
CDS	ENST00000429711.7	RPL32	141	1	1	1	0	0.00022661377	0	0.00022661378
CDS	ENST00000429711.7	RPL32	142	1	1	2	0	0.00022751222	0	0.00022751223
CDS	ENST00000429711.7	RPL32	143	1	1	0	117	0.0089615565	0.0065333929	0.0089615567
CDS	ENST00000429711.7	RPL32	144	1	1	1	27	0.00065657659	0.0015077061	0.00065657661
CDS	ENST00000429711.7	RPL32	145	1	1	2	31	0.0011654397	0.0017310699	0.0011654397
CDS	ENST00000429711.7	RPL32	146	1	1	0	0	0.0039606867	0	0.0039606868
CDS	ENST00000429711.7	RPL32	147	1	1	1	0	0.00020627044	0	0.00020627045
CDS	ENST00000429711.7	RPL32	148	1	1	2	0	0.00024848786	0	0.00024848787
CDS	ENST00000429711.7	RPL32	149	1	1	0	0	0.0012555968	0	0.0012555968
CDS	ENST00000429711.7	RPL32	150	1	1	1	0	0.00036182159	0	0.00036182159
CDS	ENST00000429711.7	RPL32	151	1	1	2	0	0.00023370874	0	0.00023370874
CDS	ENST00000429711.7	RPL32	152	1	1	0	18	0.0026240784	0.0010051374	0.0026240785
CDS	ENST00000429711.7	RPL32	153	1	1	1	2	0.00028458264	0.00011168193	0.00028458264
CDS	ENST00000429711.7	RPL32	154	1	1	2	12	0.00019973816	0.00067009158	0.00019973817
CDS	ENST00000429711.7	RPL32	155	1	1	0	30	0.0026206246	0.0016752289	0.0026206247
CDS	ENST00000429711.7	RPL32	156	1	1	1	3	0.00091032143	0.00016752289	0.00091032144
CDS	ENST00000429711.7	RPL32	157	1	1	2	4	0.00045326148	0.00022336386	0.00045326149
CDS	ENST00000429711.7	RPL32	158	1	1	0	23	0.0042447741	0.0012843422	0.0042447742
CDS	ENST00000429711.7	RPL32	159	1	1	1	33	0.0025672254	0.0018427518	0.0025672254
CDS	ENST00000429711.7	RPL32	160	1	1	2	97	0.0036525126	0.0054165736	0.0036525126
CDS	ENST00000429711.7	RPL32	161	1	1	0	596	0.023914099	0.033281215	0.023914099
CDS	ENST00000429711.7	RPL32	162	1	1	1	6	0.0047637383	0.00033504579	0.0047637384
CDS	ENST00000429711.7	RPL32	163	1	1	2	31	0.0036447076	0.0017310699	0.0036447077
CDS	ENST00000429711.7	RPL32	164	1	1	0	35	0.0097726267	0.0019544338	0.0097726269
CDS	ENST00000429711.7	RPL32	165	1	1	1	20	0.0022815766	0.0011168193	0.0022815767
CDS	ENST00000429711.7	RPL32	166	1	1	2	142	0.0058433036	0.007929417	0.0058433038
CDS	ENST00000429711.7	RPL32	167	1	1	0	9642	0.3606917	0.53841858	0.3606917
CDS	ENST00000429711.7	RPL32	168	1	1	1	151	0.0067095342	0.0084319857	0.0067095343
CDS	ENST00000429711.7	RPL32	169	1	1	2	0	0.00012813976	0	0.00012813976
CDS	ENST00000429711.7	RPL32	170	1	1	0	0	0.00039553593	0	0.00039553594
CDS	ENST00000429711.7	RPL32	171	1	1	1	0	0.00028346045	0	0.00028346046
CDS	ENST00000429711.7	RPL32	172	1	1	2	0	0.00010206805	0	0.00010206805
CDS	ENST00000429711.7	RPL32	173	1	1	0	0	0.00053894811	0	0.00053894812
CDS	ENST00000429711.7	RPL32	174	1	1	1	0	0.0002260957	0	0.0002260957
CDS	ENST00000429711.7	RPL32	175	1	1	2	0	5.0237231e-05	0	5.0237232e-05
CDS	ENST00000429711.7	RPL32	176	1	1	0	0	0.00086425373	0	0.00086425375
CDS	ENST00000429711.7	RPL32	177	1	1	1	0	0.00057044311	0	0.00057044312
CDS	ENST00000429711.7	RPL32	178	1	1	2	0	0.00043696575	0	0.00043696576
CDS	ENST00000429711.7	RPL32	179	1	1	0	0	0.0035173404	0	0.0035173405
CDS	ENST00000429711.7	RPL32	180	1	1	1	0	0.00065973314	0	0.00065973315
CDS	ENST00000429711.7	RPL32	181	1	1	2	0	0.0004118818	0	0.00041188181
CDS	ENST00000429711.7	RPL32	182	1	1	0	30	0.0044773635	0.0016752289	0.0044773636
CDS	ENST00000429711.7	RPL32	183	1	1	1	0	0.00062924146	0	0.00062924147
CDS	ENST00000429711.7	RPL32	184	1	1	2	0	0.00016432161	0	0.00016432161
CDS	ENST00000429711.7	RPL32	185	1	1	0	55	0.0049646841	0.0030712531	0.0049646842
CDS	ENST00000429711.7	RPL32	186	1	1	1	22	0.0016809354	0.0012285012	0.0016809354
CDS	ENST00000429711.7	RPL32	187	1	1	2	3	0.0027204873	0.00016752289	0.0027204874
CDS	ENST00000429711.7	RPL32	188	1	1	0	250	0.037988607	0.013960241	0.037988608
CDS	ENST00000429711.7	RPL32	189	1	1	1	1	0.0011157193	5.5840965e-05	0.0011157193
CDS	ENST00000429711.7	RPL32	190	1	1	2	9	0.0029732066	0.00050256868	0.0029732066
CDS	ENST00000429711.7	RPL32	191	1	1	0	751	0.040472075	0.041936565	0.040472076
CDS	ENST00000429711.7	RPL32	192	1	1	1	9	0.00069767423	0.00050256868	0.00069767424
CDS	ENST00000429711.7	RPL32	193	1	1	2	9	0.001127965	0.00050256868	0.0011279651
CDS	ENST00000429711.7	RPL32	194	1	1	0	139	0.011490243	0.0077618941	0.011490243
CDS	ENST00000429711.7	RPL32	195	1	1	1	0	0.00021689605	0	0.00021689605
CDS	ENST00000429711.7	RPL32	196	1	1	2	0	0.00037024863	0	0.00037024864
CDS	ENST00000429711.7	RPL32	197	1	0	0	0	0.00084122189	0	0.00084122191
CDS	ENST00000429711.7	RPL32	198	1	0	1	0	0.00012794243	0	0.00012794243
CDS	ENST00000429711.7	RPL32	199	1	0	2	0	7.3863425e-06	0	7.3863427e-06
CDS	ENST00000429711.7	RPL32	200	1	0	0	0	0.00015202294	0	0.00015202294
CDS	ENST00000429711.7	RPL32	201	1	0	1	0	4.6629993e-05	0	4.6629994e-05
CDS	ENST00000429711.7	RPL32	202	1	0	2	0	3.9008777e-05	0	3.9008778e-05
CDS	ENST00000429711.7	RPL32	203	1	0	0	0	0.00021724445	0	0.00021724446
CDS	ENST00000429711.7	RPL32	204	1	0	1	0	0.00011429346	0	0.00011429346
CDS	ENST00000429711.7	RPL32	205	1	0	2	0	7.8755722e-05	0	7.8755724e-05
CDS	ENST00000429711.7	RPL32	206	1	0	0	0	0.00030558702	0	0.00030558702
CDS	ENST00000429711.7	RPL32	207	1	0	1	0	9.7501259e-05	0	9.7501261e-05
CDS	ENST00000429711.7	RPL32	208	1	0	2	0	4.3569595e-05	0	4.3569596e-05
CDS	ENST00000429711.7	RPL32	209	1	0	0	26	0.0013975011	0.0014518651	0.0013975011
CDS	ENST00000429711.7	RPL32	210	1	0	1	14	0.00040850238	0.00078177351	0.00040850239
CDS	ENST00000429711.7	RPL32	211	1	0	2	0	0.0003627392	0	0.00036273921
CDS	ENST00000429711.7	RPL32	212	1	0	0	0	0.0015016638	0	0.0015016639
CDS	ENST00000429711.7	RPL32	213	1	0	1	0	0.000149846	0	0.00014984601
CDS	ENST00000429711.7	RPL32	214	1	0	2	0	7.1254843e-05	0	7.1254844e-05
CDS	ENST00000429711.7	RPL32	215	1	0	0	0	0.0003209073	0	0.00032090731
CDS	ENST00000429711.7	RPL32	216	1	0	1	0	1.3805269e-05	0	1.3805269e-05
CDS	ENST00000429711.7	RPL32	217	1	0	2	0	4.0434311e-06	0	4.0434312e-06
CDS	ENST00000429711.7	RPL32	218	1	0	0	0	7.9872789e-06	0	7.987279e-06
CDS	ENST00000429711.7	RPL32	219	1	0	1	0	1.7365201e-05	0	1.7365201e-05
CDS	ENST00000429711.7	RPL32	220	1	0	2	0	3.1229411e-05	0	3.1229411e-05
CDS	ENST00000429711.7	RPL32	221	1	0	0	0	4.5886492e-05	0	4.5886493e-05
CDS	ENST00000429711.7	RPL32	222	1	0	1	0	6.4496562e-06	0	6.4496563e-06
CDS	ENST00000429711.7	RPL32	223	1	0	2	0	2.538261e-06	0	2.5382611e-06
CDS	ENST00000429711.7	RPL32	224	1	0	0	0	5.5400342e-06	0	5.5400343e-06
CDS	ENST00000429711.7	RPL32	225	1	0	1	0	4.5384672e-06	0	4.5384673e-06
CDS	ENST00000429711.7	RPL32	226	1	0	2	0	1.4308846e-05	0	1.4308847e-05
CDS	ENST00000429711.7	RPL32	227	1	0	0	0	1.745734e-05	0	1.745734e-05
CDS	ENST00000429711.7	RPL32	228	1	0	1	0	1.4169244e-06	0	1.4169244e-06
CDS	ENST00000429711.7	RPL32	229	1	0	2	0	3.7030268e-06	0	3.7030269e-06
CDS	ENST00000429711.7	RPL32	230	1	0	0	0	1.1701372e-05	0	1.1701373e-05
CDS	ENST00000429711.7	RPL32	231	1	0	1	0	1.030177e-06	0	1.0301771e-06
CDS	ENST00000429711.7	RPL32	232	1	0	2	0	6.5787276e-06	0	6.5787277e-06
CDS	ENST00000429711.7	RPL32	233	1	0	0	0	2.618456e-05	0	2.618456e-05
CDS	ENST00000429711.7	RPL32	234	1	0	1	0	1.9364928e-05	0	1.9364929e-05
CDS	ENST00000429711.7	RPL32	235	1	0	2	0	6.8526162e-05	0	6.8526163e-05
CDS	ENST00000429711.7	RPL32	236	1	0	0	0	0.00027490914	0	0.00027490914
CDS	ENST00000429711.7	RPL32	237	1	0	1	0	9.6707627e-05	0	9.6707629e-05
CDS	ENST00000429711.7	RPL32	238	1	0	2	0	0.00020639107	0	0.00020639107
CDS	ENST00000429711.7	RPL32	239	1	0	0	0	0.00025886623	0	0.00025886624
CDS	ENST00000429711.7	RPL32	240	1	0	1	0	0.00018765006	0	0.00018765006
CDS	ENST00000429711.7	RPL32	241	1	0	2	0	0.0003321408	0	0.00033214081
CDS	ENST00000429711.7	RPL32	242	1	0	0	23	0.0076451199	0.0012843422	0.0076451201
CDS	ENST00000429711.7	RPL32	243	1	0	1	21	0.0054781837	0.0011726603	0.0054781839
CDS	ENST00000429711.7	RPL32	244	1	0	2	72	0.0085715316	0.0040205495	0.0085715318
CDS	ENST00000429711.7	RPL32	245	1	0	0	1218	0.047774199	0.068014295	0.0477742
CDS	ENST00000429711.7	RPL32	246	1	0	1	127	0.0037982836	0.0070918025	0.0037982837
CDS	ENST00000429711.7	RPL32	247	1	0	2	14	0.0016399137	0.00078177351	0.0016399137
CDS	ENST00000429711.7	RPL32	248	1	0	0	142	0.010278258	0.007929417	0.010278259
CDS	ENST00000429711.7	RPL32	249	1	0	1	3	0.0010734323	0.00016752289	0.0010734323
CDS	ENST00000429711.7	RPL32	250	1	0	2	0	0.0011682083	0	0.0011682083
CDS	ENST00000429711.7	RPL32	251	1	0	0	91	0.0077655795	0.0050815278	0.0077655797
CDS	ENST00000429711.7	RPL32	252	1	0	1	5	0.00117118	0.00027920482	0.0011711801
CDS	ENST00000429711.7	RPL32	253	1	0	2	7	0.0012314194	0.00039088675	0.0012314194
CDS	ENST00000429711.7	RPL32	254	1	0	0	286	0.049886391	0.015970516	0.049886392
CDS	ENST00000429711.7	RPL32	255	1	0	1	54	0.0077832993	0.0030154121	0.0077832995
CDS	ENST00000429711.7	RPL32	256	1	0	2	26	0.0019193426	0.0014518651	0.0019193426
CDS	ENST00000429711.7	RPL32	257	1	0	0	1174	0.068102121	0.065557293	0.068102123
CDS	ENST00000429711.7	RPL32	258	1	0	1	44	0.0026615914	0.0024570025	0.0026615915
CDS	ENST00000429711.7	RPL32	259	1	0	2	0	0.00031392463	0	0.00031392463
CDS	ENST00000429711.7	RPL32	260	1	0	0	137	0.0070892628	0.0076502122	0.007089263
CDS	ENST00000429711.7	RPL32	261	1	0	1	62	0.0018008214	0.0034621398	0.0018008214
CDS	ENST00000429711.7	RPL32	262	1	0	2	63	0.0049961363	0.0035179808	0.0049961364
CDS	ENST00000429711.7	RPL32	263	1	0	0	61	0.01546985	0.0034062989	0.01546985
CDS	ENST00000429711.7	RPL32	264	1	0	1	0	0.00066187448	0	0.00066187449
CDS	ENST00000429711.7	RPL32	265	1	0	2	4	0.00081859849	0.00022336386	0.00081859851
CDS	ENST00000429711.7	RPL32	266	1	0	0	68	0.01097772	0.0037971856	0.01097772
CDS	ENST00000429711.7	RPL32	267	1	0	1	22	0.0014159607	0.0012285012	0.0014159608
CDS	ENST00000429711.7	RPL32	268	1	0	2	0	0.00056665577	0	0.00056665578
CDS	ENST00000429711.7	RPL32	269	1	0	0	18	0.0013133655	0.0010051374	0.0013133656
CDS	ENST00000429711.7	RPL32	270	1	0	1	5	6.0013299e-05	0.00027920482	6.00133e-05
CDS	ENST00000429711.7	RPL32	271	1	0	2	12	7.0369046e-05	0.00067009158	7.0369047e-05
CDS	ENST00000429711.7	RPL32	272	1	0	0	0	0.00034791595	0	0.00034791596
CDS	ENST00000429711.7	RPL32	273	1	0	1	0	1.0987895e-05	0	1.0987895e-05
CDS	ENST00000429711.7	RPL32	274	1	0	2	0	1.8533832e-06	0	1.8533832e-06
CDS	ENST00000429711.7	RPL32	275	1	0	0	0	1.1471677e-05	0	1.1471677e-05
CDS	ENST00000429711.7	RPL32	276	1	0	1	0	4.3747609e-06	0	4.374761e-06
CDS	ENST00000429711.7	RPL32	277	1	0	2	0	1.0021589e-05	0	1.002159e-05
CDS	ENST00000429711.7	RPL32	278	1	0	0	0	2.3493723e-05	0	2.3493724e-05
CDS	ENST00000429711.7	RPL32	279	1	0	1	0	3.2785621e-05	0	3.2785622e-05
CDS	ENST00000429711.7	RPL32	280	1	0	2	0	4.21103e-05	0	4.21103e-05
CDS	ENST00000429711.7	RPL32	281	1	0	0	0	0.00018843714	0	0.00018843715
CDS	ENST00000429711.7	RPL32	282	1	0	1	0	5.8200535e-06	0	5.8200536e-06
CDS	ENST00000429711.7	RPL32	283	1	0	2	0	2.6399697e-05	0	2.6399698e-05
CDS	ENST00000429711.7	RPL32	284	1	0	0	0	0.00037214611	0	0.00037214612
CDS	ENST00000429711.7	RPL32	285	1	0	1	0	9.7596376e-06	0	9.7596378e-06
CDS	ENST00000429711.7	RPL32	286	1	0	2	0	9.3634765e-07	0	9.3634767e-07
CDS	ENST00000429711.7	RPL32	287	1	0	0	0	3.3542887e-07	0	3.3542887e-07
CDS	ENST00000429711.7	RPL32	288	1	0	1	0	3.844691e-07	0	3.8446911e-07
CDS	ENST00000429711.7	RPL32	289	1	0	2	0	1.3735884e-06	0	1.3735884e-06
CDS	ENST00000429711.7	RPL32	290	1	0	0	0	1.4862989e-07	0	1.486299e-07
CDS	ENST00000429711.7	RPL32	291	1	0	1	0	4.6160147e-07	0	4.6160148e-07
CDS	ENST00000429711.7	RPL32	292	1	0	2	0	8.9574968e-07	0	8.957497e-07
CDS	ENST00000429711.7	RPL32	293	1	0	0	0	1.1131293e-05	0	1.1131293e-05
CDS	ENST00000429711.7	RPL32	294	1	0	1	0	2.2436197e-07	0	2.2436197e-07
CDS	ENST00000429711.7	RPL32	295	1	0	2	0	3.6189058e-06	0	3.6189059e-06
CDS	ENST00000429711.7	RPL32	296	1	0	0	0	3.1253305e-05	0	3.1253305e-05
CDS	ENST00000429711.7	RPL32	297	1	0	1	0	3.8781709e-06	0	3.878171e-06
CDS	ENST00000429711.7	RPL32	298	1	0	2	0	4.9657087e-06	0	4.9657088e-06
CDS	ENST00000429711.7	RPL32	299	1	0	0	0	5.0324841e-05	0	5.0324842e-05
CDS	ENST00000429711.7	RPL32	300	1	0	1	0	1.5372687e-05	0	1.5372687e-05
CDS	ENST00000429711.7	RPL32	301	1	0	2	0	3.5538239e-06	0	3.553824e-06
CDS	ENST00000429711.7	RPL32	302	1	0	0	0	0.00020601449	0	0.00020601449
CDS	ENST00000429711.7	RPL32	303	1	0	1	0	2.9921792e-05	0	2.9921792e-05
CDS	ENST00000429711.7	RPL32	304	1	0	2	0	4.3170956e-05	0	4.3170957e-05
CDS	ENST00000429711.7	RPL32	305	1	0	0	0	0.00029508918	0	0.00029508919
CDS	ENST00000429711.7	RPL32	306	1	0	1	0	3.098428e-05	0	3.0984281e-05
CDS	ENST00000429711.7	RPL32	307	1	0	2	0	2.470537e-05	0	2.4705371e-05
CDS	ENST00000429711.7	RPL32	308	1	0	0	0	0.00024978109	0	0.0002497811
CDS	ENST00000429711.7	RPL32	309	1	0	1	0	1.1371044e-05	0	1.1371044e-05
CDS	ENST00000429711.7	RPL32	310	1	0	2	0	1.1967009e-05	0	1.196701e-05
CDS	ENST00000429711.7	RPL32	311	1	0	0	0	0.00012147021	0	0.00012147021
CDS	ENST00000429711.7	RPL32	312	1	0	1	0	2.6329621e-05	0	2.6329621e-05
CDS	ENST00000429711.7	RPL32	313	1	0	2	0	8.6441811e-05	0	8.6441813e-05
CDS	ENST00000429711.7	RPL32	314	1	0	0	0	0.00019661132	0	0.00019661132
CDS	ENST00000429711.7	RPL32	315	1	0	1	0	5.299252e-05	0	5.2992521e-05
CDS	ENST00000429711.7	RPL32	316	1	0	2	0	0.00014501442	0	0.00014501442
CDS	ENST00000429711.7	RPL32	317	1	0	0	0	0.0011483488	0	0.0011483488
CDS	ENST00000429711.7	RPL32	318	1	0	1	0	7.9930134e-05	0	7.9930136e-05
CDS	ENST00000429711.7	RPL32	319	1	0	2	0	1.5800537e-05	0	1.5800537e-05
CDS	ENST00000429711.7	RPL32	320	1	0	0	0	0.0031427527	0	0.0031427527
CDS	ENST00000429711.7	RPL32	321	1	0	1	0	5.1318875e-05	0	5.1318876e-05
CDS	ENST00000429711.7	RPL32	322	1	0	2	0	8.8796143e-05	0	8.8796145e-05
CDS	ENST00000429711.7	RPL32	323	1	0	0	0	0.0039889277	0	0.0039889278
CDS	ENST00000429711.7	RPL32	324	1	0	1	0	0.0001457872	0	0.0001457872
CDS	ENST00000429711.7	RPL32	325	1	0	2	0	7.8103803e-05	0	7.8103805e-05
CDS	ENST00000429711.7	RPL32	326	1	0	0	0	0.011398205	0	0.011398205
CDS	ENST00000429711.7	RPL32	327	1	0	1	0	8.7353903e-05	0	8.7353905e-05
CDS	ENST00000429711.7	RPL32	328	1	0	2	0	2.2797973e-05	0	2.2797973e-05
CDS	ENST00000429711.7	RPL32	329	1	0	0	0	0.00038156105	0	0.00038156106
CDS	ENST00000429711.7	RPL32	330	1	0	1	0	4.909673e-06	0	4.9096731e-06
CDS	ENST00000429711.7	RPL32	331	1	0	2	0	9.393296e-07	0	9.3932961e-07
CDS	ENST00000429711.7	RPL32	332	1	0	0	0	1.6824949e-06	0	1.682495e-06
CDS	ENST00000429711.7	RPL32	333	1	0	1	0	1.0621685e-07	0	1.0621685e-07
CDS	ENST00000429711.7	RPL32	334	1	0	2	0	2.4104004e-08	0	2.4104005e-08
CDS	ENST00000429711.7	RPL32	335	1	0	0	0	3.0505078e-07	0	3.0505078e-07
CDS	ENST00000429711.7	RPL32	336	1	0	1	0	3.2433441e-08	0	3.2433441e-08
CDS	ENST00000429711.7	RPL32	337	1	0	2	0	1.6018461e-08	0	1.6018462e-08
CDS	ENST00000429711.7	RPL32	338	1	0	0	0	1.4719771e-07	0	1.4719771e-07
CDS	ENST00000429711.7	RPL32	339	1	0	1	0	8.5225508e-07	0	8.522551e-07
CDS	ENST00000429711.7	RPL32	340	1	0	2	0	9.9166762e-08	0	9.9166764e-08
CDS	ENST00000429711.7	RPL32	341	1	0	0	0	6.0642208e-08	0	6.0642209e-08
CDS	ENST00000429711.7	RPL32	342	1	0	1	0	2.5914114e-06	0	2.5914115e-06
CDS	ENST00000429711.7	RPL32	343	1	0	2	0	2.6302413e-07	0	2.6302414e-07
CDS	ENST00000429711.7	RPL32	344	1	0	0	0	2.3611074e-06	0	2.3611074e-06
CDS	ENST00000429711.7	RPL32	345	1	0	1	0	1.3342279e-06	0	1.334228e-06
CDS	ENST00000429711.7	RPL32	346	1	0	2	0	2.3612222e-06	0	2.3612222e-06
CDS	ENST00000429711.7	RPL32	347	1	0	0	0	2.8601542e-06	0	2.8601542e-06
CDS	ENST00000429711.7	RPL32	348	1	0	1	0	3.6374152e-07	0	3.6374153e-07
CDS	ENST00000429711.7	RPL32	349	1	0	2	0	1.2733854e-06	0	1.2733854e-06
CDS	ENST00000429711.7	RPL32	350	1	0	0	0	2.1049427e-06	0	2.1049428e-06
CDS	ENST00000429711.7	RPL32	351	1	0	1	0	1.0253057e-06	0	1.0253057e-06
CDS	ENST00000429711.7	RPL32	352	1	0	2	0	7.3610647e-07	0	7.3610649e-07
CDS	ENST00000429711.7	RPL32	353	1	0	0	0	3.7968832e-08	0	3.7968832e-08
CDS	ENST00000429711.7	RPL32	354	1	0	1	0	3.768311e-09	0	3.7683111e-09
CDS	ENST00000429711.7	RPL32	355	1	0	2	0	2.4448414e-07	0	2.4448415e-07
CDS	ENST00000429711.7	RPL32	356	1	0	0	0	2.3719897e-08	0	2.3719898e-08
CDS	ENST00000429711.7	RPL32	357	1	0	1	0	5.0544525e-08	0	5.0544526e-08
CDS	ENST00000429711.7	RPL32	358	1	0	2	0	3.7490662e-07	0	3.7490663e-07
CDS	ENST00000429711.7	RPL32	359	1	0	0	0	8.1358502e-09	0	8.1358504e-09
CDS	ENST00000429711.7	RPL32	360	1	0	1	0	1.8044528e-08	0	1.8044528e-08
CDS	ENST00000429711.7	RPL32	361	1	0	2	0	3.5862448e-07	0	3.5862448e-07
CDS	ENST00000429711.7	RPL32	362	1	0	0	0	6.6880554e-09	0	6.6880556e-09
CDS	ENST00000429711.7	RPL32	363	1	0	1	0	1.7265499e-08	0	1.72655e-08
CDS	ENST00000429711.7	RPL32	364	1	0	2	0	1.2419257e-08	0	1.2419257e-08
CDS	ENST00000429711.7	RPL32	365	1	0	0	0	2.1879527e-12	0	2.1879528e-12
CDS	ENST00000429711.7	RPL32	366	1	0	1	0	6.0682561e-09	0	6.0682562e-09
CDS	ENST00000429711.7	RPL32	367	1	0	2	0	1.2992432e-07	0	1.2992432e-07
CDS	ENST00000429711.7	RPL32	368	1	0	0	0	2.3866926e-09	0	2.3866927e-09
CDS	ENST00000429711.7	RPL32	369	1	0	1	0	4.68285e-08	0	4.6828501e-08
CDS	ENST00000429711.7	RPL32	370	1	0	2	0	5.4472356e-08	0	5.4472357e-08
CDS	ENST00000429711.7	RPL32	371	1	0	0	0	1.7241993e-09	0	1.7241994e-09
CDS	ENST00000429711.7	RPL32	372	1	0	1	0	6.7828545e-08	0	6.7828546e-08
CDS	ENST00000429711.7	RPL32	373	1	0	2	0	8.0029974e-09	0	8.0029975e-09
CDS	ENST00000429711.7	RPL32	374	1	0	0	0	5.4874249e-08	0	5.487425e-08
CDS	ENST00000429711.7	RPL32	375	1	0	1	0	4.518424e-08	0	4.5184241e-08
CDS	ENST00000429711.7	RPL32	376	1	0	2	0	9.3123198e-08	0	9.31232e-08
CDS	ENST00000429711.7	RPL32	377	1	0	0	0	8.4633189e-09	0	8.4633191e-09
CDS	ENST00000429711.7	RPL32	378	1	0	1	0	5.8600524e-10	0	5.8600526e-10
CDS	ENST00000429711.7	RPL32	379	1	0	2	0	7.9217202e-08	0	7.9217203e-08
CDS	ENST00000429711.7	RPL32	380	1	0	0	0	2.149428e-07	0	2.1494281e-07
CDS	ENST00000429711.7	RPL32	381	1	0	1	0	1.3407253e-08	0	1.3407253e-08
CDS	ENST00000429711.7	RPL32	382	1	0	2	0	1.2577749e-06	0	1.2577749e-06
CDS	ENST00000429711.7	RPL32	383	1	0	0	0	6.3744761e-07	0	6.3744763e-07
CDS	ENST00000429711.7	RPL32	384	1	0	1	0	9.7597301e-08	0	9.7597303e-08
CDS	ENST00000429711.7	RPL32	385	1	0	2	0	8.7867612e-08	0	8.7867614e-08
CDS	ENST00000429711.7	RPL32	386	1	0	0	0	5.973595e-09	0	5.9735951e-09
CDS	ENST00000429711.7	RPL32	387	1	0	1	0	2.7709113e-08	0	2.7709114e-08
CDS	ENST00000429711.7	RPL32	388	1	0	2	0	2.1819641e-08	0	2.1819642e-08
CDS	ENST00000429711.7	RPL32	389	1	0	0	0	5.5550903e-10	0	5.5550904e-10
CDS	ENST00000429711.7	RPL32	390	1	0	1	0	3.1119985e-08	0	3.1119985e-08
CDS	ENST00000429711.7	RPL32	391	1	0	2	0	5.1446816e-09	0	5.1446817e-09
CDS	ENST00000429711.7	RPL32	392	1	0	0	0	1.5393246e-10	0	1.5393247e-10
CDS	ENST00000429711.7	RPL32	393	1	0	1	0	4.0011816e-10	0	4.0011817e-10
CDS	ENST00000429711.7	RPL32	394	1	0	2	0	1.8788336e-08	0	1.8788337e-08
CDS	ENST00000429711.7	RPL32	395	1	0	0	0	2.049491e-09	0	2.0494911e-09
CDS	ENST00000429711.7	RPL32	396	1	0	1	0	1.5902438e-09	0	1.5902439e-09
CDS	ENST00000429711.7	RPL32	397	1	0	2	0	8.5283034e-08	0	8.5283036e-08
CDS	ENST00000429711.7	RPL32	398	1	0	0	0	5.1773191e-07	0	5.1773192e-07
CDS	ENST00000429711.7	RPL32	399	1	0	1	0	4.0736887e-07	0	4.0736888e-07
CDS	ENST00000429711.7	RPL32	400	1	0	2	0	3.8919333e-07	0	3.8919334e-07
CDS	ENST00000429711.7	RPL32	401	1	0	0	0	6.0982092e-07	0	6.0982093e-07
CDS	ENST00000429711.7	RPL32	402	1	0	1	0	1.3346019e-08	0	1.334602e-08
CDS	ENST00000429711.7	RPL32	403	1	0	2	0	2.8334473e-08	0	2.8334473e-08
CDS	ENST00000429711.7	RPL32	404	1	0	0	0	6.7495418e-09	0	6.749542e-09
CDS	ENST00000429711.7	RPL32	405	1	0	1	0	1.9787858e-08	0	1.9787859e-08
CDS	ENST00000429711.7	RPL32	406	1	0	2	0	2.3991413e-07	0	2.3991413e-07
CDS	ENST00000429711.7	RPL32	407	1	0	0	0	5.6851146e-09	0	5.6851147e-09
CDS	ENST00000429711.7	RPL32	408	1	0	1	0	9.1384189e-09	0	9.1384191e-09
CDS	ENST00000429711.7	RPL32	409	1	0	2	0	7.3999247e-09	0	7.3999248e-09
CDS	ENST00000429711.7	RPL32	410	1	0	0	0	6.3661311e-08	0	6.3661312e-08
CDS	ENST00000429711.7	RPL32	411	1	0	1	0	3.232171e-09	0	3.232171e-09
CDS	ENST00000429711.7	RPL32	412	1	0	2	0	8.5425157e-08	0	8.5425159e-08
CDS	ENST00000429711.7	RPL32	413	1	0	0	0	7.7625725e-07	0	7.7625727e-07
CDS	ENST00000429711.7	RPL32	414	1	0	1	0	2.7858223e-07	0	2.7858224e-07
CDS	ENST00000429711.7	RPL32	415	1	0	2	0	4.5102697e-06	0	4.5102698e-06
CDS	ENST00000429711.7	RPL32	416	1	0	0	0	2.08478e-05	0	2.08478e-05
CDS	ENST00000429711.7	RPL32	417	1	0	1	0	1.2725616e-05	0	1.2725616e-05
CDS	ENST00000429711.7	RPL32	418	1	0	2	0	4.3492728e-06	0	4.3492729e-06
CDS	ENST00000429711.7	RPL32	419	1	0	0	0	4.0812796e-05	0	4.0812797e-05
CDS	ENST00000429711.7	RPL32	420	1	0	1	0	6.9171424e-06	0	6.9171425e-06
CDS	ENST00000429711.7	RPL32	421	1	0	2	0	5.125632e-05	0	5.1256321e-05
CDS	ENST00000429711.7	RPL32	422	1	0	0	11	0.00082313741	0.00061425061	0.00082313743
CDS	ENST00000429711.7	RPL32	423	1	0	1	4	0.00013491395	0.00022336386	0.00013491395
CDS	ENST00000429711.7	RPL32	424	1	0	2	0	0.00057907385	0	0.00057907386
CDS	ENST00000429711.7	RPL32	425	1	0	0	198	0.025851056	0.011056511	0.025851057
CDS	ENST00000429711.7	RPL32	426	1	0	1	3	0.001327712	0.00016752289	0.001327712
CDS	ENST00000429711.7	RPL32	427	1	0	2	4	0.00067690451	0.00022336386	0.00067690453
CDS	ENST00000429711.7	RPL32	428	1	0	0	64	0.01011341	0.0035738218	0.01011341
CDS	ENST00000429711.7	RPL32	429	1	0	1	0	0.00010173841	0	0.00010173841
CDS	ENST00000429711.7	RPL32	430	1	0	2	0	0.00017036806	0	0.00017036806
CDS	ENST00000429711.7	RPL32	431	1	0	0	0	0.0012664454	0	0.0012664454
CDS	ENST00000429711.7	RPL32	432	1	0	1	0	6.7473025e-05	0	6.7473027e-05
CDS	ENST00000429711.7	RPL32	433	1	0	2	0	0.00014772276	0	0.00014772277
CDS	ENST00000429711.7	RPL32	434	1	0	0	0	5.7705805e-05	0	5.7705807e-05
CDS	ENST00000429711.7	RPL32	435	1	0	1	0	6.7742631e-06	0	6.7742632e-06
CDS	ENST00000429711.7	RPL32	436	1	0	2	0	1.487193e-06	0	1.487193e-06
CDS	ENST00000429711.7	RPL32	437	1	0	0	0	8.087005e-06	0	8.0870051e-06
CDS	ENST00000429711.7	RPL32	438	1	0	1	0	7.372872e-06	0	7.3728722e-06
CDS	ENST00000429711.7	RPL32	439	1	0	2	0	1.4401769e-06	0	1.4401769e-06
CDS	ENST00000429711.7	RPL32	440	1	0	0	0	4.4825967e-05	0	4.4825968e-05
CDS	ENST00000429711.7	RPL32	441	1	0	1	0	3.5638873e-06	0	3.5638873e-06
CDS	ENST00000429711.7	RPL32	442	1	0	2	0	2.6394621e-06	0	2.6394621e-06
CDS	ENST00000429711.7	RPL32	443	1	0	0	0	3.0888411e-06	0	3.0888412e-06
CDS	ENST00000429711.7	RPL32	444	1	0	1	0	2.0474488e-06	0	2.0474488e-06
CDS	ENST00000429711.7	RPL32	445	1	0	2	0	6.1736245e-07	0	6.1736246e-07
CDS	ENST00000429711.7	RPL32	446	1	0	0	0	9.6878114e-07	0	9.6878116e-07
CDS	ENST00000429711.7	RPL32	447	1	0	1	0	8.5025114e-08	0	8.5025116e-08
CDS	ENST00000429711.7	RPL32	448	1	0	2	0	1.1193343e-07	0	1.1193343e-07
CDS	ENST00000429711.7	RPL32	449	1	0	0	0	1.4065596e-07	0	1.4065596e-07
CDS	ENST00000429711.7	RPL32	450	1	0	1	0	1.0977467e-08	0	1.0977467e-08
CDS	ENST00000429711.7	RPL32	451	1	0	2	0	9.234614e-09	0	9.2346142e-09
CDS	ENST00000429711.7	RPL32	452	1	0	0	0	2.2737705e-08	0	2.2737706e-08
CDS	ENST00000429711.7	RPL32	453	1	0	1	0	7.2952946e-09	0	7.2952947e-09
CDS	ENST00000429711.7	RPL32	454	1	0	2	0	1.0454279e-07	0	1.0454279e-07
CDS	ENST00000429711.7	RPL32	455	1	0	0	0	6.6452549e-07	0	6.645255e-07
CDS	ENST00000429711.7	RPL32	456	1	0	1	0	1.1576412e-07	0	1.1576413e-07
CDS	ENST00000429711.7	RPL32	457	1	0	2	0	1.3815074e-06	0	1.3815075e-06
CDS	ENST00000429711.7	RPL32	458	1	0	0	0	4.4994368e-07	0	4.4994369e-07
CDS	ENST00000429711.7	RPL32	459	1	0	1	0	8.6612822e-08	0	8.6612824e-08
CDS	ENST00000429711.7	RPL32	460	1	0	2	0	2.8969154e-07	0	2.8969155e-07
CDS	ENST00000429711.7	RPL32	461	1	0	0	0	9.5678579e-06	0	9.5678581e-06
CDS	ENST00000429711.7	RPL32	462	1	0	1	0	4.3140051e-05	0	4.3140052e-05
CDS	ENST00000429711.7	RPL32	463	1	0	2	0	6.3084299e-05	0	6.30843e-05
CDS	ENST00000429711.7	RPL32	464	1	0	0	0	0.0014961034	0	0.0014961034
CDS	ENST00000429711.7	RPL32	465	1	0	1	0	0.00029618706	0	0.00029618707
CDS	ENST00000429711.7	RPL32	466	1	0	2	17	0.0006955092	0.0009492964	0.00069550921
CDS	ENST00000429711.7	RPL32	467	1	0	0	75	0.0064988071	0.0041880724	0.0064988072
CDS	ENST00000429711.7	RPL32	468	1	0	1	0	0.00046047088	0	0.00046047089
CDS	ENST00000429711.7	RPL32	469	1	0	2	0	0.0016905605	0	0.0016905605
CDS	ENST00000429711.7	RPL32	470	1	0	0	298	0.027489899	0.016640608	0.027489899
CDS	ENST00000429711.7	RPL32	471	1	0	1	0	0.00019289424	0	0.00019289424
CDS	ENST00000429711.7	RPL32	472	1	0	2	0	0.0003711438	0	0.00037114381
CDS	ENST00000429711.7	RPL32	473	1	0	0	118	0.0089499159	0.0065892339	0.0089499161
CDS	ENST00000429711.7	RPL32	474	1	0	1	4	0.00086904829	0.00022336386	0.00086904831
CDS	ENST00000429711.7	RPL32	475	1	0	2	2	0.00018118818	0.00011168193	0.00018118818
CDS	ENST00000429711.7	RPL32	476	1	0	0	26	0.0029980664	0.0014518651	0.0029980664
CDS	ENST00000429711.7	RPL32	477	1	0	1	0	0.00018995946	0	0.00018995947
CDS	ENST00000429711.7	RPL32	478	1	0	2	0	0.00011948929	0	0.00011948929
CDS	ENST00000429711.7	RPL32	479	1	0	0	159	0.0088301795	0.0088787134	0.0088301796
CDS	ENST00000429711.7	RPL32	480	1	0	1	26	0.0020657647	0.0014518651	0.0020657648
CDS	ENST00000429711.7	RPL32	481	1	0	2	20	0.00059727958	0.0011168193	0.00059727959
CDS	ENST00000429711.7	RPL32	482	0	0	-1	13	0.00011453481	0.00072593254	0.00011453482
CDS	ENST00000429711.7	RPL32	483	0	0	-1	0	0.00017009451	0	0.00017009452
CDS	ENST00000429711.7	RPL32	484	0	0	-1	0	8.6028725e-05	0	8.6028727e-05
CDS	ENST00000429711.7	RPL32	485	0	0	-1	0	5.7333396e-05	0	5.7333398e-05
CDS	ENST00000429711.7	RPL32	486	0	0	-1	0	1.7703036e-05	0	1.7703036e-05
CDS	ENST00000429711.7	RPL32	487	0	0	-1	4	3.0775107e-05	0.00022336386	3.0775108e-05
CDS	ENST00000429711.7	RPL32	488	0	0	-1	0	4.0475072e-05	0	4.0475073e-05
CDS	ENST00000429711.7	RPL32	489	0	0	-1	0	5.7111123e-05	0	5.7111124e-05
CDS	ENST00000429711.7	RPL32	490	0	0	-1	6	3.8021069e-05	0.00033504579	3.802107e-05
CDS	ENST00000429711.7	RPL32	491	0	0	-1	0	1.4521653e-05	0	1.4521653e-05
CDS	ENST00000429711.7	RPL32	492	0	0	-1	0	0.00010940408	0	0.00010940408
CDS	ENST00000429711.7	RPL32	493	0	0	-1	0	2.3628136e-05	0	2.3628136e-05
CDS	ENST00000429711.7	RPL32	494	0	0	-1	0	1.5779469e-05	0	1.577947e-05
CDS	ENST00000429711.7	RPL32	495	0	0	-1	0	7.2539544e-05	0	7.2539545e-05
CDS	ENST00000429711.7	RPL32	496	0	0	-1	0	1.4112853e-05	0	1.4112853e-05
CDS	ENST00000429711.7	RPL32	497	0	0	-1	0	4.9243296e-05	0	4.9243297e-05
CDS	ENST00000429711.7	RPL32	498	0	0	-1	7	6.5368913e-05	0.00039088675	6.5368914e-05
CDS	ENST00000429711.7	RPL32	499	0	0	-1	0	8.3723251e-05	0	8.3723253e-05
CDS	ENST00000429711.7	RPL32	500	0	0	-1	0	3.0767686e-05	0	3.0767686e-05
CDS	ENST00000429711.7	RPL32	501	0	0	-1	0	7.8555968e-05	0	7.8555969e-05
CDS	ENST00000429711.7	RPL32	502	0	0	-1	0	3.7186106e-05	0	3.7186107e-05
CDS	ENST00000429711.7	RPL32	503	0	0	-1	0	4.5745317e-05	0	4.5745318e-05
CDS	ENST00000429711.7	RPL32	504	0	0	-1	14	0.0001203477	0.00078177351	0.0001203477
CDS	ENST00000429711.7	RPL32	505	0	0	-1	0	1.9195766e-05	0	1.9195766e-05
CDS	ENST00000429711.7	RPL32	506	0	0	-1	0	2.497893e-05	0	2.4978931e-05
CDS	ENST00000429711.7	RPL32	507	0	0	-1	0	3.7550239e-05	0	3.7550239e-05
CDS	ENST00000429711.7	RPL32	508	0	0	-1	0	1.2332115e-05	0	1.2332115e-05
CDS	ENST00000429711.7	RPL32	509	0	0	-1	4	1.8815459e-05	0.00022336386	1.8815459e-05
CDS	ENST00000429711.7	RPL32	510	0	0	-1	0	1.326225e-05	0	1.326225e-05
CDS	ENST00000429711.7	RPL32	511	0	0	-1	0	1.2943019e-06	0	1.2943019e-06
CDS	ENST00000429711.7	RPL32	512	0	0	-1	0	7.0922033e-07	0	7.0922035e-07
CDS	ENST00000429711.7	RPL32	513	0	0	-1	0	9.7595114e-07	0	9.7595116e-07
CDS	ENST00000429711.7	RPL32	514	0	0	-1	0	9.946441e-07	0	9.9464412e-07
CDS	ENST00000429711.7	RPL32	515	0	0	-1	0	7.2741824e-07	0	7.2741825e-07
CDS	ENST00000429711.7	RPL32	516	0	0	-1	0	8.1302818e-07	0	8.130282e-07
CDS	ENST00000429711.7	RPL32	517	0	0	-1	0	2.7625024e-06	0	2.7625024e-06
CDS	ENST00000429711.7	RPL32	518	0	0	-1	0	8.5698059e-07	0	8.5698061e-07
CDS	ENST00000429711.7	RPL32	519	0	0	-1	0	3.2199787e-07	0	3.2199788e-07
CDS	ENST00000429711.7	RPL32	520	0	0	-1	0	1.2725434e-07	0	1.2725434e-07
CDS	ENST00000429711.7	RPL32	521	0	0	-1	0	2.2126474e-07	0	2.2126475e-07
CDS	ENST00000429711.7	RPL32	522	0	0	-1	0	2.4677485e-07	0	2.4677485e-07
CDS	ENST00000429711.7	RPL32	523	0	0	-1	0	1.811822e-07	0	1.8118221e-07
CDS	ENST00000429711.7	RPL32	524	0	0	-1	0	3.3492125e-07	0	3.3492126e-07
CDS	ENST00000429711.7	RPL32	525	0	0	-1	0	2.1222907e-07	0	2.1222907e-07
CDS	ENST00000429711.7	RPL32	526	0	0	-1	0	6.4503479e-07	0	6.450348e-07
CDS	ENST00000429711.7	RPL32	527	0	0	-1	0	6.4302151e-07	0	6.4302152e-07
CDS	ENST00000429711.7	RPL32	528	0	0	-1	0	7.1393396e-07	0	7.1393397e-07
CDS	ENST00000429711.7	RPL32	529	0	0	-1	0	6.2472668e-07	0	6.2472669e-07
CDS	ENST00000429711.7	RPL32	530	0	0	-1	0	8.939507e-07	0	8.9395072e-07
CDS	ENST00000429711.7	RPL32	531	0	0	-1	0	6.664889e-06	0	6.6648892e-06
CDS	ENST00000429711.7	RPL32	532	0	0	-1	0	9.3382579e-07	0	9.3382581e-07
CDS	ENST00000429711.7	RPL32	533	0	0	-1	0	1.6107366e-05	0	1.6107366e-05
CDS	ENST00000429711.7	RPL32	534	0	0	-1	0	2.5825198e-06	0	2.5825198e-06
CDS	ENST00000429711.7	RPL32	535	0	0	-1	0	1.5689325e-06	0	1.5689325e-06
CDS	ENST00000429711.7	RPL32	536	0	0	-1	0	5.2113861e-05	0	5.2113862e-05
CDS	ENST00000429711.7	RPL32	537	0	0	-1	0	8.5424672e-06	0	8.5424674e-06
CDS	ENST00000429711.7	RPL32	538	0	0	-1	0	3.9347492e-06	0	3.9347493e-06
CDS	ENST00000429711.7	RPL32	539	0	0	-1	0	6.5371059e-06	0	6.5371061e-06
CDS	ENST00000429711.7	RPL32	540	0	0	-1	0	2.2263455e-06	0	2.2263455e-06
CDS	ENST00000429711.7	RPL32	541	0	0	-1	0	2.260698e-06	0	2.2606981e-06
CDS	ENST00000429711.7	RPL32	542	0	0	-1	0	7.9813481e-06	0	7.9813482e-06
CDS	ENST00000429711.7	RPL32	543	0	0	-1	0	2.4584187e-05	0	2.4584188e-05
CDS	ENST00000429711.7	RPL32	544	0	0	-1	0	6.2654144e-06	0	6.2654145e-06
CDS	ENST00000429711.7	RPL32	545	0	0	-1	0	1.0477474e-05	0	1.0477475e-05
CDS	ENST00000429711.7	RPL32	546	0	0	-1	0	2.3777202e-06	0	2.3777202e-06
CDS	ENST00000429711.7	RPL32	547	0	0	-1	0	1.2406389e-06	0	1.2406389e-06
CDS	ENST00000429711.7	RPL32	548	0	0	-1	0	2.892958e-06	0	2.8929581e-06
CDS	ENST00000429711.7	RPL32	549	0	0	-1	0	1.9876886e-06	0	1.9876887e-06
CDS	ENST00000429711.7	RPL32	550	0	0	-1	0	1.3650342e-07	0	1.3650342e-07
CDS	ENST00000429711.7	RPL32	551	0	0	-1	0	3.8887723e-07	0	3.8887723e-07
CDS	ENST00000429711.7	RPL32	552	0	0	-1	0	3.6235696e-07	0	3.6235696e-07
CDS	ENST00000429711.7	RPL32	553	0	0	-1	0	3.0293586e-07	0	3.0293587e-07
CDS	ENST00000429711.7	RPL32	554	0	0	-1	0	1.4578391e-07	0	1.4578392e-07
CDS	ENST00000429711.7	RPL32	555	0	0	-1	0	1.4203981e-07	0	1.4203981e-07
CDS	ENST00000429711.7	RPL32	556	0	0	-1	0	7.0824669e-08	0	7.082467e-08
CDS	ENST00000429711.7	RPL32	557	0	0	-1	0	1.6367339e-07	0	1.6367339e-07
CDS	ENST00000429711.7	RPL32	558	0	0	-1	0	1.0428469e-07	0	1.0428469e-07
CDS	ENST00000429711.7	RPL32	559	0	0	-1	0	9.7418386e-08	0	9.7418388e-08
CDS	ENST00000429711.7	RPL32	560	0	0	-1	0	8.2594532e-08	0	8.2594534e-08
CDS	ENST00000429711.7	RPL32	561	0	0	-1	0	8.3424482e-08	0	8.3424483e-08
CDS	ENST00000429711.7	RPL32	562	0	0	-1	0	4.3308376e-08	0	4.3308376e-08
CDS	ENST00000429711.7	RPL32	563	0	0	-1	0	8.6116174e-08	0	8.6116176e-08
CDS	ENST00000429711.7	RPL32	564	0	0	-1	0	5.9277784e-08	0	5.9277786e-08
CDS	ENST00000429711.7	RPL32	565	0	0	-1	0	2.8154128e-07	0	2.8154128e-07
CDS	ENST00000429711.7	RPL32	566	0	0	-1	0	6.6483892e-08	0	6.6483894e-08
CDS	ENST00000429711.7	RPL32	567	0	0	-1	0	8.6029658e-08	0	8.602966e-08
CDS	ENST00000429711.7	RPL32	568	0	0	-1	0	1.831423e-07	0	1.8314231e-07
CDS	ENST00000429711.7	RPL32	569	0	0	-1	0	6.2236052e-07	0	6.2236053e-07
CDS	ENST00000429711.7	RPL32	570	0	0	-1	0	1.1676975e-06	0	1.1676975e-06
CDS	ENST00000429711.7	RPL32	571	0	0	-1	0	1.0548735e-06	0	1.0548735e-06
CDS	ENST00000429711.7	RPL32	572	0	0	-1	0	7.4112609e-07	0	7.411261e-07
CDS	ENST00000429711.7	RPL32	573	0	0	-1	0	2.0409891e-07	0	2.0409891e-07
CDS	ENST00000429711.7	RPL32	574	0	0	-1	0	1.5016178e-07	0	1.5016178e-07
CDS	ENST00000429711.7	RPL32	575	0	0	-1	0	1.5693881e-07	0	1.5693881e-07
CDS	ENST00000429711.7	RPL32	576	0	0	-1	0	1.2238911e-07	0	1.2238911e-07
CDS	ENST00000429711.7	RPL32	577	0	0	-1	0	3.3802178e-06	0	3.3802178e-06
CDS	ENST00000429711.7	RPL32	578	0	0	-1	0	2.5470367e-06	0	2.5470368e-06
CDS	ENST00000429711.7	RPL32	579	0	0	-1	0	1.0237854e-06	0	1.0237855e-06
CDS	ENST00000429711.7	RPL32	580	0	0	-1	0	4.2335066e-07	0	4.2335066e-07
CDS	ENST00000429711.7	RPL32	581	0	0	-1	0	4.3709301e-07	0	4.3709302e-07
CDS	ENST00000429711.7	RPL32	582	0	0	-1	0	5.4989528e-07	0	5.4989529e-07
CDS	ENST00000429711.7	RPL32	583	0	0	-1	0	3.0833479e-07	0	3.083348e-07
CDS	ENST00000429711.7	RPL32	584	0	0	-1	0	6.5766949e-06	0	6.576695e-06
CDS	ENST00000429711.7	RPL32	585	0	0	-1	0	1.2237633e-06	0	1.2237633e-06
CDS	ENST00000429711.7	RPL32	586	0	0	-1	0	4.8076203e-07	0	4.8076204e-07
CDS	ENST00000429711.7	RPL32	587	0	0	-1	0	3.8212383e-07	0	3.8212384e-07
CDS	ENST00000429711.7	RPL32	588	0	0	-1	0	1.0278801e-07	0	1.0278801e-07
CDS	ENST00000429711.7	RPL32	589	0	0	-1	0	1.5419953e-07	0	1.5419953e-07
CDS	ENST00000429711.7	RPL32	590	0	0	-1	0	1.6627386e-07	0	1.6627387e-07
CDS	ENST00000429711.7	RPL32	591	0	0	-1	0	6.5439951e-07	0	6.5439953e-07
CDS	ENST00000429711.7	RPL32	592	0	0	-1	0	1.9109244e-07	0	1.9109244e-07
CDS	ENST00000429711.7	RPL32	593	0	0	-1	0	8.5402718e-07	0	8.540272e-07
CDS	ENST00000429711.7	RPL32	594	0	0	-1	0	3.2303129e-07	0	3.2303129e-07
CDS	ENST00000429711.7	RPL32	595	0	0	-1	0	2.4828498e-07	0	2.4828498e-07
CDS	ENST00000429711.7	RPL32	596	0	0	-1	0	1.5308981e-06	0	1.5308981e-06
CDS	ENST00000429711.7	RPL32	597	0	0	-1	0	9.7325028e-07	0	9.732503e-07
CDS	ENST00000429711.7	RPL32	598	0	0	-1	0	9.3594952e-07	0	9.3594953e-07
CDS	ENST00000429711.7	RPL32	599	0	0	-1	0	9.1953405e-07	0	9.1953406e-07
CDS	ENST00000429711.7	RPL32	600	0	0	-1	0	8.6875062e-08	0	8.6875064e-08
CDS	ENST00000429711.7	RPL32	601	0	0	-1	0	1.2301375e-07	0	1.2301375e-07
CDS	ENST00000429711.7	RPL32	602	0	0	-1	0	1.355038e-07	0	1.355038e-07
CDS	ENST00000429711.7	RPL32	603	0	0	-1	0	8.5903402e-08	0	8.5903404e-08
CDS	ENST00000429711.7	RPL32	604	0	0	-1	0	6.3298565e-08	0	6.3298566e-08
CDS	ENST00000429711.7	RPL32	605	0	0	-1	0	9.7412624e-08	0	9.7412626e-08
CDS	ENST00000429711.7	RPL32	606	0	0	-1	0	3.7916873e-08	0	3.7916874e-08
CDS	ENST00000429711.7	RPL32	607	0	0	-1	0	1.1344457e-08	0	1.1344457e-08
CDS	ENST00000429711.7	RPL32	608	0	0	-1	0	3.8771795e-08	0	3.8771795e-08
CDS	ENST00000429711.7	RPL32	609	0	0	-1	0	2.6536162e-08	0	2.6536162e-08
CDS	ENST00000429711.7	RPL32	610	0	0	-1	0	1.0932542e-08	0	1.0932542e-08
CDS	ENST00000429711.7	RPL32	611	0	0	-1	0	4.3329833e-09	0	4.3329834e-09
CDS	ENST00000429711.7	RPL32	612	0	0	-1	0	4.7435269e-09	0	4.743527e-09
CDS	ENST00000429711.7	RPL32	613	0	0	-1	0	4.1941266e-08	0	4.1941267e-08
CDS	ENST00000429711.7	RPL32	614	0	0	-1	0	5.8204808e-08	0	5.8204809e-08
CDS	ENST00000429711.7	RPL32	615	0	0	-1	0	1.3894827e-08	0	1.3894827e-08
CDS	ENST00000429711.7	RPL32	616	0	0	-1	0	1.7116051e-08	0	1.7116051e-08
CDS	ENST00000429711.7	RPL32	617	0	0	-1	0	3.9374402e-08	0	3.9374403e-08
CDS	ENST00000429711.7	RPL32	618	0	0	-1	0	8.5262542e-08	0	8.5262544e-08
CDS	ENST00000429711.7	RPL32	619	0	0	-1	0	7.992201e-08	0	7.9922012e-08
CDS	ENST00000429711.7	RPL32	620	0	0	-1	0	2.5945232e-07	0	2.5945233e-07
CDS	ENST00000429711.7	RPL32	621	0	0	-1	0	2.366135e-07	0	2.3661351e-07
CDS	ENST00000429711.7	RPL32	622	0	0	-1	0	1.9383884e-07	0	1.9383885e-07
CDS	ENST00000429711.7	RPL32	623	0	0	-1	0	5.1764158e-07	0	5.1764159e-07
CDS	ENST00000429711.7	RPL32	624	0	0	-1	0	1.7087591e-06	0	1.7087591e-06
CDS	ENST00000429711.7	RPL32	625	0	0	-1	0	6.3884124e-07	0	6.3884126e-07
CDS	ENST00000429711.7	RPL32	626	0	0	-1	0	2.8090349e-07	0	2.809035e-07
CDS	ENST00000429711.7	RPL32	627	0	0	-1	0	2.1643967e-07	0	2.1643968e-07
CDS	ENST00000429711.7	RPL32	628	0	0	-1	0	6.7715598e-07	0	6.77156e-07
CDS	ENST00000429711.7	RPL32	629	0	0	-1	0	3.236116e-07	0	3.2361161e-07
CDS	ENST00000429711.7	RPL32	630	0	0	-1	0	4.3581352e-07	0	4.3581353e-07
CDS	ENST00000429711.7	RPL32	631	0	0	-1	0	1.0986274e-06	0	1.0986274e-06
CDS	ENST00000429711.7	RPL32	632	0	0	-1	0	5.2607362e-07	0	5.2607363e-07
CDS	ENST00000429711.7	RPL32	633	0	0	-1	0	8.9744617e-07	0	8.9744619e-07
CDS	ENST00000429711.7	RPL32	634	0	0	-1	0	6.1266616e-07	0	6.1266617e-07
CDS	ENST00000429711.7	RPL32	635	0	0	-1	0	2.0412119e-06	0	2.041212e-06
CDS	ENST00000429711.7	RPL32	636	0	0	-1	0	1.8869918e-06	0	1.8869918e-06
CDS	ENST00000429711.7	RPL32	637	0	0	-1	0	6.5355849e-08	0	6.535585e-08
CDS	ENST00000429711.7	RPL32	638	0	0	-1	0	6.3925718e-08	0	6.3925719e-08
CDS	ENST00000429711.7	RPL32	639	0	0	-1	0	4.1938324e-07	0	4.1938325e-07
CDS	ENST00000429711.7	RPL32	640	0	0	-1	0	2.4044968e-07	0	2.4044968e-07
CDS	ENST00000429711.7	RPL32	641	0	0	-1	0	4.3642075e-07	0	4.3642076e-07
CDS	ENST00000429711.7	RPL32	642	0	0	-1	0	6.4444173e-08	0	6.4444174e-08
CDS	ENST00000429711.7	RPL32	643	0	0	-1	0	7.573e-08	0	7.5730002e-08
CDS	ENST00000429711.7	RPL32	644	0	0	-1	0	2.2037372e-07	0	2.2037373e-07
CDS	ENST00000429711.7	RPL32	645	0	0	-1	0	2.7414998e-07	0	2.7414999e-07
CDS	ENST00000429711.7	RPL32	646	0	0	-1	0	2.2018634e-07	0	2.2018634e-07
CDS	ENST00000429711.7	RPL32	647	0	0	-1	0	1.7321747e-07	0	1.7321748e-07
CDS	ENST00000429711.7	RPL32	648	0	0	-1	0	2.5169965e-07	0	2.5169965e-07
CDS	ENST00000429711.7	RPL32	649	0	0	-1	0	6.2160126e-07	0	6.2160127e-07
CDS	ENST00000429711.7	RPL32	650	0	0	-1	0	2.1776457e-07	0	2.1776457e-07
CDS	ENST00000429711.7	RPL32	651	0	0	-1	0	2.2617364e-07	0	2.2617364e-07
CDS	ENST00000429711.7	RPL32	652	0	0	-1	0	5.2749181e-07	0	5.2749182e-07
CDS	ENST00000429711.7	RPL32	653	0	0	-1	0	8.2944055e-08	0	8.2944057e-08
CDS	ENST00000429711.7	RPL32	654	0	0	-1	0	2.1054797e-07	0	2.1054797e-07
CDS	ENST00000429711.7	RPL32	655	0	0	-1	0	3.1183993e-07	0	3.1183993e-07
CDS	ENST00000429711.7	RPL32	656	0	0	-1	0	5.4681146e-07	0	5.4681148e-07
CDS	ENST00000429711.7	RPL32	657	0	0	-1	0	7.067909e-07	0	7.0679091e-07
CDS	ENST00000429711.7	RPL32	658	0	0	-1	0	6.1259192e-07	0	6.1259193e-07
CDS	ENST00000429711.7	RPL32	659	0	0	-1	0	2.1119875e-07	0	2.1119876e-07
CDS	ENST00000429711.7	RPL32	660	0	0	-1	0	5.6344703e-07	0	5.6344704e-07
CDS	ENST00000429711.7	RPL32	661	0	0	-1	0	3.3203418e-07	0	3.3203418e-07
CDS	ENST00000429711.7	RPL32	662	0	0	-1	0	7.5702019e-07	0	7.570202e-07
CDS	ENST00000429711.7	RPL32	663	0	0	-1	0	5.9946143e-07	0	5.9946144e-07
CDS	ENST00000429711.7	RPL32	664	0	0	-1	0	2.3384493e-06	0	2.3384494e-06
CDS	ENST00000429711.7	RPL32	665	0	0	-1	0	7.6474237e-07	0	7.6474238e-07
CDS	ENST00000429711.7	RPL32	666	0	0	-1	0	9.5426105e-07	0	9.5426107e-07
CDS	ENST00000429711.7	RPL32	667	0	0	-1	0	3.5092987e-07	0	3.5092987e-07
CDS	ENST00000429711.7	RPL32	668	0	0	-1	0	1.5680162e-07	0	1.5680162e-07
CDS	ENST00000429711.7	RPL32	669	0	0	-1	0	9.1186672e-07	0	9.1186674e-07
CDS	ENST00000429711.7	RPL32	670	0	0	-1	0	6.8404518e-07	0	6.8404519e-07
CDS	ENST00000429711.7	RPL32	671	0	0	-1	0	1.80201e-07	0	1.80201e-07
CDS	ENST00000429711.7	RPL32	672	0	0	-1	0	3.1637722e-07	0	3.1637723e-07
CDS	ENST00000429711.7	RPL32	673	0	0	-1	0	7.2814555e-07	0	7.2814557e-07
CDS	ENST00000429711.7	RPL32	674	0	0	-1	0	1.2006288e-07	0	1.2006288e-07
CDS	ENST00000429711.7	RPL32	675	0	0	-1	0	8.3793776e-07	0	8.3793778e-07
CDS	ENST00000429711.7	RPL32	676	0	0	-1	0	1.9724271e-06	0	1.9724271e-06
CDS	ENST00000429711.7	RPL32	677	0	0	-1	0	2.5758476e-07	0	2.5758476e-07
CDS	ENST00000429711.7	RPL32	678	0	0	-1	0	3.2468927e-07	0	3.2468927e-07
CDS	ENST00000429711.7	RPL32	679	0	0	-1	0	1.5085758e-06	0	1.5085758e-06
CDS	ENST00000429711.7	RPL32	680	0	0	-1	0	8.1116056e-08	0	8.1116058e-08
CDS	ENST00000429711.7	RPL32	681	0	0	-1	0	1.9197267e-07	0	1.9197268e-07
CDS	ENST00000429711.7	RPL32	682	0	0	-1	0	3.3637082e-06	0	3.3637082e-06
CDS	ENST00000429711.7	RPL32	683	0	0	-1	0	1.9257246e-07	0	1.9257246e-07
CDS	ENST00000429711.7	RPL32	684	0	0	-1	0	8.8903573e-07	0	8.8903575e-07
CDS	ENST00000429711.7	RPL32	685	0	0	-1	0	2.0992113e-06	0	2.0992114e-06
CDS	ENST00000429711.7	RPL32	686	0	0	-1	0	1.5905679e-06	0	1.5905679e-06
CDS	ENST00000429711.7	RPL32	687	0	0	-1	0	5.6440803e-07	0	5.6440804e-07
CDS	ENST00000429711.7	RPL32	688	0	0	-1	0	6.9886045e-07	0	6.9886046e-07
CDS	ENST00000429711.7	RPL32	689	0	0	-1	0	2.6167507e-07	0	2.6167507e-07
CDS	ENST00000429711.7	RPL32	690	0	0	-1	0	3.9703586e-08	0	3.9703587e-08
CDS	ENST00000429711.7	RPL32	691	0	0	-1	0	7.8201356e-07	0	7.8201357e-07
CDS	ENST00000429711.7	RPL32	692	0	0	-1	0	1.899695e-07	0	1.899695e-07
CDS	ENST00000429711.7	RPL32	693	0	0	-1	0	1.8633638e-07	0	1.8633638e-07
CDS	ENST00000429711.7	RPL32	694	0	0	-1	0	1.6560059e-06	0	1.6560059e-06
CDS	ENST00000429711.7	RPL32	695	0	0	-1	0	3.2728448e-07	0	3.2728449e-07
CDS	ENST00000429711.7	RPL32	696	0	0	-1	0	1.2879589e-07	0	1.2879589e-07
CDS	ENST00000429711.7	RPL32	697	0	0	-1	0	3.9288525e-07	0	3.9288526e-07
CDS	ENST00000429711.7	RPL32	698	0	0	-1	0	5.8393982e-07	0	5.8393983e-07
CDS	ENST00000429711.7	RPL32	699	0	0	-1	0	2.5734758e-07	0	2.5734759e-07
CDS	ENST00000429711.7	RPL32	700	0	0	-1	0	1.2613701e-06	0	1.2613702e-06
CDS	ENST00000429711.7	RPL32	701	0	0	-1	0	1.4903968e-07	0	1.4903968e-07
CDS	ENST00000429711.7	RPL32	702	0	0	-1	0	1.7255155e-07	0	1.7255156e-07
CDS	ENST00000429711.7	RPL32	703	0	0	-1	0	8.2216211e-08	0	8.2216212e-08
CDS	ENST00000429711.7	RPL32	704	0	0	-1	0	1.2188022e-07	0	1.2188022e-07
CDS	ENST00000429711.7	RPL32	705	0	0	-1	0	1.317778e-07	0	1.317778e-07
CDS	ENST00000429711.7	RPL32	706	0	0	-1	0	9.786811e-07	0	9.7868112e-07
CDS	ENST00000429711.7	RPL32	707	0	0	-1	0	1.7275357e-07	0	1.7275358e-07
CDS	ENST00000429711.7	RPL32	708	0	0	-1	0	6.9112012e-08	0	6.9112014e-08
CDS	ENST00000429711.7	RPL32	709	0	0	-1	0	2.7445842e-07	0	2.7445842e-07
CDS	ENST00000429711.7	RPL32	710	0	0	-1	0	1.3546413e-07	0	1.3546414e-07
CDS	ENST00000429711.7	RPL32	711	0	0	-1	0	4.0608148e-07	0	4.0608149e-07
CDS	ENST00000429711.7	RPL32	712	0	0	-1	0	2.1494732e-07	0	2.1494732e-07
CDS	ENST00000429711.7	RPL32	713	0	0	-1	0	1.3931722e-07	0	1.3931723e-07
CDS	ENST00000429711.7	RPL32	714	0	0	-1	0	8.7316614e-08	0	8.7316616e-08
CDS	ENST00000429711.7	RPL32	715	0	0	-1	0	1.3084303e-06	0	1.3084304e-06
CDS	ENST00000429711.7	RPL32	716	0	0	-1	0	2.5475455e-07	0	2.5475456e-07
CDS	ENST00000429711.7	RPL32	717	0	0	-1	0	9.3606644e-07	0	9.3606646e-07
CDS	ENST00000429711.7	RPL32	718	0	0	-1	0	1.8106466e-06	0	1.8106466e-06
CDS	ENST00000429711.7	RPL32	719	0	0	-1	0	3.330052e-07	0	3.3300521e-07
CDS	ENST00000429711.7	RPL32	720	0	0	-1	0	5.1275043e-07	0	5.1275044e-07
CDS	ENST00000429711.7	RPL32	721	0	0	-1	0	1.3124851e-07	0	1.3124852e-07
CDS	ENST00000429711.7	RPL32	722	0	0	-1	0	2.2920554e-07	0	2.2920554e-07
CDS	ENST00000429711.7	RPL32	723	0	0	-1	0	7.6181571e-08	0	7.6181573e-08
CDS	ENST00000429711.7	RPL32	724	0	0	-1	0	1.1544518e-07	0	1.1544518e-07
CDS	ENST00000429711.7	RPL32	725	0	0	-1	0	4.8180988e-07	0	4.8180989e-07
CDS	ENST00000429711.7	RPL32	726	0	0	-1	0	2.1052728e-07	0	2.1052728e-07
CDS	ENST00000429711.7	RPL32	727	0	0	-1	0	1.8550624e-07	0	1.8550624e-07
CDS	ENST00000429711.7	RPL32	728	0	0	-1	0	1.7967572e-07	0	1.7967573e-07
CDS	ENST00000429711.7	RPL32	729	0	0	-1	0	6.0434473e-08	0	6.0434475e-08
CDS	ENST00000429711.7	RPL32	730	0	0	-1	0	6.8708664e-07	0	6.8708665e-07
CDS	ENST00000429711.7	RPL32	731	0	0	-1	0	1.5769706e-07	0	1.5769706e-07
CDS	ENST00000429711.7	RPL32	732	0	0	-1	0	2.9512307e-07	0	2.9512308e-07
CDS	ENST00000429711.7	RPL32	733	0	0	-1	0	1.3669479e-07	0	1.366948e-07
CDS	ENST00000429711.7	RPL32	734	0	0	-1	0	5.2232998e-08	0	5.2232999e-08
CDS	ENST00000429711.7	RPL32	735	0	0	-1	0	4.8347192e-07	0	4.8347193e-07
CDS	ENST00000429711.7	RPL32	736	0	0	-1	0	2.3134935e-07	0	2.3134935e-07
CDS	ENST00000429711.7	RPL32	737	0	0	-1	0	1.5487154e-07	0	1.5487155e-07
CDS	ENST00000429711.7	RPL32	738	0	0	-1	0	1.412365e-07	0	1.412365e-07
CDS	ENST00000429711.7	RPL32	739	0	0	-1	0	2.223005e-07	0	2.223005e-07
CDS	ENST00000429711.7	RPL32	740	0	0	-1	0	1.2609124e-07	0	1.2609124e-07
CDS	ENST00000429711.7	RPL32	741	0	0	-1	0	8.2552049e-07	0	8.255205e-07
CDS	ENST00000429711.7	RPL32	742	0	0	-1	0	7.859294e-08	0	7.8592942e-08
CDS	ENST00000429711.7	RPL32	743	0	0	-1	0	2.4621775e-07	0	2.4621776e-07
CDS	ENST00000429711.7	RPL32	744	0	0	-1	0	5.0406351e-07	0	5.0406352e-07
CDS	ENST00000429711.7	RPL32	745	0	0	-1	0	4.3829266e-07	0	4.3829267e-07
CDS	ENST00000429711.7	RPL32	746	0	0	-1	0	1.6184154e-07	0	1.6184154e-07
CDS	ENST00000429711.7	RPL32	747	0	0	-1	0	2.7579367e-07	0	2.7579367e-07
CDS	ENST00000429711.7	RPL32	748	0	0	-1	0	4.1260972e-07	0	4.1260973e-07
CDS	ENST00000429711.7	RPL32	749	0	0	-1	0	8.6600727e-07	0	8.6600729e-07
CDS	ENST00000429711.7	RPL32	750	0	0	-1	0	1.5134377e-06	0	1.5134378e-06
CDS	ENST00000429711.7	RPL32	751	0	0	-1	0	7.8079296e-07	0	7.8079298e-07
CDS	ENST00000429711.7	RPL32	752	0	0	-1	0	1.06691e-06	0	1.0669101e-06
CDS	ENST00000429711.7	RPL32	753	0	0	-1	0	2.3255181e-07	0	2.3255182e-07
CDS	ENST00000429711.7	RPL32	754	0	0	-1	0	4.3524427e-08	0	4.3524428e-08
CDS	ENST00000429711.7	RPL32	755	0	0	-1	0	1.9201826e-07	0	1.9201827e-07
CDS	ENST00000429711.7	RPL32	756	0	0	-1	0	2.508498e-06	0	2.5084981e-06
CDS	ENST00000429711.7	RPL32	757	0	0	-1	0	1.6265054e-06	0	1.6265055e-06
CDS	ENST00000429711.7	RPL32	758	0	0	-1	0	4.8116243e-07	0	4.8116244e-07
CDS	ENST00000429711.7	RPL32	759	0	0	-1	0	6.5487779e-07	0	6.5487781e-07
CDS	ENST00000429711.7	RPL32	760	0	0	-1	0	1.8352905e-07	0	1.8352906e-07
CDS	ENST00000429711.7	RPL32	761	0	0	-1	0	1.5183957e-07	0	1.5183958e-07
CDS	ENST00000429711.7	RPL32	762	0	0	-1	0	2.5049674e-06	0	2.5049674e-06
CDS	ENST00000429711.7	RPL32	763	0	0	-1	0	3.1287061e-07	0	3.1287062e-07
CDS	ENST00000429711.7	RPL32	764	0	0	-1	0	1.7656819e-07	0	1.765682e-07
CDS	ENST00000429711.7	RPL32	765	0	0	-1	0	1.4266708e-06	0	1.4266708e-06
CDS	ENST00000429711.7	RPL32	766	0	0	-1	0	7.7793504e-07	0	7.7793506e-07
CDS	ENST00000429711.7	RPL32	767	0	0	-1	0	2.121966e-06	0	2.121966e-06
CDS	ENST00000429711.7	RPL32	768	0	0	-1	0	9.3545066e-07	0	9.3545068e-07
CDS	ENST00000429711.7	RPL32	769	0	0	-1	0	4.8978433e-07	0	4.8978434e-07
CDS	ENST00000429711.7	RPL32	770	0	0	-1	0	4.4181746e-07	0	4.4181747e-07
CDS	ENST00000429711.7	RPL32	771	0	0	-1	0	4.2436849e-07	0	4.243685e-07
CDS	ENST00000429711.7	RPL32	772	0	0	-1	0	5.3124712e-08	0	5.3124713e-08
CDS	ENST00000429711.7	RPL32	773	0	0	-1	0	5.3481564e-08	0	5.3481565e-08
CDS	ENST00000429711.7	RPL32	774	0	0	-1	0	2.0377564e-07	0	2.0377565e-07
CDS	ENST00000429711.7	RPL32	775	0	0	-1	0	2.4449372e-07	0	2.4449372e-07
CDS	ENST00000429711.7	RPL32	776	0	0	-1	0	1.3186825e-06	0	1.3186825e-06
CDS	ENST00000429711.7	RPL32	777	0	0	-1	0	3.0848228e-06	0	3.0848228e-06
CDS	ENST00000429711.7	RPL32	778	0	0	-1	0	2.431148e-06	0	2.4311481e-06
CDS	ENST00000429711.7	RPL32	779	0	0	-1	0	4.4129277e-07	0	4.4129278e-07
CDS	ENST00000429711.7	RPL32	780	0	0	-1	0	4.2544761e-07	0	4.2544762e-07
CDS	ENST00000429711.7	RPL32	781	0	0	-1	0	1.6345781e-07	0	1.6345782e-07
CDS	ENST00000429711.7	RPL32	782	0	0	-1	0	1.2907611e-07	0	1.2907612e-07
CDS	ENST00000429711.7	RPL32	783	0	0	-1	0	4.4216813e-07	0	4.4216814e-07
CDS	ENST00000429711.7	RPL32	784	0	0	-1	0	1.0597215e-06	0	1.0597215e-06
CDS	ENST00000429711.7	RPL32	785	0	0	-1	0	7.944584e-08	0	7.9445842e-08
CDS	ENST00000429711.7	RPL32	786	0	0	-1	0	2.0386196e-07	0	2.0386196e-07
CDS	ENST00000429711.7	RPL32	787	0	0	-1	0	1.011053e-07	0	1.011053e-07
CDS	ENST00000429711.7	RPL32	788	0	0	-1	0	4.0453844e-07	0	4.0453845e-07
CDS	ENST00000429711.7	RPL32	789	0	0	-1	0	1.5668965e-07	0	1.5668965e-07
CDS	ENST00000429711.7	RPL32	790	0	0	-1	0	9.1799144e-08	0	9.1799146e-08
CDS	ENST00000429711.7	RPL32	791	0	0	-1	0	3.4927615e-07	0	3.4927616e-07
CDS	ENST00000429711.7	RPL32	792	0	0	-1	0	7.5426705e-08	0	7.5426706e-08
CDS	ENST00000429711.7	RPL32	793	0	0	-1	0	2.0749722e-08	0	2.0749722e-08
CDS	ENST00000429711.7	RPL32	794	0	0	-1	0	1.3238366e-07	0	1.3238366e-07
CDS	ENST00000429711.7	RPL32	795	0	0	-1	0	3.9280096e-07	0	3.9280096e-07
CDS	ENST00000429711.7	RPL32	796	0	0	-1	0	6.3704313e-08	0	6.3704314e-08
CDS	ENST00000429711.7	RPL32	797	0	0	-1	0	1.0858897e-07	0	1.0858897e-07
CDS	ENST00000429711.7	RPL32	798	0	0	-1	0	1.7425069e-07	0	1.7425069e-07
CDS	ENST00000429711.7	RPL32	799	0	0	-1	0	9.9460181e-08	0	9.9460183e-08
CDS	ENST00000429711.7	RPL32	800	0	0	-1	0	7.5145252e-08	0	7.5145253e-08
CDS	ENST00000429711.7	RPL32	801	0	0	-1	0	1.2204649e-08	0	1.2204649e-08
CDS	ENST00000429711.7	RPL32	802	0	0	-1	0	1.6692663e-08	0	1.6692664e-08
CDS	ENST00000429711.7	RPL32	803	0	0	-1	0	2.2840984e-08	0	2.2840985e-08
CDS	ENST00000429711.7	RPL32	804	0	0	-1	0	5.5379157e-08	0	5.5379158e-08
CDS	ENST00000429711.7	RPL32	805	0	0	-1	0	4.606531e-08	0	4.6065311e-08
CDS	ENST00000429711.7	RPL32	806	0	0	-1	0	3.9007976e-08	0	3.9007976e-08
CDS	ENST00000429711.7	RPL32	807	0	0	-1	0	2.4459784e-08	0	2.4459784e-08
CDS	ENST00000429711.7	RPL32	808	0	0	-1	0	1.1101147e-08	0	1.1101147e-08
CDS	ENST00000429711.7	RPL32	809	0	0	-1	0	3.0672535e-08	0	3.0672535e-08
CDS	ENST00000429711.7	RPL32	810	0	0	-1	0	2.7234552e-08	0	2.7234553e-08
CDS	ENST00000429711.7	RPL32	811	0	0	-1	0	9.4088142e-09	0	9.4088144e-09
CDS	ENST00000429711.7	RPL32	812	0	0	-1	0	2.0541336e-08	0	2.0541336e-08
CDS	ENST00000429711.7	RPL32	813	0	0	-1	0	2.8195384e-08	0	2.8195384e-08
CDS	ENST00000429711.7	RPL32	814	0	0	-1	0	2.6111904e-08	0	2.6111904e-08
CDS	ENST00000429711.7	RPL32	815	0	0	-1	0	3.5648831e-08	0	3.5648832e-08
CDS	ENST00000429711.7	RPL32	816	0	0	-1	0	1.7556502e-08	0	1.7556502e-08
CDS	ENST00000429711.7	RPL32	817	0	0	-1	0	1.2544697e-08	0	1.2544697e-08
CDS	ENST00000429711.7	RPL32	818	0	0	-1	0	3.4320699e-08	0	3.43207e-08
CDS	ENST00000429711.7	RPL32	819	0	0	-1	0	6.1936362e-08	0	6.1936363e-08
CDS	ENST00000429711.7	RPL32	820	0	0	-1	0	2.7039418e-08	0	2.7039418e-08
CDS	ENST00000429711.7	RPL32	821	0	0	-1	0	3.3268062e-08	0	3.3268063e-08
CDS	ENST00000429711.7	RPL32	822	0	0	-1	0	4.4671882e-08	0	4.4671883e-08
CDS	ENST00000429711.7	RPL32	823	0	0	-1	0	9.090617e-08	0	9.0906172e-08
CDS	ENST00000429711.7	RPL32	824	0	0	-1	0	3.0779037e-07	0	3.0779038e-07
CDS	ENST00000429711.7	RPL32	825	0	0	-1	0	1.5218416e-07	0	1.5218416e-07
CDS	ENST00000429711.7	RPL32	826	0	0	-1	0	4.7546624e-08	0	4.7546625e-08
CDS	ENST00000429711.7	RPL32	827	0	0	-1	0	2.131648e-07	0	2.131648e-07
CDS	ENST00000429711.7	RPL32	828	0	0	-1	0	1.1637292e-07	0	1.1637293e-07
CDS	ENST00000429711.7	RPL32	829	0	0	-1	0	7.0218846e-08	0	7.0218847e-08
CDS	ENST00000429711.7	RPL32	830	0	0	-1	0	1.0186776e-07	0	1.0186776e-07
CDS	ENST00000429711.7	RPL32	831	0	0	-1	0	3.9274045e-08	0	3.9274046e-08
CDS	ENST00000429711.7	RPL32	832	0	0	-1	0	3.1613489e-08	0	3.1613489e-08
CDS	ENST00000429711.7	RPL32	833	0	0	-1	0	2.5855186e-08	0	2.5855187e-08
CDS	ENST00000429711.7	RPL32	834	0	0	-1	0	7.8831004e-09	0	7.8831006e-09
CDS	ENST00000429711.7	RPL32	835	0	0	-1	0	1.347976e-07	0	1.3479761e-07
CDS	ENST00000429711.7	RPL32	836	0	0	-1	0	2.0575921e-08	0	2.0575922e-08
CDS	ENST00000429711.7	RPL32	837	0	0	-1	0	2.9681249e-08	0	2.968125e-08
CDS	ENST00000429711.7	RPL32	838	0	0	-1	0	1.8780419e-08	0	1.8780419e-08
CDS	ENST00000429711.7	RPL32	839	0	0	-1	0	1.468303e-08	0	1.468303e-08
CDS	ENST00000429711.7	RPL32	840	0	0	-1	0	1.4541109e-07	0	1.454111e-07
CDS	ENST00000429711.7	RPL32	841	0	0	-1	0	2.3426557e-07	0	2.3426558e-07
CDS	ENST00000429711.7	RPL32	842	0	0	-1	0	5.7755706e-08	0	5.7755707e-08
CDS	ENST00000429711.7	RPL32	843	0	0	-1	0	4.4644285e-08	0	4.4644286e-08
CDS	ENST00000429711.7	RPL32	844	0	0	-1	0	8.7426606e-08	0	8.7426608e-08
CDS	ENST00000429711.7	RPL32	845	0	0	-1	0	3.2875417e-07	0	3.2875418e-07
CDS	ENST00000429711.7	RPL32	846	0	0	-1	0	1.1175168e-07	0	1.1175168e-07
CDS	ENST00000429711.7	RPL32	847	0	0	-1	0	2.2590611e-07	0	2.2590611e-07
CDS	ENST00000429711.7	RPL32	848	0	0	-1	0	1.4892389e-07	0	1.4892389e-07
CDS	ENST00000429711.7	RPL32	849	0	0	-1	0	1.9116488e-08	0	1.9116488e-08
CDS	ENST00000429711.7	RPL32	850	0	0	-1	0	4.1521236e-08	0	4.1521237e-08
CDS	ENST00000429711.7	RPL32	851	0	0	-1	0	7.4332561e-08	0	7.4332563e-08
CDS	ENST00000429711.7	RPL32	852	0	0	-1	0	1.162926e-07	0	1.162926e-07
CDS	ENST00000429711.7	RPL32	853	0	0	-1	0	4.5046664e-07	0	4.5046665e-07
CDS	ENST00000429711.7	RPL32	854	0	0	-1	0	3.1793795e-07	0	3.1793795e-07
CDS	ENST00000429711.7	RPL32	855	0	0	-1	0	9.2976916e-07	0	9.2976918e-07
CDS	ENST00000429711.7	RPL32	856	0	0	-1	0	9.8635599e-07	0	9.8635601e-07
CDS	ENST00000429711.7	RPL32	857	0	0	-1	0	3.3830185e-07	0	3.3830185e-07
CDS	ENST00000429711.7	RPL32	858	0	0	-1	0	1.6621267e-07	0	1.6621268e-07
CDS	ENST00000429711.7	RPL32	859	0	0	-1	0	1.88824e-07	0	1.8882401e-07
CDS	ENST00000429711.7	RPL32	860	0	0	-1	0	5.5466813e-07	0	5.5466815e-07
CDS	ENST00000429711.7	RPL32	861	0	0	-1	0	7.3490952e-08	0	7.3490954e-08
CDS	ENST00000429711.7	RPL32	862	0	0	-1	0	3.8369259e-07	0	3.836926e-07
CDS	ENST00000429711.7	RPL32	863	0	0	-1	0	1.7337342e-06	0	1.7337342e-06
CDS	ENST00000429711.7	RPL32	864	0	0	-1	0	5.3689268e-07	0	5.368927e-07
CDS	ENST00000429711.7	RPL32	865	0	0	-1	0	2.4795651e-07	0	2.4795651e-07
CDS	ENST00000429711.7	RPL32	866	0	0	-1	0	2.2686374e-06	0	2.2686375e-06
CDS	ENST00000429711.7	RPL32	867	0	0	-1	0	8.2948213e-07	0	8.2948215e-07
CDS	ENST00000429711.7	RPL32	868	0	0	-1	0	4.5811568e-08	0	4.5811569e-08
CDS	ENST00000429711.7	RPL32	869	0	0	-1	0	4.474328e-07	0	4.4743281e-07
CDS	ENST00000429711.7	RPL32	870	0	0	-1	0	3.4657424e-07	0	3.4657425e-07
CDS	ENST00000429711.7	RPL32	871	0	0	-1	0	1.8007269e-07	0	1.8007269e-07
CDS	ENST00000429711.7	RPL32	872	0	0	-1	0	1.0872866e-07	0	1.0872866e-07
CDS	ENST00000429711.7	RPL32	873	0	0	-1	0	1.3093546e-07	0	1.3093546e-07
CDS	ENST00000429711.7	RPL32	874	0	0	-1	0	1.408291e-07	0	1.408291e-07
CDS	ENST00000429711.7	RPL32	875	0	0	-1	0	3.1547398e-07	0	3.1547399e-07
CDS	ENST00000429711.7	RPL32	876	0	0	-1	0	2.5814251e-07	0	2.5814251e-07
CDS	ENST00000429711.7	RPL32	877	0	0	-1	0	6.4177506e-08	0	6.4177507e-08
CDS	ENST00000429711.7	RPL32	878	0	0	-1	0	9.4184117e-07	0	9.4184118e-07
CDS	ENST00000429711.7	RPL32	879	0	0	-1	0	1.0975504e-07	0	1.0975504e-07
CDS	ENST00000429711.7	RPL32	880	0	0	-1	0	4.7484995e-08	0	4.7484996e-08
CDS	ENST00000429711.7	RPL32	881	0	0	-1	0	5.014229e-08	0	5.0142291e-08
CDS	ENST00000429711.7	RPL32	882	0	0	-1	0	3.5471351e-07	0	3.5471351e-07
CDS	ENST00000429711.7	RPL32	883	0	0	-1	0	6.8139911e-07	0	6.8139913e-07
CDS	ENST00000429711.7	RPL32	884	0	0	-1	0	2.9891473e-07	0	2.9891473e-07
CDS	ENST00000429711.7	RPL32	885	0	0	-1	0	1.1131387e-07	0	1.1131388e-07
CDS	ENST00000429711.7	RPL32	886	0	0	-1	0	2.3105345e-07	0	2.3105345e-07
CDS	ENST00000429711.7	RPL32	887	0	0	-1	0	7.2065279e-07	0	7.2065281e-07
CDS	ENST00000429711.7	RPL32	888	0	0	-1	0	9.6651235e-08	0	9.6651237e-08
CDS	ENST00000429711.7	RPL32	889	0	0	-1	0	6.2435113e-08	0	6.2435114e-08
CDS	ENST00000429711.7	RPL32	890	0	0	-1	0	7.2688562e-07	0	7.2688563e-07
CDS	ENST00000429711.7	RPL32	891	0	0	-1	0	9.6102525e-08	0	9.6102527e-08
CDS	ENST00000429711.7	RPL32	892	0	0	-1	0	3.8256212e-07	0	3.8256213e-07
CDS	ENST00000429711.7	RPL32	893	0	0	-1	0	1.2752464e-07	0	1.2752465e-07
CDS	ENST00000429711.7	RPL32	894	0	0	-1	0	7.5647563e-08	0	7.5647564e-08
CDS	ENST00000429711.7	RPL32	895	0	0	-1	0	4.1423387e-08	0	4.1423388e-08
CDS	ENST00000429711.7	RPL32	896	0	0	-1	0	4.4723038e-08	0	4.4723039e-08
CDS	ENST00000429711.7	RPL32	897	0	0	-1	0	5.3712494e-08	0	5.3712495e-08
CDS	ENST00000429711.7	RPL32	898	0	0	-1	0	3.8071519e-08	0	3.807152e-08
CDS	ENST00000429711.7	RPL32	899	0	0	-1	0	3.8740254e-07	0	3.8740254e-07
CDS	ENST00000429711.7	RPL32	900	0	0	-1	0	2.9712643e-07	0	2.9712644e-07
CDS	ENST00000429711.7	RPL32	901	0	0	-1	0	4.742071e-07	0	4.7420711e-07
CDS	ENST00000429711.7	RPL32	902	0	0	-1	0	2.4535117e-07	0	2.4535118e-07
CDS	ENST00000429711.7	RPL32	903	0	0	-1	0	1.1840952e-07	0	1.1840952e-07
CDS	ENST00000429711.7	RPL32	904	0	0	-1	0	2.9486594e-07	0	2.9486595e-07
CDS	ENST00000429711.7	RPL32	905	0	0	-1	0	8.6139998e-08	0	8.614e-08
CDS	ENST00000429711.7	RPL32	906	0	0	-1	0	1.5761669e-08	0	1.576167e-08
CDS	ENST00000429711.7	RPL32	907	0	0	-1	0	1.1501001e-07	0	1.1501001e-07
CDS	ENST00000429711.7	RPL32	908	0	0	-1	0	7.1438173e-08	0	7.1438174e-08
CDS	ENST00000429711.7	RPL32	909	0	0	-1	0	3.2511544e-08	0	3.2511544e-08
CDS	ENST00000429711.7	RPL32	910	0	0	-1	0	4.8795837e-08	0	4.8795838e-08
CDS	ENST00000429711.7	RPL32	911	0	0	-1	0	1.2811782e-07	0	1.2811782e-07
CDS	ENST00000429711.7	RPL32	912	0	0	-1	0	2.2789415e-08	0	2.2789415e-08
CDS	ENST00000429711.7	RPL32	913	0	0	-1	0	1.3808013e-08	0	1.3808014e-08
CDS	ENST00000429711.7	RPL32	914	0	0	-1	0	1.0422582e-07	0	1.0422582e-07
CDS	ENST00000429711.7	RPL32	915	0	0	-1	0	3.7016756e-09	0	3.7016757e-09
CDS	ENST00000429711.7	RPL32	916	0	0	-1	0	2.906245e-08	0	2.9062451e-08
CDS	ENST00000429711.7	RPL32	917	0	0	-1	0	3.7944488e-09	0	3.7944488e-09
CDS	ENST00000429711.7	RPL32	918	0	0	-1	0	1.7437994e-08	0	1.7437995e-08
CDS	ENST00000429711.7	RPL32	919	0	0	-1	0	2.3087327e-07	0	2.3087327e-07
CDS	ENST00000429711.7	RPL32	920	0	0	-1	0	4.5552607e-08	0	4.5552608e-08
CDS	ENST00000429711.7	RPL32	921	0	0	-1	0	1.7713219e-07	0	1.771322e-07
CDS	ENST00000429711.7	RPL32	922	0	0	-1	0	8.0807361e-08	0	8.0807362e-08
CDS	ENST00000429711.7	RPL32	923	0	0	-1	0	9.9112114e-08	0	9.9112116e-08
CDS	ENST00000429711.7	RPL32	924	0	0	-1	0	7.8043669e-08	0	7.8043671e-08
CDS	ENST00000429711.7	RPL32	925	0	0	-1	0	1.007263e-07	0	1.007263e-07
CDS	ENST00000429711.7	RPL32	926	0	0	-1	0	4.2412211e-07	0	4.2412212e-07
CDS	ENST00000429711.7	RPL32	927	0	0	-1	0	1.6984868e-07	0	1.6984868e-07
CDS	ENST00000429711.7	RPL32	928	0	0	-1	0	9.9794057e-08	0	9.979406e-08
CDS	ENST00000429711.7	RPL32	929	0	0	-1	0	2.4379452e-07	0	2.4379452e-07
CDS	ENST00000429711.7	RPL32	930	0	0	-1	0	4.224855e-07	0	4.2248551e-07
CDS	ENST00000429711.7	RPL32	931	0	0	-1	0	2.2462679e-07	0	2.2462679e-07
CDS	ENST00000429711.7	RPL32	932	0	0	-1	0	3.5143592e-07	0	3.5143592e-07
CDS	ENST00000429711.7	RPL32	933	0	0	-1	0	6.9329093e-07	0	6.9329094e-07
CDS	ENST00000429711.7	RPL32	934	0	0	-1	0	4.8262038e-08	0	4.8262039e-08
CDS	ENST00000429711.7	RPL32	935	0	0	-1	0	2.801095e-07	0	2.8010951e-07
CDS	ENST00000429711.7	RPL32	936	0	0	-1	0	3.8808145e-07	0	3.8808145e-07
CDS	ENST00000429711.7	RPL32	937	0	0	-1	0	2.9273426e-07	0	2.9273426e-07
CDS	ENST00000429711.7	RPL32	938	0	0	-1	0	1.5661512e-07	0	1.5661512e-07
CDS	ENST00000429711.7	RPL32	939	0	0	-1	0	9.189602e-08	0	9.1896022e-08
CDS	ENST00000429711.7	RPL32	940	0	0	-1	0	1.1107909e-07	0	1.1107909e-07
CDS	ENST00000429711.7	RPL32	941	0	0	-1	0	2.1850472e-07	0	2.1850473e-07
CDS	ENST00000429711.7	RPL32	942	0	0	-1	0	2.7445682e-07	0	2.7445683e-07
CDS	ENST00000429711.7	RPL32	943	0	0	-1	0	7.6234045e-08	0	7.6234046e-08
CDS	ENST00000429711.7	RPL32	944	0	0	-1	0	3.84488e-08	0	3.84488e-08
CDS	ENST00000429711.7	RPL32	945	0	0	-1	0	8.1823387e-08	0	8.1823389e-08
CDS	ENST00000429711.7	RPL32	946	0	0	-1	0	1.5084441e-07	0	1.5084442e-07
CDS	ENST00000429711.7	RPL32	947	0	0	-1	0	3.6957939e-08	0	3.695794e-08
CDS	ENST00000429711.7	RPL32	948	0	0	-1	0	5.9314655e-08	0	5.9314656e-08
CDS	ENST00000429711.7	RPL32	949	0	0	-1	0	8.7382972e-07	0	8.7382974e-07
CDS	ENST00000429711.7	RPL32	950	0	0	-1	0	1.1073519e-06	0	1.1073519e-06
CDS	ENST00000429711.7	RPL32	951	0	0	-1	0	1.1306105e-06	0	1.1306105e-06
CDS	ENST00000429711.7	RPL32	952	0	0	-1	0	1.8325866e-07	0	1.8325867e-07
CDS	ENST00000429711.7	RPL32	953	0	0	-1	0	2.3233945e-07	0	2.3233945e-07
CDS	ENST00000429711.7	RPL32	954	0	0	-1	0	2.1634589e-06	0	2.163459e-06
CDS	ENST00000429711.7	RPL32	955	0	0	-1	0	6.2724115e-07	0	6.2724116e-07
CDS	ENST00000429711.7	RPL32	956	0	0	-1	0	1.9047565e-07	0	1.9047565e-07
CDS	ENST00000429711.7	RPL32	957	0	0	-1	0	1.3259271e-06	0	1.3259271e-06
CDS	ENST00000429711.7	RPL32	958	0	0	-1	0	3.3483406e-07	0	3.3483406e-07
CDS	ENST00000429711.7	RPL32	959	0	0	-1	0	5.9486723e-07	0	5.9486724e-07
CDS	ENST00000429711.7	RPL32	960	0	0	-1	0	1.3384265e-07	0	1.3384265e-07
CDS	ENST00000429711.7	RPL32	961	0	0	-1	0	1.4201563e-06	0	1.4201563e-06
CDS	ENST00000429711.7	RPL32	962	0	0	-1	0	7.6452358e-07	0	7.6452359e-07
CDS	ENST00000429711.7	RPL32	963	0	0	-1	0	2.3880449e-07	0	2.3880449e-07
CDS	ENST00000429711.7	RPL32	964	0	0	-1	0	7.3971097e-07	0	7.3971099e-07
CDS	ENST00000429711.7	RPL32	965	0	0	-1	0	1.2022626e-07	0	1.2022626e-07
CDS	ENST00000429711.7	RPL32	966	0	0	-1	0	8.5172495e-08	0	8.5172497e-08
CDS	ENST00000429711.7	RPL32	967	0	0	-1	0	4.446822e-07	0	4.4468221e-07
CDS	ENST00000429711.7	RPL32	968	0	0	-1	0	2.1668049e-07	0	2.1668049e-07
CDS	ENST00000429711.7	RPL32	969	0	0	-1	0	1.724257e-07	0	1.724257e-07
CDS	ENST00000429711.7	RPL32	970	0	0	-1	0	4.0596859e-08	0	4.059686e-08
CDS	ENST00000429711.7	RPL32	971	0	0	-1	0	7.1013908e-08	0	7.1013909e-08
CDS	ENST00000429711.7	RPL32	972	0	0	-1	0	1.4951461e-07	0	1.4951461e-07
CDS	ENST00000429711.7	RPL32	973	0	0	-1	0	1.1727793e-07	0	1.1727793e-07
CDS	ENST00000429711.7	RPL32	974	0	0	-1	0	6.211512e-08	0	6.2115121e-08
CDS	ENST00000429711.7	RPL32	975	0	0	-1	0	2.7850837e-07	0	2.7850837e-07
CDS	ENST00000429711.7	RPL32	976	0	0	-1	0	8.1753811e-08	0	8.1753813e-08
CDS	ENST00000429711.7	RPL32	977	0	0	-1	0	3.0158913e-07	0	3.0158913e-07
CDS	ENST00000429711.7	RPL32	978	0	0	-1	0	2.6663901e-07	0	2.6663901e-07
CDS	ENST00000429711.7	RPL32	979	0	0	-1	0	1.6419212e-07	0	1.6419212e-07
CDS	ENST00000429711.7	RPL32	980	0	0	-1	0	2.7791032e-07	0	2.7791032e-07
CDS	ENST00000429711.7	RPL32	981	0	0	-1	0	6.2791986e-07	0	6.2791987e-07
CDS	ENST00000429711.7	RPL32	982	0	0	-1	0	1.0710117e-07	0	1.0710117e-07
CDS	ENST00000429711.7	RPL32	983	0	0	-1	0	2.8266368e-07	0	2.8266368e-07
CDS	ENST00000429711.7	RPL32	984	0	0	-1	0	1.8517552e-07	0	1.8517553e-07
CDS	ENST00000429711.7	RPL32	985	0	0	-1	0	6.7062871e-08	0	6.7062872e-08
CDS	ENST00000429711.7	RPL32	986	0	0	-1	0	1.053567e-07	0	1.053567e-07
CDS	ENST00000429711.7	RPL32	987	0	0	-1	0	2.8064215e-07	0	2.8064216e-07
CDS	ENST00000429711.7	RPL32	988	0	0	-1	0	1.7918181e-06	0	1.7918182e-06
CDS	ENST00000429711.7	RPL32	989	0	0	-1	0	1.7828189e-07	0	1.782819e-07
CDS	ENST00000429711.7	RPL32	990	0	0	-1	0	1.2211822e-06	0	1.2211822e-06
CDS	ENST00000429711.7	RPL32	991	0	0	-1	0	2.6828998e-06	0	2.6828998e-06
CDS	ENST00000429711.7	RPL32	992	0	0	-1	0	1.1325627e-06	0	1.1325627e-06
CDS	ENST00000429711.7	RPL32	993	0	0	-1	0	1.741315e-06	0	1.7413151e-06
CDS	ENST00000429711.7	RPL32	994	0	0	-1	0	2.397403e-07	0	2.3974031e-07
CDS	ENST00000429711.7	RPL32	995	0	0	-1	0	2.163104e-06	0	2.163104e-06
CDS	ENST00000429711.7	RPL32	996	0	0	-1	0	6.8481796e-07	0	6.8481798e-07
CDS	ENST00000429711.7	RPL32	997	0	0	-1	0	5.4841263e-07	0	5.4841264e-07
CDS	ENST00000429711.7	RPL32	998	0	0	-1	0	6.4607249e-08	0	6.4607251e-08
CDS	ENST00000429711.7	RPL32	999	0	0	-1	0	3.3608654e-07	0	3.3608655e-07
CDS	ENST00000429711.7	RPL32	1000	0	0	-1	0	4.7781657e-07	0	4.7781658e-07
CDS	ENST00000429711.7	RPL32	1001	0	0	-1	0	3.1934795e-07	0	3.1934795e-07
CDS	ENST00000429711.7	RPL32	1002	0	0	-1	0	4.9205971e-07	0	4.9205972e-07
CDS	ENST00000429711.7	RPL32	1003	0	0	-1	0	1.2251033e-07	0	1.2251033e-07
CDS	ENST00000429711.7	RPL32	1004	0	0	-1	0	2.8968356e-07	0	2.8968356e-07
CDS	ENST00000429711.7	RPL32	1005	0	0	-1	0	4.2795673e-07	0	4.2795674e-07
CDS	ENST00000429711.7	RPL32	1006	0	0	-1	0	5.1096013e-06	0	5.1096014e-06
CDS	ENST00000429711.7	RPL32	1007	0	0	-1	0	3.7469891e-07	0	3.7469892e-07
CDS	ENST00000429711.7	RPL32	1008	0	0	-1	0	3.2086123e-07	0	3.2086124e-07
CDS	ENST00000429711.7	RPL32	1009	0	0	-1	0	2.4467167e-07	0	2.4467167e-07
CDS	ENST00000429711.7	RPL32	1010	0	0	-1	0	1.7838309e-07	0	1.7838309e-07
CDS	ENST00000429711.7	RPL32	1011	0	0	-1	0	1.3806941e-07	0	1.3806941e-07
CDS	ENST00000429711.7	RPL32	1012	0	0	-1	0	2.6763983e-08	0	2.6763984e-08
CDS	ENST00000429711.7	RPL32	1013	0	0	-1	0	6.7733254e-08	0	6.7733255e-08
CDS	ENST00000429711.7	RPL32	1014	0	0	-1	0	1.3454542e-08	0	1.3454543e-08
CDS	ENST00000429711.7	RPL32	1015	0	0	-1	0	6.0369963e-08	0	6.0369965e-08
CDS	ENST00000429711.7	RPL32	1016	0	0	-1	0	2.4235678e-07	0	2.4235678e-07
CDS	ENST00000429711.7	RPL32	1017	0	0	-1	0	5.8189738e-07	0	5.8189739e-07
CDS	ENST00000429711.7	RPL32	1018	0	0	-1	0	1.8225266e-07	0	1.8225267e-07
CDS	ENST00000429711.7	RPL32	1019	0	0	-1	0	3.2430783e-08	0	3.2430784e-08
CDS	ENST00000429711.7	RPL32	1020	0	0	-1	0	4.0753886e-08	0	4.0753886e-08
CDS	ENST00000429711.7	RPL32	1021	0	0	-1	0	3.6458459e-08	0	3.645846e-08
CDS	ENST00000429711.7	RPL32	1022	0	0	-1	0	3.1779624e-08	0	3.1779625e-08
CDS	ENST00000429711.7	RPL32	1023	0	0	-1	0	7.6864168e-09	0	7.686417e-09
CDS	ENST00000429711.7	RPL32	1024	0	0	-1	0	2.531036e-08	0	2.5310361e-08
CDS	ENST00000429711.7	RPL32	1025	0	0	-1	0	6.7733254e-08	0	6.7733255e-08
CDS	ENST00000429711.7	RPL32	1026	0	0	-1	0	3.4618527e-08	0	3.4618527e-08
CDS	ENST00000429711.7	RPL32	1027	0	0	-1	0	1.1784687e-06	0	1.1784687e-06
CDS	ENST00000429711.7	RPL32	1028	0	0	-1	0	1.9262894e-08	0	1.9262894e-08
CDS	ENST00000429711.7	RPL32	1029	0	0	-1	0	8.4816328e-08	0	8.481633e-08
CDS	ENST00000429711.7	RPL32	1030	0	0	-1	0	3.7815326e-08	0	3.7815327e-08
CDS	ENST00000429711.7	RPL32	1031	0	0	-1	0	6.4844897e-08	0	6.4844899e-08
CDS	ENST00000429711.7	RPL32	1032	0	0	-1	0	3.3666893e-08	0	3.3666894e-08
CDS	ENST00000429711.7	RPL32	1033	0	0	-1	0	1.472802e-08	0	1.472802e-08
CDS	ENST00000429711.7	RPL32	1034	0	0	-1	0	4.3725457e-08	0	4.3725458e-08
CDS	ENST00000429711.7	RPL32	1035	0	0	-1	0	3.7557989e-08	0	3.7557989e-08
CDS	ENST00000429711.7	RPL32	1036	0	0	-1	0	7.3184189e-08	0	7.3184191e-08
CDS	ENST00000429711.7	RPL32	1037	0	0	-1	0	5.1813277e-08	0	5.1813278e-08
CDS	ENST00000429711.7	RPL32	1038	0	0	-1	0	4.2781373e-08	0	4.2781374e-08
CDS	ENST00000429711.7	RPL32	1039	0	0	-1	0	2.2339721e-08	0	2.2339722e-08
CDS	ENST00000429711.7	RPL32	1040	0	0	-1	0	5.0155585e-08	0	5.0155586e-08
CDS	ENST00000429711.7	RPL32	1041	0	0	-1	0	2.7968175e-08	0	2.7968176e-08
CDS	ENST00000429711.7	RPL32	1042	0	0	-1	0	5.1072874e-08	0	5.1072875e-08
CDS	ENST00000429711.7	RPL32	1043	0	0	-1	0	7.0918212e-08	0	7.0918213e-08
CDS	ENST00000429711.7	RPL32	1044	0	0	-1	0	2.2315703e-08	0	2.2315704e-08
CDS	ENST00000429711.7	RPL32	1045	0	0	-1	0	1.0806395e-07	0	1.0806395e-07
CDS	ENST00000429711.7	RPL32	1046	0	0	-1	0	7.5759324e-08	0	7.5759326e-08
CDS	ENST00000429711.7	RPL32	1047	0	0	-1	0	3.9024346e-08	0	3.9024347e-08
CDS	ENST00000429711.7	RPL32	1048	0	0	-1	0	2.653444e-08	0	2.6534441e-08
CDS	ENST00000429711.7	RPL32	1049	0	0	-1	0	9.4474828e-08	0	9.447483e-08
CDS	ENST00000429711.7	RPL32	1050	0	0	-1	0	1.393018e-07	0	1.3930181e-07
CDS	ENST00000429711.7	RPL32	1051	0	0	-1	0	1.0392171e-07	0	1.0392172e-07
CDS	ENST00000429711.7	RPL32	1052	0	0	-1	0	6.8357004e-08	0	6.8357005e-08
CDS	ENST00000429711.7	RPL32	1053	0	0	-1	0	1.0748427e-07	0	1.0748427e-07
CDS	ENST00000429711.7	RPL32	1054	0	0	-1	0	1.0178852e-07	0	1.0178852e-07
CDS	ENST00000429711.7	RPL32	1055	0	0	-1	0	6.7989021e-08	0	6.7989022e-08
CDS	ENST00000429711.7	RPL32	1056	0	0	-1	0	5.8001334e-08	0	5.8001335e-08
CDS	ENST00000429711.7	RPL32	1057	0	0	-1	0	1.213532e-07	0	1.213532e-07
CDS	ENST00000429711.7	RPL32	1058	0	0	-1	0	1.399799e-07	0	1.3997991e-07
CDS	ENST00000429711.7	RPL32	1059	0	0	-1	0	1.8917204e-07	0	1.8917205e-07
CDS	ENST00000429711.7	RPL32	1060	0	0	-1	0	1.9140688e-07	0	1.9140689e-07
CDS	ENST00000429711.7	RPL32	1061	0	0	-1	0	5.613424e-07	0	5.6134242e-07
CDS	ENST00000429711.7	RPL32	1062	0	0	-1	0	3.9273354e-07	0	3.9273355e-07
CDS	ENST00000429711.7	RPL32	1063	0	0	-1	0	1.5526729e-07	0	1.5526729e-07
CDS	ENST00000429711.7	RPL32	1064	0	0	-1	0	6.680304e-07	0	6.6803041e-07
CDS	ENST00000429711.7	RPL32	1065	0	0	-1	0	3.5122113e-07	0	3.5122114e-07
CDS	ENST00000429711.7	RPL32	1066	0	0	-1	0	1.6763551e-07	0	1.6763551e-07
CDS	ENST00000429711.7	RPL32	1067	0	0	-1	0	1.620386e-07	0	1.6203861e-07
CDS	ENST00000429711.7	RPL32	1068	0	0	-1	0	6.2880645e-08	0	6.2880646e-08
CDS	ENST00000429711.7	RPL32	1069	0	0	-1	0	3.6674896e-07	0	3.6674897e-07
CDS	ENST00000429711.7	RPL32	1070	0	0	-1	0	7.0641597e-08	0	7.0641599e-08
CDS	ENST00000429711.7	RPL32	1071	0	0	-1	0	2.1101231e-07	0	2.1101231e-07
CDS	ENST00000429711.7	RPL32	1072	0	0	-1	0	6.8878158e-08	0	6.887816e-08
CDS	ENST00000429711.7	RPL32	1073	0	0	-1	0	2.3101411e-08	0	2.3101411e-08
CDS	ENST00000429711.7	RPL32	1074	0	0	-1	0	2.2727733e-08	0	2.2727733e-08
CDS	ENST00000429711.7	RPL32	1075	0	0	-1	0	4.8454073e-08	0	4.8454074e-08
CDS	ENST00000429711.7	RPL32	1076	0	0	-1	0	9.501062e-08	0	9.5010622e-08
CDS	ENST00000429711.7	RPL32	1077	0	0	-1	0	4.4514699e-08	0	4.45147e-08
CDS	ENST00000429711.7	RPL32	1078	0	0	-1	0	2.1230852e-08	0	2.1230852e-08
CDS	ENST00000429711.7	RPL32	1079	0	0	-1	0	2.9211053e-08	0	2.9211054e-08
CDS	ENST00000429711.7	RPL32	1080	0	0	-1	0	1.1637148e-07	0	1.1637148e-07
CDS	ENST00000429711.7	RPL32	1081	0	0	-1	0	1.6825582e-07	0	1.6825583e-07
CDS	ENST00000429711.7	RPL32	1082	0	0	-1	0	3.2436182e-07	0	3.2436183e-07
CDS	ENST00000429711.7	RPL32	1083	0	0	-1	0	5.4106386e-07	0	5.4106387e-07
CDS	ENST00000429711.7	RPL32	1084	0	0	-1	0	3.0832211e-07	0	3.0832212e-07
CDS	ENST00000429711.7	RPL32	1085	0	0	-1	0	1.7623863e-07	0	1.7623863e-07
CDS	ENST00000429711.7	RPL32	1086	0	0	-1	0	7.9160863e-08	0	7.9160864e-08
CDS	ENST00000429711.7	RPL32	1087	0	0	-1	0	2.7358087e-07	0	2.7358087e-07
CDS	ENST00000429711.7	RPL32	1088	0	0	-1	0	3.4436385e-07	0	3.4436386e-07
CDS	ENST00000429711.7	RPL32	1089	0	0	-1	0	1.483039e-06	0	1.483039e-06
CDS	ENST00000429711.7	RPL32	1090	0	0	-1	0	1.4422344e-06	0	1.4422344e-06
CDS	ENST00000429711.7	RPL32	1091	0	0	-1	0	5.7821427e-07	0	5.7821428e-07
CDS	ENST00000429711.7	RPL32	1092	0	0	-1	0	2.422855e-08	0	2.422855e-08
CDS	ENST00000429711.7	RPL32	1093	0	0	-1	0	3.5884185e-08	0	3.5884185e-08
CDS	ENST00000429711.7	RPL32	1094	0	0	-1	0	7.6950748e-08	0	7.695075e-08
CDS	ENST00000429711.7	RPL32	1095	0	0	-1	0	1.4608285e-07	0	1.4608286e-07
CDS	ENST00000429711.7	RPL32	1096	0	0	-1	0	9.4150487e-08	0	9.4150488e-08
CDS	ENST00000429711.7	RPL32	1097	0	0	-1	0	2.3868361e-07	0	2.3868362e-07
CDS	ENST00000429711.7	RPL32	1098	0	0	-1	0	4.1386491e-07	0	4.1386492e-07
CDS	ENST00000429711.7	RPL32	1099	0	0	-1	0	1.4086645e-07	0	1.4086645e-07
CDS	ENST00000429711.7	RPL32	1100	0	0	-1	0	2.6200593e-07	0	2.6200593e-07
CDS	ENST00000429711.7	RPL32	1101	0	0	-1	0	4.3516809e-07	0	4.351681e-07
CDS	ENST00000429711.7	RPL32	1102	0	0	-1	0	9.7154157e-08	0	9.7154159e-08
CDS	ENST00000429711.7	RPL32	1103	0	0	-1	0	3.9327571e-08	0	3.9327571e-08
CDS	ENST00000429711.7	RPL32	1104	0	0	-1	0	8.0990517e-08	0	8.0990519e-08
CDS	ENST00000429711.7	RPL32	1105	0	0	-1	0	3.9988436e-08	0	3.9988437e-08
CDS	ENST00000429711.7	RPL32	1106	0	0	-1	0	6.6858775e-08	0	6.6858776e-08
CDS	ENST00000429711.7	RPL32	1107	0	0	-1	0	4.313797e-08	0	4.3137971e-08
CDS	ENST00000429711.7	RPL32	1108	0	0	-1	0	1.3880524e-08	0	1.3880525e-08
CDS	ENST00000429711.7	RPL32	1109	0	0	-1	0	3.9673456e-08	0	3.9673456e-08
CDS	ENST00000429711.7	RPL32	1110	0	0	-1	0	1.185745e-07	0	1.1857451e-07
CDS	ENST00000429711.7	RPL32	1111	0	0	-1	0	6.4933012e-08	0	6.4933013e-08
CDS	ENST00000429711.7	RPL32	1112	0	0	-1	0	8.1852576e-08	0	8.1852578e-08
CDS	ENST00000429711.7	RPL32	1113	0	0	-1	0	1.4996829e-07	0	1.4996829e-07
CDS	ENST00000429711.7	RPL32	1114	0	0	-1	0	5.5681784e-07	0	5.5681785e-07
CDS	ENST00000429711.7	RPL32	1115	0	0	-1	0	3.6274284e-07	0	3.6274285e-07
CDS	ENST00000429711.7	RPL32	1116	0	0	-1	0	6.9533662e-08	0	6.9533664e-08
CDS	ENST00000429711.7	RPL32	1117	0	0	-1	0	6.2670985e-08	0	6.2670986e-08
CDS	ENST00000429711.7	RPL32	1118	0	0	-1	0	3.3144811e-08	0	3.3144812e-08
CDS	ENST00000429711.7	RPL32	1119	0	0	-1	0	7.2931698e-08	0	7.29317e-08
CDS	ENST00000429711.7	RPL32	1120	0	0	-1	0	4.4087734e-08	0	4.4087735e-08
CDS	ENST00000429711.7	RPL32	1121	0	0	-1	0	1.7907767e-07	0	1.7907768e-07
CDS	ENST00000429711.7	RPL32	1122	0	0	-1	0	2.9839919e-07	0	2.9839919e-07
CDS	ENST00000429711.7	RPL32	1123	0	0	-1	0	2.8568539e-07	0	2.8568539e-07
CDS	ENST00000429711.7	RPL32	1124	0	0	-1	0	8.2475673e-08	0	8.2475674e-08
CDS	ENST00000429711.7	RPL32	1125	0	0	-1	0	1.1761866e-07	0	1.1761866e-07
CDS	ENST00000429711.7	RPL32	1126	0	0	-1	0	3.8910034e-08	0	3.8910035e-08
CDS	ENST00000429711.7	RPL32	1127	0	0	-1	0	4.2108869e-08	0	4.210887e-08
CDS	ENST00000429711.7	RPL32	1128	0	0	-1	0	2.3879414e-08	0	2.3879414e-08
CDS	ENST00000429711.7	RPL32	1129	0	0	-1	0	4.6769141e-08	0	4.6769142e-08
CDS	ENST00000429711.7	RPL32	1130	0	0	-1	0	7.9122223e-08	0	7.9122225e-08
CDS	ENST00000429711.7	RPL32	1131	0	0	-1	0	1.0192607e-07	0	1.0192607e-07
CDS	ENST00000429711.7	RPL32	1132	0	0	-1	0	4.1548173e-08	0	4.1548174e-08
CDS	ENST00000429711.7	RPL32	1133	0	0	-1	0	2.5020256e-08	0	2.5020257e-08
CDS	ENST00000429711.7	RPL32	1134	0	0	-1	0	1.3903743e-07	0	1.3903743e-07
CDS	ENST00000429711.7	RPL32	1135	0	0	-1	0	6.0135065e-08	0	6.0135066e-08
CDS	ENST00000429711.7	RPL32	1136	0	0	-1	0	1.5535409e-07	0	1.5535409e-07
CDS	ENST00000429711.7	RPL32	1137	0	0	-1	0	2.5429491e-08	0	2.5429492e-08
CDS	ENST00000429711.7	RPL32	1138	0	0	-1	0	7.5349483e-08	0	7.5349485e-08
CDS	ENST00000429711.7	RPL32	1139	0	0	-1	0	1.4267722e-07	0	1.4267723e-07
CDS	ENST00000429711.7	RPL32	1140	0	0	-1	0	1.2941613e-06	0	1.2941613e-06
CDS	ENST00000429711.7	RPL32	1141	0	0	-1	0	1.1303889e-07	0	1.1303889e-07
CDS	ENST00000429711.7	RPL32	1142	0	0	-1	0	9.7534219e-08	0	9.7534221e-08
CDS	ENST00000429711.7	RPL32	1143	0	0	-1	0	6.7995764e-08	0	6.7995765e-08
CDS	ENST00000429711.7	RPL32	1144	0	0	-1	0	8.6901913e-08	0	8.6901915e-08
CDS	ENST00000429711.7	RPL32	1145	0	0	-1	0	3.1088467e-07	0	3.1088468e-07
CDS	ENST00000429711.7	RPL32	1146	0	0	-1	0	7.3520106e-08	0	7.3520107e-08
CDS	ENST00000429711.7	RPL32	1147	0	0	-1	0	1.4752685e-07	0	1.4752685e-07
CDS	ENST00000429711.7	RPL32	1148	0	0	-1	0	3.2884384e-07	0	3.2884385e-07
CDS	ENST00000429711.7	RPL32	1149	0	0	-1	0	1.8345712e-07	0	1.8345712e-07
CDS	ENST00000429711.7	RPL32	1150	0	0	-1	0	2.0222563e-08	0	2.0222564e-08
CDS	ENST00000429711.7	RPL32	1151	0	0	-1	0	2.1106887e-07	0	2.1106887e-07
CDS	ENST00000429711.7	RPL32	1152	0	0	-1	0	2.7551289e-07	0	2.7551289e-07
CDS	ENST00000429711.7	RPL32	1153	0	0	-1	0	1.3208403e-07	0	1.3208403e-07
CDS	ENST00000429711.7	RPL32	1154	0	0	-1	0	3.1649009e-07	0	3.1649009e-07
CDS	ENST00000429711.7	RPL32	1155	0	0	-1	0	4.7411484e-07	0	4.7411485e-07
CDS	ENST00000429711.7	RPL32	1156	0	0	-1	0	9.7216059e-08	0	9.7216061e-08
CDS	ENST00000429711.7	RPL32	1157	0	0	-1	0	3.4074358e-07	0	3.4074359e-07
CDS	ENST00000429711.7	RPL32	1158	0	0	-1	0	3.7402594e-07	0	3.7402595e-07
CDS	ENST00000429711.7	RPL32	1159	0	0	-1	0	1.7103004e-07	0	1.7103004e-07
CDS	ENST00000429711.7	RPL32	1160	0	0	-1	0	1.6747268e-07	0	1.6747268e-07
CDS	ENST00000429711.7	RPL32	1161	0	0	-1	0	1.8225649e-07	0	1.8225649e-07
CDS	ENST00000429711.7	RPL32	1162	0	0	-1	0	1.4454288e-08	0	1.4454289e-08
CDS	ENST00000429711.7	RPL32	1163	0	0	-1	0	8.5492271e-09	0	8.5492273e-09
CDS	ENST00000429711.7	RPL32	1164	0	0	-1	0	2.2379652e-07	0	2.2379652e-07
CDS	ENST00000429711.7	RPL32	1165	0	0	-1	0	1.7227013e-08	0	1.7227013e-08
CDS	ENST00000429711.7	RPL32	1166	0	0	-1	0	1.6665558e-08	0	1.6665558e-08
CDS	ENST00000429711.7	RPL32	1167	0	0	-1	0	7.1236663e-08	0	7.1236664e-08
CDS	ENST00000429711.7	RPL32	1168	0	0	-1	0	1.2482873e-07	0	1.2482873e-07
CDS	ENST00000429711.7	RPL32	1169	0	0	-1	0	4.6640416e-08	0	4.6640417e-08
CDS	ENST00000429711.7	RPL32	1170	0	0	-1	0	3.3878049e-08	0	3.387805e-08
CDS	ENST00000429711.7	RPL32	1171	0	0	-1	0	4.3789388e-08	0	4.3789389e-08
CDS	ENST00000429711.7	RPL32	1172	0	0	-1	0	1.2374e-08	0	1.2374001e-08
CDS	ENST00000429711.7	RPL32	1173	0	0	-1	0	9.904069e-08	0	9.9040692e-08
CDS	ENST00000429711.7	RPL32	1174	0	0	-1	0	4.6441045e-08	0	4.6441046e-08
CDS	ENST00000429711.7	RPL32	1175	0	0	-1	0	9.303691e-08	0	9.3036912e-08
CDS	ENST00000429711.7	RPL32	1176	0	0	-1	0	1.753419e-07	0	1.753419e-07
CDS	ENST00000429711.7	RPL32	1177	0	0	-1	0	1.7213128e-07	0	1.7213128e-07
CDS	ENST00000429711.7	RPL32	1178	0	0	-1	0	8.4724171e-08	0	8.4724173e-08
CDS	ENST00000429711.7	RPL32	1179	0	0	-1	0	1.1688568e-07	0	1.1688568e-07
CDS	ENST00000429711.7	RPL32	1180	0	0	-1	0	5.997196e-08	0	5.9971961e-08
CDS	ENST00000429711.7	RPL32	1181	0	0	-1	0	5.0665179e-08	0	5.066518e-08
CDS	ENST00000429711.7	RPL32	1182	0	0	-1	0	1.628621e-08	0	1.628621e-08
CDS	ENST00000429711.7	RPL32	1183	0	0	-1	0	1.6574262e-08	0	1.6574262e-08
CDS	ENST00000429711.7	RPL32	1184	0	0	-1	0	1.7536054e-08	0	1.7536055e-08
CDS	ENST00000429711.7	RPL32	1185	0	0	-1	0	2.8402314e-07	0	2.8402315e-07
CDS	ENST00000429711.7	RPL32	1186	0	0	-1	0	3.8835299e-08	0	3.88353e-08
CDS	ENST00000429711.7	RPL32	1187	0	0	-1	0	2.0345021e-07	0	2.0345022e-07
CDS	ENST00000429711.7	RPL32	1188	0	0	-1	0	1.0060553e-07	0	1.0060553e-07
CDS	ENST00000429711.7	RPL32	1189	0	0	-1	0	5.3544436e-08	0	5.3544438e-08
CDS	ENST00000429711.7	RPL32	1190	0	0	-1	0	4.7307151e-07	0	4.7307152e-07
CDS	ENST00000429711.7	RPL32	1191	0	0	-1	0	2.3666021e-07	0	2.3666022e-07
CDS	ENST00000429711.7	RPL32	1192	0	0	-1	0	5.6736491e-07	0	5.6736492e-07
CDS	ENST00000429711.7	RPL32	1193	0	0	-1	0	3.328874e-07	0	3.328874e-07
CDS	ENST00000429711.7	RPL32	1194	0	0	-1	0	1.2417138e-06	0	1.2417138e-06
CDS	ENST00000429711.7	RPL32	1195	0	0	-1	0	1.7170238e-07	0	1.7170239e-07
CDS	ENST00000429711.7	RPL32	1196	0	0	-1	0	7.2468694e-08	0	7.2468696e-08
CDS	ENST00000429711.7	RPL32	1197	0	0	-1	0	5.5894361e-08	0	5.5894362e-08
CDS	ENST00000429711.7	RPL32	1198	0	0	-1	0	1.3318956e-07	0	1.3318956e-07
CDS	ENST00000429711.7	RPL32	1199	0	0	-1	0	1.1535152e-07	0	1.1535152e-07
CDS	ENST00000429711.7	RPL32	1200	0	0	-1	0	6.548337e-08	0	6.5483371e-08
CDS	ENST00000429711.7	RPL32	1201	0	0	-1	0	6.7562297e-08	0	6.7562298e-08
CDS	ENST00000429711.7	RPL32	1202	0	0	-1	0	2.834073e-07	0	2.8340731e-07
CDS	ENST00000429711.7	RPL32	1203	0	0	-1	0	1.6567033e-07	0	1.6567033e-07
CDS	ENST00000429711.7	RPL32	1204	0	0	-1	0	7.596914e-08	0	7.5969142e-08
CDS	ENST00000429711.7	RPL32	1205	0	0	-1	0	2.0538427e-07	0	2.0538427e-07
CDS	ENST00000429711.7	RPL32	1206	0	0	-1	0	7.575138e-08	0	7.5751382e-08
CDS	ENST00000429711.7	RPL32	1207	0	0	-1	0	8.3728153e-08	0	8.3728155e-08
CDS	ENST00000429711.7	RPL32	1208	0	0	-1	0	1.4069688e-07	0	1.4069689e-07
CDS	ENST00000429711.7	RPL32	1209	0	0	-1	0	4.6615096e-07	0	4.6615097e-07
CDS	ENST00000429711.7	RPL32	1210	0	0	-1	0	8.221982e-08	0	8.2219822e-08
CDS	ENST00000429711.7	RPL32	1211	0	0	-1	0	9.372728e-08	0	9.3727282e-08
CDS	ENST00000429711.7	RPL32	1212	0	0	-1	0	6.3245191e-09	0	6.3245193e-09
CDS	ENST00000429711.7	RPL32	1213	0	0	-1	0	7.3132e-08	0	7.3132002e-08
CDS	ENST00000429711.7	RPL32	1214	0	0	-1	0	1.737107e-08	0	1.737107e-08
CDS	ENST00000429711.7	RPL32	1215	0	0	-1	0	1.4873483e-07	0	1.4873483e-07
CDS	ENST00000429711.7	RPL32	1216	0	0	-1	0	6.1319021e-08	0	6.1319022e-08
CDS	ENST00000429711.7	RPL32	1217	0	0	-1	0	2.5552794e-08	0	2.5552794e-08
CDS	ENST00000429711.7	RPL32	1218	0	0	-1	0	1.1352818e-07	0	1.1352818e-07
CDS	ENST00000429711.7	RPL32	1219	0	0	-1	0	8.7218581e-08	0	8.7218583e-08
CDS	ENST00000429711.7	RPL32	1220	0	0	-1	0	1.5592019e-07	0	1.5592019e-07
CDS	ENST00000429711.7	RPL32	1221	0	0	-1	0	3.2063227e-08	0	3.2063227e-08
CDS	ENST00000429711.7	RPL32	1222	0	0	-1	0	5.8033869e-08	0	5.803387e-08
CDS	ENST00000429711.7	RPL32	1223	0	0	-1	0	2.53434e-08	0	2.5343401e-08
CDS	ENST00000429711.7	RPL32	1224	0	0	-1	0	2.3865471e-07	0	2.3865471e-07
CDS	ENST00000429711.7	RPL32	1225	0	0	-1	0	4.6748983e-08	0	4.6748984e-08
CDS	ENST00000429711.7	RPL32	1226	0	0	-1	0	6.417114e-08	0	6.4171141e-08
CDS	ENST00000429711.7	RPL32	1227	0	0	-1	0	9.213432e-07	0	9.2134322e-07
CDS	ENST00000429711.7	RPL32	1228	0	0	-1	0	5.6831553e-08	0	5.6831554e-08
CDS	ENST00000429711.7	RPL32	1229	0	0	-1	0	3.6607574e-08	0	3.6607575e-08
CDS	ENST00000429711.7	RPL32	1230	0	0	-1	0	1.3883312e-07	0	1.3883312e-07
CDS	ENST00000429711.7	RPL32	1231	0	0	-1	0	5.4752658e-08	0	5.4752659e-08
CDS	ENST00000429711.7	RPL32	1232	0	0	-1	0	3.5855042e-08	0	3.5855042e-08
CDS	ENST00000429711.7	RPL32	1233	0	0	-1	0	8.5632671e-08	0	8.5632673e-08
CDS	ENST00000429711.7	RPL32	1234	0	0	-1	0	4.6829037e-08	0	4.6829038e-08
CDS	ENST00000429711.7	RPL32	1235	0	0	-1	0	5.5412123e-08	0	5.5412124e-08
CDS	ENST00000429711.7	RPL32	1236	0	0	-1	0	2.3942441e-08	0	2.3942441e-08
CDS	ENST00000429711.7	RPL32	1237	0	0	-1	0	6.0269953e-09	0	6.0269955e-09
CDS	ENST00000429711.7	RPL32	1238	0	0	-1	0	5.6635045e-08	0	5.6635046e-08
CDS	ENST00000429711.7	RPL32	1239	0	0	-1	0	1.8433717e-07	0	1.8433717e-07
CDS	ENST00000429711.7	RPL32	1240	0	0	-1	0	2.4069928e-07	0	2.4069928e-07
CDS	ENST00000429711.7	RPL32	1241	0	0	-1	0	1.4697383e-07	0	1.4697384e-07
CDS	ENST00000429711.7	RPL32	1242	0	0	-1	0	1.0061358e-07	0	1.0061359e-07
CDS	ENST00000429711.7	RPL32	1243	0	0	-1	0	1.0697924e-08	0	1.0697925e-08
CDS	ENST00000429711.7	RPL32	1244	0	0	-1	0	9.1849934e-08	0	9.1849936e-08
CDS	ENST00000429711.7	RPL32	1245	0	0	-1	0	4.8396276e-07	0	4.8396278e-07
CDS	ENST00000429711.7	RPL32	1246	0	0	-1	0	5.5897158e-07	0	5.5897159e-07
CDS	ENST00000429711.7	RPL32	1247	0	0	-1	0	1.3255976e-07	0	1.3255977e-07
CDS	ENST00000429711.7	RPL32	1248	0	0	-1	0	9.1401503e-08	0	9.1401505e-08
CDS	ENST00000429711.7	RPL32	1249	0	0	-1	0	7.7427018e-08	0	7.7427019e-08
CDS	ENST00000429711.7	RPL32	1250	0	0	-1	0	1.5741412e-07	0	1.5741412e-07
CDS	ENST00000429711.7	RPL32	1251	0	0	-1	0	3.7523836e-08	0	3.7523837e-08
CDS	ENST00000429711.7	RPL32	1252	0	0	-1	0	2.6502372e-08	0	2.6502372e-08
CDS	ENST00000429711.7	RPL32	1253	0	0	-1	0	1.1155448e-07	0	1.1155448e-07
CDS	ENST00000429711.7	RPL32	1254	0	0	-1	0	1.0108235e-07	0	1.0108235e-07
CDS	ENST00000429711.7	RPL32	1255	0	0	-1	0	1.4088566e-07	0	1.4088566e-07
CDS	ENST00000429711.7	RPL32	1256	0	0	-1	0	2.5224585e-07	0	2.5224586e-07
CDS	ENST00000429711.7	RPL32	1257	0	0	-1	0	1.6024109e-07	0	1.6024109e-07
CDS	ENST00000429711.7	RPL32	1258	0	0	-1	0	9.9147087e-08	0	9.9147089e-08
CDS	ENST00000429711.7	RPL32	1259	0	0	-1	0	2.5516525e-07	0	2.5516525e-07
CDS	ENST00000429711.7	RPL32	1260	0	0	-1	0	1.4049294e-07	0	1.4049295e-07
CDS	ENST00000429711.7	RPL32	1261	0	0	-1	0	1.1190098e-07	0	1.1190098e-07
CDS	ENST00000429711.7	RPL32	1262	0	0	-1	0	1.0367978e-07	0	1.0367978e-07
CDS	ENST00000429711.7	RPL32	1263	0	0	-1	0	7.6507717e-07	0	7.6507719e-07
CDS	ENST00000429711.7	RPL32	1264	0	0	-1	0	2.8596071e-07	0	2.8596072e-07
CDS	ENST00000429711.7	RPL32	1265	0	0	-1	0	1.3426632e-07	0	1.3426632e-07
CDS	ENST00000429711.7	RPL32	1266	0	0	-1	0	9.0600088e-07	0	9.060009e-07
CDS	ENST00000429711.7	RPL32	1267	0	0	-1	0	3.5192087e-07	0	3.5192088e-07
CDS	ENST00000429711.7	RPL32	1268	0	0	-1	0	1.8903229e-07	0	1.890323e-07
CDS	ENST00000429711.7	RPL32	1269	0	0	-1	0	3.4941274e-07	0	3.4941275e-07
CDS	ENST00000429711.7	RPL32	1270	0	0	-1	0	6.646091e-07	0	6.6460912e-07
CDS	ENST00000429711.7	RPL32	1271	0	0	-1	0	9.3006399e-08	0	9.3006401e-08
CDS	ENST00000429711.7	RPL32	1272	0	0	-1	0	1.9205179e-07	0	1.9205179e-07
CDS	ENST00000429711.7	RPL32	1273	0	0	-1	0	5.020442e-07	0	5.0204421e-07
CDS	ENST00000429711.7	RPL32	1274	0	0	-1	0	2.8795077e-07	0	2.8795077e-07
CDS	ENST00000429711.7	RPL32	1275	0	0	-1	0	2.9289203e-07	0	2.9289203e-07
CDS	ENST00000429711.7	RPL32	1276	0	0	-1	0	7.1987351e-08	0	7.1987353e-08
CDS	ENST00000429711.7	RPL32	1277	0	0	-1	0	4.8409273e-08	0	4.8409274e-08
CDS	ENST00000429711.7	RPL32	1278	0	0	-1	0	5.9092535e-08	0	5.9092537e-08
CDS	ENST00000429711.7	RPL32	1279	0	0	-1	0	1.7529476e-07	0	1.7529476e-07
CDS	ENST00000429711.7	RPL32	1280	0	0	-1	0	6.6569285e-08	0	6.6569287e-08
CDS	ENST00000429711.7	RPL32	1281	0	0	-1	0	2.2472117e-08	0	2.2472117e-08
CDS	ENST00000429711.7	RPL32	1282	0	0	-1	0	2.0237331e-07	0	2.0237332e-07
CDS	ENST00000429711.7	RPL32	1283	0	0	-1	0	1.1863231e-07	0	1.1863231e-07
CDS	ENST00000429711.7	RPL32	1284	0	0	-1	0	8.6265445e-08	0	8.6265446e-08
CDS	ENST00000429711.7	RPL32	1285	0	0	-1	0	6.770791e-09	0	6.7707912e-09
CDS	ENST00000429711.7	RPL32	1286	0	0	-1	0	3.7688309e-08	0	3.768831e-08
CDS	ENST00000429711.7	RPL32	1287	0	0	-1	0	4.0199271e-08	0	4.0199272e-08
CDS	ENST00000429711.7	RPL32	1288	0	0	-1	0	5.8725682e-08	0	5.8725683e-08
CDS	ENST00000429711.7	RPL32	1289	0	0	-1	0	1.7260495e-08	0	1.7260496e-08
CDS	ENST00000429711.7	RPL32	1290	0	0	-1	0	2.633828e-09	0	2.6338281e-09
CDS	ENST00000429711.7	RPL32	1291	0	0	-1	0	2.7881358e-08	0	2.7881358e-08
CDS	ENST00000429711.7	RPL32	1292	0	0	-1	0	3.5904108e-08	0	3.5904109e-08
CDS	ENST00000429711.7	RPL32	1293	0	0	-1	0	6.247371e-08	0	6.2473711e-08
CDS	ENST00000429711.7	RPL32	1294	0	0	-1	0	1.0623164e-07	0	1.0623164e-07
CDS	ENST00000429711.7	RPL32	1295	0	0	-1	0	1.390857e-07	0	1.390857e-07
CDS	ENST00000429711.7	RPL32	1296	0	0	-1	0	7.8264435e-08	0	7.8264437e-08
CDS	ENST00000429711.7	RPL32	1297	0	0	-1	0	1.7732816e-08	0	1.7732816e-08
CDS	ENST00000429711.7	RPL32	1298	0	0	-1	0	8.1240543e-08	0	8.1240545e-08
CDS	ENST00000429711.7	RPL32	1299	0	0	-1	0	5.4448432e-09	0	5.4448434e-09
CDS	ENST00000429711.7	RPL32	1300	0	0	-1	0	5.2184902e-08	0	5.2184903e-08
CDS	ENST00000429711.7	RPL32	1301	0	0	-1	0	3.6199033e-08	0	3.6199034e-08
CDS	ENST00000429711.7	RPL32	1302	0	0	-1	0	6.2114256e-09	0	6.2114257e-09
CDS	ENST00000429711.7	RPL32	1303	0	0	-1	0	1.025804e-07	0	1.025804e-07
CDS	ENST00000429711.7	RPL32	1304	0	0	-1	0	3.4129485e-07	0	3.4129486e-07
CDS	ENST00000429711.7	RPL32	1305	0	0	-1	0	7.5941756e-08	0	7.5941758e-08
CDS	ENST00000429711.7	RPL32	1306	0	0	-1	0	8.3164565e-08	0	8.3164567e-08
CDS	ENST00000429711.7	RPL32	1307	0	0	-1	0	1.2896285e-08	0	1.2896285e-08
CDS	ENST00000429711.7	RPL32	1308	0	0	-1	0	1.6155155e-08	0	1.6155156e-08
CDS	ENST00000429711.7	RPL32	1309	0	0	-1	0	3.3802145e-08	0	3.3802146e-08
CDS	ENST00000429711.7	RPL32	1310	0	0	-1	0	5.9323217e-09	0	5.9323219e-09
CDS	ENST00000429711.7	RPL32	1311	0	0	-1	0	1.1974755e-08	0	1.1974756e-08
CDS	ENST00000429711.7	RPL32	1312	0	0	-1	0	6.5301116e-09	0	6.5301117e-09
CDS	ENST00000429711.7	RPL32	1313	0	0	-1	0	8.9548653e-09	0	8.9548655e-09
CDS	ENST00000429711.7	RPL32	1314	0	0	-1	0	2.0217549e-08	0	2.0217549e-08
CDS	ENST00000429711.7	RPL32	1315	0	0	-1	0	3.6416967e-08	0	3.6416968e-08
CDS	ENST00000429711.7	RPL32	1316	0	0	-1	0	1.6448103e-08	0	1.6448104e-08
CDS	ENST00000429711.7	RPL32	1317	0	0	-1	0	3.4808682e-08	0	3.4808683e-08
CDS	ENST00000429711.7	RPL32	1318	0	0	-1	0	5.3168678e-09	0	5.3168679e-09
CDS	ENST00000429711.7	RPL32	1319	0	0	-1	0	6.086315e-09	0	6.0863151e-09
CDS	ENST00000429711.7	RPL32	1320	0	0	-1	0	4.5121951e-09	0	4.5121952e-09
CDS	ENST00000429711.7	RPL32	1321	0	0	-1	0	1.0357713e-08	0	1.0357713e-08
CDS	ENST00000429711.7	RPL32	1322	0	0	-1	0	1.6913802e-08	0	1.6913802e-08
CDS	ENST00000429711.7	RPL32	1323	0	0	-1	0	8.4246174e-09	0	8.4246176e-09
CDS	ENST00000429711.7	RPL32	1324	0	0	-1	0	1.9892036e-08	0	1.9892037e-08
CDS	ENST00000429711.7	RPL32	1325	0	0	-1	0	1.6004627e-08	0	1.6004627e-08
CDS	ENST00000429711.7	RPL32	1326	0	0	-1	0	1.7793122e-08	0	1.7793122e-08
CDS	ENST00000429711.7	RPL32	1327	0	0	-1	0	1.894386e-08	0	1.894386e-08
CDS	ENST00000429711.7	RPL32	1328	0	0	-1	0	2.6317403e-08	0	2.6317404e-08
CDS	ENST00000429711.7	RPL32	1329	0	0	-1	0	3.9301904e-09	0	3.9301905e-09
CDS	ENST00000429711.7	RPL32	1330	0	0	-1	0	1.3768767e-09	0	1.3768768e-09
CDS	ENST00000429711.7	RPL32	1331	0	0	-1	0	6.2048424e-09	0	6.2048425e-09
CDS	ENST00000429711.7	RPL32	1332	0	0	-1	0	2.4400604e-08	0	2.4400605e-08
CDS	ENST00000429711.7	RPL32	1333	0	0	-1	0	5.2179296e-09	0	5.2179298e-09
CDS	ENST00000429711.7	RPL32	1334	0	0	-1	0	6.1753404e-08	0	6.1753405e-08
CDS	ENST00000429711.7	RPL32	1335	0	0	-1	0	1.8409843e-07	0	1.8409843e-07
CDS	ENST00000429711.7	RPL32	1336	0	0	-1	0	3.2455411e-08	0	3.2455411e-08
CDS	ENST00000429711.7	RPL32	1337	0	0	-1	0	1.2984461e-06	0	1.2984462e-06
CDS	ENST00000429711.7	RPL32	1338	0	0	-1	0	2.3154006e-07	0	2.3154006e-07
CDS	ENST00000429711.7	RPL32	1339	0	0	-1	0	5.9177918e-08	0	5.9177919e-08
CDS	ENST00000429711.7	RPL32	1340	0	0	-1	0	3.491494e-08	0	3.4914941e-08
CDS	ENST00000429711.7	RPL32	1341	0	0	-1	0	4.4774822e-07	0	4.4774823e-07
CDS	ENST00000429711.7	RPL32	1342	0	0	-1	0	5.8080488e-08	0	5.8080489e-08
CDS	ENST00000429711.7	RPL32	1343	0	0	-1	0	1.7795576e-07	0	1.7795576e-07
CDS	ENST00000429711.7	RPL32	1344	0	0	-1	0	1.0089358e-07	0	1.0089358e-07
CDS	ENST00000429711.7	RPL32	1345	0	0	-1	0	1.3928972e-07	0	1.3928973e-07
CDS	ENST00000429711.7	RPL32	1346	0	0	-1	0	4.9395517e-08	0	4.9395518e-08
CDS	ENST00000429711.7	RPL32	1347	0	0	-1	0	9.2636206e-08	0	9.2636208e-08
CDS	ENST00000429711.7	RPL32	1348	0	0	-1	0	1.1376083e-06	0	1.1376083e-06
CDS	ENST00000429711.7	RPL32	1349	0	0	-1	0	5.1449099e-08	0	5.14491e-08
CDS	ENST00000429711.7	RPL32	1350	0	0	-1	0	4.6166136e-07	0	4.6166137e-07
CDS	ENST00000429711.7	RPL32	1351	0	0	-1	0	5.0399956e-07	0	5.0399957e-07
CDS	ENST00000429711.7	RPL32	1352	0	0	-1	0	6.5027713e-08	0	6.5027714e-08
CDS	ENST00000429711.7	RPL32	1353	0	0	-1	0	2.4656197e-07	0	2.4656197e-07
CDS	ENST00000429711.7	RPL32	1354	0	0	-1	0	9.3030138e-07	0	9.303014e-07
CDS	ENST00000429711.7	RPL32	1355	0	0	-1	0	2.600766e-07	0	2.6007661e-07
CDS	ENST00000429711.7	RPL32	1356	0	0	-1	0	7.9380854e-08	0	7.9380856e-08
CDS	ENST00000429711.7	RPL32	1357	0	0	-1	0	4.1345973e-07	0	4.1345974e-07
CDS	ENST00000429711.7	RPL32	1358	0	0	-1	0	1.5227141e-07	0	1.5227141e-07
CDS	ENST00000429711.7	RPL32	1359	0	0	-1	0	6.2177349e-08	0	6.2177351e-08
CDS	ENST00000429711.7	RPL32	1360	0	0	-1	0	2.4077434e-07	0	2.4077435e-07
CDS	ENST00000429711.7	RPL32	1361	0	0	-1	0	1.3373317e-07	0	1.3373317e-07
CDS	ENST00000429711.7	RPL32	1362	0	0	-1	0	7.85327e-08	0	7.8532702e-08
CDS	ENST00000429711.7	RPL32	1363	0	0	-1	0	4.0264015e-07	0	4.0264016e-07
CDS	ENST00000429711.7	RPL32	1364	0	0	-1	0	1.0956888e-07	0	1.0956888e-07
CDS	ENST00000429711.7	RPL32	1365	0	0	-1	0	2.2383239e-07	0	2.2383239e-07
CDS	ENST00000429711.7	RPL32	1366	0	0	-1	0	1.6842126e-06	0	1.6842127e-06
CDS	ENST00000429711.7	RPL32	1367	0	0	-1	0	2.7406816e-07	0	2.7406816e-07
CDS	ENST00000429711.7	RPL32	1368	0	0	-1	0	3.9952431e-07	0	3.9952432e-07
CDS	ENST00000429711.7	RPL32	1369	0	0	-1	0	2.5024661e-07	0	2.5024662e-07
CDS	ENST00000429711.7	RPL32	1370	0	0	-1	0	9.793954e-07	0	9.7939542e-07
CDS	ENST00000429711.7	RPL32	1371	0	0	-1	0	1.1194447e-06	0	1.1194448e-06
CDS	ENST00000429711.7	RPL32	1372	0	0	-1	0	1.006242e-06	0	1.006242e-06
CDS	ENST00000429711.7	RPL32	1373	0	0	-1	0	1.2892518e-07	0	1.2892518e-07
CDS	ENST00000429711.7	RPL32	1374	0	0	-1	0	2.1415822e-08	0	2.1415822e-08
CDS	ENST00000429711.7	RPL32	1375	0	0	-1	0	6.6763455e-08	0	6.6763457e-08
CDS	ENST00000429711.7	RPL32	1376	0	0	-1	0	7.3275537e-08	0	7.3275538e-08
CDS	ENST00000429711.7	RPL32	1377	0	0	-1	0	5.0432241e-08	0	5.0432243e-08
CDS	ENST00000429711.7	RPL32	1378	0	0	-1	0	5.4759134e-08	0	5.4759135e-08
CDS	ENST00000429711.7	RPL32	1379	0	0	-1	0	1.9565903e-08	0	1.9565903e-08
CDS	ENST00000429711.7	RPL32	1380	0	0	-1	0	4.4529138e-08	0	4.4529139e-08
CDS	ENST00000429711.7	RPL32	1381	0	0	-1	0	1.7341434e-07	0	1.7341434e-07
CDS	ENST00000429711.7	RPL32	1382	0	0	-1	0	6.2449644e-08	0	6.2449645e-08
CDS	ENST00000429711.7	RPL32	1383	0	0	-1	0	9.5065175e-08	0	9.5065177e-08
CDS	ENST00000429711.7	RPL32	1384	0	0	-1	0	4.6869516e-08	0	4.6869517e-08
CDS	ENST00000429711.7	RPL32	1385	0	0	-1	0	3.0061511e-07	0	3.0061512e-07
CDS	ENST00000429711.7	RPL32	1386	0	0	-1	0	2.0313401e-07	0	2.0313401e-07
CDS	ENST00000429711.7	RPL32	1387	0	0	-1	0	2.595351e-08	0	2.595351e-08
CDS	ENST00000429711.7	RPL32	1388	0	0	-1	0	1.3576405e-07	0	1.3576406e-07
CDS	ENST00000429711.7	RPL32	1389	0	0	-1	0	8.6080213e-08	0	8.6080215e-08
CDS	ENST00000429711.7	RPL32	1390	0	0	-1	0	5.186736e-08	0	5.1867361e-08
CDS	ENST00000429711.7	RPL32	1391	0	0	-1	0	9.1047589e-08	0	9.1047591e-08
CDS	ENST00000429711.7	RPL32	1392	0	0	-1	0	3.6868261e-07	0	3.6868261e-07
CDS	ENST00000429711.7	RPL32	1393	0	0	-1	0	6.6954715e-07	0	6.6954716e-07
CDS	ENST00000429711.7	RPL32	1394	0	0	-1	0	4.9493713e-07	0	4.9493714e-07
CDS	ENST00000429711.7	RPL32	1395	0	0	-1	0	3.6153784e-07	0	3.6153785e-07
CDS	ENST00000429711.7	RPL32	1396	0	0	-1	0	2.6189679e-07	0	2.6189679e-07
CDS	ENST00000429711.7	RPL32	1397	0	0	-1	0	1.2505583e-07	0	1.2505584e-07
CDS	ENST00000429711.7	RPL32	1398	0	0	-1	0	4.9586102e-08	0	4.9586103e-08
CDS	ENST00000429711.7	RPL32	1399	0	0	-1	0	8.3537536e-08	0	8.3537538e-08
CDS	ENST00000429711.7	RPL32	1400	0	0	-1	0	1.198981e-07	0	1.1989811e-07
CDS	ENST00000429711.7	RPL32	1401	0	0	-1	0	2.979516e-07	0	2.9795161e-07
CDS	ENST00000429711.7	RPL32	1402	0	0	-1	0	6.9368576e-07	0	6.9368578e-07
CDS	ENST00000429711.7	RPL32	1403	0	0	-1	0	9.8120296e-08	0	9.8120298e-08
CDS	ENST00000429711.7	RPL32	1404	0	0	-1	0	2.6502272e-08	0	2.6502273e-08
CDS	ENST00000429711.7	RPL32	1405	0	0	-1	0	3.0215168e-07	0	3.0215168e-07
CDS	ENST00000429711.7	RPL32	1406	0	0	-1	0	2.5522462e-07	0	2.5522463e-07
CDS	ENST00000429711.7	RPL32	1407	0	0	-1	0	4.247428e-08	0	4.2474281e-08
CDS	ENST00000429711.7	RPL32	1408	0	0	-1	0	7.6353665e-08	0	7.6353666e-08
CDS	ENST00000429711.7	RPL32	1409	0	0	-1	0	3.2466307e-08	0	3.2466308e-08
CDS	ENST00000429711.7	RPL32	1410	0	0	-1	0	1.2610573e-08	0	1.2610573e-08
CDS	ENST00000429711.7	RPL32	1411	0	0	-1	0	1.1416256e-07	0	1.1416256e-07
CDS	ENST00000429711.7	RPL32	1412	0	0	-1	0	8.1668716e-08	0	8.1668718e-08
CDS	ENST00000429711.7	RPL32	1413	0	0	-1	0	1.5783691e-08	0	1.5783691e-08
CDS	ENST00000429711.7	RPL32	1414	0	0	-1	0	1.1771264e-08	0	1.1771264e-08
CDS	ENST00000429711.7	RPL32	1415	0	0	-1	0	5.6970038e-08	0	5.6970039e-08
CDS	ENST00000429711.7	RPL32	1416	0	0	-1	0	2.7212847e-08	0	2.7212848e-08
CDS	ENST00000429711.7	RPL32	1417	0	0	-1	0	7.8131542e-08	0	7.8131544e-08
CDS	ENST00000429711.7	RPL32	1418	0	0	-1	0	5.4984152e-08	0	5.4984153e-08
CDS	ENST00000429711.7	RPL32	1419	0	0	-1	0	2.5935792e-08	0	2.5935793e-08
CDS	ENST00000429711.7	RPL32	1420	0	0	-1	0	3.7891205e-08	0	3.7891206e-08
CDS	ENST00000429711.7	RPL32	1421	0	0	-1	0	3.0064019e-08	0	3.0064019e-08
CDS	ENST00000429711.7	RPL32	1422	0	0	-1	0	2.7588136e-08	0	2.7588137e-08
CDS	ENST00000429711.7	RPL32	1423	0	0	-1	0	1.2664078e-07	0	1.2664079e-07
CDS	ENST00000429711.7	RPL32	1424	0	0	-1	0	1.4664329e-07	0	1.4664329e-07
CDS	ENST00000429711.7	RPL32	1425	0	0	-1	0	5.7389926e-08	0	5.7389927e-08
CDS	ENST00000429711.7	RPL32	1426	0	0	-1	0	3.9058303e-08	0	3.9058304e-08
CDS	ENST00000429711.7	RPL32	1427	0	0	-1	0	2.655506e-07	0	2.655506e-07
CDS	ENST00000429711.7	RPL32	1428	0	0	-1	0	7.7018882e-08	0	7.7018884e-08
CDS	ENST00000429711.7	RPL32	1429	0	0	-1	0	4.4015371e-07	0	4.4015372e-07
CDS	ENST00000429711.7	RPL32	1430	0	0	-1	0	3.4695586e-07	0	3.4695587e-07
CDS	ENST00000429711.7	RPL32	1431	0	0	-1	0	1.9779303e-07	0	1.9779303e-07
CDS	ENST00000429711.7	RPL32	1432	0	0	-1	0	2.1608885e-07	0	2.1608885e-07
CDS	ENST00000429711.7	RPL32	1433	0	0	-1	0	1.0743835e-07	0	1.0743836e-07
CDS	ENST00000429711.7	RPL32	1434	0	0	-1	0	9.3013623e-09	0	9.3013625e-09
CDS	ENST00000429711.7	RPL32	1435	0	0	-1	0	8.7508027e-08	0	8.7508029e-08
CDS	ENST00000429711.7	RPL32	1436	0	0	-1	0	2.9877093e-08	0	2.9877093e-08
CDS	ENST00000429711.7	RPL32	1437	0	0	-1	0	8.3291873e-08	0	8.3291875e-08
CDS	ENST00000429711.7	RPL32	1438	0	0	-1	0	5.509207e-08	0	5.5092071e-08
CDS	ENST00000429711.7	RPL32	1439	0	0	-1	0	5.5705339e-08	0	5.570534e-08
CDS	ENST00000429711.7	RPL32	1440	0	0	-1	0	1.4652942e-06	0	1.4652942e-06
CDS	ENST00000429711.7	RPL32	1441	0	0	-1	0	1.4283187e-07	0	1.4283187e-07
CDS	ENST00000429711.7	RPL32	1442	0	0	-1	0	5.603291e-08	0	5.6032911e-08
CDS	ENST00000429711.7	RPL32	1443	0	0	-1	0	4.4528011e-07	0	4.4528012e-07
CDS	ENST00000429711.7	RPL32	1444	0	0	-1	0	7.7479513e-07	0	7.7479514e-07
CDS	ENST00000429711.7	RPL32	1445	0	0	-1	0	1.8109564e-07	0	1.8109565e-07
CDS	ENST00000429711.7	RPL32	1446	0	0	-1	0	6.6131958e-07	0	6.6131959e-07
CDS	ENST00000429711.7	RPL32	1447	0	0	-1	0	3.8626236e-08	0	3.8626237e-08
CDS	ENST00000429711.7	RPL32	1448	0	0	-1	0	2.4757455e-08	0	2.4757455e-08
CDS	ENST00000429711.7	RPL32	1449	0	0	-1	0	2.5667993e-07	0	2.5667993e-07
CDS	ENST00000429711.7	RPL32	1450	0	0	-1	0	6.0989272e-08	0	6.0989274e-08
CDS	ENST00000429711.7	RPL32	1451	0	0	-1	0	7.8659376e-08	0	7.8659378e-08
CDS	ENST00000429711.7	RPL32	1452	0	0	-1	0	6.9898039e-07	0	6.989804e-07
CDS	ENST00000429711.7	RPL32	1453	0	0	-1	0	1.1244442e-07	0	1.1244442e-07
CDS	ENST00000429711.7	RPL32	1454	0	0	-1	0	2.0160068e-07	0	2.0160069e-07
CDS	ENST00000429711.7	RPL32	1455	0	0	-1	0	6.0615935e-07	0	6.0615936e-07
CDS	ENST00000429711.7	RPL32	1456	0	0	-1	0	2.8277352e-08	0	2.8277353e-08
CDS	ENST00000429711.7	RPL32	1457	0	0	-1	0	2.2843075e-08	0	2.2843075e-08
CDS	ENST00000429711.7	RPL32	1458	0	0	-1	0	3.0899946e-07	0	3.0899947e-07
CDS	ENST00000429711.7	RPL32	1459	0	0	-1	0	4.995378e-07	0	4.9953782e-07
CDS	ENST00000429711.7	RPL32	1460	0	0	-1	0	7.3576541e-07	0	7.3576543e-07
CDS	ENST00000429711.7	RPL32	1461	0	0	-1	0	7.6241793e-07	0	7.6241794e-07
CDS	ENST00000429711.7	RPL32	1462	0	0	-1	0	2.0801784e-07	0	2.0801784e-07
CDS	ENST00000429711.7	RPL32	1463	0	0	-1	0	9.8044393e-07	0	9.8044395e-07
CDS	ENST00000429711.7	RPL32	1464	0	0	-1	0	2.9916339e-07	0	2.991634e-07
CDS	ENST00000429711.7	RPL32	1465	0	0	-1	0	5.1504895e-07	0	5.1504896e-07
CDS	ENST00000429711.7	RPL32	1466	0	0	-1	0	2.1251282e-07	0	2.1251282e-07
CDS	ENST00000429711.7	RPL32	1467	0	0	-1	0	2.5101673e-07	0	2.5101673e-07
CDS	ENST00000429711.7	RPL32	1468	0	0	-1	0	2.8839983e-07	0	2.8839984e-07
CDS	ENST00000429711.7	RPL32	1469	0	0	-1	0	2.6187229e-07	0	2.6187229e-07
CDS	ENST00000429711.7	RPL32	1470	0	0	-1	0	1.6483224e-07	0	1.6483225e-07
CDS	ENST00000429711.7	RPL32	1471	0	0	-1	0	6.6230633e-08	0	6.6230635e-08
CDS	ENST00000429711.7	RPL32	1472	0	0	-1	0	5.5650463e-07	0	5.5650464e-07
CDS	ENST00000429711.7	RPL32	1473	0	0	-1	0	5.0186662e-07	0	5.0186663e-07
CDS	ENST00000429711.7	RPL32	1474	0	0	-1	0	3.1600965e-07	0	3.1600965e-07
CDS	ENST00000429711.7	RPL32	1475	0	0	-1	0	1.7408061e-07	0	1.7408061e-07
CDS	ENST00000429711.7	RPL32	1476	0	0	-1	0	5.9629633e-07	0	5.9629634e-07
CDS	ENST00000429711.7	RPL32	1477	0	0	-1	0	4.3824588e-07	0	4.3824589e-07
CDS	ENST00000429711.7	RPL32	1478	0	0	-1	0	1.6702671e-07	0	1.6702672e-07
CDS	ENST00000429711.7	RPL32	1479	0	0	-1	0	2.6299907e-07	0	2.6299907e-07
CDS	ENST00000429711.7	RPL32	1480	0	0	-1	0	5.5827126e-08	0	5.5827127e-08
CDS	ENST00000429711.7	RPL32	1481	0	0	-1	0	6.652207e-08	0	6.6522071e-08
CDS	ENST00000429711.7	RPL32	1482	0	0	-1	0	1.1994294e-07	0	1.1994294e-07
CDS	ENST00000429711.7	RPL32	1483	0	0	-1	0	1.4607812e-07	0	1.4607813e-07
CDS	ENST00000429711.7	RPL32	1484	0	0	-1	0	4.753785e-07	0	4.7537851e-07
CDS	ENST00000429711.7	RPL32	1485	0	0	-1	0	4.0418538e-08	0	4.0418539e-08
CDS	ENST00000429711.7	RPL32	1486	0	0	-1	0	5.5185037e-08	0	5.5185038e-08
CDS	ENST00000429711.7	RPL32	1487	0	0	-1	0	2.0272101e-07	0	2.0272102e-07
CDS	ENST00000429711.7	RPL32	1488	0	0	-1	0	4.0746269e-08	0	4.0746269e-08
CDS	ENST00000429711.7	RPL32	1489	0	0	-1	0	4.0173514e-08	0	4.0173515e-08
CDS	ENST00000429711.7	RPL32	1490	0	0	-1	0	7.1352112e-08	0	7.1352113e-08
CDS	ENST00000429711.7	RPL32	1491	0	0	-1	0	5.1631261e-08	0	5.1631262e-08
CDS	ENST00000429711.7	RPL32	1492	0	0	-1	0	5.1156036e-08	0	5.1156037e-08
CDS	ENST00000429711.7	RPL32	1493	0	0	-1	0	1.018872e-07	0	1.018872e-07
CDS	ENST00000429711.7	RPL32	1494	0	0	-1	0	5.6222401e-08	0	5.6222402e-08
CDS	ENST00000429711.7	RPL32	1495	0	0	-1	0	3.4212354e-07	0	3.4212355e-07
CDS	ENST00000429711.7	RPL32	1496	0	0	-1	0	1.0473939e-07	0	1.0473939e-07
CDS	ENST00000429711.7	RPL32	1497	0	0	-1	0	1.443291e-08	0	1.443291e-08
CDS	ENST00000429711.7	RPL32	1498	0	0	-1	0	8.8772172e-09	0	8.8772174e-09
CDS	ENST00000429711.7	RPL32	1499	0	0	-1	0	1.2809307e-08	0	1.2809307e-08
CDS	ENST00000429711.7	RPL32	1500	0	0	-1	0	4.5169934e-08	0	4.5169935e-08
CDS	ENST00000429711.7	RPL32	1501	0	0	-1	0	3.9930717e-09	0	3.9930717e-09
CDS	ENST00000429711.7	RPL32	1502	0	0	-1	0	3.3802273e-08	0	3.3802274e-08
CDS	ENST00000429711.7	RPL32	1503	0	0	-1	0	1.7825911e-07	0	1.7825912e-07
CDS	ENST00000429711.7	RPL32	1504	0	0	-1	0	9.5018954e-08	0	9.5018956e-08
CDS	ENST00000429711.7	RPL32	1505	0	0	-1	0	2.3779252e-07	0	2.3779252e-07
CDS	ENST00000429711.7	RPL32	1506	0	0	-1	0	5.3064628e-07	0	5.3064629e-07
CDS	ENST00000429711.7	RPL32	1507	0	0	-1	0	3.4427191e-07	0	3.4427192e-07
CDS	ENST00000429711.7	RPL32	1508	0	0	-1	0	1.2637113e-07	0	1.2637114e-07
CDS	ENST00000429711.7	RPL32	1509	0	0	-1	0	2.3597464e-07	0	2.3597464e-07
CDS	ENST00000429711.7	RPL32	1510	0	0	-1	0	6.6920272e-08	0	6.6920273e-08
CDS	ENST00000429711.7	RPL32	1511	0	0	-1	0	3.3155482e-07	0	3.3155482e-07
CDS	ENST00000429711.7	RPL32	1512	0	0	-1	0	1.7461109e-06	0	1.7461109e-06
CDS	ENST00000429711.7	RPL32	1513	0	0	-1	0	4.2628341e-07	0	4.2628342e-07
CDS	ENST00000429711.7	RPL32	1514	0	0	-1	0	7.0581386e-08	0	7.0581388e-08
CDS	ENST00000429711.7	RPL32	1515	0	0	-1	0	5.907865e-07	0	5.9078651e-07
CDS	ENST00000429711.7	RPL32	1516	0	0	-1	0	8.3817149e-08	0	8.3817151e-08
CDS	ENST00000429711.7	RPL32	1517	0	0	-1	0	1.1635273e-07	0	1.1635273e-07
CDS	ENST00000429711.7	RPL32	1518	0	0	-1	0	6.265405e-07	0	6.2654051e-07
CDS	ENST00000429711.7	RPL32	1519	0	0	-1	0	5.2983825e-07	0	5.2983826e-07
CDS	ENST00000429711.7	RPL32	1520	0	0	-1	0	1.2753256e-07	0	1.2753256e-07
CDS	ENST00000429711.7	RPL32	1521	0	0	-1	0	9.6282143e-08	0	9.6282145e-08
CDS	ENST00000429711.7	RPL32	1522	0	0	-1	0	3.7298424e-08	0	3.7298425e-08
CDS	ENST00000429711.7	RPL32	1523	0	0	-1	0	4.6040281e-08	0	4.6040282e-08
CDS	ENST00000429711.7	RPL32	1524	0	0	-1	0	4.0183383e-07	0	4.0183384e-07
CDS	ENST00000429711.7	RPL32	1525	0	0	-1	0	1.3021595e-07	0	1.3021595e-07
CDS	ENST00000429711.7	RPL32	1526	0	0	-1	0	1.7480161e-07	0	1.7480162e-07
CDS	ENST00000429711.7	RPL32	1527	0	0	-1	0	1.9971483e-07	0	1.9971484e-07
CDS	ENST00000429711.7	RPL32	1528	0	0	-1	0	5.5792427e-08	0	5.5792428e-08
CDS	ENST00000429711.7	RPL32	1529	0	0	-1	0	6.1634586e-07	0	6.1634587e-07
CDS	ENST00000429711.7	RPL32	1530	0	0	-1	0	9.7818372e-07	0	9.7818374e-07
CDS	ENST00000429711.7	RPL32	1531	0	0	-1	0	9.8566346e-08	0	9.8566348e-08
CDS	ENST00000429711.7	RPL32	1532	0	0	-1	0	7.7341679e-07	0	7.734168e-07
CDS	ENST00000429711.7	RPL32	1533	0	0	-1	0	3.4042785e-07	0	3.4042785e-07
CDS	ENST00000429711.7	RPL32	1534	0	0	-1	0	7.8125282e-08	0	7.8125284e-08
CDS	ENST00000429711.7	RPL32	1535	0	0	-1	0	3.4376964e-07	0	3.4376965e-07
CDS	ENST00000429711.7	RPL32	1536	0	0	-1	0	2.4234675e-06	0	2.4234676e-06
CDS	ENST00000429711.7	RPL32	1537	0	0	-1	0	1.3788158e-06	0	1.3788158e-06
CDS	ENST00000429711.7	RPL32	1538	0	0	-1	0	1.1259733e-07	0	1.1259734e-07
CDS	ENST00000429711.7	RPL32	1539	0	0	-1	0	4.0535213e-07	0	4.0535213e-07
CDS	ENST00000429711.7	RPL32	1540	0	0	-1	0	6.6751234e-08	0	6.6751235e-08
CDS	ENST00000429711.7	RPL32	1541	0	0	-1	0	5.9076534e-08	0	5.9076535e-08
CDS	ENST00000429711.7	RPL32	1542	0	0	-1	0	7.8020598e-08	0	7.80206e-08
CDS	ENST00000429711.7	RPL32	1543	0	0	-1	0	2.4493865e-08	0	2.4493865e-08
CDS	ENST00000429711.7	RPL32	1544	0	0	-1	0	2.1060732e-08	0	2.1060732e-08
CDS	ENST00000429711.7	RPL32	1545	0	0	-1	0	2.5082276e-08	0	2.5082276e-08
CDS	ENST00000429711.7	RPL32	1546	0	0	-1	0	1.3353404e-08	0	1.3353404e-08
CDS	ENST00000429711.7	RPL32	1547	0	0	-1	0	1.3602239e-08	0	1.360224e-08
CDS	ENST00000429711.7	RPL32	1548	0	0	-1	0	4.1948226e-08	0	4.1948227e-08
CDS	ENST00000429711.7	RPL32	1549	0	0	-1	0	2.8003071e-09	0	2.8003072e-09
CDS	ENST00000429711.7	RPL32	1550	0	0	-1	0	2.1563132e-08	0	2.1563132e-08
CDS	ENST00000429711.7	RPL32	1551	0	0	-1	0	5.9391521e-08	0	5.9391522e-08
CDS	ENST00000429711.7	RPL32	1552	0	0	-1	0	5.5059399e-08	0	5.50594e-08
CDS	ENST00000429711.7	RPL32	1553	0	0	-1	0	1.349983e-07	0	1.3499831e-07
CDS	ENST00000429711.7	RPL32	1554	0	0	-1	0	8.8701974e-08	0	8.8701976e-08
CDS	ENST00000429711.7	RPL32	1555	0	0	-1	0	1.9601157e-07	0	1.9601157e-07
CDS	ENST00000429711.7	RPL32	1556	0	0	-1	0	2.88873e-07	0	2.88873e-07
CDS	ENST00000429711.7	RPL32	1557	0	0	-1	0	1.1066145e-07	0	1.1066145e-07
CDS	ENST00000429711.7	RPL32	1558	0	0	-1	0	6.873131e-08	0	6.8731312e-08
CDS	ENST00000429711.7	RPL32	1559	0	0	-1	0	5.1472167e-08	0	5.1472168e-08
CDS	ENST00000429711.7	RPL32	1560	0	0	-1	0	1.1371803e-07	0	1.1371803e-07
CDS	ENST00000429711.7	RPL32	1561	0	0	-1	0	6.7802155e-08	0	6.7802156e-08
CDS	ENST00000429711.7	RPL32	1562	0	0	-1	0	4.7165006e-08	0	4.7165007e-08
CDS	ENST00000429711.7	RPL32	1563	0	0	-1	0	2.3255391e-08	0	2.3255391e-08
CDS	ENST00000429711.7	RPL32	1564	0	0	-1	0	5.8503204e-08	0	5.8503205e-08
CDS	ENST00000429711.7	RPL32	1565	0	0	-1	0	1.1367054e-07	0	1.1367054e-07
CDS	ENST00000429711.7	RPL32	1566	0	0	-1	0	6.1867524e-08	0	6.1867526e-08
CDS	ENST00000429711.7	RPL32	1567	0	0	-1	0	3.1051147e-08	0	3.1051148e-08
CDS	ENST00000429711.7	RPL32	1568	0	0	-1	0	1.8101795e-07	0	1.8101796e-07
CDS	ENST00000429711.7	RPL32	1569	0	0	-1	0	1.4595112e-07	0	1.4595112e-07
CDS	ENST00000429711.7	RPL32	1570	0	0	-1	0	2.0454823e-07	0	2.0454823e-07
CDS	ENST00000429711.7	RPL32	1571	0	0	-1	0	1.8924297e-07	0	1.8924297e-07
CDS	ENST00000429711.7	RPL32	1572	0	0	-1	0	7.7186866e-07	0	7.7186867e-07
CDS	ENST00000429711.7	RPL32	1573	0	0	-1	0	2.8708868e-07	0	2.8708869e-07
CDS	ENST00000429711.7	RPL32	1574	0	0	-1	0	3.5075888e-07	0	3.5075889e-07
CDS	ENST00000429711.7	RPL32	1575	0	0	-1	0	2.8502546e-07	0	2.8502547e-07
CDS	ENST00000429711.7	RPL32	1576	0	0	-1	0	1.6445493e-07	0	1.6445493e-07
CDS	ENST00000429711.7	RPL32	1577	0	0	-1	0	2.4054143e-07	0	2.4054143e-07
CDS	ENST00000429711.7	RPL32	1578	0	0	-1	0	4.6559801e-08	0	4.6559802e-08
CDS	ENST00000429711.7	RPL32	1579	0	0	-1	0	4.104259e-08	0	4.1042591e-08
CDS	ENST00000429711.7	RPL32	1580	0	0	-1	0	9.2203798e-08	0	9.22038e-08
CDS	ENST00000429711.7	RPL32	1581	0	0	-1	0	1.0111803e-07	0	1.0111803e-07
CDS	ENST00000429711.7	RPL32	1582	0	0	-1	0	1.0020355e-07	0	1.0020355e-07
CDS	ENST00000429711.7	RPL32	1583	0	0	-1	0	6.2615879e-07	0	6.2615881e-07
CDS	ENST00000429711.7	RPL32	1584	0	0	-1	0	1.9681644e-07	0	1.9681645e-07
CDS	ENST00000429711.7	RPL32	1585	0	0	-1	0	2.5388556e-07	0	2.5388556e-07
CDS	ENST00000429711.7	RPL32	1586	0	0	-1	0	8.31227e-08	0	8.3122702e-08
CDS	ENST00000429711.7	RPL32	1587	0	0	-1	0	4.5382027e-08	0	4.5382028e-08
CDS	ENST00000429711.7	RPL32	1588	0	0	-1	0	8.9721375e-08	0	8.9721377e-08
CDS	ENST00000429711.7	RPL32	1589	0	0	-1	0	2.0404285e-07	0	2.0404285e-07
CDS	ENST00000429711.7	RPL32	1590	0	0	-1	0	2.0381471e-07	0	2.0381471e-07
CDS	ENST00000429711.7	RPL32	1591	0	0	-1	0	2.3307024e-07	0	2.3307024e-07
CDS	ENST00000429711.7	RPL32	1592	0	0	-1	0	1.669283e-07	0	1.6692831e-07
CDS	ENST00000429711.7	RPL32	1593	0	0	-1	0	1.0247793e-07	0	1.0247793e-07
CDS	ENST00000429711.7	RPL32	1594	0	0	-1	0	2.1478647e-07	0	2.1478647e-07
CDS	ENST00000429711.7	RPL32	1595	0	0	-1	0	2.2376216e-07	0	2.2376216e-07
CDS	ENST00000429711.7	RPL32	1596	0	0	-1	0	9.7245554e-08	0	9.7245556e-08
CDS	ENST00000429711.7	RPL32	1597	0	0	-1	0	2.2400908e-08	0	2.2400908e-08
CDS	ENST00000429711.7	RPL32	1598	0	0	-1	0	1.9888613e-07	0	1.9888613e-07
CDS	ENST00000429711.7	RPL32	1599	0	0	-1	0	5.6748256e-08	0	5.6748257e-08
CDS	ENST00000429711.7	RPL32	1600	0	0	-1	0	2.6948081e-08	0	2.6948082e-08
CDS	ENST00000429711.7	RPL32	1601	0	0	-1	0	1.7431075e-08	0	1.7431076e-08
CDS	ENST00000429711.7	RPL32	1602	0	0	-1	0	2.1978114e-08	0	2.1978114e-08
CDS	ENST00000429711.7	RPL32	1603	0	0	-1	0	2.6932666e-08	0	2.6932666e-08
CDS	ENST00000429711.7	RPL32	1604	0	0	-1	0	5.9782828e-08	0	5.9782829e-08
CDS	ENST00000429711.7	RPL32	1605	0	0	-1	0	7.7129577e-08	0	7.7129579e-08
CDS	ENST00000429711.7	RPL32	1606	0	0	-1	0	3.6494221e-08	0	3.6494222e-08
CDS	ENST00000429711.7	RPL32	1607	0	0	-1	0	5.2924459e-08	0	5.2924461e-08
CDS	ENST00000429711.7	RPL32	1608	0	0	-1	0	1.1694143e-07	0	1.1694143e-07
CDS	ENST00000429711.7	RPL32	1609	0	0	-1	0	2.6993867e-08	0	2.6993867e-08
CDS	ENST00000429711.7	RPL32	1610	0	0	-1	0	4.0239929e-08	0	4.023993e-08
CDS	ENST00000429711.7	RPL32	1611	0	0	-1	0	6.006205e-08	0	6.0062051e-08
CDS	ENST00000429711.7	RPL32	1612	0	0	-1	0	4.7495863e-08	0	4.7495864e-08
CDS	ENST00000429711.7	RPL32	1613	0	0	-1	0	3.2527424e-08	0	3.2527425e-08
CDS	ENST00000429711.7	RPL32	1614	0	0	-1	0	1.6816455e-07	0	1.6816455e-07
CDS	ENST00000429711.7	RPL32	1615	0	0	-1	0	3.0251076e-08	0	3.0251077e-08
CDS	ENST00000429711.7	RPL32	1616	0	0	-1	0	7.7427465e-08	0	7.7427467e-08
CDS	ENST00000429711.7	RPL32	1617	0	0	-1	0	8.4398959e-09	0	8.4398961e-09
CDS	ENST00000429711.7	RPL32	1618	0	0	-1	0	4.4032498e-09	0	4.4032499e-09
CDS	ENST00000429711.7	RPL32	1619	0	0	-1	0	1.5537733e-09	0	1.5537734e-09
CDS	ENST00000429711.7	RPL32	1620	0	0	-1	0	8.7172127e-09	0	8.7172129e-09
CDS	ENST00000429711.7	RPL32	1621	0	0	-1	0	8.571269e-09	0	8.5712692e-09
CDS	ENST00000429711.7	RPL32	1622	0	0	-1	0	2.0180631e-09	0	2.0180631e-09
CDS	ENST00000429711.7	RPL32	1623	0	0	-1	0	1.7264701e-09	0	1.7264701e-09
CDS	ENST00000429711.7	RPL32	1624	0	0	-1	0	1.6460312e-08	0	1.6460313e-08
CDS	ENST00000429711.7	RPL32	1625	0	0	-1	0	1.0854977e-08	0	1.0854978e-08
CDS	ENST00000429711.7	RPL32	1626	0	0	-1	0	2.4414662e-08	0	2.4414663e-08
CDS	ENST00000429711.7	RPL32	1627	0	0	-1	0	1.700362e-07	0	1.7003621e-07
CDS	ENST00000429711.7	RPL32	1628	0	0	-1	0	2.8333514e-07	0	2.8333515e-07
CDS	ENST00000429711.7	RPL32	1629	0	0	-1	0	1.2067264e-07	0	1.2067264e-07
CDS	ENST00000429711.7	RPL32	1630	0	0	-1	0	7.2080226e-08	0	7.2080228e-08
CDS	ENST00000429711.7	RPL32	1631	0	0	-1	0	1.6300405e-07	0	1.6300405e-07
CDS	ENST00000429711.7	RPL32	1632	0	0	-1	0	7.3488003e-08	0	7.3488005e-08
CDS	ENST00000429711.7	RPL32	1633	0	0	-1	0	3.2006386e-07	0	3.2006387e-07
CDS	ENST00000429711.7	RPL32	1634	0	0	-1	0	5.2104244e-08	0	5.2104246e-08
CDS	ENST00000429711.7	RPL32	1635	0	0	-1	0	3.8726416e-08	0	3.8726417e-08
CDS	ENST00000429711.7	RPL32	1636	0	0	-1	0	1.3467091e-07	0	1.3467092e-07
CDS	ENST00000429711.7	RPL32	1637	0	0	-1	0	1.0689118e-07	0	1.0689118e-07
CDS	ENST00000429711.7	RPL32	1638	0	0	-1	0	1.0914666e-08	0	1.0914666e-08
CDS	ENST00000429711.7	RPL32	1639	0	0	-1	0	5.7274121e-08	0	5.7274123e-08
CDS	ENST00000429711.7	RPL32	1640	0	0	-1	0	5.4045866e-08	0	5.4045868e-08
CDS	ENST00000429711.7	RPL32	1641	0	0	-1	0	8.7432774e-08	0	8.7432776e-08
CDS	ENST00000429711.7	RPL32	1642	0	0	-1	0	1.0148688e-07	0	1.0148688e-07
CDS	ENST00000429711.7	RPL32	1643	0	0	-1	0	1.8977106e-07	0	1.8977106e-07
CDS	ENST00000429711.7	RPL32	1644	0	0	-1	0	8.9864038e-08	0	8.986404e-08
CDS	ENST00000429711.7	RPL32	1645	0	0	-1	0	2.4000568e-07	0	2.4000568e-07
CDS	ENST00000429711.7	RPL32	1646	0	0	-1	0	1.7666656e-07	0	1.7666656e-07
CDS	ENST00000429711.7	RPL32	1647	0	0	-1	0	4.0639936e-08	0	4.0639937e-08
CDS	ENST00000429711.7	RPL32	1648	0	0	-1	0	1.3918149e-07	0	1.391815e-07
CDS	ENST00000429711.7	RPL32	1649	0	0	-1	0	9.2230529e-08	0	9.2230531e-08
CDS	ENST00000429711.7	RPL32	1650	0	0	-1	0	6.9712542e-08	0	6.9712543e-08
CDS	ENST00000429711.7	RPL32	1651	0	0	-1	0	2.1239246e-07	0	2.1239247e-07
CDS	ENST00000429711.7	RPL32	1652	0	0	-1	0	3.518489e-08	0	3.518489e-08
CDS	ENST00000429711.7	RPL32	1653	0	0	-1	0	1.6947473e-09	0	1.6947474e-09
CDS	ENST00000429711.7	RPL32	1654	0	0	-1	0	1.4158659e-09	0	1.4158659e-09
CDS	ENST00000429711.7	RPL32	1655	0	0	-1	0	1.5314193e-08	0	1.5314193e-08
CDS	ENST00000429711.7	RPL32	1656	0	0	-1	0	1.2852526e-08	0	1.2852526e-08
CDS	ENST00000429711.7	RPL32	1657	0	0	-1	0	3.3286327e-09	0	3.3286328e-09
CDS	ENST00000429711.7	RPL32	1658	0	0	-1	0	8.5148784e-08	0	8.5148786e-08
CDS	ENST00000429711.7	RPL32	1659	0	0	-1	0	1.581365e-07	0	1.581365e-07
CDS	ENST00000429711.7	RPL32	1660	0	0	-1	0	1.5131843e-07	0	1.5131843e-07
CDS	ENST00000429711.7	RPL32	1661	0	0	-1	0	5.0101178e-08	0	5.0101179e-08
CDS	ENST00000429711.7	RPL32	1662	0	0	-1	0	1.3046679e-07	0	1.3046679e-07
CDS	ENST00000429711.7	RPL32	1663	0	0	-1	0	2.040267e-07	0	2.0402671e-07
CDS	ENST00000429711.7	RPL32	1664	0	0	-1	0	1.9974293e-06	0	1.9974293e-06
CDS	ENST00000429711.7	RPL32	1665	0	0	-1	0	3.0098892e-07	0	3.0098892e-07
CDS	ENST00000429711.7	RPL32	1666	0	0	-1	0	4.8888131e-07	0	4.8888132e-07
CDS	ENST00000429711.7	RPL32	1667	0	0	-1	0	5.1212925e-07	0	5.1212926e-07
CDS	ENST00000429711.7	RPL32	1668	0	0	-1	0	6.5866935e-08	0	6.5866936e-08
CDS	ENST00000429711.7	RPL32	1669	0	0	-1	0	4.2074808e-07	0	4.2074809e-07
CDS	ENST00000429711.7	RPL32	1670	0	0	-1	0	2.3216315e-07	0	2.3216315e-07
CDS	ENST00000429711.7	RPL32	1671	0	0	-1	0	2.0636044e-07	0	2.0636044e-07
CDS	ENST00000429711.7	RPL32	1672	0	0	-1	0	5.9740455e-07	0	5.9740456e-07
CDS	ENST00000429711.7	RPL32	1673	0	0	-1	0	5.701333e-07	0	5.7013331e-07
CDS	ENST00000429711.7	RPL32	1674	0	0	-1	0	3.1160866e-07	0	3.1160867e-07
CDS	ENST00000429711.7	RPL32	1675	0	0	-1	0	7.4436556e-08	0	7.4436558e-08
CDS	ENST00000429711.7	RPL32	1676	0	0	-1	0	1.6234972e-08	0	1.6234973e-08
CDS	ENST00000429711.7	RPL32	1677	0	0	-1	0	2.2158263e-08	0	2.2158263e-08
CDS	ENST00000429711.7	RPL32	1678	0	0	-1	0	4.785478e-08	0	4.7854781e-08
CDS	ENST00000429711.7	RPL32	1679	0	0	-1	0	5.3445362e-08	0	5.3445363e-08
CDS	ENST00000429711.7	RPL32	1680	0	0	-1	0	6.0077542e-07	0	6.0077543e-07
CDS	ENST00000429711.7	RPL32	1681	0	0	-1	0	6.8709846e-07	0	6.8709848e-07
CDS	ENST00000429711.7	RPL32	1682	0	0	-1	0	1.1334978e-07	0	1.1334979e-07
CDS	ENST00000429711.7	RPL32	1683	0	0	-1	0	5.0975677e-07	0	5.0975678e-07
CDS	ENST00000429711.7	RPL32	1684	0	0	-1	0	1.5128481e-07	0	1.5128481e-07
CDS	ENST00000429711.7	RPL32	1685	0	0	-1	0	1.7037301e-07	0	1.7037302e-07
CDS	ENST00000429711.7	RPL32	1686	0	0	-1	0	1.2519617e-07	0	1.2519617e-07
CDS	ENST00000429711.7	RPL32	1687	0	0	-1	0	1.948365e-07	0	1.9483651e-07
CDS	ENST00000429711.7	RPL32	1688	0	0	-1	0	3.0274728e-07	0	3.0274729e-07
CDS	ENST00000429711.7	RPL32	1689	0	0	-1	0	8.2749537e-08	0	8.2749539e-08
CDS	ENST00000429711.7	RPL32	1690	0	0	-1	0	1.5727578e-07	0	1.5727578e-07
CDS	ENST00000429711.7	RPL32	1691	0	0	-1	0	4.9973221e-07	0	4.9973222e-07
CDS	ENST00000429711.7	RPL32	1692	0	0	-1	0	4.9528918e-08	0	4.9528919e-08
CDS	ENST00000429711.7	RPL32	1693	0	0	-1	0	3.199909e-07	0	3.1999091e-07
CDS	ENST00000429711.7	RPL32	1694	0	0	-1	0	5.2124818e-08	0	5.2124819e-08
CDS	ENST00000429711.7	RPL32	1695	0	0	-1	0	1.2608403e-07	0	1.2608403e-07
CDS	ENST00000429711.7	RPL32	1696	0	0	-1	0	1.9461061e-06	0	1.9461061e-06
CDS	ENST00000429711.7	RPL32	1697	0	0	-1	0	1.3176081e-07	0	1.3176082e-07
CDS	ENST00000429711.7	RPL32	1698	0	0	-1	0	2.3430535e-07	0	2.3430535e-07
CDS	ENST00000429711.7	RPL32	1699	0	0	-1	0	2.8271921e-07	0	2.8271922e-07
CDS	ENST00000429711.7	RPL32	1700	0	0	-1	0	3.0254006e-07	0	3.0254007e-07
CDS	ENST00000429711.7	RPL32	1701	0	0	-1	0	1.9805879e-07	0	1.9805879e-07
CDS	ENST00000429711.7	RPL32	1702	0	0	-1	0	2.2735939e-07	0	2.273594e-07
CDS	ENST00000429711.7	RPL32	1703	0	0	-1	0	4.9128136e-07	0	4.9128137e-07
CDS	ENST00000429711.7	RPL32	1704	0	0	-1	0	2.3142481e-07	0	2.3142481e-07
CDS	ENST00000429711.7	RPL32	1705	0	0	-1	0	1.6823049e-07	0	1.6823049e-07
CDS	ENST00000429711.7	RPL32	1706	0	0	-1	0	1.275058e-07	0	1.275058e-07
CDS	ENST00000429711.7	RPL32	1707	0	0	-1	0	3.4616366e-07	0	3.4616367e-07
CDS	ENST00000429711.7	RPL32	1708	0	0	-1	0	2.4180434e-07	0	2.4180435e-07
CDS	ENST00000429711.7	RPL32	1709	0	0	-1	0	9.4335995e-08	0	9.4335997e-08
CDS	ENST00000429711.7	RPL32	1710	0	0	-1	0	4.2173497e-08	0	4.2173498e-08
CDS	ENST00000429711.7	RPL32	1711	0	0	-1	0	1.1575893e-07	0	1.1575893e-07
CDS	ENST00000429711.7	RPL32	1712	0	0	-1	0	1.4218266e-07	0	1.4218266e-07
CDS	ENST00000429711.7	RPL32	1713	0	0	-1	0	5.7481702e-07	0	5.7481703e-07
CDS	ENST00000429711.7	RPL32	1714	0	0	-1	0	2.4713589e-07	0	2.4713589e-07
CDS	ENST00000429711.7	RPL32	1715	0	0	-1	0	7.4388339e-07	0	7.4388341e-07
CDS	ENST00000429711.7	RPL32	1716	0	0	-1	0	5.9025882e-07	0	5.9025883e-07
CDS	ENST00000429711.7	RPL32	1717	0	0	-1	0	2.5070344e-06	0	2.5070345e-06
CDS	ENST00000429711.7	RPL32	1718	0	0	-1	0	1.6871248e-07	0	1.6871248e-07
CDS	ENST00000429711.7	RPL32	1719	0	0	-1	0	1.4598133e-07	0	1.4598133e-07
CDS	ENST00000429711.7	RPL32	1720	0	0	-1	0	1.8340318e-06	0	1.8340318e-06
CDS	ENST00000429711.7	RPL32	1721	0	0	-1	0	3.6385464e-07	0	3.6385465e-07
CDS	ENST00000429711.7	RPL32	1722	0	0	-1	0	5.4366507e-07	0	5.4366508e-07
CDS	ENST00000429711.7	RPL32	1723	0	0	-1	0	2.748977e-07	0	2.7489771e-07
CDS	ENST00000429711.7	RPL32	1724	0	0	-1	0	2.9302166e-07	0	2.9302166e-07
CDS	ENST00000429711.7	RPL32	1725	0	0	-1	0	3.6409136e-07	0	3.6409137e-07
CDS	ENST00000429711.7	RPL32	1726	0	0	-1	0	2.8897497e-07	0	2.8897498e-07
CDS	ENST00000429711.7	RPL32	1727	0	0	-1	0	8.5609152e-08	0	8.5609154e-08
CDS	ENST00000429711.7	RPL32	1728	0	0	-1	0	2.5476669e-07	0	2.5476669e-07
CDS	ENST00000429711.7	RPL32	1729	0	0	-1	0	1.83951e-07	0	1.8395101e-07
CDS	ENST00000429711.7	RPL32	1730	0	0	-1	0	7.9463916e-07	0	7.9463918e-07
CDS	ENST00000429711.7	RPL32	1731	0	0	-1	0	9.6210549e-08	0	9.6210551e-08
CDS	ENST00000429711.7	RPL32	1732	0	0	-1	0	9.7971814e-08	0	9.7971816e-08
CDS	ENST00000429711.7	RPL32	1733	0	0	-1	0	6.7107145e-08	0	6.7107146e-08
CDS	ENST00000429711.7	RPL32	1734	0	0	-1	0	6.3748189e-08	0	6.374819e-08
CDS	ENST00000429711.7	RPL32	1735	0	0	-1	0	8.2368459e-08	0	8.236846e-08
CDS	ENST00000429711.7	RPL32	1736	0	0	-1	0	6.7935744e-08	0	6.7935746e-08
CDS	ENST00000429711.7	RPL32	1737	0	0	-1	0	6.4859091e-07	0	6.4859093e-07
CDS	ENST00000429711.7	RPL32	1738	0	0	-1	0	3.7121723e-07	0	3.7121723e-07
CDS	ENST00000429711.7	RPL32	1739	0	0	-1	0	1.6830879e-07	0	1.6830879e-07
CDS	ENST00000429711.7	RPL32	1740	0	0	-1	0	1.1260319e-06	0	1.1260319e-06
CDS	ENST00000429711.7	RPL32	1741	0	0	-1	0	1.5859487e-07	0	1.5859488e-07
CDS	ENST00000429711.7	RPL32	1742	0	0	-1	0	1.2001662e-07	0	1.2001662e-07
CDS	ENST00000429711.7	RPL32	1743	0	0	-1	0	2.4178323e-08	0	2.4178324e-08
CDS	ENST00000429711.7	RPL32	1744	0	0	-1	0	1.5164103e-07	0	1.5164104e-07
CDS	ENST00000429711.7	RPL32	1745	0	0	-1	0	3.6702187e-07	0	3.6702188e-07
CDS	ENST00000429711.7	RPL32	1746	0	0	-1	0	1.4546629e-07	0	1.4546629e-07
CDS	ENST00000429711.7	RPL32	1747	0	0	-1	0	1.8198762e-07	0	1.8198762e-07
CDS	ENST00000429711.7	RPL32	1748	0	0	-1	0	1.0187961e-07	0	1.0187962e-07
CDS	ENST00000429711.7	RPL32	1749	0	0	-1	0	3.3417308e-07	0	3.3417309e-07
CDS	ENST00000429711.7	RPL32	1750	0	0	-1	0	3.9958107e-07	0	3.9958108e-07
CDS	ENST00000429711.7	RPL32	1751	0	0	-1	0	1.0634825e-06	0	1.0634825e-06
CDS	ENST00000429711.7	RPL32	1752	0	0	-1	0	1.1508906e-06	0	1.1508906e-06
CDS	ENST00000429711.7	RPL32	1753	0	0	-1	0	2.777837e-07	0	2.777837e-07
CDS	ENST00000429711.7	RPL32	1754	0	0	-1	0	1.5837466e-07	0	1.5837466e-07
CDS	ENST00000429711.7	RPL32	1755	0	0	-1	0	1.9324064e-07	0	1.9324064e-07
CDS	ENST00000429711.7	RPL32	1756	0	0	-1	0	3.3208136e-07	0	3.3208136e-07
CDS	ENST00000429711.7	RPL32	1757	0	0	-1	0	3.6655942e-07	0	3.6655943e-07
CDS	ENST00000429711.7	RPL32	1758	0	0	-1	0	3.0855156e-07	0	3.0855157e-07
CDS	ENST00000429711.7	RPL32	1759	0	0	-1	0	1.2900487e-07	0	1.2900488e-07
CDS	ENST00000429711.7	RPL32	1760	0	0	-1	0	8.1294019e-08	0	8.129402e-08
CDS	ENST00000429711.7	RPL32	1761	0	0	-1	0	8.2459479e-08	0	8.2459481e-08
CDS	ENST00000429711.7	RPL32	1762	0	0	-1	0	1.2349555e-07	0	1.2349556e-07
CDS	ENST00000429711.7	RPL32	1763	0	0	-1	0	5.3699896e-08	0	5.3699897e-08
CDS	ENST00000429711.7	RPL32	1764	0	0	-1	0	2.7270198e-07	0	2.7270199e-07
CDS	ENST00000429711.7	RPL32	1765	0	0	-1	0	1.9111286e-07	0	1.9111286e-07
CDS	ENST00000429711.7	RPL32	1766	0	0	-1	0	3.4923815e-07	0	3.4923816e-07
CDS	ENST00000429711.7	RPL32	1767	0	0	-1	0	5.7363444e-08	0	5.7363445e-08
CDS	ENST00000429711.7	RPL32	1768	0	0	-1	0	2.2958488e-07	0	2.2958489e-07
CDS	ENST00000429711.7	RPL32	1769	0	0	-1	0	1.9937153e-07	0	1.9937153e-07
CDS	ENST00000429711.7	RPL32	1770	0	0	-1	0	6.7678243e-08	0	6.7678245e-08
CDS	ENST00000429711.7	RPL32	1771	0	0	-1	0	1.2013733e-07	0	1.2013733e-07
CDS	ENST00000429711.7	RPL32	1772	0	0	-1	0	3.642732e-08	0	3.6427321e-08
CDS	ENST00000429711.7	RPL32	1773	0	0	-1	0	4.687524e-08	0	4.6875241e-08
CDS	ENST00000429711.7	RPL32	1774	0	0	-1	0	6.9879079e-08	0	6.987908e-08
CDS	ENST00000429711.7	RPL32	1775	0	0	-1	0	3.8608508e-07	0	3.8608508e-07
CDS	ENST00000429711.7	RPL32	1776	0	0	-1	0	2.030721e-08	0	2.0307211e-08
CDS	ENST00000429711.7	RPL32	1777	0	0	-1	0	1.5772796e-08	0	1.5772797e-08
CDS	ENST00000429711.7	RPL32	1778	0	0	-1	0	2.0848185e-08	0	2.0848186e-08
CDS	ENST00000429711.7	RPL32	1779	0	0	-1	0	4.0006512e-08	0	4.0006513e-08
CDS	ENST00000429711.7	RPL32	1780	0	0	-1	0	4.0618005e-08	0	4.0618006e-08
CDS	ENST00000429711.7	RPL32	1781	0	0	-1	0	3.462328e-08	0	3.4623281e-08
CDS	ENST00000429711.7	RPL32	1782	0	0	-1	0	1.3674765e-08	0	1.3674766e-08
CDS	ENST00000429711.7	RPL32	1783	0	0	-1	0	1.449266e-08	0	1.449266e-08
CDS	ENST00000429711.7	RPL32	1784	0	0	-1	0	1.0689179e-07	0	1.0689179e-07
CDS	ENST00000429711.7	RPL32	1785	0	0	-1	0	1.007238e-07	0	1.007238e-07
CDS	ENST00000429711.7	RPL32	1786	0	0	-1	0	3.5421373e-08	0	3.5421373e-08
CDS	ENST00000429711.7	RPL32	1787	0	0	-1	0	2.2489182e-08	0	2.2489183e-08
CDS	ENST00000429711.7	RPL32	1788	0	0	-1	0	3.1903213e-08	0	3.1903213e-08
CDS	ENST00000429711.7	RPL32	1789	0	0	-1	0	6.0704465e-08	0	6.0704467e-08
CDS	ENST00000429711.7	RPL32	1790	0	0	-1	0	1.169779e-07	0	1.169779e-07
CDS	ENST00000429711.7	RPL32	1791	0	0	-1	0	7.0101215e-08	0	7.0101217e-08
CDS	ENST00000429711.7	RPL32	1792	0	0	-1	0	9.3164061e-08	0	9.3164063e-08
CDS	ENST00000429711.7	RPL32	1793	0	0	-1	0	1.4975997e-08	0	1.4975998e-08
CDS	ENST00000429711.7	RPL32	1794	0	0	-1	0	1.1010598e-08	0	1.1010598e-08
CDS	ENST00000429711.7	RPL32	1795	0	0	-1	0	1.897981e-08	0	1.897981e-08
CDS	ENST00000429711.7	RPL32	1796	0	0	-1	0	2.4836286e-09	0	2.4836287e-09
CDS	ENST00000429711.7	RPL32	1797	0	0	-1	0	4.5142605e-09	0	4.5142606e-09
CDS	ENST00000429711.7	RPL32	1798	0	0	-1	0	3.5422569e-09	0	3.542257e-09
CDS	ENST00000429711.7	RPL32	1799	0	0	-1	0	4.970131e-09	0	4.9701311e-09
CDS	ENST00000429711.7	RPL32	1800	0	0	-1	0	2.5494264e-09	0	2.5494265e-09
CDS	ENST00000429711.7	RPL32	1801	0	0	-1	0	8.5324148e-09	0	8.532415e-09
CDS	ENST00000429711.7	RPL32	1802	0	0	-1	0	5.6564335e-08	0	5.6564337e-08
CDS	ENST00000429711.7	RPL32	1803	0	0	-1	0	4.5235804e-08	0	4.5235805e-08
CDS	ENST00000429711.7	RPL32	1804	0	0	-1	0	2.1852962e-08	0	2.1852963e-08
CDS	ENST00000429711.7	RPL32	1805	0	0	-1	0	1.2167745e-07	0	1.2167745e-07
CDS	ENST00000429711.7	RPL32	1806	0	0	-1	0	3.6289038e-08	0	3.6289038e-08
CDS	ENST00000429711.7	RPL32	1807	0	0	-1	0	1.9386712e-07	0	1.9386713e-07
CDS	ENST00000429711.7	RPL32	1808	0	0	-1	0	3.885382e-08	0	3.8853821e-08
CDS	ENST00000429711.7	RPL32	1809	0	0	-1	0	4.7740546e-08	0	4.7740547e-08
CDS	ENST00000429711.7	RPL32	1810	0	0	-1	0	4.0163383e-07	0	4.0163383e-07
CDS	ENST00000429711.7	RPL32	1811	0	0	-1	0	2.2088904e-07	0	2.2088904e-07
CDS	ENST00000429711.7	RPL32	1812	0	0	-1	0	3.9788265e-08	0	3.9788266e-08
CDS	ENST00000429711.7	RPL32	1813	0	0	-1	0	1.0699603e-07	0	1.0699603e-07
CDS	ENST00000429711.7	RPL32	1814	0	0	-1	0	2.8818428e-07	0	2.8818429e-07
CDS	ENST00000429711.7	RPL32	1815	0	0	-1	0	2.0678055e-08	0	2.0678055e-08
CDS	ENST00000429711.7	RPL32	1816	0	0	-1	0	3.382149e-08	0	3.382149e-08
CDS	ENST00000429711.7	RPL32	1817	0	0	-1	0	7.6127392e-08	0	7.6127394e-08
CDS	ENST00000429711.7	RPL32	1818	0	0	-1	0	1.2577406e-07	0	1.2577407e-07
CDS	ENST00000429711.7	RPL32	1819	0	0	-1	0	1.786635e-07	0	1.786635e-07
CDS	ENST00000429711.7	RPL32	1820	0	0	-1	0	1.542818e-08	0	1.542818e-08
CDS	ENST00000429711.7	RPL32	1821	0	0	-1	0	2.2299705e-08	0	2.2299706e-08
CDS	ENST00000429711.7	RPL32	1822	0	0	-1	0	4.8559176e-08	0	4.8559177e-08
CDS	ENST00000429711.7	RPL32	1823	0	0	-1	0	4.1059426e-08	0	4.1059427e-08
CDS	ENST00000429711.7	RPL32	1824	0	0	-1	0	2.015233e-08	0	2.015233e-08
CDS	ENST00000429711.7	RPL32	1825	0	0	-1	0	6.00254e-08	0	6.0025401e-08
CDS	ENST00000429711.7	RPL32	1826	0	0	-1	0	5.9133349e-08	0	5.913335e-08
CDS	ENST00000429711.7	RPL32	1827	0	0	-1	0	7.8367208e-08	0	7.8367209e-08
CDS	ENST00000429711.7	RPL32	1828	0	0	-1	0	2.5759496e-08	0	2.5759496e-08
CDS	ENST00000429711.7	RPL32	1829	0	0	-1	0	3.0301663e-08	0	3.0301664e-08
CDS	ENST00000429711.7	RPL32	1830	0	0	-1	0	1.1940134e-08	0	1.1940134e-08
CDS	ENST00000429711.7	RPL32	1831	0	0	-1	0	6.0072814e-08	0	6.0072816e-08
CDS	ENST00000429711.7	RPL32	1832	0	0	-1	0	2.4080295e-08	0	2.4080296e-08
CDS	ENST00000429711.7	RPL32	1833	0	0	-1	0	3.9307022e-08	0	3.9307022e-08
CDS	ENST00000429711.7	RPL32	1834	0	0	-1	0	9.767831e-08	0	9.7678312e-08
CDS	ENST00000429711.7	RPL32	1835	0	0	-1	0	6.2163124e-08	0	6.2163126e-08
CDS	ENST00000429711.7	RPL32	1836	0	0	-1	0	1.2673048e-08	0	1.2673048e-08
CDS	ENST00000429711.7	RPL32	1837	0	0	-1	0	1.1308336e-08	0	1.1308336e-08
CDS	ENST00000429711.7	RPL32	1838	0	0	-1	0	2.2193541e-08	0	2.2193542e-08
CDS	ENST00000429711.7	RPL32	1839	0	0	-1	0	3.9641762e-08	0	3.9641763e-08
CDS	ENST00000429711.7	RPL32	1840	0	0	-1	0	9.480547e-09	0	9.4805472e-09
CDS	ENST00000429711.7	RPL32	1841	0	0	-1	0	3.1059677e-08	0	3.1059678e-08
CDS	ENST00000429711.7	RPL32	1842	0	0	-1	0	6.8474932e-09	0	6.8474934e-09
CDS	ENST00000429711.7	RPL32	1843	0	0	-1	0	1.1363969e-08	0	1.136397e-08
CDS	ENST00000429711.7	RPL32	1844	0	0	-1	0	4.3099542e-09	0	4.3099543e-09
CDS	ENST00000429711.7	RPL32	1845	0	0	-1	0	5.292716e-09	0	5.2927162e-09
CDS	ENST00000429711.7	RPL32	1846	0	0	-1	0	5.8794019e-09	0	5.879402e-09
CDS	ENST00000429711.7	RPL32	1847	0	0	-1	0	1.1250652e-09	0	1.1250652e-09
CDS	ENST00000429711.7	RPL32	1848	0	0	-1	0	1.346216e-09	0	1.3462161e-09
CDS	ENST00000429711.7	RPL32	1849	0	0	-1	0	2.7350311e-09	0	2.7350311e-09
CDS	ENST00000429711.7	RPL32	1850	0	0	-1	0	2.1027886e-09	0	2.1027887e-09
CDS	ENST00000429711.7	RPL32	1851	0	0	-1	0	1.8132367e-08	0	1.8132367e-08
CDS	ENST00000429711.7	RPL32	1852	0	0	-1	0	2.9305477e-08	0	2.9305478e-08
CDS	ENST00000429711.7	RPL32	1853	0	0	-1	0	5.9140909e-08	0	5.914091e-08
CDS	ENST00000429711.7	RPL32	1854	0	0	-1	0	5.9750796e-08	0	5.9750798e-08
CDS	ENST00000429711.7	RPL32	1855	0	0	-1	0	1.529435e-07	0	1.529435e-07
CDS	ENST00000429711.7	RPL32	1856	0	0	-1	0	3.6409951e-08	0	3.6409951e-08
CDS	ENST00000429711.7	RPL32	1857	0	0	-1	0	9.4691487e-08	0	9.4691489e-08
CDS	ENST00000429711.7	RPL32	1858	0	0	-1	0	1.9908054e-08	0	1.9908054e-08
CDS	ENST00000429711.7	RPL32	1859	0	0	-1	0	1.2722551e-08	0	1.2722551e-08
CDS	ENST00000429711.7	RPL32	1860	0	0	-1	0	1.3024787e-07	0	1.3024787e-07
CDS	ENST00000429711.7	RPL32	1861	0	0	-1	0	2.9702205e-08	0	2.9702206e-08
CDS	ENST00000429711.7	RPL32	1862	0	0	-1	0	5.6091935e-08	0	5.6091936e-08
CDS	ENST00000429711.7	RPL32	1863	0	0	-1	0	1.2292062e-07	0	1.2292063e-07
CDS	ENST00000429711.7	RPL32	1864	0	0	-1	0	9.6323284e-08	0	9.6323286e-08
CDS	ENST00000429711.7	RPL32	1865	0	0	-1	0	1.146658e-07	0	1.146658e-07
CDS	ENST00000429711.7	RPL32	1866	0	0	-1	0	1.0434889e-08	0	1.043489e-08
CDS	ENST00000429711.7	RPL32	1867	0	0	-1	0	2.1869807e-08	0	2.1869808e-08
CDS	ENST00000429711.7	RPL32	1868	0	0	-1	0	6.7897787e-08	0	6.7897788e-08
CDS	ENST00000429711.7	RPL32	1869	0	0	-1	0	6.4678638e-08	0	6.4678639e-08
CDS	ENST00000429711.7	RPL32	1870	0	0	-1	0	7.4718201e-08	0	7.4718203e-08
CDS	ENST00000429711.7	RPL32	1871	0	0	-1	0	4.3640888e-08	0	4.3640889e-08
CDS	ENST00000429711.7	RPL32	1872	0	0	-1	0	1.5321788e-08	0	1.5321789e-08
CDS	ENST00000429711.7	RPL32	1873	0	0	-1	0	4.0822972e-08	0	4.0822973e-08
CDS	ENST00000429711.7	RPL32	1874	0	0	-1	0	7.7736736e-08	0	7.7736738e-08
CDS	ENST00000429711.7	RPL32	1875	0	0	-1	0	2.6469486e-08	0	2.6469487e-08
CDS	ENST00000429711.7	RPL32	1876	0	0	-1	0	3.8182201e-08	0	3.8182201e-08
CDS	ENST00000429711.7	RPL32	1877	0	0	-1	0	6.7998094e-08	0	6.7998096e-08
CDS	ENST00000429711.7	RPL32	1878	0	0	-1	0	4.1940126e-07	0	4.1940127e-07
CDS	ENST00000429711.7	RPL32	1879	0	0	-1	0	9.5709424e-08	0	9.5709426e-08
CDS	ENST00000429711.7	RPL32	1880	0	0	-1	0	5.554185e-08	0	5.5541851e-08
CDS	ENST00000429711.7	RPL32	1881	0	0	-1	0	3.1277796e-08	0	3.1277797e-08
CDS	ENST00000429711.7	RPL32	1882	0	0	-1	0	1.3341814e-07	0	1.3341814e-07
CDS	ENST00000429711.7	RPL32	1883	0	0	-1	0	2.1784462e-08	0	2.1784463e-08
CDS	ENST00000429711.7	RPL32	1884	0	0	-1	0	6.5994826e-08	0	6.5994827e-08
CDS	ENST00000429711.7	RPL32	1885	0	0	-1	0	4.8073906e-07	0	4.8073907e-07
CDS	ENST00000429711.7	RPL32	1886	0	0	-1	0	1.1271541e-07	0	1.1271541e-07
CDS	ENST00000429711.7	RPL32	1887	0	0	-1	0	7.1508794e-08	0	7.1508795e-08
CDS	ENST00000429711.7	RPL32	1888	0	0	-1	0	2.2456778e-08	0	2.2456778e-08
CDS	ENST00000429711.7	RPL32	1889	0	0	-1	0	1.9184135e-08	0	1.9184136e-08
CDS	ENST00000429711.7	RPL32	1890	0	0	-1	0	2.0914071e-07	0	2.0914071e-07
CDS	ENST00000429711.7	RPL32	1891	0	0	-1	0	2.1605589e-07	0	2.160559e-07
CDS	ENST00000429711.7	RPL32	1892	0	0	-1	0	1.0084337e-07	0	1.0084337e-07
CDS	ENST00000429711.7	RPL32	1893	0	0	-1	0	5.8456578e-08	0	5.8456579e-08
CDS	ENST00000429711.7	RPL32	1894	0	0	-1	0	1.5877572e-07	0	1.5877572e-07
CDS	ENST00000429711.7	RPL32	1895	0	0	-1	0	1.4456735e-07	0	1.4456735e-07
CDS	ENST00000429711.7	RPL32	1896	0	0	-1	0	2.1364143e-07	0	2.1364143e-07
CDS	ENST00000429711.7	RPL32	1897	0	0	-1	0	5.7164141e-07	0	5.7164142e-07
CDS	ENST00000429711.7	RPL32	1898	0	0	-1	0	7.3845037e-08	0	7.3845038e-08
CDS	ENST00000429711.7	RPL32	1899	0	0	-1	0	7.4241449e-08	0	7.424145e-08
CDS	ENST00000429711.7	RPL32	1900	0	0	-1	0	1.1461943e-07	0	1.1461943e-07
CDS	ENST00000429711.7	RPL32	1901	0	0	-1	0	5.2153361e-08	0	5.2153362e-08
CDS	ENST00000429711.7	RPL32	1902	0	0	-1	0	8.0132502e-08	0	8.0132503e-08
CDS	ENST00000429711.7	RPL32	1903	0	0	-1	0	8.0631239e-08	0	8.063124e-08
CDS	ENST00000429711.7	RPL32	1904	0	0	-1	0	4.3129578e-08	0	4.3129579e-08
CDS	ENST00000429711.7	RPL32	1905	0	0	-1	0	4.2043705e-08	0	4.2043706e-08
CDS	ENST00000429711.7	RPL32	1906	0	0	-1	0	7.9936335e-08	0	7.9936337e-08
CDS	ENST00000429711.7	RPL32	1907	0	0	-1	0	1.04723e-07	0	1.04723e-07
CDS	ENST00000429711.7	RPL32	1908	0	0	-1	0	4.2297975e-07	0	4.2297976e-07
CDS	ENST00000429711.7	RPL32	1909	0	0	-1	0	3.5878969e-07	0	3.587897e-07
CDS	ENST00000429711.7	RPL32	1910	0	0	-1	0	8.0212209e-07	0	8.021221e-07
CDS	ENST00000429711.7	RPL32	1911	0	0	-1	0	1.0972087e-06	0	1.0972087e-06
CDS	ENST00000429711.7	RPL32	1912	0	0	-1	0	4.3358608e-07	0	4.3358609e-07
CDS	ENST00000429711.7	RPL32	1913	0	0	-1	0	3.8434429e-08	0	3.843443e-08
CDS	ENST00000429711.7	RPL32	1914	0	0	-1	0	1.2815669e-07	0	1.2815669e-07
CDS	ENST00000429711.7	RPL32	1915	0	0	-1	0	1.9707791e-07	0	1.9707791e-07
CDS	ENST00000429711.7	RPL32	1916	0	0	-1	0	3.3657393e-08	0	3.3657394e-08
CDS	ENST00000429711.7	RPL32	1917	0	0	-1	0	8.8008881e-07	0	8.8008882e-07
CDS	ENST00000429711.7	RPL32	1918	0	0	-1	0	8.9640302e-08	0	8.9640304e-08
CDS	ENST00000429711.7	RPL32	1919	0	0	-1	0	5.7038648e-08	0	5.7038649e-08
CDS	ENST00000429711.7	RPL32	1920	0	0	-1	0	1.9538876e-07	0	1.9538877e-07
CDS	ENST00000429711.7	RPL32	1921	0	0	-1	0	2.3178352e-07	0	2.3178352e-07
CDS	ENST00000429711.7	RPL32	1922	0	0	-1	0	2.9789365e-07	0	2.9789366e-07
CDS	ENST00000429711.7	RPL32	1923	0	0	-1	0	6.9388028e-07	0	6.938803e-07
CDS	ENST00000429711.7	RPL32	1924	0	0	-1	0	3.3078388e-07	0	3.3078388e-07
CDS	ENST00000429711.7	RPL32	1925	0	0	-1	0	8.3098129e-08	0	8.3098131e-08
CDS	ENST00000429711.7	RPL32	1926	0	0	-1	0	1.4094654e-07	0	1.4094654e-07
CDS	ENST00000429711.7	RPL32	1927	0	0	-1	0	1.07064e-07	0	1.0706401e-07
CDS	ENST00000429711.7	RPL32	1928	0	0	-1	0	1.4831188e-07	0	1.4831189e-07
CDS	ENST00000429711.7	RPL32	1929	0	0	-1	0	2.3798524e-08	0	2.3798525e-08
CDS	ENST00000429711.7	RPL32	1930	0	0	-1	0	1.8268379e-08	0	1.8268379e-08
CDS	ENST00000429711.7	RPL32	1931	0	0	-1	0	1.3114429e-07	0	1.3114429e-07
CDS	ENST00000429711.7	RPL32	1932	0	0	-1	0	2.2695514e-07	0	2.2695514e-07
CDS	ENST00000429711.7	RPL32	1933	0	0	-1	0	2.0891446e-07	0	2.0891446e-07
CDS	ENST00000429711.7	RPL32	1934	0	0	-1	0	4.5047742e-07	0	4.5047742e-07
CDS	ENST00000429711.7	RPL32	1935	0	0	-1	0	3.9747611e-08	0	3.9747612e-08
CDS	ENST00000429711.7	RPL32	1936	0	0	-1	0	3.6680543e-08	0	3.6680544e-08
CDS	ENST00000429711.7	RPL32	1937	0	0	-1	0	9.665419e-08	0	9.6654192e-08
CDS	ENST00000429711.7	RPL32	1938	0	0	-1	0	8.6246203e-08	0	8.6246205e-08
CDS	ENST00000429711.7	RPL32	1939	0	0	-1	0	5.4293605e-07	0	5.4293606e-07
CDS	ENST00000429711.7	RPL32	1940	0	0	-1	0	9.4710089e-08	0	9.4710091e-08
CDS	ENST00000429711.7	RPL32	1941	0	0	-1	0	2.2607065e-08	0	2.2607065e-08
CDS	ENST00000429711.7	RPL32	1942	0	0	-1	0	1.4436827e-07	0	1.4436828e-07
CDS	ENST00000429711.7	RPL32	1943	0	0	-1	0	4.1270022e-07	0	4.1270023e-07
CDS	ENST00000429711.7	RPL32	1944	0	0	-1	0	1.4587152e-07	0	1.4587153e-07
CDS	ENST00000429711.7	RPL32	1945	0	0	-1	0	6.9127829e-08	0	6.912783e-08
CDS	ENST00000429711.7	RPL32	1946	0	0	-1	0	1.7054403e-07	0	1.7054403e-07
CDS	ENST00000429711.7	RPL32	1947	0	0	-1	0	9.2863708e-08	0	9.286371e-08
CDS	ENST00000429711.7	RPL32	1948	0	0	-1	0	1.6119381e-07	0	1.6119381e-07
CDS	ENST00000429711.7	RPL32	1949	0	0	-1	0	2.9518554e-07	0	2.9518555e-07
CDS	ENST00000429711.7	RPL32	1950	0	0	-1	0	1.7663893e-07	0	1.7663894e-07
CDS	ENST00000429711.7	RPL32	1951	0	0	-1	0	1.0322338e-07	0	1.0322338e-07
CDS	ENST00000429711.7	RPL32	1952	0	0	-1	0	2.9365447e-07	0	2.9365447e-07
CDS	ENST00000429711.7	RPL32	1953	0	0	-1	0	1.1120606e-07	0	1.1120607e-07
CDS	ENST00000429711.7	RPL32	1954	0	0	-1	0	2.4091034e-07	0	2.4091034e-07
CDS	ENST00000429711.7	RPL32	1955	0	0	-1	0	4.1185334e-07	0	4.1185334e-07
CDS	ENST00000429711.7	RPL32	1956	0	0	-1	0	3.6587073e-07	0	3.6587074e-07
CDS	ENST00000429711.7	RPL32	1957	0	0	-1	0	1.5936494e-07	0	1.5936495e-07
CDS	ENST00000429711.7	RPL32	1958	0	0	-1	0	8.1799513e-08	0	8.1799515e-08
CDS	ENST00000429711.7	RPL32	1959	0	0	-1	0	7.1289298e-07	0	7.12893e-07
CDS	ENST00000429711.7	RPL32	1960	0	0	-1	0	1.2105568e-07	0	1.2105568e-07
CDS	ENST00000429711.7	RPL32	1961	0	0	-1	0	2.2518369e-08	0	2.251837e-08
CDS	ENST00000429711.7	RPL32	1962	0	0	-1	0	7.2047101e-08	0	7.2047102e-08
CDS	ENST00000429711.7	RPL32	1963	0	0	-1	0	7.7978946e-08	0	7.7978948e-08
CDS	ENST00000429711.7	RPL32	1964	0	0	-1	0	4.2528006e-07	0	4.2528007e-07
CDS	ENST00000429711.7	RPL32	1965	0	0	-1	0	2.1459545e-07	0	2.1459545e-07
CDS	ENST00000429711.7	RPL32	1966	0	0	-1	0	3.3896259e-07	0	3.389626e-07
CDS	ENST00000429711.7	RPL32	1967	0	0	-1	0	2.0535099e-07	0	2.0535099e-07
CDS	ENST00000429711.7	RPL32	1968	0	0	-1	0	2.5937021e-07	0	2.5937022e-07
CDS	ENST00000429711.7	RPL32	1969	0	0	-1	0	9.5997549e-08	0	9.5997551e-08
CDS	ENST00000429711.7	RPL32	1970	0	0	-1	0	4.4245354e-08	0	4.4245355e-08
CDS	ENST00000429711.7	RPL32	1971	0	0	-1	0	1.9201559e-08	0	1.920156e-08
CDS	ENST00000429711.7	RPL32	1972	0	0	-1	0	4.3268248e-08	0	4.3268249e-08
CDS	ENST00000429711.7	RPL32	1973	0	0	-1	0	5.7464522e-08	0	5.7464523e-08
CDS	ENST00000429711.7	RPL32	1974	0	0	-1	0	2.4028301e-07	0	2.4028302e-07
CDS	ENST00000429711.7	RPL32	1975	0	0	-1	0	2.1551703e-08	0	2.1551703e-08
CDS	ENST00000429711.7	RPL32	1976	0	0	-1	0	2.249755e-08	0	2.2497551e-08
CDS	ENST00000429711.7	RPL32	1977	0	0	-1	0	2.8314375e-08	0	2.8314375e-08
CDS	ENST00000429711.7	RPL32	1978	0	0	-1	0	7.8182971e-08	0	7.8182973e-08
CDS	ENST00000429711.7	RPL32	1979	0	0	-1	0	3.5912208e-07	0	3.5912209e-07
CDS	ENST00000429711.7	RPL32	1980	0	0	-1	0	1.8376419e-06	0	1.8376419e-06
CDS	ENST00000429711.7	RPL32	1981	0	0	-1	0	3.082979e-06	0	3.0829791e-06
CDS	ENST00000429711.7	RPL32	1982	0	0	-1	0	1.5977999e-08	0	1.5978e-08
CDS	ENST00000429711.7	RPL32	1983	0	0	-1	0	7.296415e-07	0	7.2964151e-07
CDS	ENST00000429711.7	RPL32	1984	0	0	-1	0	1.5739131e-07	0	1.5739132e-07
CDS	ENST00000429711.7	RPL32	1985	0	0	-1	0	1.0375436e-07	0	1.0375436e-07
CDS	ENST00000429711.7	RPL32	1986	0	0	-1	0	1.2710225e-07	0	1.2710226e-07
CDS	ENST00000429711.7	RPL32	1987	0	0	-1	0	4.8813547e-07	0	4.8813548e-07
CDS	ENST00000429711.7	RPL32	1988	0	0	-1	0	6.9758596e-07	0	6.9758598e-07
CDS	ENST00000429711.7	RPL32	1989	0	0	-1	0	5.5305687e-08	0	5.5305688e-08
CDS	ENST00000429711.7	RPL32	1990	0	0	-1	0	4.3696613e-08	0	4.3696613e-08
CDS	ENST00000429711.7	RPL32	1991	0	0	-1	0	6.1752814e-08	0	6.1752816e-08
CDS	ENST00000429711.7	RPL32	1992	0	0	-1	0	2.1351921e-07	0	2.1351922e-07
CDS	ENST00000429711.7	RPL32	1993	0	0	-1	0	1.13897e-07	0	1.13897e-07
CDS	ENST00000429711.7	RPL32	1994	0	0	-1	0	1.1212489e-07	0	1.1212489e-07
CDS	ENST00000429711.7	RPL32	1995	0	0	-1	0	5.7630069e-07	0	5.763007e-07
CDS	ENST00000429711.7	RPL32	1996	0	0	-1	0	8.6714323e-08	0	8.6714325e-08
CDS	ENST00000429711.7	RPL32	1997	0	0	-1	0	3.5086023e-07	0	3.5086024e-07
CDS	ENST00000429711.7	RPL32	1998	0	0	-1	0	4.7929569e-07	0	4.792957e-07
CDS	ENST00000429711.7	RPL32	1999	0	0	-1	0	1.5081018e-07	0	1.5081018e-07
CDS	ENST00000429711.7	RPL32	2000	0	0	-1	0	3.3996557e-07	0	3.3996557e-07
CDS	ENST00000429711.7	RPL32	2001	0	0	-1	0	4.0242557e-07	0	4.0242558e-07
CDS	ENST00000429711.7	RPL32	2002	0	0	-1	0	8.3425753e-08	0	8.3425755e-08
CDS	ENST00000429711.7	RPL32	2003	0	0	-1	0	1.4319698e-07	0	1.4319699e-07
CDS	ENST00000429711.7	RPL32	2004	0	0	-1	0	1.5912939e-07	0	1.5912939e-07
CDS	ENST00000429711.7	RPL32	2005	0	0	-1	0	2.1771825e-07	0	2.1771826e-07
CDS	ENST00000429711.7	RPL32	2006	0	0	-1	0	7.7298942e-08	0	7.7298944e-08
CDS	ENST00000429711.7	RPL32	2007	0	0	-1	0	1.0467048e-07	0	1.0467048e-07
CDS	ENST00000429711.7	RPL32	2008	0	0	-1	0	1.4325175e-07	0	1.4325176e-07
CDS	ENST00000429711.7	RPL32	2009	0	0	-1	0	9.9577491e-08	0	9.9577493e-08
CDS	ENST00000429711.7	RPL32	2010	0	0	-1	0	6.285331e-08	0	6.2853311e-08
CDS	ENST00000429711.7	RPL32	2011	0	0	-1	0	1.2763489e-07	0	1.2763489e-07
CDS	ENST00000429711.7	RPL32	2012	0	0	-1	0	4.1609635e-08	0	4.1609636e-08
CDS	ENST00000429711.7	RPL32	2013	0	0	-1	0	2.2013605e-08	0	2.2013606e-08
CDS	ENST00000429711.7	RPL32	2014	0	0	-1	0	1.1705104e-08	0	1.1705105e-08
CDS	ENST00000429711.7	RPL32	2015	0	0	-1	0	1.7446176e-08	0	1.7446176e-08
CDS	ENST00000429711.7	RPL32	2016	0	0	-1	0	3.5512763e-08	0	3.5512763e-08
CDS	ENST00000429711.7	RPL32	2017	0	0	-1	0	3.5729563e-08	0	3.5729564e-08
CDS	ENST00000429711.7	RPL32	2018	0	0	-1	0	2.4975153e-08	0	2.4975153e-08
CDS	ENST00000429711.7	RPL32	2019	0	0	-1	0	2.7698386e-08	0	2.7698386e-08
CDS	ENST00000429711.7	RPL32	2020	0	0	-1	0	8.5453998e-08	0	8.5453999e-08
CDS	ENST00000429711.7	RPL32	2021	0	0	-1	0	7.5844923e-08	0	7.5844925e-08
CDS	ENST00000429711.7	RPL32	2022	0	0	-1	0	1.120742e-07	0	1.1207421e-07
CDS	ENST00000429711.7	RPL32	2023	0	0	-1	0	8.7546752e-08	0	8.7546754e-08
CDS	ENST00000429711.7	RPL32	2024	0	0	-1	0	1.6306515e-07	0	1.6306516e-07
CDS	ENST00000429711.7	RPL32	2025	0	0	-1	0	9.7615732e-08	0	9.7615734e-08
CDS	ENST00000429711.7	RPL32	2026	0	0	-1	0	8.6711509e-08	0	8.6711511e-08
CDS	ENST00000429711.7	RPL32	2027	0	0	-1	0	7.3726113e-08	0	7.3726115e-08
CDS	ENST00000429711.7	RPL32	2028	0	0	-1	0	1.1432926e-07	0	1.1432926e-07
CDS	ENST00000429711.7	RPL32	2029	0	0	-1	0	8.4783494e-08	0	8.4783496e-08
CDS	ENST00000429711.7	RPL32	2030	0	0	-1	0	2.0277922e-07	0	2.0277922e-07
CDS	ENST00000429711.7	RPL32	2031	0	0	-1	0	2.5552197e-07	0	2.5552197e-07
CDS	ENST00000429711.7	RPL32	2032	0	0	-1	0	1.6452113e-07	0	1.6452113e-07
CDS	ENST00000429711.7	RPL32	2033	0	0	-1	0	7.9229444e-08	0	7.9229446e-08
CDS	ENST00000429711.7	RPL32	2034	0	0	-1	0	2.3159437e-07	0	2.3159438e-07
CDS	ENST00000429711.7	RPL32	2035	0	0	-1	0	4.605879e-07	0	4.6058791e-07
CDS	ENST00000429711.7	RPL32	2036	0	0	-1	0	8.7796579e-08	0	8.7796581e-08
CDS	ENST00000429711.7	RPL32	2037	0	0	-1	0	2.7947712e-07	0	2.7947713e-07
CDS	ENST00000429711.7	RPL32	2038	0	0	-1	0	1.1357248e-07	0	1.1357248e-07
CDS	ENST00000429711.7	RPL32	2039	0	0	-1	0	3.2999304e-07	0	3.2999305e-07
CDS	ENST00000429711.7	RPL32	2040	0	0	-1	0	1.1866558e-07	0	1.1866558e-07
CDS	ENST00000429711.7	RPL32	2041	0	0	-1	0	1.1874651e-07	0	1.1874652e-07
CDS	ENST00000429711.7	RPL32	2042	0	0	-1	0	6.1245963e-08	0	6.1245964e-08
CDS	ENST00000429711.7	RPL32	2043	0	0	-1	0	5.0105461e-07	0	5.0105463e-07
CDS	ENST00000429711.7	RPL32	2044	0	0	-1	0	8.1993832e-08	0	8.1993834e-08
CDS	ENST00000429711.7	RPL32	2045	0	0	-1	0	7.0499858e-08	0	7.049986e-08
CDS	ENST00000429711.7	RPL32	2046	0	0	-1	0	4.8030284e-07	0	4.8030285e-07
CDS	ENST00000429711.7	RPL32	2047	0	0	-1	0	1.4553707e-07	0	1.4553708e-07
CDS	ENST00000429711.7	RPL32	2048	0	0	-1	0	8.6434923e-08	0	8.6434925e-08
CDS	ENST00000429711.7	RPL32	2049	0	0	-1	0	1.7731659e-07	0	1.773166e-07
CDS	ENST00000429711.7	RPL32	2050	0	0	-1	0	4.1932165e-07	0	4.1932166e-07
CDS	ENST00000429711.7	RPL32	2051	0	0	-1	0	3.1112671e-07	0	3.1112672e-07
CDS	ENST00000429711.7	RPL32	2052	0	0	-1	0	1.9242835e-07	0	1.9242835e-07
CDS	ENST00000429711.7	RPL32	2053	0	0	-1	0	3.2795032e-07	0	3.2795032e-07
CDS	ENST00000429711.7	RPL32	2054	0	0	-1	0	8.722207e-08	0	8.7222071e-08
CDS	ENST00000429711.7	RPL32	2055	0	0	-1	0	2.4156876e-07	0	2.4156876e-07
CDS	ENST00000429711.7	RPL32	2056	0	0	-1	0	1.9444185e-07	0	1.9444186e-07
CDS	ENST00000429711.7	RPL32	2057	0	0	-1	0	2.5993452e-07	0	2.5993453e-07
CDS	ENST00000429711.7	RPL32	2058	0	0	-1	0	2.2098216e-07	0	2.2098216e-07
CDS	ENST00000429711.7	RPL32	2059	0	0	-1	0	9.4561358e-08	0	9.456136e-08
CDS	ENST00000429711.7	RPL32	2060	0	0	-1	0	4.0033839e-08	0	4.003384e-08
CDS	ENST00000429711.7	RPL32	2061	0	0	-1	0	1.6418977e-07	0	1.6418977e-07
CDS	ENST00000429711.7	RPL32	2062	0	0	-1	0	3.674495e-07	0	3.6744951e-07
CDS	ENST00000429711.7	RPL32	2063	0	0	-1	0	1.5590294e-07	0	1.5590294e-07
CDS	ENST00000429711.7	RPL32	2064	0	0	-1	0	8.5094392e-08	0	8.5094394e-08
CDS	ENST00000429711.7	RPL32	2065	0	0	-1	0	2.7552392e-07	0	2.7552392e-07
CDS	ENST00000429711.7	RPL32	2066	0	0	-1	0	3.6232862e-07	0	3.6232863e-07
CDS	ENST00000429711.7	RPL32	2067	0	0	-1	0	1.5963768e-07	0	1.5963768e-07
CDS	ENST00000429711.7	RPL32	2068	0	0	-1	0	4.5229226e-07	0	4.5229226e-07
CDS	ENST00000429711.7	RPL32	2069	0	0	-1	0	4.3927017e-07	0	4.3927018e-07
CDS	ENST00000429711.7	RPL32	2070	0	0	-1	0	2.0033116e-07	0	2.0033116e-07
CDS	ENST00000429711.7	RPL32	2071	0	0	-1	0	5.9117902e-08	0	5.9117903e-08
CDS	ENST00000429711.7	RPL32	2072	0	0	-1	0	3.3705316e-08	0	3.3705317e-08
CDS	ENST00000429711.7	RPL32	2073	0	0	-1	0	4.6271285e-08	0	4.6271286e-08
CDS	ENST00000429711.7	RPL32	2074	0	0	-1	0	2.6152277e-08	0	2.6152277e-08
CDS	ENST00000429711.7	RPL32	2075	0	0	-1	0	5.2515301e-08	0	5.2515302e-08
CDS	ENST00000429711.7	RPL32	2076	0	0	-1	0	1.3179161e-07	0	1.3179161e-07
CDS	ENST00000429711.7	RPL32	2077	0	0	-1	0	3.2418537e-08	0	3.2418538e-08
CDS	ENST00000429711.7	RPL32	2078	0	0	-1	0	2.0432703e-08	0	2.0432703e-08
CDS	ENST00000429711.7	RPL32	2079	0	0	-1	0	1.8278904e-08	0	1.8278904e-08
CDS	ENST00000429711.7	RPL32	2080	0	0	-1	0	2.560822e-08	0	2.560822e-08
CDS	ENST00000429711.7	RPL32	2081	0	0	-1	0	5.1255626e-09	0	5.1255627e-09
CDS	ENST00000429711.7	RPL32	2082	0	0	-1	0	2.0442477e-09	0	2.0442477e-09
CDS	ENST00000429711.7	RPL32	2083	0	0	-1	0	5.6264715e-10	0	5.6264716e-10
CDS	ENST00000429711.7	RPL32	2084	0	0	-1	0	4.9074023e-10	0	4.9074024e-10
CDS	ENST00000429711.7	RPL32	2085	0	0	-1	0	3.0242411e-09	0	3.0242411e-09
CDS	ENST00000429711.7	RPL32	2086	0	0	-1	0	5.527824e-09	0	5.5278241e-09
CDS	ENST00000429711.7	RPL32	2087	0	0	-1	0	2.5579698e-09	0	2.5579699e-09
CDS	ENST00000429711.7	RPL32	2088	0	0	-1	0	1.5930071e-08	0	1.5930072e-08
CDS	ENST00000429711.7	RPL32	2089	0	0	-1	0	2.4166981e-08	0	2.4166982e-08
CDS	ENST00000429711.7	RPL32	2090	0	0	-1	0	1.1884423e-08	0	1.1884423e-08
CDS	ENST00000429711.7	RPL32	2091	0	0	-1	0	6.6709994e-08	0	6.6709995e-08
CDS	ENST00000429711.7	RPL32	2092	0	0	-1	0	3.5854137e-07	0	3.5854138e-07
CDS	ENST00000429711.7	RPL32	2093	0	0	-1	0	2.5895461e-06	0	2.5895461e-06
lncRNA	ENST00000647872.1	LINC02693	0	0	0	-1	0	4.942213e-14	0	4.9422137e-14
lncRNA	ENST00000647872.1	LINC02693	1	0	0	-1	0	6.2926364e-19	0	6.2926374e-19
lncRNA	ENST00000647872.1	LINC02693	2	0	0	-1	0	2.0215038e-16	0	2.0215041e-16
lncRNA	ENST00000647872.1	LINC02693	3	0	0	-1	0	9.0389054e-15	0	9.0389068e-15
lncRNA	ENST00000647872.1	LINC02693	4	0	0	-1	0	3.44757e-10	0	3.4475705e-10
lncRNA	ENST00000647872.1	LINC02693	5	0	0	-1	0	2.8952389e-09	0	2.8952394e-09
lncRNA	ENST00000647872.1	LINC02693	6	0	0	-1	0	4.2701153e-08	0	4.270116e-08
lncRNA	ENST00000647872.1	LINC02693	7	0	0	-1	0	9.7262749e-09	0	9.7262764e-09
lncRNA	ENST00000647872.1	LINC02693	8	0	0	-1	0	8.010266e-07	0	8.0102673e-07
lncRNA	ENST00000647872.1	LINC02693	9	0	0	-1	0	5.0663755e-07	0	5.0663763e-07
lncRNA	ENST00000647872.1	LINC02693	10	0	0	-1	0	1.4646607e-05	0	1.464661e-05
lncRNA	ENST00000647872.1	LINC02693	11	0	0	-1	0	8.8654582e-05	0	8.8654596e-05
lncRNA	ENST00000647872.1	LINC02693	12	0	0	-1	0	5.5636747e-06	0	5.5636756e-06
lncRNA	ENST00000647872.1	LINC02693	13	0	0	-1	0	4.0046866e-06	0	4.0046872e-06
lncRNA	ENST00000647872.1	LINC02693	14	0	0	-1	0	2.49189e-05	0	2.4918904e-05
lncRNA	ENST00000647872.1	LINC02693	15	0	0	-1	0	4.8621991e-05	0	4.8621998e-05
lncRNA	ENST00000647872.1	LINC02693	16	0	0	-1	0	2.9026719e-06	0	2.9026724e-06
lncRNA	ENST00000647872.1	LINC02693	17	0	0	-1	0	6.4901666e-05	0	6.4901676e-05
lncRNA	ENST00000647872.1	LINC02693	18	0	0	-1	0	8.7490089e-06	0	8.7490103e-06
lncRNA	ENST00000647872.1	LINC02693	19	0	0	-1	0	6.8493914e-06	0	6.8493925e-06
lncRNA	ENST00000647872.1	LINC02693	20	0	0	-1	0	2.3714418e-05	0	2.3714421e-05
lncRNA	ENST00000647872.1	LINC02693	21	0	0	-1	0	3.4313241e-06	0	3.4313246e-06
lncRNA	ENST00000647872.1	LINC02693	22	0	0	-1	0	4.2034044e-06	0	4.203405e-06
lncRNA	ENST00000647872.1	LINC02693	23	0	0	-1	0	2.2048602e-05	0	2.2048605e-05
lncRNA	ENST00000647872.1	LINC02693	24	0	0	-1	0	0.00016718681	0	0.00016718683
lncRNA	ENST00000647872.1	LINC02693	25	0	0	-1	0	9.1268972e-05	0	9.1268986e-05
lncRNA	ENST00000647872.1	LINC02693	26	0	0	-1	0	1.2578319e-05	0	1.2578321e-05
lncRNA	ENST00000647872.1	LINC02693	27	0	0	-1	0	6.8386194e-05	0	6.8386205e-05
lncRNA	ENST00000647872.1	LINC02693	28	0	0	-1	0	0.00013155586	0	0.00013155588
lncRNA	ENST00000647872.1	LINC02693	29	0	0	-1	0	9.3192857e-06	0	9.3192872e-06
lncRNA	ENST00000647872.1	LINC02693	30	0	0	-1	0	1.5740543e-05	0	1.5740545e-05
lncRNA	ENST00000647872.1	LINC02693	31	0	0	-1	0	4.0149484e-05	0	4.014949e-05
lncRNA	ENST00000647872.1	LINC02693	32	0	0	-1	0	4.3384585e-05	0	4.3384592e-05
lncRNA	ENST00000647872.1	LINC02693	33	0	0	-1	0	1.3331869e-05	0	1.3331871e-05
lncRNA	ENST00000647872.1	LINC02693	34	0	0	-1	0	0.00044501296	0	0.00044501303
lncRNA	ENST00000647872.1	LINC02693	35	0	0	-1	0	0.00012145782	0	0.00012145783
lncRNA	ENST00000647872.1	LINC02693	36	0	0	-1	0	0.00014774122	0	0.00014774124
lncRNA	ENST00000647872.1	LINC02693	37	0	0	-1	0	2.4489955e-05	0	2.4489959e-05
lncRNA	ENST00000647872.1	LINC02693	38	0	0	-1	0	0.00034460469	0	0.00034460474
lncRNA	ENST00000647872.1	LINC02693	39	0	0	-1	0	7.0785478e-05	0	7.0785489e-05
lncRNA	ENST00000647872.1	LINC02693	40	0	0	-1	0	3.2206208e-05	0	3.2206213e-05
lncRNA	ENST00000647872.1	LINC02693	41	0	0	-1	0	9.0913585e-05	0	9.0913599e-05
lncRNA	ENST00000647872.1	LINC02693	42	0	0	-1	0	3.2945973e-05	0	3.2945978e-05
lncRNA	ENST00000647872.1	LINC02693	43	0	0	-1	0	4.6828482e-05	0	4.6828489e-05
lncRNA	ENST00000647872.1	LINC02693	44	0	0	-1	0	8.6643035e-05	0	8.6643048e-05
lncRNA	ENST00000647872.1	LINC02693	45	0	0	-1	0	7.0450362e-05	0	7.0450373e-05
lncRNA	ENST00000647872.1	LINC02693	46	0	0	-1	0	3.0842948e-05	0	3.0842953e-05
lncRNA	ENST00000647872.1	LINC02693	47	0	0	-1	0	0.0001170332	0	0.00011703321
lncRNA	ENST00000647872.1	LINC02693	48	0	0	-1	0	2.943459e-05	0	2.9434595e-05
lncRNA	ENST00000647872.1	LINC02693	49	0	0	-1	0	2.4489627e-05	0	2.4489631e-05
lncRNA	ENST00000647872.1	LINC02693	50	0	0	-1	0	6.7808724e-05	0	6.7808734e-05
lncRNA	ENST00000647872.1	LINC02693	51	0	0	-1	0	1.5391524e-05	0	1.5391527e-05
lncRNA	ENST00000647872.1	LINC02693	52	0	0	-1	0	3.4410928e-06	0	3.4410933e-06
lncRNA	ENST00000647872.1	LINC02693	53	0	0	-1	0	0.00018578394	0	0.00018578397
lncRNA	ENST00000647872.1	LINC02693	54	0	0	-1	0	0.00010226233	0	0.00010226235
lncRNA	ENST00000647872.1	LINC02693	55	0	0	-1	0	1.8422821e-05	0	1.8422824e-05
lncRNA	ENST00000647872.1	LINC02693	56	0	0	-1	0	0.00013563574	0	0.00013563576
lncRNA	ENST00000647872.1	LINC02693	57	0	0	-1	0	5.4317745e-05	0	5.4317753e-05
lncRNA	ENST00000647872.1	LINC02693	58	0	0	-1	0	0.00017624175	0	0.00017624178
lncRNA	ENST00000647872.1	LINC02693	59	0	0	-1	0	0.00066249463	0	0.00066249473
lncRNA	ENST00000647872.1	LINC02693	60	0	0	-1	0	8.8500587e-05	0	8.85006e-05
lncRNA	ENST00000647872.1	LINC02693	61	0	0	-1	0	3.1184678e-05	0	3.1184683e-05
lncRNA	ENST00000647872.1	LINC02693	62	0	0	-1	0	0.00034977432	0	0.00034977437
lncRNA	ENST00000647872.1	LINC02693	63	0	0	-1	0	2.6583721e-05	0	2.6583725e-05
lncRNA	ENST00000647872.1	LINC02693	64	0	0	-1	0	2.0560063e-05	0	2.0560066e-05
lncRNA	ENST00000647872.1	LINC02693	65	0	0	-1	7	0.00031779689	0.0027195027	0.00031779694
lncRNA	ENST00000647872.1	LINC02693	66	0	0	-1	0	0.00019696866	0	0.00019696869
lncRNA	ENST00000647872.1	LINC02693	67	0	0	-1	0	2.9953455e-05	0	2.995346e-05
lncRNA	ENST00000647872.1	LINC02693	68	0	0	-1	5	0.00020297029	0.0019425019	0.00020297032
lncRNA	ENST00000647872.1	LINC02693	69	0	0	-1	0	0.00020633517	0	0.0002063352
lncRNA	ENST00000647872.1	LINC02693	70	0	0	-1	0	0.0001342194	0	0.00013421942
lncRNA	ENST00000647872.1	LINC02693	71	0	0	-1	0	4.497121e-05	0	4.4971217e-05
lncRNA	ENST00000647872.1	LINC02693	72	0	0	-1	0	4.7524529e-05	0	4.7524536e-05
lncRNA	ENST00000647872.1	LINC02693	73	0	0	-1	0	2.3513359e-05	0	2.3513363e-05
lncRNA	ENST00000647872.1	LINC02693	74	0	0	-1	0	3.3382926e-06	0	3.3382931e-06
lncRNA	ENST00000647872.1	LINC02693	75	0	0	-1	0	3.6117843e-05	0	3.6117848e-05
lncRNA	ENST00000647872.1	LINC02693	76	0	0	-1	0	1.5320351e-05	0	1.5320353e-05
lncRNA	ENST00000647872.1	LINC02693	77	0	0	-1	0	1.8449353e-05	0	1.8449356e-05
lncRNA	ENST00000647872.1	LINC02693	78	0	0	-1	8	0.00041187162	0.0031080031	0.00041187168
lncRNA	ENST00000647872.1	LINC02693	79	0	0	-1	0	3.3067288e-05	0	3.3067294e-05
lncRNA	ENST00000647872.1	LINC02693	80	0	0	-1	0	7.8860821e-06	0	7.8860834e-06
lncRNA	ENST00000647872.1	LINC02693	81	0	0	-1	6	0.00019287934	0.0023310023	0.00019287937
lncRNA	ENST00000647872.1	LINC02693	82	0	0	-1	0	0.00021731759	0	0.00021731762
lncRNA	ENST00000647872.1	LINC02693	83	0	0	-1	0	1.6953943e-05	0	1.6953946e-05
lncRNA	ENST00000647872.1	LINC02693	84	0	0	-1	0	4.9635193e-05	0	4.9635201e-05
lncRNA	ENST00000647872.1	LINC02693	85	0	0	-1	0	3.0738502e-05	0	3.0738507e-05
lncRNA	ENST00000647872.1	LINC02693	86	0	0	-1	0	6.8753376e-05	0	6.8753386e-05
lncRNA	ENST00000647872.1	LINC02693	87	0	0	-1	5	0.00031826517	0.0019425019	0.00031826522
lncRNA	ENST00000647872.1	LINC02693	88	0	0	-1	0	1.2994155e-05	0	1.2994157e-05
lncRNA	ENST00000647872.1	LINC02693	89	0	0	-1	0	1.9538598e-05	0	1.9538601e-05
lncRNA	ENST00000647872.1	LINC02693	90	0	0	-1	0	0.00065557181	0	0.00065557192
lncRNA	ENST00000647872.1	LINC02693	91	0	0	-1	18	0.00045173711	0.006993007	0.00045173718
lncRNA	ENST00000647872.1	LINC02693	92	0	0	-1	0	9.5229836e-05	0	9.5229851e-05
lncRNA	ENST00000647872.1	LINC02693	93	0	0	-1	6	5.7791443e-05	0.0023310023	5.7791452e-05
lncRNA	ENST00000647872.1	LINC02693	94	0	0	-1	0	2.0160705e-05	0	2.0160709e-05
lncRNA	ENST00000647872.1	LINC02693	95	0	0	-1	0	7.3645656e-06	0	7.3645667e-06
lncRNA	ENST00000647872.1	LINC02693	96	0	0	-1	0	3.1510895e-05	0	3.15109e-05
lncRNA	ENST00000647872.1	LINC02693	97	0	0	-1	0	1.7787585e-05	0	1.7787587e-05
lncRNA	ENST00000647872.1	LINC02693	98	0	0	-1	0	1.242604e-05	0	1.2426042e-05
lncRNA	ENST00000647872.1	LINC02693	99	0	0	-1	0	0.00033550934	0	0.00033550939
lncRNA	ENST00000647872.1	LINC02693	100	0	0	-1	0	0.00017983509	0	0.00017983511
lncRNA	ENST00000647872.1	LINC02693	101	0	0	-1	0	6.4604639e-05	0	6.4604649e-05
lncRNA	ENST00000647872.1	LINC02693	102	0	0	-1	47	0.024553729	0.018259518	0.024553733
lncRNA	ENST00000647872.1	LINC02693	103	0	0	-1	0	0.0034674336	0	0.0034674342
lncRNA	ENST00000647872.1	LINC02693	104	0	0	-1	5	0.00071177148	0.0019425019	0.0007117716
lncRNA	ENST00000647872.1	LINC02693	105	0	0	-1	0	0.0011852229	0	0.0011852231
lncRNA	ENST00000647872.1	LINC02693	106	0	0	-1	0	2.8194218e-05	0	2.8194222e-05
lncRNA	ENST00000647872.1	LINC02693	107	0	0	-1	0	6.8988113e-05	0	6.8988123e-05
lncRNA	ENST00000647872.1	LINC02693	108	0	0	-1	15	0.0024541602	0.0058275058	0.0024541606
lncRNA	ENST00000647872.1	LINC02693	109	0	0	-1	0	6.6786481e-05	0	6.6786491e-05
lncRNA	ENST00000647872.1	LINC02693	110	0	0	-1	0	0.00011988651	0	0.00011988653
lncRNA	ENST00000647872.1	LINC02693	111	0	0	-1	12	0.00084917713	0.0046620047	0.00084917726
lncRNA	ENST00000647872.1	LINC02693	112	0	0	-1	46	0.0042024087	0.017871018	0.0042024094
lncRNA	ENST00000647872.1	LINC02693	113	0	0	-1	0	0.0010738464	0	0.0010738465
lncRNA	ENST00000647872.1	LINC02693	114	0	0	-1	0	0.0048784767	0	0.0048784775
lncRNA	ENST00000647872.1	LINC02693	115	0	0	-1	0	0.00052516063	0	0.00052516072
lncRNA	ENST00000647872.1	LINC02693	116	0	0	-1	0	0.00030526717	0	0.00030526722
lncRNA	ENST00000647872.1	LINC02693	117	0	0	-1	0	0.00142292	0	0.0014229203
lncRNA	ENST00000647872.1	LINC02693	118	0	0	-1	0	0.00053614494	0	0.00053614503
lncRNA	ENST00000647872.1	LINC02693	119	0	0	-1	0	0.00065306388	0	0.00065306398
lncRNA	ENST00000647872.1	LINC02693	120	0	0	-1	0	0.0034993934	0	0.0034993939
lncRNA	ENST00000647872.1	LINC02693	121	0	0	-1	0	0.00020650703	0	0.00020650706
lncRNA	ENST00000647872.1	LINC02693	122	0	0	-1	0	1.4273247e-05	0	1.4273249e-05
lncRNA	ENST00000647872.1	LINC02693	123	0	0	-1	0	4.123446e-05	0	4.1234466e-05
lncRNA	ENST00000647872.1	LINC02693	124	0	0	-1	0	9.4190866e-05	0	9.419088e-05
lncRNA	ENST00000647872.1	LINC02693	125	0	0	-1	0	0.00011136607	0	0.00011136609
lncRNA	ENST00000647872.1	LINC02693	126	0	0	-1	0	9.6915086e-05	0	9.6915101e-05
lncRNA	ENST00000647872.1	LINC02693	127	0	0	-1	0	9.6183949e-06	0	9.6183964e-06
lncRNA	ENST00000647872.1	LINC02693	128	0	0	-1	0	5.0708855e-05	0	5.0708863e-05
lncRNA	ENST00000647872.1	LINC02693	129	0	0	-1	51	0.00020248347	0.01981352	0.0002024835
lncRNA	ENST00000647872.1	LINC02693	130	0	0	-1	0	8.4274907e-06	0	8.427492e-06
lncRNA	ENST00000647872.1	LINC02693	131	0	0	-1	0	3.2628042e-05	0	3.2628048e-05
lncRNA	ENST00000647872.1	LINC02693	132	0	0	-1	3	0.0032865528	0.0011655012	0.0032865534
lncRNA	ENST00000647872.1	LINC02693	133	0	0	-1	0	8.3571766e-05	0	8.3571779e-05
lncRNA	ENST00000647872.1	LINC02693	134	0	0	-1	0	3.9555798e-05	0	3.9555804e-05
lncRNA	ENST00000647872.1	LINC02693	135	0	0	-1	17	0.0010883334	0.0066045066	0.0010883336
lncRNA	ENST00000647872.1	LINC02693	136	0	0	-1	0	4.497288e-05	0	4.4972887e-05
lncRNA	ENST00000647872.1	LINC02693	137	0	0	-1	0	0.00010621691	0	0.00010621693
lncRNA	ENST00000647872.1	LINC02693	138	0	0	-1	8	0.0016909798	0.0031080031	0.0016909801
lncRNA	ENST00000647872.1	LINC02693	139	0	0	-1	0	0.00039206428	0	0.00039206434
lncRNA	ENST00000647872.1	LINC02693	140	0	0	-1	10	0.0079106539	0.0038850039	0.0079106552
lncRNA	ENST00000647872.1	LINC02693	141	0	0	-1	0	0.0014627142	0	0.0014627144
lncRNA	ENST00000647872.1	LINC02693	142	0	0	-1	0	0.0002067849	0	0.00020678493
lncRNA	ENST00000647872.1	LINC02693	143	0	0	-1	0	0.00015006223	0	0.00015006225
lncRNA	ENST00000647872.1	LINC02693	144	0	0	-1	0	0.00064539578	0	0.00064539588
lncRNA	ENST00000647872.1	LINC02693	145	0	0	-1	0	0.0016842064	0	0.0016842067
lncRNA	ENST00000647872.1	LINC02693	146	0	0	-1	0	0.00022922993	0	0.00022922997
lncRNA	ENST00000647872.1	LINC02693	147	0	0	-1	6	0.0014441118	0.0023310023	0.001444112
lncRNA	ENST00000647872.1	LINC02693	148	0	0	-1	0	0.0014883999	0	0.0014884002
lncRNA	ENST00000647872.1	LINC02693	149	0	0	-1	0	0.0011176161	0	0.0011176163
lncRNA	ENST00000647872.1	LINC02693	150	0	0	-1	0	0.00010394665	0	0.00010394667
lncRNA	ENST00000647872.1	LINC02693	151	0	0	-1	0	2.4979263e-05	0	2.4979267e-05
lncRNA	ENST00000647872.1	LINC02693	152	0	0	-1	6	7.0196584e-05	0.0023310023	7.0196595e-05
lncRNA	ENST00000647872.1	LINC02693	153	0	0	-1	1	9.6650278e-05	0.00038850039	9.6650293e-05
lncRNA	ENST00000647872.1	LINC02693	154	0	0	-1	0	2.0634039e-05	0	2.0634042e-05
lncRNA	ENST00000647872.1	LINC02693	155	0	0	-1	0	6.1789491e-05	0	6.1789501e-05
lncRNA	ENST00000647872.1	LINC02693	156	0	0	-1	0	0.00028118936	0	0.00028118941
lncRNA	ENST00000647872.1	LINC02693	157	0	0	-1	0	0.00035820322	0	0.00035820328
lncRNA	ENST00000647872.1	LINC02693	158	0	0	-1	0	7.7907185e-05	0	7.7907197e-05
lncRNA	ENST00000647872.1	LINC02693	159	0	0	-1	12	0.0018567013	0.0046620047	0.0018567016
lncRNA	ENST00000647872.1	LINC02693	160	0	0	-1	0	8.9835739e-05	0	8.9835753e-05
lncRNA	ENST00000647872.1	LINC02693	161	0	0	-1	0	0.0001429516	0	0.00014295162
lncRNA	ENST00000647872.1	LINC02693	162	0	0	-1	0	0.00016737601	0	0.00016737604
lncRNA	ENST00000647872.1	LINC02693	163	0	0	-1	0	0.00012681054	0	0.00012681056
lncRNA	ENST00000647872.1	LINC02693	164	0	0	-1	0	1.420768e-05	0	1.4207682e-05
lncRNA	ENST00000647872.1	LINC02693	165	0	0	-1	3	3.6362089e-05	0.0011655012	3.6362095e-05
lncRNA	ENST00000647872.1	LINC02693	166	0	0	-1	0	0.00021958254	0	0.00021958257
lncRNA	ENST00000647872.1	LINC02693	167	0	0	-1	0	3.111938e-05	0	3.1119385e-05
lncRNA	ENST00000647872.1	LINC02693	168	0	0	-1	4	0.00041474091	0.0015540016	0.00041474097
lncRNA	ENST00000647872.1	LINC02693	169	0	0	-1	0	0.00012684596	0	0.00012684598
lncRNA	ENST00000647872.1	LINC02693	170	0	0	-1	0	7.494029e-06	0	7.4940302e-06
lncRNA	ENST00000647872.1	LINC02693	171	0	0	-1	0	3.8433755e-05	0	3.8433761e-05
lncRNA	ENST00000647872.1	LINC02693	172	0	0	-1	0	5.0739767e-05	0	5.0739775e-05
lncRNA	ENST00000647872.1	LINC02693	173	0	0	-1	0	1.1772247e-05	0	1.1772248e-05
lncRNA	ENST00000647872.1	LINC02693	174	0	0	-1	0	4.6318193e-05	0	4.63182e-05
lncRNA	ENST00000647872.1	LINC02693	175	0	0	-1	0	0.00014952167	0	0.00014952169
lncRNA	ENST00000647872.1	LINC02693	176	0	0	-1	0	0.0001857547	0	0.00018575473
lncRNA	ENST00000647872.1	LINC02693	177	0	0	-1	0	0.00012480143	0	0.00012480145
lncRNA	ENST00000647872.1	LINC02693	178	0	0	-1	0	5.5924196e-05	0	5.5924205e-05
lncRNA	ENST00000647872.1	LINC02693	179	0	0	-1	0	4.1503208e-05	0	4.1503215e-05
lncRNA	ENST00000647872.1	LINC02693	180	0	0	-1	0	0.00011473094	0	0.00011473096
lncRNA	ENST00000647872.1	LINC02693	181	0	0	-1	0	1.5146109e-05	0	1.5146111e-05
lncRNA	ENST00000647872.1	LINC02693	182	0	0	-1	0	5.2890078e-05	0	5.2890087e-05
lncRNA	ENST00000647872.1	LINC02693	183	0	0	-1	0	7.8159537e-05	0	7.815955e-05
lncRNA	ENST00000647872.1	LINC02693	184	0	0	-1	0	3.7006877e-05	0	3.7006883e-05
lncRNA	ENST00000647872.1	LINC02693	185	0	0	-1	0	4.1165036e-05	0	4.1165043e-05
lncRNA	ENST00000647872.1	LINC02693	186	0	0	-1	0	1.7232658e-05	0	1.7232661e-05
lncRNA	ENST00000647872.1	LINC02693	187	0	0	-1	0	6.3272009e-06	0	6.3272019e-06
lncRNA	ENST00000647872.1	LINC02693	188	0	0	-1	0	2.8727167e-05	0	2.8727171e-05
lncRNA	ENST00000647872.1	LINC02693	189	0	0	-1	0	6.9497968e-05	0	6.9497979e-05
lncRNA	ENST00000647872.1	LINC02693	190	0	0	-1	0	8.8860441e-05	0	8.8860455e-05
lncRNA	ENST00000647872.1	LINC02693	191	0	0	-1	0	8.7495631e-05	0	8.7495645e-05
lncRNA	ENST00000647872.1	LINC02693	192	0	0	-1	0	0.00014876938	0	0.0001487694
lncRNA	ENST00000647872.1	LINC02693	193	0	0	-1	0	0.0001606923	0	0.00016069233
lncRNA	ENST00000647872.1	LINC02693	194	0	0	-1	0	0.00033208853	0	0.00033208858
lncRNA	ENST00000647872.1	LINC02693	195	0	0	-1	0	0.00052235695	0	0.00052235703
lncRNA	ENST00000647872.1	LINC02693	196	0	0	-1	0	0.000148173	0	0.00014817302
lncRNA	ENST00000647872.1	LINC02693	197	0	0	-1	0	0.0001406087	0	0.00014060872
lncRNA	ENST00000647872.1	LINC02693	198	0	0	-1	0	0.00022345413	0	0.00022345417
lncRNA	ENST00000647872.1	LINC02693	199	0	0	-1	0	0.0014243578	0	0.001424358
lncRNA	ENST00000647872.1	LINC02693	200	0	0	-1	0	3.8596656e-05	0	3.8596662e-05
lncRNA	ENST00000647872.1	LINC02693	201	0	0	-1	0	0.0025308058	0	0.0025308062
lncRNA	ENST00000647872.1	LINC02693	202	0	0	-1	0	9.1121474e-05	0	9.1121488e-05
lncRNA	ENST00000647872.1	LINC02693	203	0	0	-1	0	3.5672163e-06	0	3.5672168e-06
lncRNA	ENST00000647872.1	LINC02693	204	0	0	-1	0	0.00033814498	0	0.00033814503
lncRNA	ENST00000647872.1	LINC02693	205	0	0	-1	0	0.00026586928	0	0.00026586932
lncRNA	ENST00000647872.1	LINC02693	206	0	0	-1	0	1.3639464e-05	0	1.3639466e-05
lncRNA	ENST00000647872.1	LINC02693	207	0	0	-1	0	5.0246384e-05	0	5.0246392e-05
lncRNA	ENST00000647872.1	LINC02693	208	0	0	-1	0	1.0066859e-05	0	1.006686e-05
lncRNA	ENST00000647872.1	LINC02693	209	0	0	-1	0	4.6616657e-05	0	4.6616664e-05
lncRNA	ENST00000647872.1	LINC02693	210	0	0	-1	0	0.0001606252	0	0.00016062523
lncRNA	ENST00000647872.1	LINC02693	211	0	0	-1	0	2.9740373e-05	0	2.9740378e-05
lncRNA	ENST00000647872.1	LINC02693	212	0	0	-1	0	7.1423869e-06	0	7.1423881e-06
lncRNA	ENST00000647872.1	LINC02693	213	0	0	-1	0	6.2224542e-05	0	6.2224552e-05
lncRNA	ENST00000647872.1	LINC02693	214	0	0	-1	0	5.1951349e-05	0	5.1951357e-05
lncRNA	ENST00000647872.1	LINC02693	215	0	0	-1	0	3.1622072e-05	0	3.1622077e-05
lncRNA	ENST00000647872.1	LINC02693	216	0	0	-1	0	0.00014693091	0	0.00014693093
lncRNA	ENST00000647872.1	LINC02693	217	0	0	-1	0	9.9347562e-06	0	9.9347578e-06
lncRNA	ENST00000647872.1	LINC02693	218	0	0	-1	0	1.1328052e-05	0	1.1328054e-05
lncRNA	ENST00000647872.1	LINC02693	219	0	0	-1	0	3.589307e-05	0	3.5893076e-05
lncRNA	ENST00000647872.1	LINC02693	220	0	0	-1	0	0.00013780678	0	0.0001378068
lncRNA	ENST00000647872.1	LINC02693	221	0	0	-1	0	9.678758e-06	0	9.6787596e-06
lncRNA	ENST00000647872.1	LINC02693	222	0	0	-1	0	2.6807529e-05	0	2.6807533e-05
lncRNA	ENST00000647872.1	LINC02693	223	0	0	-1	0	1.2830037e-05	0	1.2830039e-05
lncRNA	ENST00000647872.1	LINC02693	224	0	0	-1	0	2.3454995e-05	0	2.3454999e-05
lncRNA	ENST00000647872.1	LINC02693	225	0	0	-1	0	8.2436018e-05	0	8.2436031e-05
lncRNA	ENST00000647872.1	LINC02693	226	0	0	-1	0	7.3731603e-06	0	7.3731615e-06
lncRNA	ENST00000647872.1	LINC02693	227	0	0	-1	0	1.8299863e-05	0	1.8299866e-05
lncRNA	ENST00000647872.1	LINC02693	228	0	0	-1	0	5.3488835e-05	0	5.3488843e-05
lncRNA	ENST00000647872.1	LINC02693	229	0	0	-1	0	2.1294029e-05	0	2.1294032e-05
lncRNA	ENST00000647872.1	LINC02693	230	0	0	-1	0	1.089512e-05	0	1.0895122e-05
lncRNA	ENST00000647872.1	LINC02693	231	0	0	-1	0	4.4086373e-05	0	4.408638e-05
lncRNA	ENST00000647872.1	LINC02693	232	0	0	-1	0	3.7614161e-06	0	3.7614167e-06
lncRNA	ENST00000647872.1	LINC02693	233	0	0	-1	0	2.8451805e-06	0	2.8451809e-06
lncRNA	ENST00000647872.1	LINC02693	234	0	0	-1	0	1.64878e-05	0	1.6487803e-05
lncRNA	ENST00000647872.1	LINC02693	235	0	0	-1	0	9.0991343e-06	0	9.0991358e-06
lncRNA	ENST00000647872.1	LINC02693	236	0	0	-1	0	4.2591669e-06	0	4.2591675e-06
lncRNA	ENST00000647872.1	LINC02693	237	0	0	-1	0	1.0053686e-05	0	1.0053688e-05
lncRNA	ENST00000647872.1	LINC02693	238	0	0	-1	0	1.5749853e-05	0	1.5749855e-05
lncRNA	ENST00000647872.1	LINC02693	239	0	0	-1	0	2.6382238e-06	0	2.6382242e-06
lncRNA	ENST00000647872.1	LINC02693	240	0	0	-1	0	1.8450584e-05	0	1.8450587e-05
lncRNA	ENST00000647872.1	LINC02693	241	0	0	-1	0	1.15921e-05	0	1.1592102e-05
lncRNA	ENST00000647872.1	LINC02693	242	0	0	-1	0	4.6483406e-06	0	4.6483413e-06
lncRNA	ENST00000647872.1	LINC02693	243	0	0	-1	0	6.3439409e-05	0	6.3439419e-05
lncRNA	ENST00000647872.1	LINC02693	244	0	0	-1	0	5.2821779e-05	0	5.2821787e-05
lncRNA	ENST00000647872.1	LINC02693	245	0	0	-1	0	9.5202004e-06	0	9.5202019e-06
lncRNA	ENST00000647872.1	LINC02693	246	0	0	-1	0	0.00010963699	0	0.00010963701
lncRNA	ENST00000647872.1	LINC02693	247	0	0	-1	0	3.2786527e-05	0	3.2786532e-05
lncRNA	ENST00000647872.1	LINC02693	248	0	0	-1	0	2.8791566e-05	0	2.8791571e-05
lncRNA	ENST00000647872.1	LINC02693	249	0	0	-1	0	0.00050192268	0	0.00050192276
lncRNA	ENST00000647872.1	LINC02693	250	0	0	-1	0	1.4826974e-05	0	1.4826976e-05
lncRNA	ENST00000647872.1	LINC02693	251	0	0	-1	0	1.4818436e-05	0	1.4818439e-05
lncRNA	ENST00000647872.1	LINC02693	252	0	0	-1	0	0.0013034107	0	0.0013034109
lncRNA	ENST00000647872.1	LINC02693	253	0	0	-1	0	0.00021303505	0	0.00021303508
lncRNA	ENST00000647872.1	LINC02693	254	0	0	-1	0	0.00010953144	0	0.00010953145
lncRNA	ENST00000647872.1	LINC02693	255	0	0	-1	0	0.00037065899	0	0.00037065905
lncRNA	ENST00000647872.1	LINC02693	256	0	0	-1	0	0.00015112918	0	0.0001511292
lncRNA	ENST00000647872.1	LINC02693	257	0	0	-1	0	0.00035865392	0	0.00035865398
lncRNA	ENST00000647872.1	LINC02693	258	1	0	0	10	0.0033753747	0.0038850039	0.0033753752
lncRNA	ENST00000647872.1	LINC02693	259	1	0	1	0	0.00012440453	0	0.00012440455
lncRNA	ENST00000647872.1	LINC02693	260	1	0	2	0	0.00043309078	0	0.00043309085
lncRNA	ENST00000647872.1	LINC02693	261	1	0	0	1	0.026226785	0.00038850039	0.026226789
lncRNA	ENST00000647872.1	LINC02693	262	1	0	1	0	0.003626979	0	0.0036269795
lncRNA	ENST00000647872.1	LINC02693	263	1	0	2	0	0.00018369762	0	0.00018369764
lncRNA	ENST00000647872.1	LINC02693	264	1	0	0	0	0.0012874715	0	0.0012874717
lncRNA	ENST00000647872.1	LINC02693	265	1	0	1	0	9.7672688e-05	0	9.7672703e-05
lncRNA	ENST00000647872.1	LINC02693	266	1	0	2	3	0.00064360007	0.0011655012	0.00064360017
lncRNA	ENST00000647872.1	LINC02693	267	1	0	0	13	0.0055488516	0.0050505051	0.0055488524
lncRNA	ENST00000647872.1	LINC02693	268	1	0	1	6	0.0003410287	0.0023310023	0.00034102876
lncRNA	ENST00000647872.1	LINC02693	269	1	0	2	0	0.00053556444	0	0.00053556452
lncRNA	ENST00000647872.1	LINC02693	270	1	0	0	3	0.0083096717	0.0011655012	0.008309673
lncRNA	ENST00000647872.1	LINC02693	271	1	0	1	0	0.00031583241	0	0.00031583246
lncRNA	ENST00000647872.1	LINC02693	272	1	0	2	0	0.00039683774	0	0.0003968378
lncRNA	ENST00000647872.1	LINC02693	273	1	0	0	4	0.0022667234	0.0015540016	0.0022667238
lncRNA	ENST00000647872.1	LINC02693	274	1	0	1	0	0.00051445846	0	0.00051445854
lncRNA	ENST00000647872.1	LINC02693	275	1	0	2	0	0.0018018883	0	0.0018018886
lncRNA	ENST00000647872.1	LINC02693	276	1	0	0	9	0.0018532517	0.0034965035	0.001853252
lncRNA	ENST00000647872.1	LINC02693	277	1	0	1	0	0.00028398237	0	0.00028398242
lncRNA	ENST00000647872.1	LINC02693	278	1	0	2	0	0.00031100228	0	0.00031100233
lncRNA	ENST00000647872.1	LINC02693	279	1	0	0	7	0.00058746105	0.0027195027	0.00058746114
lncRNA	ENST00000647872.1	LINC02693	280	1	0	1	0	0.00024443114	0	0.00024443118
lncRNA	ENST00000647872.1	LINC02693	281	1	0	2	2	0.0025866006	0.00077700078	0.002586601
lncRNA	ENST00000647872.1	LINC02693	282	1	0	0	18	0.0016112998	0.006993007	0.0016113001
lncRNA	ENST00000647872.1	LINC02693	283	1	0	1	0	0.00014094595	0	0.00014094597
lncRNA	ENST00000647872.1	LINC02693	284	1	0	2	0	0.0002924724	0	0.00029247244
lncRNA	ENST00000647872.1	LINC02693	285	1	0	0	8	0.002086607	0.0031080031	0.0020866074
lncRNA	ENST00000647872.1	LINC02693	286	1	0	1	0	0.00012978879	0	0.00012978881
lncRNA	ENST00000647872.1	LINC02693	287	1	0	2	0	2.3048478e-05	0	2.3048482e-05
lncRNA	ENST00000647872.1	LINC02693	288	1	0	0	0	0.0010983505	0	0.0010983507
lncRNA	ENST00000647872.1	LINC02693	289	1	0	1	0	0.00025673513	0	0.00025673517
lncRNA	ENST00000647872.1	LINC02693	290	1	0	2	0	0.0011815336	0	0.0011815337
lncRNA	ENST00000647872.1	LINC02693	291	1	0	0	0	0.0016717941	0	0.0016717944
lncRNA	ENST00000647872.1	LINC02693	292	1	0	1	0	0.00028825729	0	0.00028825733
lncRNA	ENST00000647872.1	LINC02693	293	1	0	2	0	0.00036581021	0	0.00036581026
lncRNA	ENST00000647872.1	LINC02693	294	1	0	0	0	0.0011441681	0	0.0011441683
lncRNA	ENST00000647872.1	LINC02693	295	1	0	1	0	6.6604385e-05	0	6.6604396e-05
lncRNA	ENST00000647872.1	LINC02693	296	1	0	2	0	5.588197e-05	0	5.5881979e-05
lncRNA	ENST00000647872.1	LINC02693	297	1	0	0	0	0.0017367213	0	0.0017367215
lncRNA	ENST00000647872.1	LINC02693	298	1	0	1	0	0.00025306188	0	0.00025306192
lncRNA	ENST00000647872.1	LINC02693	299	1	0	2	0	0.00042240057	0	0.00042240063
lncRNA	ENST00000647872.1	LINC02693	300	1	0	0	0	0.00065037824	0	0.00065037834
lncRNA	ENST00000647872.1	LINC02693	301	1	0	1	0	0.00021665293	0	0.00021665296
lncRNA	ENST00000647872.1	LINC02693	302	1	0	2	0	8.383263e-05	0	8.3832644e-05
lncRNA	ENST00000647872.1	LINC02693	303	1	0	0	7	0.0014388179	0.0027195027	0.0014388182
lncRNA	ENST00000647872.1	LINC02693	304	1	0	1	0	0.00013531158	0	0.0001353116
lncRNA	ENST00000647872.1	LINC02693	305	1	0	2	0	2.7079848e-05	0	2.7079852e-05
lncRNA	ENST00000647872.1	LINC02693	306	1	0	0	0	0.00083237496	0	0.0008323751
lncRNA	ENST00000647872.1	LINC02693	307	1	0	1	0	0.00049197738	0	0.00049197746
lncRNA	ENST00000647872.1	LINC02693	308	1	0	2	0	0.00042568648	0	0.00042568654
lncRNA	ENST00000647872.1	LINC02693	309	1	0	0	3	0.0045313379	0.0011655012	0.0045313386
lncRNA	ENST00000647872.1	LINC02693	310	1	0	1	3	0.0004068698	0.0011655012	0.00040686987
lncRNA	ENST00000647872.1	LINC02693	311	1	0	2	0	0.00084644672	0	0.00084644686
lncRNA	ENST00000647872.1	LINC02693	312	1	0	0	41	0.010984758	0.015928516	0.01098476
lncRNA	ENST00000647872.1	LINC02693	313	1	0	1	0	0.0015335393	0	0.0015335395
lncRNA	ENST00000647872.1	LINC02693	314	1	0	2	3	0.00037887887	0.0011655012	0.00037887893
lncRNA	ENST00000647872.1	LINC02693	315	1	0	0	8	0.0047380757	0.0031080031	0.0047380764
lncRNA	ENST00000647872.1	LINC02693	316	1	0	1	0	0.00072824396	0	0.00072824408
lncRNA	ENST00000647872.1	LINC02693	317	1	0	2	0	0.00024765651	0	0.00024765655
lncRNA	ENST00000647872.1	LINC02693	318	1	0	0	0	0.0062853708	0	0.0062853718
lncRNA	ENST00000647872.1	LINC02693	319	1	0	1	0	0.00034564559	0	0.00034564564
lncRNA	ENST00000647872.1	LINC02693	320	1	0	2	0	0.0019333891	0	0.0019333894
lncRNA	ENST00000647872.1	LINC02693	321	1	0	0	28	0.016018106	0.010878011	0.016018108
lncRNA	ENST00000647872.1	LINC02693	322	1	0	1	7	0.0006192397	0.0027195027	0.0006192398
lncRNA	ENST00000647872.1	LINC02693	323	1	0	2	0	0.00062324025	0	0.00062324035
lncRNA	ENST00000647872.1	LINC02693	324	1	0	0	34	0.026937591	0.013209013	0.026937595
lncRNA	ENST00000647872.1	LINC02693	325	1	0	1	2	0.0021008898	0.00077700078	0.0021008901
lncRNA	ENST00000647872.1	LINC02693	326	1	0	2	0	0.00036341182	0	0.00036341188
lncRNA	ENST00000647872.1	LINC02693	327	1	0	0	0	0.0018557075	0	0.0018557078
lncRNA	ENST00000647872.1	LINC02693	328	1	0	1	0	0.00040649669	0	0.00040649676
lncRNA	ENST00000647872.1	LINC02693	329	1	0	2	0	9.9732839e-05	0	9.9732855e-05
lncRNA	ENST00000647872.1	LINC02693	330	1	0	0	0	0.0049013393	0	0.0049013401
lncRNA	ENST00000647872.1	LINC02693	331	1	0	1	0	0.0018435926	0	0.0018435929
lncRNA	ENST00000647872.1	LINC02693	332	1	0	2	0	0.0019398062	0	0.0019398065
lncRNA	ENST00000647872.1	LINC02693	333	1	0	0	81	0.03567183	0.031468531	0.035671836
lncRNA	ENST00000647872.1	LINC02693	334	1	0	1	18	0.014693344	0.006993007	0.014693346
lncRNA	ENST00000647872.1	LINC02693	335	1	0	2	2	0.00069905818	0.00077700078	0.00069905829
lncRNA	ENST00000647872.1	LINC02693	336	1	0	0	6	0.0038630131	0.0023310023	0.0038630137
lncRNA	ENST00000647872.1	LINC02693	337	1	0	1	0	0.0002441681	0	0.00024416814
lncRNA	ENST00000647872.1	LINC02693	338	1	0	2	0	0.000306256	0	0.00030625605
lncRNA	ENST00000647872.1	LINC02693	339	1	0	0	0	0.00017315794	0	0.00017315797
lncRNA	ENST00000647872.1	LINC02693	340	1	0	1	0	0.00016894555	0	0.00016894558
lncRNA	ENST00000647872.1	LINC02693	341	1	0	2	0	2.5380132e-05	0	2.5380136e-05
lncRNA	ENST00000647872.1	LINC02693	342	1	0	0	0	0.00084163999	0	0.00084164013
lncRNA	ENST00000647872.1	LINC02693	343	1	0	1	0	1.8129802e-05	0	1.8129805e-05
lncRNA	ENST00000647872.1	LINC02693	344	1	0	2	0	2.7070719e-06	0	2.7070723e-06
lncRNA	ENST00000647872.1	LINC02693	345	1	0	0	0	0.00013616076	0	0.00013616078
lncRNA	ENST00000647872.1	LINC02693	346	1	0	1	0	3.4189507e-06	0	3.4189512e-06
lncRNA	ENST00000647872.1	LINC02693	347	1	0	2	0	1.4550876e-05	0	1.4550878e-05
lncRNA	ENST00000647872.1	LINC02693	348	1	0	0	0	0.00040243691	0	0.00040243698
lncRNA	ENST00000647872.1	LINC02693	349	1	0	1	0	4.1556679e-05	0	4.1556686e-05
lncRNA	ENST00000647872.1	LINC02693	350	1	0	2	0	2.1262615e-05	0	2.1262618e-05
lncRNA	ENST00000647872.1	LINC02693	351	1	0	0	0	0.00028653714	0	0.00028653718
lncRNA	ENST00000647872.1	LINC02693	352	1	0	1	0	7.3373129e-05	0	7.337314e-05
lncRNA	ENST00000647872.1	LINC02693	353	1	0	2	0	8.5752268e-05	0	8.5752282e-05
lncRNA	ENST00000647872.1	LINC02693	354	1	0	0	0	0.00057309802	0	0.00057309811
lncRNA	ENST00000647872.1	LINC02693	355	1	0	1	0	0.00013686222	0	0.00013686224
lncRNA	ENST00000647872.1	LINC02693	356	1	0	2	0	0.0014434641	0	0.0014434643
lncRNA	ENST00000647872.1	LINC02693	357	1	0	0	0	0.002763421	0	0.0027634215
lncRNA	ENST00000647872.1	LINC02693	358	1	0	1	0	0.00024451182	0	0.00024451185
lncRNA	ENST00000647872.1	LINC02693	359	1	0	2	3	0.00054035103	0.0011655012	0.00054035111
lncRNA	ENST00000647872.1	LINC02693	360	1	0	0	11	0.0022973383	0.0042735043	0.0022973387
lncRNA	ENST00000647872.1	LINC02693	361	1	0	1	0	0.00034276725	0	0.0003427673
lncRNA	ENST00000647872.1	LINC02693	362	1	0	2	0	0.00018543769	0	0.00018543772
lncRNA	ENST00000647872.1	LINC02693	363	1	0	0	0	0.0067720385	0	0.0067720396
lncRNA	ENST00000647872.1	LINC02693	364	1	0	1	0	6.5555832e-05	0	6.5555843e-05
lncRNA	ENST00000647872.1	LINC02693	365	1	0	2	0	1.7258215e-05	0	1.7258218e-05
lncRNA	ENST00000647872.1	LINC02693	366	1	0	0	0	0.00067810016	0	0.00067810026
lncRNA	ENST00000647872.1	LINC02693	367	1	0	1	0	3.0189738e-05	0	3.0189743e-05
lncRNA	ENST00000647872.1	LINC02693	368	1	0	2	0	0.00026161235	0	0.00026161239
lncRNA	ENST00000647872.1	LINC02693	369	1	0	0	12	0.0056156255	0.0046620047	0.0056156264
lncRNA	ENST00000647872.1	LINC02693	370	1	0	1	0	0.0001947597	0	0.00019475974
lncRNA	ENST00000647872.1	LINC02693	371	1	0	2	0	0.001034076	0	0.0010340761
lncRNA	ENST00000647872.1	LINC02693	372	1	0	0	7	0.00079411577	0.0027195027	0.00079411589
lncRNA	ENST00000647872.1	LINC02693	373	1	0	1	0	0.00015513461	0	0.00015513463
lncRNA	ENST00000647872.1	LINC02693	374	1	0	2	0	0.000288971	0	0.00028897105
lncRNA	ENST00000647872.1	LINC02693	375	1	0	0	7	0.000802411	0.0027195027	0.00080241113
lncRNA	ENST00000647872.1	LINC02693	376	1	0	1	0	2.9878363e-05	0	2.9878368e-05
lncRNA	ENST00000647872.1	LINC02693	377	1	0	2	0	1.3471728e-05	0	1.347173e-05
lncRNA	ENST00000647872.1	LINC02693	378	1	0	0	0	1.9355271e-05	0	1.9355274e-05
lncRNA	ENST00000647872.1	LINC02693	379	1	0	1	0	4.7528806e-06	0	4.7528814e-06
lncRNA	ENST00000647872.1	LINC02693	380	1	0	2	0	1.1561595e-05	0	1.1561597e-05
lncRNA	ENST00000647872.1	LINC02693	381	1	0	0	0	1.2001366e-05	0	1.2001367e-05
lncRNA	ENST00000647872.1	LINC02693	382	1	0	1	0	1.281936e-05	0	1.2819362e-05
lncRNA	ENST00000647872.1	LINC02693	383	1	0	2	0	1.3975863e-05	0	1.3975865e-05
lncRNA	ENST00000647872.1	LINC02693	384	1	0	0	0	0.0001057795	0	0.00010577952
lncRNA	ENST00000647872.1	LINC02693	385	1	0	1	0	1.4728407e-05	0	1.472841e-05
lncRNA	ENST00000647872.1	LINC02693	386	1	0	2	0	7.859966e-05	0	7.8599672e-05
lncRNA	ENST00000647872.1	LINC02693	387	1	0	0	0	0.0028145539	0	0.0028145544
lncRNA	ENST00000647872.1	LINC02693	388	1	0	1	0	0.00022416895	0	0.00022416899
lncRNA	ENST00000647872.1	LINC02693	389	1	0	2	0	0.00061606534	0	0.00061606544
lncRNA	ENST00000647872.1	LINC02693	390	1	0	0	5	0.0027355624	0.0019425019	0.0027355628
lncRNA	ENST00000647872.1	LINC02693	391	1	0	1	0	0.0010277273	0	0.0010277274
lncRNA	ENST00000647872.1	LINC02693	392	1	0	2	0	0.00019619027	0	0.00019619031
lncRNA	ENST00000647872.1	LINC02693	393	1	0	0	29	0.007283485	0.011266511	0.0072834862
lncRNA	ENST00000647872.1	LINC02693	394	1	0	1	0	0.00029439994	0	0.00029439999
lncRNA	ENST00000647872.1	LINC02693	395	1	0	2	0	0.00028589679	0	0.00028589684
lncRNA	ENST00000647872.1	LINC02693	396	1	0	0	0	0.0012815407	0	0.0012815409
lncRNA	ENST00000647872.1	LINC02693	397	1	0	1	0	1.7149685e-05	0	1.7149688e-05
lncRNA	ENST00000647872.1	LINC02693	398	1	0	2	0	2.4309547e-05	0	2.4309551e-05
lncRNA	ENST00000647872.1	LINC02693	399	1	0	0	0	0.00024151363	0	0.00024151366
lncRNA	ENST00000647872.1	LINC02693	400	1	0	1	0	3.4845107e-05	0	3.4845112e-05
lncRNA	ENST00000647872.1	LINC02693	401	1	0	2	0	5.3046322e-05	0	5.304633e-05
lncRNA	ENST00000647872.1	LINC02693	402	1	0	0	0	0.00070273556	0	0.00070273567
lncRNA	ENST00000647872.1	LINC02693	403	1	0	1	0	8.4562045e-05	0	8.4562059e-05
lncRNA	ENST00000647872.1	LINC02693	404	1	0	2	0	0.00024428923	0	0.00024428927
lncRNA	ENST00000647872.1	LINC02693	405	1	0	0	0	0.00089578616	0	0.0008957863
lncRNA	ENST00000647872.1	LINC02693	406	1	0	1	0	0.00060207461	0	0.0006020747
lncRNA	ENST00000647872.1	LINC02693	407	1	0	2	4	0.00088934886	0.0015540016	0.000889349
lncRNA	ENST00000647872.1	LINC02693	408	1	0	0	0	0.0012513424	0	0.0012513426
lncRNA	ENST00000647872.1	LINC02693	409	1	0	1	0	0.00022061779	0	0.00022061782
lncRNA	ENST00000647872.1	LINC02693	410	1	0	2	0	0.00015798028	0	0.0001579803
lncRNA	ENST00000647872.1	LINC02693	411	1	0	0	11	0.0014539552	0.0042735043	0.0014539554
lncRNA	ENST00000647872.1	LINC02693	412	1	0	1	3	0.00016686395	0.0011655012	0.00016686397
lncRNA	ENST00000647872.1	LINC02693	413	1	0	2	0	8.9571215e-05	0	8.9571229e-05
lncRNA	ENST00000647872.1	LINC02693	414	1	0	0	4	0.0021191947	0.0015540016	0.002119195
lncRNA	ENST00000647872.1	LINC02693	415	1	0	1	0	0.00010484947	0	0.00010484949
lncRNA	ENST00000647872.1	LINC02693	416	1	0	2	0	0.0012528338	0	0.001252834
lncRNA	ENST00000647872.1	LINC02693	417	1	0	0	0	0.004406204	0	0.0044062047
lncRNA	ENST00000647872.1	LINC02693	418	1	0	1	0	5.3672433e-05	0	5.3672441e-05
lncRNA	ENST00000647872.1	LINC02693	419	1	0	2	0	0.00017991966	0	0.00017991969
lncRNA	ENST00000647872.1	LINC02693	420	1	0	0	5	0.0010832145	0.0019425019	0.0010832147
lncRNA	ENST00000647872.1	LINC02693	421	1	0	1	0	4.976174e-05	0	4.9761748e-05
lncRNA	ENST00000647872.1	LINC02693	422	1	0	2	0	0.0032741614	0	0.0032741619
lncRNA	ENST00000647872.1	LINC02693	423	1	0	0	2	0.00045068606	0.00077700078	0.00045068613
lncRNA	ENST00000647872.1	LINC02693	424	1	0	1	0	7.3561881e-05	0	7.3561893e-05
lncRNA	ENST00000647872.1	LINC02693	425	1	0	2	0	8.3664105e-05	0	8.3664118e-05
lncRNA	ENST00000647872.1	LINC02693	426	1	0	0	4	0.0023816361	0.0015540016	0.0023816364
lncRNA	ENST00000647872.1	LINC02693	427	1	0	1	0	0.00013093416	0	0.00013093418
lncRNA	ENST00000647872.1	LINC02693	428	1	0	2	0	0.00024451365	0	0.00024451369
lncRNA	ENST00000647872.1	LINC02693	429	1	0	0	0	0.016390046	0	0.016390049
lncRNA	ENST00000647872.1	LINC02693	430	1	0	1	0	0.0026302706	0	0.002630271
lncRNA	ENST00000647872.1	LINC02693	431	1	0	2	0	0.00012994905	0	0.00012994907
lncRNA	ENST00000647872.1	LINC02693	432	1	0	0	2	0.0029083304	0.00077700078	0.0029083309
lncRNA	ENST00000647872.1	LINC02693	433	1	0	1	0	0.00063835556	0	0.00063835566
lncRNA	ENST00000647872.1	LINC02693	434	1	0	2	0	0.00043160646	0	0.00043160653
lncRNA	ENST00000647872.1	LINC02693	435	1	0	0	0	0.00019092295	0	0.00019092298
lncRNA	ENST00000647872.1	LINC02693	436	1	0	1	1	8.3934872e-05	0.00038850039	8.3934885e-05
lncRNA	ENST00000647872.1	LINC02693	437	1	0	2	0	3.5285382e-05	0	3.5285388e-05
lncRNA	ENST00000647872.1	LINC02693	438	1	0	0	0	0.00058700016	0	0.00058700025
lncRNA	ENST00000647872.1	LINC02693	439	1	0	1	0	0.0011735838	0	0.001173584
lncRNA	ENST00000647872.1	LINC02693	440	1	0	2	0	0.00038985035	0	0.00038985041
lncRNA	ENST00000647872.1	LINC02693	441	1	0	0	3	0.0014930679	0.0011655012	0.0014930682
lncRNA	ENST00000647872.1	LINC02693	442	1	0	1	1	0.00016589682	0.00038850039	0.00016589685
lncRNA	ENST00000647872.1	LINC02693	443	1	0	2	0	3.4124081e-05	0	3.4124087e-05
lncRNA	ENST00000647872.1	LINC02693	444	1	0	0	0	0.00049152132	0	0.0004915214
lncRNA	ENST00000647872.1	LINC02693	445	1	0	1	0	5.1437699e-05	0	5.1437707e-05
lncRNA	ENST00000647872.1	LINC02693	446	1	0	2	0	1.6424052e-05	0	1.6424054e-05
lncRNA	ENST00000647872.1	LINC02693	447	1	0	0	0	6.9654569e-05	0	6.9654579e-05
lncRNA	ENST00000647872.1	LINC02693	448	1	0	1	0	2.9087172e-05	0	2.9087177e-05
lncRNA	ENST00000647872.1	LINC02693	449	1	0	2	0	2.4024661e-05	0	2.4024665e-05
lncRNA	ENST00000647872.1	LINC02693	450	1	0	0	0	8.4890897e-05	0	8.489091e-05
lncRNA	ENST00000647872.1	LINC02693	451	1	0	1	0	7.6604201e-06	0	7.6604213e-06
lncRNA	ENST00000647872.1	LINC02693	452	1	0	2	0	2.7127951e-05	0	2.7127956e-05
lncRNA	ENST00000647872.1	LINC02693	453	1	0	0	0	6.1806408e-05	0	6.1806417e-05
lncRNA	ENST00000647872.1	LINC02693	454	1	0	1	0	2.5789253e-05	0	2.5789257e-05
lncRNA	ENST00000647872.1	LINC02693	455	1	0	2	0	1.2627681e-05	0	1.2627683e-05
lncRNA	ENST00000647872.1	LINC02693	456	1	0	0	1	0.00037661436	0.00038850039	0.00037661442
lncRNA	ENST00000647872.1	LINC02693	457	1	0	1	0	5.8219994e-05	0	5.8220003e-05
lncRNA	ENST00000647872.1	LINC02693	458	1	0	2	0	0.00012718963	0	0.00012718965
lncRNA	ENST00000647872.1	LINC02693	459	1	0	0	0	0.00080459408	0	0.0008045942
lncRNA	ENST00000647872.1	LINC02693	460	1	0	1	0	4.9014372e-05	0	4.901438e-05
lncRNA	ENST00000647872.1	LINC02693	461	1	0	2	0	3.7706519e-05	0	3.7706525e-05
lncRNA	ENST00000647872.1	LINC02693	462	1	0	0	4	0.00026047888	0.0015540016	0.00026047892
lncRNA	ENST00000647872.1	LINC02693	463	1	0	1	0	0.00013815102	0	0.00013815104
lncRNA	ENST00000647872.1	LINC02693	464	1	0	2	0	0.00021014047	0	0.0002101405
lncRNA	ENST00000647872.1	LINC02693	465	1	0	0	0	0.00022382502	0	0.00022382505
lncRNA	ENST00000647872.1	LINC02693	466	1	0	1	0	1.5562056e-05	0	1.5562059e-05
lncRNA	ENST00000647872.1	LINC02693	467	1	0	2	0	3.7976064e-05	0	3.797607e-05
lncRNA	ENST00000647872.1	LINC02693	468	1	0	0	0	0.00015471589	0	0.00015471591
lncRNA	ENST00000647872.1	LINC02693	469	1	0	1	0	4.8319587e-05	0	4.8319595e-05
lncRNA	ENST00000647872.1	LINC02693	470	1	0	2	0	2.0983376e-05	0	2.0983379e-05
lncRNA	ENST00000647872.1	LINC02693	471	1	0	0	0	3.3645567e-05	0	3.3645572e-05
lncRNA	ENST00000647872.1	LINC02693	472	1	0	1	0	1.108549e-06	0	1.1085492e-06
lncRNA	ENST00000647872.1	LINC02693	473	1	0	2	0	6.5930384e-05	0	6.5930395e-05
lncRNA	ENST00000647872.1	LINC02693	474	1	0	0	7	0.0005969425	0.0027195027	0.00059694259
lncRNA	ENST00000647872.1	LINC02693	475	1	0	1	0	0.00024224901	0	0.00024224905
lncRNA	ENST00000647872.1	LINC02693	476	1	0	2	0	2.8594764e-05	0	2.8594769e-05
lncRNA	ENST00000647872.1	LINC02693	477	1	0	0	0	8.9263202e-05	0	8.9263216e-05
lncRNA	ENST00000647872.1	LINC02693	478	1	0	1	0	3.6476911e-05	0	3.6476917e-05
lncRNA	ENST00000647872.1	LINC02693	479	1	0	2	0	6.9263413e-05	0	6.9263424e-05
lncRNA	ENST00000647872.1	LINC02693	480	1	0	0	0	0.0012957514	0	0.0012957516
lncRNA	ENST00000647872.1	LINC02693	481	1	0	1	0	0.00026359005	0	0.00026359009
lncRNA	ENST00000647872.1	LINC02693	482	1	0	2	0	0.0003642602	0	0.00036426025
lncRNA	ENST00000647872.1	LINC02693	483	1	0	0	0	0.0001796767	0	0.00017967673
lncRNA	ENST00000647872.1	LINC02693	484	1	0	1	0	0.00019351885	0	0.00019351888
lncRNA	ENST00000647872.1	LINC02693	485	1	0	2	1	1.3951108e-05	0.00038850039	1.395111e-05
lncRNA	ENST00000647872.1	LINC02693	486	1	0	0	3	0.0011298324	0.0011655012	0.0011298325
lncRNA	ENST00000647872.1	LINC02693	487	1	0	1	0	0.00071037596	0	0.00071037607
lncRNA	ENST00000647872.1	LINC02693	488	1	0	2	0	9.6797594e-05	0	9.6797609e-05
lncRNA	ENST00000647872.1	LINC02693	489	1	0	0	0	0.00028452321	0	0.00028452325
lncRNA	ENST00000647872.1	LINC02693	490	1	0	1	0	3.9708721e-05	0	3.9708727e-05
lncRNA	ENST00000647872.1	LINC02693	491	1	0	2	0	0.00032820331	0	0.00032820337
lncRNA	ENST00000647872.1	LINC02693	492	1	0	0	0	0.0010012996	0	0.0010012997
lncRNA	ENST00000647872.1	LINC02693	493	1	0	1	0	9.1665606e-05	0	9.1665621e-05
lncRNA	ENST00000647872.1	LINC02693	494	1	0	2	0	0.00018200438	0	0.00018200441
lncRNA	ENST00000647872.1	LINC02693	495	1	0	0	0	0.0014092841	0	0.0014092843
lncRNA	ENST00000647872.1	LINC02693	496	1	0	1	0	0.00031079564	0	0.00031079569
lncRNA	ENST00000647872.1	LINC02693	497	1	0	2	0	2.053649e-05	0	2.0536494e-05
lncRNA	ENST00000647872.1	LINC02693	498	1	0	0	0	0.00030974197	0	0.00030974202
lncRNA	ENST00000647872.1	LINC02693	499	1	0	1	0	8.2830193e-05	0	8.2830206e-05
lncRNA	ENST00000647872.1	LINC02693	500	1	0	2	0	0.00015082119	0	0.00015082121
lncRNA	ENST00000647872.1	LINC02693	501	1	0	0	0	0.00088917703	0	0.00088917717
lncRNA	ENST00000647872.1	LINC02693	502	1	0	1	0	8.2742794e-05	0	8.2742807e-05
lncRNA	ENST00000647872.1	LINC02693	503	1	0	2	0	0.00020989591	0	0.00020989594
lncRNA	ENST00000647872.1	LINC02693	504	1	0	0	0	0.0015699512	0	0.0015699514
lncRNA	ENST00000647872.1	LINC02693	505	1	0	1	0	0.00011480263	0	0.00011480265
lncRNA	ENST00000647872.1	LINC02693	506	1	0	2	8	0.0013393543	0.0031080031	0.0013393545
lncRNA	ENST00000647872.1	LINC02693	507	1	0	0	36	0.0010345815	0.013986014	0.0010345816
lncRNA	ENST00000647872.1	LINC02693	508	1	0	1	0	0.00015497816	0	0.00015497818
lncRNA	ENST00000647872.1	LINC02693	509	1	0	2	0	4.249849e-05	0	4.2498497e-05
lncRNA	ENST00000647872.1	LINC02693	510	1	0	0	0	0.00029861802	0	0.00029861807
lncRNA	ENST00000647872.1	LINC02693	511	1	0	1	0	0.00013322876	0	0.00013322879
lncRNA	ENST00000647872.1	LINC02693	512	1	0	2	0	2.7248858e-05	0	2.7248862e-05
lncRNA	ENST00000647872.1	LINC02693	513	1	0	0	1	0.0015128447	0.00038850039	0.0015128449
lncRNA	ENST00000647872.1	LINC02693	514	1	0	1	0	0.00031554577	0	0.00031554582
lncRNA	ENST00000647872.1	LINC02693	515	1	0	2	0	6.4046268e-05	0	6.4046278e-05
lncRNA	ENST00000647872.1	LINC02693	516	1	0	0	9	0.003521875	0.0034965035	0.0035218756
lncRNA	ENST00000647872.1	LINC02693	517	1	0	1	0	5.5335528e-05	0	5.5335536e-05
lncRNA	ENST00000647872.1	LINC02693	518	1	0	2	0	2.1734755e-05	0	2.1734759e-05
lncRNA	ENST00000647872.1	LINC02693	519	1	0	0	8	0.00039330384	0.0031080031	0.0003933039
lncRNA	ENST00000647872.1	LINC02693	520	1	0	1	0	6.0288705e-05	0	6.0288714e-05
lncRNA	ENST00000647872.1	LINC02693	521	1	0	2	0	0.00021299523	0	0.00021299527
lncRNA	ENST00000647872.1	LINC02693	522	1	0	0	13	0.0012172575	0.0050505051	0.0012172577
lncRNA	ENST00000647872.1	LINC02693	523	1	0	1	0	0.0011091835	0	0.0011091837
lncRNA	ENST00000647872.1	LINC02693	524	1	0	2	0	0.0010597535	0	0.0010597536
lncRNA	ENST00000647872.1	LINC02693	525	1	0	0	11	0.0036195896	0.0042735043	0.0036195902
lncRNA	ENST00000647872.1	LINC02693	526	1	0	1	0	0.0050414577	0	0.0050414585
lncRNA	ENST00000647872.1	LINC02693	527	1	0	2	8	0.00056649017	0.0031080031	0.00056649026
lncRNA	ENST00000647872.1	LINC02693	528	1	0	0	119	0.031080781	0.046231546	0.031080785
lncRNA	ENST00000647872.1	LINC02693	529	1	0	1	5	0.00072236691	0.0019425019	0.00072236702
lncRNA	ENST00000647872.1	LINC02693	530	1	0	2	0	0.00072254502	0	0.00072254514
lncRNA	ENST00000647872.1	LINC02693	531	1	0	0	0	0.0016619597	0	0.0016619599
lncRNA	ENST00000647872.1	LINC02693	532	1	0	1	7	0.0020784098	0.0027195027	0.0020784101
lncRNA	ENST00000647872.1	LINC02693	533	1	0	2	0	0.00049676298	0	0.00049676306
lncRNA	ENST00000647872.1	LINC02693	534	1	0	0	0	0.0017151886	0	0.0017151889
lncRNA	ENST00000647872.1	LINC02693	535	1	0	1	0	0.00061950844	0	0.00061950854
lncRNA	ENST00000647872.1	LINC02693	536	1	0	2	0	5.4327487e-05	0	5.4327496e-05
lncRNA	ENST00000647872.1	LINC02693	537	1	0	0	0	0.0071394225	0	0.0071394236
lncRNA	ENST00000647872.1	LINC02693	538	1	0	1	18	0.011658189	0.006993007	0.011658191
lncRNA	ENST00000647872.1	LINC02693	539	1	0	2	0	0.00059053273	0	0.00059053282
lncRNA	ENST00000647872.1	LINC02693	540	1	0	0	42	0.016511602	0.016317016	0.016511605
lncRNA	ENST00000647872.1	LINC02693	541	1	0	1	0	0.00079437293	0	0.00079437305
lncRNA	ENST00000647872.1	LINC02693	542	1	0	2	0	0.0021868986	0	0.002186899
lncRNA	ENST00000647872.1	LINC02693	543	1	1	0	25	0.016628111	0.0097125097	0.016628113
lncRNA	ENST00000647872.1	LINC02693	544	1	1	1	7	0.0015304988	0.0027195027	0.0015304991
lncRNA	ENST00000647872.1	LINC02693	545	1	1	2	0	0.0015524162	0	0.0015524165
lncRNA	ENST00000647872.1	LINC02693	546	1	1	0	32	0.0042482447	0.012432012	0.0042482454
lncRNA	ENST00000647872.1	LINC02693	547	1	1	1	0	0.0002293585	0	0.00022935853
lncRNA	ENST00000647872.1	LINC02693	548	1	1	2	2	0.0071507851	0.00077700078	0.0071507862
lncRNA	ENST00000647872.1	LINC02693	549	1	1	0	93	0.015138234	0.036130536	0.015138236
lncRNA	ENST00000647872.1	LINC02693	550	1	1	1	0	0.0018691458	0	0.0018691461
lncRNA	ENST00000647872.1	LINC02693	551	1	1	2	0	0.0010961368	0	0.0010961369
lncRNA	ENST00000647872.1	LINC02693	552	1	1	0	0	0.0020869654	0	0.0020869657
lncRNA	ENST00000647872.1	LINC02693	553	1	1	1	0	5.5142296e-05	0	5.5142305e-05
lncRNA	ENST00000647872.1	LINC02693	554	1	1	2	0	0.00061798247	0	0.00061798257
lncRNA	ENST00000647872.1	LINC02693	555	1	1	0	4	0.0010686801	0.0015540016	0.0010686802
lncRNA	ENST00000647872.1	LINC02693	556	1	1	1	1	0.00011064968	0.00038850039	0.0001106497
lncRNA	ENST00000647872.1	LINC02693	557	1	1	2	0	0.0033657381	0	0.0033657386
lncRNA	ENST00000647872.1	LINC02693	558	1	1	0	8	0.0028884825	0.0031080031	0.002888483
lncRNA	ENST00000647872.1	LINC02693	559	1	1	1	0	0.00012805511	0	0.00012805513
lncRNA	ENST00000647872.1	LINC02693	560	1	1	2	0	0.0042228983	0	0.0042228989
lncRNA	ENST00000647872.1	LINC02693	561	1	1	0	0	0.00088223466	0	0.0008822348
lncRNA	ENST00000647872.1	LINC02693	562	1	1	1	0	2.5981732e-05	0	2.5981736e-05
lncRNA	ENST00000647872.1	LINC02693	563	1	1	2	0	0.00067233469	0	0.00067233479
lncRNA	ENST00000647872.1	LINC02693	564	1	1	0	0	0.00048827357	0	0.00048827364
lncRNA	ENST00000647872.1	LINC02693	565	1	1	1	0	5.5940625e-05	0	5.5940634e-05
lncRNA	ENST00000647872.1	LINC02693	566	1	1	2	0	0.00015196104	0	0.00015196106
lncRNA	ENST00000647872.1	LINC02693	567	1	1	0	0	0.00063715561	0	0.00063715571
lncRNA	ENST00000647872.1	LINC02693	568	1	1	1	0	5.1796556e-05	0	5.1796565e-05
lncRNA	ENST00000647872.1	LINC02693	569	1	1	2	0	0.00018300029	0	0.00018300032
lncRNA	ENST00000647872.1	LINC02693	570	1	1	0	0	0.0016148272	0	0.0016148275
lncRNA	ENST00000647872.1	LINC02693	571	1	1	1	0	0.00010640884	0	0.00010640885
lncRNA	ENST00000647872.1	LINC02693	572	1	1	2	0	0.0001157462	0	0.00011574621
lncRNA	ENST00000647872.1	LINC02693	573	1	1	0	0	0.0013992181	0	0.0013992183
lncRNA	ENST00000647872.1	LINC02693	574	1	1	1	0	0.00017786084	0	0.00017786087
lncRNA	ENST00000647872.1	LINC02693	575	1	1	2	0	0.0014213095	0	0.0014213098
lncRNA	ENST00000647872.1	LINC02693	576	1	1	0	3	0.0019888768	0.0011655012	0.0019888772
lncRNA	ENST00000647872.1	LINC02693	577	1	1	1	12	0.00019399189	0.0046620047	0.00019399192
lncRNA	ENST00000647872.1	LINC02693	578	1	1	2	0	0.00039236184	0	0.0003923619
lncRNA	ENST00000647872.1	LINC02693	579	1	1	0	24	0.0024388127	0.0093240093	0.0024388131
lncRNA	ENST00000647872.1	LINC02693	580	1	1	1	0	8.1987237e-05	0	8.198725e-05
lncRNA	ENST00000647872.1	LINC02693	581	1	1	2	0	5.8373997e-05	0	5.8374006e-05
lncRNA	ENST00000647872.1	LINC02693	582	1	1	0	11	0.0022149531	0.0042735043	0.0022149534
lncRNA	ENST00000647872.1	LINC02693	583	1	1	1	0	0.0003542965	0	0.00035429655
lncRNA	ENST00000647872.1	LINC02693	584	1	1	2	0	0.0033432327	0	0.0033432332
lncRNA	ENST00000647872.1	LINC02693	585	1	1	0	24	0.011425756	0.0093240093	0.011425758
lncRNA	ENST00000647872.1	LINC02693	586	1	1	1	0	0.00028047082	0	0.00028047086
lncRNA	ENST00000647872.1	LINC02693	587	1	1	2	0	0.0015539841	0	0.0015539844
lncRNA	ENST00000647872.1	LINC02693	588	1	1	0	10	0.0045021805	0.0038850039	0.0045021812
lncRNA	ENST00000647872.1	LINC02693	589	1	1	1	3	0.0013071502	0.0011655012	0.0013071504
lncRNA	ENST00000647872.1	LINC02693	590	1	1	2	4	0.0016453621	0.0015540016	0.0016453624
lncRNA	ENST00000647872.1	LINC02693	591	1	1	0	7	0.00099363399	0.0027195027	0.00099363415
lncRNA	ENST00000647872.1	LINC02693	592	1	1	1	0	0.00033621304	0	0.00033621309
lncRNA	ENST00000647872.1	LINC02693	593	1	1	2	0	0.0010510988	0	0.001051099
lncRNA	ENST00000647872.1	LINC02693	594	1	1	0	14	0.0085228859	0.0054390054	0.0085228872
lncRNA	ENST00000647872.1	LINC02693	595	1	1	1	5	0.00062746764	0.0019425019	0.00062746774
lncRNA	ENST00000647872.1	LINC02693	596	1	1	2	0	0.00073798513	0	0.00073798525
lncRNA	ENST00000647872.1	LINC02693	597	1	1	0	29	0.0039558569	0.011266511	0.0039558575
lncRNA	ENST00000647872.1	LINC02693	598	1	1	1	0	0.00017627739	0	0.00017627742
lncRNA	ENST00000647872.1	LINC02693	599	1	1	2	0	0.00017216799	0	0.00017216801
lncRNA	ENST00000647872.1	LINC02693	600	1	1	0	31	0.0051958933	0.012043512	0.0051958942
lncRNA	ENST00000647872.1	LINC02693	601	1	1	1	0	0.0005463197	0	0.00054631979
lncRNA	ENST00000647872.1	LINC02693	602	1	1	2	2	0.00038524799	0.00077700078	0.00038524805
lncRNA	ENST00000647872.1	LINC02693	603	1	0	0	0	0.00086541503	0	0.00086541517
lncRNA	ENST00000647872.1	LINC02693	604	1	0	1	0	7.8868092e-05	0	7.8868104e-05
lncRNA	ENST00000647872.1	LINC02693	605	1	0	2	0	0.00013527095	0	0.00013527097
lncRNA	ENST00000647872.1	LINC02693	606	1	0	0	24	0.00073789502	0.0093240093	0.00073789514
lncRNA	ENST00000647872.1	LINC02693	607	1	0	1	0	0.0010313463	0	0.0010313464
lncRNA	ENST00000647872.1	LINC02693	608	1	0	2	0	0.00044554123	0	0.0004455413
lncRNA	ENST00000647872.1	LINC02693	609	1	0	0	0	0.0021292283	0	0.0021292287
lncRNA	ENST00000647872.1	LINC02693	610	1	0	1	0	0.00011152486	0	0.00011152488
lncRNA	ENST00000647872.1	LINC02693	611	1	0	2	0	6.0917399e-05	0	6.0917408e-05
lncRNA	ENST00000647872.1	LINC02693	612	1	0	0	12	0.00020967945	0.0046620047	0.00020967948
lncRNA	ENST00000647872.1	LINC02693	613	1	0	1	0	5.3703025e-06	0	5.3703033e-06
lncRNA	ENST00000647872.1	LINC02693	614	1	0	2	0	0.00026875301	0	0.00026875305
lncRNA	ENST00000647872.1	LINC02693	615	1	0	0	5	0.00091087382	0.0019425019	0.00091087396
lncRNA	ENST00000647872.1	LINC02693	616	1	0	1	0	5.550847e-05	0	5.5508479e-05
lncRNA	ENST00000647872.1	LINC02693	617	1	0	2	2	0.0009810871	0.00077700078	0.00098108725
lncRNA	ENST00000647872.1	LINC02693	618	1	0	0	31	0.0071028615	0.012043512	0.0071028627
lncRNA	ENST00000647872.1	LINC02693	619	1	0	1	0	0.00022752263	0	0.00022752266
lncRNA	ENST00000647872.1	LINC02693	620	1	0	2	4	0.00068985287	0.0015540016	0.00068985297
lncRNA	ENST00000647872.1	LINC02693	621	1	0	0	11	0.0052733622	0.0042735043	0.005273363
lncRNA	ENST00000647872.1	LINC02693	622	1	0	1	0	0.00093125604	0	0.00093125619
lncRNA	ENST00000647872.1	LINC02693	623	1	0	2	0	1.9568994e-05	0	1.9568997e-05
lncRNA	ENST00000647872.1	LINC02693	624	1	0	0	0	0.0019973912	0	0.0019973915
lncRNA	ENST00000647872.1	LINC02693	625	1	0	1	0	1.1604246e-05	0	1.1604247e-05
lncRNA	ENST00000647872.1	LINC02693	626	1	0	2	0	0.00026806799	0	0.00026806803
lncRNA	ENST00000647872.1	LINC02693	627	1	0	0	0	0.0002799409	0	0.00027994094
lncRNA	ENST00000647872.1	LINC02693	628	1	0	1	0	0.00022616987	0	0.0002261699
lncRNA	ENST00000647872.1	LINC02693	629	1	0	2	0	2.0876747e-05	0	2.087675e-05
lncRNA	ENST00000647872.1	LINC02693	630	1	0	0	0	0.00032479133	0	0.00032479138
lncRNA	ENST00000647872.1	LINC02693	631	1	0	1	0	8.5507847e-05	0	8.550786e-05
lncRNA	ENST00000647872.1	LINC02693	632	1	0	2	0	3.8224451e-05	0	3.8224457e-05
lncRNA	ENST00000647872.1	LINC02693	633	1	0	0	0	0.0015738502	0	0.0015738504
lncRNA	ENST00000647872.1	LINC02693	634	1	0	1	0	0.00027853696	0	0.000278537
lncRNA	ENST00000647872.1	LINC02693	635	1	0	2	0	2.9723984e-05	0	2.9723989e-05
lncRNA	ENST00000647872.1	LINC02693	636	1	0	0	0	0.0010943492	0	0.0010943494
lncRNA	ENST00000647872.1	LINC02693	637	1	0	1	0	0.00011181666	0	0.00011181668
lncRNA	ENST00000647872.1	LINC02693	638	1	0	2	0	7.1494578e-05	0	7.1494589e-05
lncRNA	ENST00000647872.1	LINC02693	639	1	0	0	0	0.0006267213	0	0.0006267214
lncRNA	ENST00000647872.1	LINC02693	640	1	0	1	0	0.00010341845	0	0.00010341846
lncRNA	ENST00000647872.1	LINC02693	641	1	0	2	0	0.00034746219	0	0.00034746225
lncRNA	ENST00000647872.1	LINC02693	642	1	0	0	0	0.0005106621	0	0.00051066218
lncRNA	ENST00000647872.1	LINC02693	643	1	0	1	0	0.00012188088	0	0.00012188089
lncRNA	ENST00000647872.1	LINC02693	644	1	0	2	0	0.0009048577	0	0.00090485785
lncRNA	ENST00000647872.1	LINC02693	645	1	0	0	0	0.0042308429	0	0.0042308436
lncRNA	ENST00000647872.1	LINC02693	646	1	0	1	0	0.00035242856	0	0.00035242861
lncRNA	ENST00000647872.1	LINC02693	647	1	0	2	0	0.00014749992	0	0.00014749994
lncRNA	ENST00000647872.1	LINC02693	648	1	0	0	0	0.0013986211	0	0.0013986213
lncRNA	ENST00000647872.1	LINC02693	649	1	0	1	0	0.00048273921	0	0.00048273929
lncRNA	ENST00000647872.1	LINC02693	650	1	0	2	0	6.975494e-05	0	6.9754951e-05
lncRNA	ENST00000647872.1	LINC02693	651	1	0	0	0	7.2003459e-05	0	7.200347e-05
lncRNA	ENST00000647872.1	LINC02693	652	1	0	1	7	0.00021834591	0.0027195027	0.00021834595
lncRNA	ENST00000647872.1	LINC02693	653	1	0	2	18	0.0082286084	0.006993007	0.0082286097
lncRNA	ENST00000647872.1	LINC02693	654	1	0	0	133	0.017394738	0.051670552	0.017394741
lncRNA	ENST00000647872.1	LINC02693	655	1	0	1	7	0.00029507146	0.0027195027	0.0002950715
lncRNA	ENST00000647872.1	LINC02693	656	1	0	2	0	0.00060386903	0	0.00060386913
lncRNA	ENST00000647872.1	LINC02693	657	1	0	0	47	0.0049640378	0.018259518	0.0049640386
lncRNA	ENST00000647872.1	LINC02693	658	1	0	1	11	0.0085380245	0.0042735043	0.0085380258
lncRNA	ENST00000647872.1	LINC02693	659	1	0	2	0	0.001060275	0	0.0010602752
lncRNA	ENST00000647872.1	LINC02693	660	1	0	0	0	0.0016355888	0	0.0016355891
lncRNA	ENST00000647872.1	LINC02693	661	1	0	1	0	0.00044226521	0	0.00044226528
lncRNA	ENST00000647872.1	LINC02693	662	1	0	2	0	0.00055685005	0	0.00055685014
lncRNA	ENST00000647872.1	LINC02693	663	1	0	0	0	0.00027246971	0	0.00027246975
lncRNA	ENST00000647872.1	LINC02693	664	1	0	1	0	6.5313827e-05	0	6.5313837e-05
lncRNA	ENST00000647872.1	LINC02693	665	1	0	2	6	0.00035204543	0.0023310023	0.00035204549
lncRNA	ENST00000647872.1	LINC02693	666	1	0	0	37	0.0022888512	0.014374514	0.0022888515
lncRNA	ENST00000647872.1	LINC02693	667	1	0	1	0	0.00045321547	0	0.00045321554
lncRNA	ENST00000647872.1	LINC02693	668	1	0	2	0	0.00011693346	0	0.00011693348
lncRNA	ENST00000647872.1	LINC02693	669	1	0	0	2	0.0028610136	0.00077700078	0.0028610141
lncRNA	ENST00000647872.1	LINC02693	670	1	0	1	0	0.00063370628	0	0.00063370638
lncRNA	ENST00000647872.1	LINC02693	671	1	0	2	0	0.0078256205	0	0.0078256217
lncRNA	ENST00000647872.1	LINC02693	672	1	0	0	1	0.0020382057	0.00038850039	0.0020382061
lncRNA	ENST00000647872.1	LINC02693	673	1	0	1	10	0.00014548801	0.0038850039	0.00014548803
lncRNA	ENST00000647872.1	LINC02693	674	1	0	2	0	4.8108126e-05	0	4.8108134e-05
lncRNA	ENST00000647872.1	LINC02693	675	1	0	0	0	0.00037739312	0	0.00037739318
lncRNA	ENST00000647872.1	LINC02693	676	1	0	1	0	7.1093098e-05	0	7.1093109e-05
lncRNA	ENST00000647872.1	LINC02693	677	1	0	2	0	7.3456657e-05	0	7.3456668e-05
lncRNA	ENST00000647872.1	LINC02693	678	1	0	0	0	0.0001784979	0	0.00017849792
lncRNA	ENST00000647872.1	LINC02693	679	1	0	1	0	5.434054e-05	0	5.4340549e-05
lncRNA	ENST00000647872.1	LINC02693	680	1	0	2	0	4.1928488e-05	0	4.1928495e-05
lncRNA	ENST00000647872.1	LINC02693	681	1	0	0	0	8.2864404e-05	0	8.2864417e-05
lncRNA	ENST00000647872.1	LINC02693	682	1	0	1	0	3.434069e-05	0	3.4340695e-05
lncRNA	ENST00000647872.1	LINC02693	683	1	0	2	1	2.12868e-05	0.00038850039	2.1286803e-05
lncRNA	ENST00000647872.1	LINC02693	684	1	0	0	0	0.00048611121	0	0.00048611129
lncRNA	ENST00000647872.1	LINC02693	685	1	0	1	0	0.0001554499	0	0.00015544993
lncRNA	ENST00000647872.1	LINC02693	686	1	0	2	0	1.5952841e-05	0	1.5952843e-05
lncRNA	ENST00000647872.1	LINC02693	687	1	0	0	0	0.00024825952	0	0.00024825955
lncRNA	ENST00000647872.1	LINC02693	688	1	0	1	0	7.822262e-05	0	7.8222632e-05
lncRNA	ENST00000647872.1	LINC02693	689	1	0	2	0	7.3925476e-05	0	7.3925487e-05
lncRNA	ENST00000647872.1	LINC02693	690	1	0	0	2	0.0002862479	0.00077700078	0.00028624795
lncRNA	ENST00000647872.1	LINC02693	691	1	0	1	0	7.1439506e-05	0	7.1439518e-05
lncRNA	ENST00000647872.1	LINC02693	692	1	0	2	0	0.00012273376	0	0.00012273378
lncRNA	ENST00000647872.1	LINC02693	693	1	0	0	0	0.0015337594	0	0.0015337596
lncRNA	ENST00000647872.1	LINC02693	694	1	0	1	0	7.5322478e-06	0	7.5322489e-06
lncRNA	ENST00000647872.1	LINC02693	695	1	0	2	0	0.00017059503	0	0.00017059505
lncRNA	ENST00000647872.1	LINC02693	696	1	0	0	0	0.00098915806	0	0.00098915821
lncRNA	ENST00000647872.1	LINC02693	697	1	0	1	0	1.6947348e-05	0	1.694735e-05
lncRNA	ENST00000647872.1	LINC02693	698	1	0	2	6	0.00058296195	0.0023310023	0.00058296204
lncRNA	ENST00000647872.1	LINC02693	699	1	0	0	15	0.0022938158	0.0058275058	0.0022938162
lncRNA	ENST00000647872.1	LINC02693	700	1	0	1	0	0.0002033004	0	0.00020330043
lncRNA	ENST00000647872.1	LINC02693	701	1	0	2	0	0.00060871866	0	0.00060871876
lncRNA	ENST00000647872.1	LINC02693	702	1	0	0	11	0.0029742841	0.0042735043	0.0029742846
lncRNA	ENST00000647872.1	LINC02693	703	1	0	1	0	8.9559944e-05	0	8.9559958e-05
lncRNA	ENST00000647872.1	LINC02693	704	1	0	2	0	8.2579536e-05	0	8.2579549e-05
lncRNA	ENST00000647872.1	LINC02693	705	1	0	0	0	0.0017331416	0	0.0017331419
lncRNA	ENST00000647872.1	LINC02693	706	1	0	1	0	6.8710506e-05	0	6.8710517e-05
lncRNA	ENST00000647872.1	LINC02693	707	1	0	2	0	0.00015525213	0	0.00015525215
lncRNA	ENST00000647872.1	LINC02693	708	1	0	0	7	0.000881474	0.0027195027	0.00088147414
lncRNA	ENST00000647872.1	LINC02693	709	1	0	1	0	0.00092924933	0	0.00092924948
lncRNA	ENST00000647872.1	LINC02693	710	1	0	2	4	0.00027172265	0.0015540016	0.00027172269
lncRNA	ENST00000647872.1	LINC02693	711	1	0	0	7	0.006505324	0.0027195027	0.0065053251
lncRNA	ENST00000647872.1	LINC02693	712	1	0	1	5	0.0010301078	0.0019425019	0.001030108
lncRNA	ENST00000647872.1	LINC02693	713	1	0	2	0	0.00046553634	0	0.00046553642
lncRNA	ENST00000647872.1	LINC02693	714	1	0	0	14	0.0038029212	0.0054390054	0.0038029218
lncRNA	ENST00000647872.1	LINC02693	715	1	0	1	5	0.0008721851	0.0019425019	0.00087218524
lncRNA	ENST00000647872.1	LINC02693	716	1	0	2	0	0.001008517	0	0.0010085172
lncRNA	ENST00000647872.1	LINC02693	717	1	0	0	14	0.0087965	0.0054390054	0.0087965014
lncRNA	ENST00000647872.1	LINC02693	718	1	0	1	0	0.001087465	0	0.0010874651
lncRNA	ENST00000647872.1	LINC02693	719	1	0	2	0	0.00014843281	0	0.00014843283
lncRNA	ENST00000647872.1	LINC02693	720	1	0	0	0	0.00066594058	0	0.00066594068
lncRNA	ENST00000647872.1	LINC02693	721	1	0	1	0	2.2320079e-05	0	2.2320082e-05
lncRNA	ENST00000647872.1	LINC02693	722	1	0	2	0	0.00018655448	0	0.00018655451
lncRNA	ENST00000647872.1	LINC02693	723	1	0	0	0	0.00028854719	0	0.00028854724
lncRNA	ENST00000647872.1	LINC02693	724	1	0	1	0	8.9551315e-05	0	8.9551329e-05
lncRNA	ENST00000647872.1	LINC02693	725	1	0	2	0	0.00010292923	0	0.00010292924
lncRNA	ENST00000647872.1	LINC02693	726	1	0	0	13	0.0018898328	0.0050505051	0.0018898331
lncRNA	ENST00000647872.1	LINC02693	727	1	0	1	0	4.8306039e-05	0	4.8306047e-05
lncRNA	ENST00000647872.1	LINC02693	728	1	0	2	0	0.00015195235	0	0.00015195237
lncRNA	ENST00000647872.1	LINC02693	729	1	0	0	0	0.0021563189	0	0.0021563192
lncRNA	ENST00000647872.1	LINC02693	730	1	0	1	0	0.00046296802	0	0.00046296809
lncRNA	ENST00000647872.1	LINC02693	731	1	0	2	0	0.00017108936	0	0.00017108938
lncRNA	ENST00000647872.1	LINC02693	732	1	0	0	0	0.00035511886	0	0.00035511891
lncRNA	ENST00000647872.1	LINC02693	733	1	0	1	0	1.8614937e-05	0	1.861494e-05
lncRNA	ENST00000647872.1	LINC02693	734	1	0	2	0	0.00092232833	0	0.00092232847
lncRNA	ENST00000647872.1	LINC02693	735	1	0	0	16	0.010729446	0.0062160062	0.010729448
lncRNA	ENST00000647872.1	LINC02693	736	1	0	1	6	0.00038625579	0.0023310023	0.00038625585
lncRNA	ENST00000647872.1	LINC02693	737	1	0	2	0	0.00017105087	0	0.00017105089
lncRNA	ENST00000647872.1	LINC02693	738	1	0	0	17	0.0034669857	0.0066045066	0.0034669862
lncRNA	ENST00000647872.1	LINC02693	739	1	0	1	0	0.00034718247	0	0.00034718253
lncRNA	ENST00000647872.1	LINC02693	740	1	0	2	0	0.00087737833	0	0.00087737847
lncRNA	ENST00000647872.1	LINC02693	741	1	0	0	8	0.006603519	0.0031080031	0.00660352
lncRNA	ENST00000647872.1	LINC02693	742	1	0	1	0	0.00049430295	0	0.00049430303
lncRNA	ENST00000647872.1	LINC02693	743	1	0	2	0	0.00039888683	0	0.00039888689
lncRNA	ENST00000647872.1	LINC02693	744	1	0	0	0	0.00098582054	0	0.0009858207
lncRNA	ENST00000647872.1	LINC02693	745	1	0	1	0	8.8718516e-05	0	8.871853e-05
lncRNA	ENST00000647872.1	LINC02693	746	1	0	2	0	0.00016879626	0	0.00016879629
lncRNA	ENST00000647872.1	LINC02693	747	1	0	0	0	0.00072164222	0	0.00072164234
lncRNA	ENST00000647872.1	LINC02693	748	1	0	1	0	0.00013410579	0	0.00013410582
lncRNA	ENST00000647872.1	LINC02693	749	1	0	2	0	0.00084378413	0	0.00084378426
lncRNA	ENST00000647872.1	LINC02693	750	1	0	0	2	0.0060057156	0.00077700078	0.0060057165
lncRNA	ENST00000647872.1	LINC02693	751	1	0	1	6	0.00050099584	0.0023310023	0.00050099592
lncRNA	ENST00000647872.1	LINC02693	752	1	0	2	0	0.00023157021	0	0.00023157025
lncRNA	ENST00000647872.1	LINC02693	753	1	0	0	9	0.005295726	0.0034965035	0.0052957268
lncRNA	ENST00000647872.1	LINC02693	754	1	0	1	0	0.00057110854	0	0.00057110863
lncRNA	ENST00000647872.1	LINC02693	755	1	0	2	0	5.2809286e-05	0	5.2809294e-05
lncRNA	ENST00000647872.1	LINC02693	756	1	0	0	0	0.00031291615	0	0.0003129162
lncRNA	ENST00000647872.1	LINC02693	757	1	0	1	0	0.00016526756	0	0.00016526758
lncRNA	ENST00000647872.1	LINC02693	758	1	0	2	0	0.000170249	0	0.00017024902
lncRNA	ENST00000647872.1	LINC02693	759	1	0	0	0	0.00027782412	0	0.00027782416
lncRNA	ENST00000647872.1	LINC02693	760	1	0	1	0	0.00014498924	0	0.00014498927
lncRNA	ENST00000647872.1	LINC02693	761	1	0	2	6	0.00071377103	0.0023310023	0.00071377115
lncRNA	ENST00000647872.1	LINC02693	762	1	0	0	13	0.0039628861	0.0050505051	0.0039628867
lncRNA	ENST00000647872.1	LINC02693	763	1	0	1	0	9.4739051e-05	0	9.4739066e-05
lncRNA	ENST00000647872.1	LINC02693	764	1	0	2	0	6.35006e-05	0	6.350061e-05
lncRNA	ENST00000647872.1	LINC02693	765	1	0	0	0	0.00040956729	0	0.00040956736
lncRNA	ENST00000647872.1	LINC02693	766	1	0	1	0	1.4199376e-05	0	1.4199378e-05
lncRNA	ENST00000647872.1	LINC02693	767	1	0	2	0	0.00010486017	0	0.00010486019
lncRNA	ENST00000647872.1	LINC02693	768	1	0	0	0	0.00050905359	0	0.00050905367
lncRNA	ENST00000647872.1	LINC02693	769	1	0	1	0	6.2393541e-05	0	6.2393551e-05
lncRNA	ENST00000647872.1	LINC02693	770	1	0	2	0	6.2154148e-05	0	6.2154157e-05
lncRNA	ENST00000647872.1	LINC02693	771	1	0	0	0	0.0018141114	0	0.0018141117
lncRNA	ENST00000647872.1	LINC02693	772	1	0	1	0	0.00020407916	0	0.00020407919
lncRNA	ENST00000647872.1	LINC02693	773	1	0	2	0	0.00014259241	0	0.00014259244
lncRNA	ENST00000647872.1	LINC02693	774	1	0	0	0	0.00026262799	0	0.00026262803
lncRNA	ENST00000647872.1	LINC02693	775	1	0	1	3	0.0005947802	0.0011655012	0.00059478029
lncRNA	ENST00000647872.1	LINC02693	776	1	0	2	0	0.00027015345	0	0.0002701535
lncRNA	ENST00000647872.1	LINC02693	777	1	0	0	20	0.0003050277	0.0077700078	0.00030502775
lncRNA	ENST00000647872.1	LINC02693	778	1	0	1	5	0.00087584421	0.0019425019	0.00087584435
lncRNA	ENST00000647872.1	LINC02693	779	1	0	2	0	1.9290204e-05	0	1.9290207e-05
lncRNA	ENST00000647872.1	LINC02693	780	1	0	0	10	0.0048516709	0.0038850039	0.0048516717
lncRNA	ENST00000647872.1	LINC02693	781	1	0	1	1	0.00012553183	0.00038850039	0.00012553185
lncRNA	ENST00000647872.1	LINC02693	782	1	0	2	0	9.3027302e-05	0	9.3027316e-05
lncRNA	ENST00000647872.1	LINC02693	783	1	0	0	12	0.0059197992	0.0046620047	0.0059198001
lncRNA	ENST00000647872.1	LINC02693	784	1	0	1	0	0.00024713675	0	0.00024713679
lncRNA	ENST00000647872.1	LINC02693	785	1	0	2	0	6.8796791e-05	0	6.8796802e-05
lncRNA	ENST00000647872.1	LINC02693	786	1	0	0	11	0.00011368351	0.0042735043	0.00011368352
lncRNA	ENST00000647872.1	LINC02693	787	1	0	1	30	0.00012355583	0.011655012	0.00012355585
lncRNA	ENST00000647872.1	LINC02693	788	1	0	2	0	0.00010127559	0	0.00010127561
lncRNA	ENST00000647872.1	LINC02693	789	1	0	0	44	0.018887075	0.017094017	0.018887078
lncRNA	ENST00000647872.1	LINC02693	790	1	0	1	0	0.0049264221	0	0.0049264229
lncRNA	ENST00000647872.1	LINC02693	791	1	0	2	0	0.00091981352	0	0.00091981367
lncRNA	ENST00000647872.1	LINC02693	792	1	0	0	29	0.010611157	0.011266511	0.010611159
lncRNA	ENST00000647872.1	LINC02693	793	1	0	1	0	3.611805e-05	0	3.6118056e-05
lncRNA	ENST00000647872.1	LINC02693	794	1	0	2	0	0.00019220616	0	0.00019220619
lncRNA	ENST00000647872.1	LINC02693	795	1	0	0	8	0.0044217622	0.0031080031	0.0044217629
lncRNA	ENST00000647872.1	LINC02693	796	1	0	1	0	0.00022342389	0	0.00022342393
lncRNA	ENST00000647872.1	LINC02693	797	1	0	2	0	0.00012338498	0	0.000123385
lncRNA	ENST00000647872.1	LINC02693	798	1	0	0	0	0.00083343935	0	0.00083343948
lncRNA	ENST00000647872.1	LINC02693	799	1	0	1	0	6.4471133e-05	0	6.4471143e-05
lncRNA	ENST00000647872.1	LINC02693	800	1	0	2	0	0.00011609365	0	0.00011609367
lncRNA	ENST00000647872.1	LINC02693	801	1	0	0	0	0.00023488628	0	0.00023488631
lncRNA	ENST00000647872.1	LINC02693	802	1	0	1	0	1.2724317e-05	0	1.2724319e-05
lncRNA	ENST00000647872.1	LINC02693	803	1	0	2	0	8.3332889e-06	0	8.3332902e-06
lncRNA	ENST00000647872.1	LINC02693	804	1	0	0	0	0.00015407847	0	0.0001540785
lncRNA	ENST00000647872.1	LINC02693	805	1	0	1	0	2.3825311e-05	0	2.3825314e-05
lncRNA	ENST00000647872.1	LINC02693	806	1	0	2	0	0.00011516033	0	0.00011516035
lncRNA	ENST00000647872.1	LINC02693	807	1	0	0	0	1.4398288e-05	0	1.439829e-05
lncRNA	ENST00000647872.1	LINC02693	808	1	0	1	0	2.2255655e-05	0	2.2255659e-05
lncRNA	ENST00000647872.1	LINC02693	809	1	0	2	0	2.2764081e-05	0	2.2764085e-05
lncRNA	ENST00000647872.1	LINC02693	810	1	0	0	5	0.00011936332	0.0019425019	0.00011936334
lncRNA	ENST00000647872.1	LINC02693	811	1	0	1	0	4.6501141e-06	0	4.6501148e-06
lncRNA	ENST00000647872.1	LINC02693	812	1	0	2	0	3.7803413e-05	0	3.7803419e-05
lncRNA	ENST00000647872.1	LINC02693	813	1	0	0	0	0.00063037971	0	0.00063037981
lncRNA	ENST00000647872.1	LINC02693	814	1	0	1	0	7.9740139e-06	0	7.9740152e-06
lncRNA	ENST00000647872.1	LINC02693	815	1	0	2	0	1.1854647e-05	0	1.1854649e-05
lncRNA	ENST00000647872.1	LINC02693	816	1	0	0	0	0.00013082495	0	0.00013082497
lncRNA	ENST00000647872.1	LINC02693	817	1	0	1	0	7.3186357e-06	0	7.3186368e-06
lncRNA	ENST00000647872.1	LINC02693	818	1	0	2	0	7.185402e-06	0	7.1854031e-06
lncRNA	ENST00000647872.1	LINC02693	819	1	0	0	0	0.00041472091	0	0.00041472098
lncRNA	ENST00000647872.1	LINC02693	820	1	0	1	0	0.00012799395	0	0.00012799397
lncRNA	ENST00000647872.1	LINC02693	821	1	0	2	0	2.999499e-05	0	2.9994994e-05
lncRNA	ENST00000647872.1	LINC02693	822	1	0	0	0	0.00017623487	0	0.0001762349
lncRNA	ENST00000647872.1	LINC02693	823	1	0	1	0	0.00011885625	0	0.00011885627
lncRNA	ENST00000647872.1	LINC02693	824	1	0	2	0	1.2171633e-05	0	1.2171635e-05
lncRNA	ENST00000647872.1	LINC02693	825	1	0	0	18	0.00060770765	0.006993007	0.00060770775
lncRNA	ENST00000647872.1	LINC02693	826	1	0	1	0	2.6556683e-05	0	2.6556687e-05
lncRNA	ENST00000647872.1	LINC02693	827	1	0	2	0	1.7345452e-05	0	1.7345455e-05
lncRNA	ENST00000647872.1	LINC02693	828	1	0	0	11	0.0016429897	0.0042735043	0.00164299
lncRNA	ENST00000647872.1	LINC02693	829	1	0	1	0	0.0002015091	0	0.00020150913
lncRNA	ENST00000647872.1	LINC02693	830	1	0	2	0	0.00030658094	0	0.00030658099
lncRNA	ENST00000647872.1	LINC02693	831	1	0	0	15	0.00056144578	0.0058275058	0.00056144587
lncRNA	ENST00000647872.1	LINC02693	832	1	0	1	0	3.3842545e-05	0	3.3842551e-05
lncRNA	ENST00000647872.1	LINC02693	833	1	0	2	0	0.00026985659	0	0.00026985664
lncRNA	ENST00000647872.1	LINC02693	834	1	0	0	6	0.00044652083	0.0023310023	0.0004465209
lncRNA	ENST00000647872.1	LINC02693	835	1	0	1	0	0.00012375465	0	0.00012375467
lncRNA	ENST00000647872.1	LINC02693	836	1	0	2	0	0.00022175115	0	0.00022175118
lncRNA	ENST00000647872.1	LINC02693	837	1	0	0	0	0.00022110771	0	0.00022110774
lncRNA	ENST00000647872.1	LINC02693	838	1	0	1	0	1.8796609e-05	0	1.8796612e-05
lncRNA	ENST00000647872.1	LINC02693	839	1	0	2	0	2.3316898e-05	0	2.3316901e-05
lncRNA	ENST00000647872.1	LINC02693	840	1	0	0	0	0.00014703981	0	0.00014703984
lncRNA	ENST00000647872.1	LINC02693	841	1	0	1	0	2.1167563e-05	0	2.1167567e-05
lncRNA	ENST00000647872.1	LINC02693	842	1	0	2	0	1.8124874e-05	0	1.8124877e-05
lncRNA	ENST00000647872.1	LINC02693	843	1	0	0	0	0.0015501846	0	0.0015501848
lncRNA	ENST00000647872.1	LINC02693	844	1	0	1	0	2.9403616e-05	0	2.9403621e-05
lncRNA	ENST00000647872.1	LINC02693	845	1	0	2	0	0.00012171384	0	0.00012171386
lncRNA	ENST00000647872.1	LINC02693	846	1	0	0	15	0.0007082505	0.0058275058	0.00070825061
lncRNA	ENST00000647872.1	LINC02693	847	1	0	1	1	2.7535769e-05	0.00038850039	2.7535773e-05
lncRNA	ENST00000647872.1	LINC02693	848	1	0	2	0	4.6946669e-05	0	4.6946676e-05
lncRNA	ENST00000647872.1	LINC02693	849	1	0	0	0	0.0011135105	0	0.0011135106
lncRNA	ENST00000647872.1	LINC02693	850	1	0	1	0	3.6894995e-05	0	3.6895001e-05
lncRNA	ENST00000647872.1	LINC02693	851	1	0	2	0	3.1761887e-05	0	3.1761892e-05
lncRNA	ENST00000647872.1	LINC02693	852	1	0	0	7	0.00066924392	0.0027195027	0.00066924403
lncRNA	ENST00000647872.1	LINC02693	853	1	0	1	0	3.7628783e-05	0	3.7628789e-05
lncRNA	ENST00000647872.1	LINC02693	854	1	0	2	0	3.9488517e-05	0	3.9488524e-05
lncRNA	ENST00000647872.1	LINC02693	855	1	0	0	6	0.00089671562	0.0023310023	0.00089671576
lncRNA	ENST00000647872.1	LINC02693	856	1	0	1	0	2.0378655e-05	0	2.0378658e-05
lncRNA	ENST00000647872.1	LINC02693	857	1	0	2	0	0.00010620688	0	0.00010620689
lncRNA	ENST00000647872.1	LINC02693	858	1	0	0	0	0.0027200955	0	0.0027200959
lncRNA	ENST00000647872.1	LINC02693	859	1	0	1	1	0.0002758172	0.00038850039	0.00027581725
lncRNA	ENST00000647872.1	LINC02693	860	1	0	2	0	0.00055195752	0	0.00055195761
lncRNA	ENST00000647872.1	LINC02693	861	1	0	0	0	0.0037975195	0	0.0037975201
lncRNA	ENST00000647872.1	LINC02693	862	1	0	1	0	0.00049365289	0	0.00049365296
lncRNA	ENST00000647872.1	LINC02693	863	1	0	2	0	0.00037876147	0	0.00037876153
lncRNA	ENST00000647872.1	LINC02693	864	1	0	0	21	0.0022043113	0.0081585082	0.0022043117
lncRNA	ENST00000647872.1	LINC02693	865	1	0	1	10	0.0014683082	0.0038850039	0.0014683084
lncRNA	ENST00000647872.1	LINC02693	866	1	0	2	0	0.00073694141	0	0.00073694152
lncRNA	ENST00000647872.1	LINC02693	867	1	0	0	4	0.0032683744	0.0015540016	0.0032683749
lncRNA	ENST00000647872.1	LINC02693	868	1	0	1	0	0.00012780707	0	0.00012780709
lncRNA	ENST00000647872.1	LINC02693	869	1	0	2	0	7.5177762e-05	0	7.5177774e-05
lncRNA	ENST00000647872.1	LINC02693	870	1	0	0	0	0.00060830085	0	0.00060830094
lncRNA	ENST00000647872.1	LINC02693	871	1	0	1	0	0.00073541934	0	0.00073541945
lncRNA	ENST00000647872.1	LINC02693	872	1	0	2	0	0.00012207316	0	0.00012207318
lncRNA	ENST00000647872.1	LINC02693	873	1	0	0	0	0.00022408816	0	0.00022408819
lncRNA	ENST00000647872.1	LINC02693	874	1	0	1	0	0.0022419142	0	0.0022419145
lncRNA	ENST00000647872.1	LINC02693	875	1	0	2	0	0.00026353123	0	0.00026353127
lncRNA	ENST00000647872.1	LINC02693	876	1	0	0	8	0.0025803917	0.0031080031	0.0025803921
lncRNA	ENST00000647872.1	LINC02693	877	1	0	1	3	0.0002084795	0.0011655012	0.00020847953
lncRNA	ENST00000647872.1	LINC02693	878	1	0	2	0	0.00016531105	0	0.00016531108
lncRNA	ENST00000647872.1	LINC02693	879	1	0	0	56	0.0033749163	0.021756022	0.0033749168
lncRNA	ENST00000647872.1	LINC02693	880	1	0	1	0	0.00057360873	0	0.00057360882
lncRNA	ENST00000647872.1	LINC02693	881	1	0	2	0	0.00026458208	0	0.00026458212
lncRNA	ENST00000647872.1	LINC02693	882	1	0	0	12	0.0012769895	0.0046620047	0.0012769897
lncRNA	ENST00000647872.1	LINC02693	883	1	0	1	0	0.00022497379	0	0.00022497382
lncRNA	ENST00000647872.1	LINC02693	884	1	0	2	0	7.8925201e-05	0	7.8925213e-05
lncRNA	ENST00000647872.1	LINC02693	885	1	0	0	0	0.0015245568	0	0.001524557
lncRNA	ENST00000647872.1	LINC02693	886	1	0	1	0	9.2239206e-05	0	9.2239221e-05
lncRNA	ENST00000647872.1	LINC02693	887	1	0	2	0	0.00016433228	0	0.0001643323
lncRNA	ENST00000647872.1	LINC02693	888	1	0	0	3	0.00032900838	0.0011655012	0.00032900844
lncRNA	ENST00000647872.1	LINC02693	889	1	0	1	0	2.8959628e-05	0	2.8959633e-05
lncRNA	ENST00000647872.1	LINC02693	890	1	0	2	0	0.00014610231	0	0.00014610233
lncRNA	ENST00000647872.1	LINC02693	891	1	0	0	1	0.0017206295	0.00038850039	0.0017206298
lncRNA	ENST00000647872.1	LINC02693	892	1	0	1	0	2.2708877e-05	0	2.270888e-05
lncRNA	ENST00000647872.1	LINC02693	893	1	0	2	0	5.8593414e-05	0	5.8593423e-05
lncRNA	ENST00000647872.1	LINC02693	894	1	0	0	0	7.3557741e-05	0	7.3557753e-05
lncRNA	ENST00000647872.1	LINC02693	895	1	0	1	0	1.2565693e-05	0	1.2565695e-05
lncRNA	ENST00000647872.1	LINC02693	896	1	0	2	0	1.4260295e-05	0	1.4260297e-05
lncRNA	ENST00000647872.1	LINC02693	897	1	0	0	0	0.0003172766	0	0.00031727665
lncRNA	ENST00000647872.1	LINC02693	898	1	0	1	0	4.1097173e-05	0	4.109718e-05
lncRNA	ENST00000647872.1	LINC02693	899	1	0	2	2	0.00048664046	0.00077700078	0.00048664054
lncRNA	ENST00000647872.1	LINC02693	900	1	0	0	67	0.0051788012	0.026029526	0.0051788021
lncRNA	ENST00000647872.1	LINC02693	901	1	0	1	0	0.00011321092	0	0.00011321094
lncRNA	ENST00000647872.1	LINC02693	902	1	0	2	0	0.00014330525	0	0.00014330528
lncRNA	ENST00000647872.1	LINC02693	903	1	0	0	16	0.00052532641	0.0062160062	0.00052532649
lncRNA	ENST00000647872.1	LINC02693	904	1	0	1	0	5.1482752e-05	0	5.148276e-05
lncRNA	ENST00000647872.1	LINC02693	905	1	0	2	0	2.3202439e-05	0	2.3202443e-05
lncRNA	ENST00000647872.1	LINC02693	906	1	0	0	0	0.0004234385	0	0.00042343856
lncRNA	ENST00000647872.1	LINC02693	907	1	0	1	0	3.4359102e-05	0	3.4359107e-05
lncRNA	ENST00000647872.1	LINC02693	908	1	0	2	0	8.0818587e-05	0	8.08186e-05
lncRNA	ENST00000647872.1	LINC02693	909	1	0	0	12	0.0023179969	0.0046620047	0.0023179973
lncRNA	ENST00000647872.1	LINC02693	910	1	0	1	0	3.6149308e-05	0	3.6149313e-05
lncRNA	ENST00000647872.1	LINC02693	911	1	0	2	0	1.4071038e-06	0	1.407104e-06
lncRNA	ENST00000647872.1	LINC02693	912	1	0	0	5	4.3487235e-05	0.0019425019	4.3487241e-05
lncRNA	ENST00000647872.1	LINC02693	913	1	0	1	0	5.9617298e-05	0	5.9617307e-05
lncRNA	ENST00000647872.1	LINC02693	914	1	0	2	0	9.3432551e-05	0	9.3432565e-05
lncRNA	ENST00000647872.1	LINC02693	915	1	0	0	0	0.00028463718	0	0.00028463722
lncRNA	ENST00000647872.1	LINC02693	916	1	0	1	0	0.00090661034	0	0.00090661048
lncRNA	ENST00000647872.1	LINC02693	917	1	0	2	0	0.00021510001	0	0.00021510004
lncRNA	ENST00000647872.1	LINC02693	918	1	0	0	17	0.0023332692	0.0066045066	0.0023332696
lncRNA	ENST00000647872.1	LINC02693	919	1	0	1	23	0.00021783738	0.0089355089	0.00021783742
lncRNA	ENST00000647872.1	LINC02693	920	1	0	2	14	0.00023686899	0.0054390054	0.00023686903
lncRNA	ENST00000647872.1	LINC02693	921	1	0	0	0	6.0390585e-06	0	6.0390594e-06
lncRNA	ENST00000647872.1	LINC02693	922	1	0	1	0	1.3428758e-05	0	1.3428761e-05
lncRNA	ENST00000647872.1	LINC02693	923	1	0	2	0	6.8790229e-07	0	6.8790239e-07
lncRNA	ENST00000647872.1	LINC02693	924	0	0	-1	0	1.9385225e-06	0	1.9385228e-06
lncRNA	ENST00000647872.1	LINC02693	925	0	0	-1	0	3.0893125e-06	0	3.089313e-06
lncRNA	ENST00000647872.1	LINC02693	926	0	0	-1	0	7.2333776e-08	0	7.2333788e-08
lncRNA	ENST00000647872.1	LINC02693	927	0	0	-1	0	5.8543475e-07	0	5.8543484e-07
lncRNA	ENST00000647872.1	LINC02693	928	0	0	-1	0	6.3674888e-05	0	6.3674898e-05
lncRNA	ENST00000647872.1	LINC02693	929	0	0	-1	0	5.5114351e-06	0	5.511436e-06
lncRNA	ENST00000647872.1	LINC02693	930	0	0	-1	0	1.0672739e-05	0	1.0672741e-05
lncRNA	ENST00000647872.1	LINC02693	931	0	0	-1	0	9.6976801e-06	0	9.6976816e-06
lncRNA	ENST00000647872.1	LINC02693	932	0	0	-1	0	1.6506805e-05	0	1.6506808e-05
lncRNA	ENST00000647872.1	LINC02693	933	0	0	-1	0	5.886749e-06	0	5.8867499e-06
lncRNA	ENST00000647872.1	LINC02693	934	0	0	-1	0	1.1658549e-06	0	1.1658551e-06
lncRNA	ENST00000647872.1	LINC02693	935	0	0	-1	0	4.9755806e-07	0	4.9755814e-07
lncRNA	ENST00000647872.1	LINC02693	936	0	0	-1	0	6.6077172e-07	0	6.6077182e-07
lncRNA	ENST00000647872.1	LINC02693	937	0	0	-1	0	1.5642158e-06	0	1.5642161e-06
lncRNA	ENST00000647872.1	LINC02693	938	0	0	-1	0	1.530712e-05	0	1.5307122e-05
lncRNA	ENST00000647872.1	LINC02693	939	0	0	-1	0	2.4554909e-06	0	2.4554912e-06
lncRNA	ENST00000647872.1	LINC02693	940	0	0	-1	0	1.4316552e-06	0	1.4316554e-06
lncRNA	ENST00000647872.1	LINC02693	941	0	0	-1	0	2.5141887e-06	0	2.5141891e-06
lncRNA	ENST00000647872.1	LINC02693	942	0	0	-1	0	1.1029306e-06	0	1.1029308e-06
lncRNA	ENST00000647872.1	LINC02693	943	0	0	-1	0	1.7111644e-06	0	1.7111646e-06
lncRNA	ENST00000647872.1	LINC02693	944	0	0	-1	0	1.6660792e-06	0	1.6660795e-06
lncRNA	ENST00000647872.1	LINC02693	945	0	0	-1	0	1.6069337e-06	0	1.6069339e-06
lncRNA	ENST00000647872.1	LINC02693	946	0	0	-1	0	2.7606668e-06	0	2.7606672e-06
lncRNA	ENST00000647872.1	LINC02693	947	0	0	-1	0	1.3390668e-06	0	1.339067e-06
lncRNA	ENST00000647872.1	LINC02693	948	0	0	-1	0	1.2940983e-06	0	1.2940985e-06
lncRNA	ENST00000647872.1	LINC02693	949	0	0	-1	0	6.4501819e-07	0	6.4501829e-07
lncRNA	ENST00000647872.1	LINC02693	950	0	0	-1	0	3.3887986e-07	0	3.3887991e-07
lncRNA	ENST00000647872.1	LINC02693	951	0	0	-1	0	5.555284e-07	0	5.5552849e-07
lncRNA	ENST00000647872.1	LINC02693	952	0	0	-1	0	1.4060951e-06	0	1.4060953e-06
lncRNA	ENST00000647872.1	LINC02693	953	0	0	-1	0	2.1975138e-06	0	2.1975142e-06
lncRNA	ENST00000647872.1	LINC02693	954	0	0	-1	0	1.2685455e-06	0	1.2685457e-06
lncRNA	ENST00000647872.1	LINC02693	955	0	0	-1	0	4.6993091e-06	0	4.6993098e-06
lncRNA	ENST00000647872.1	LINC02693	956	0	0	-1	0	6.5317095e-06	0	6.5317105e-06
lncRNA	ENST00000647872.1	LINC02693	957	0	0	-1	0	1.0973448e-06	0	1.097345e-06
lncRNA	ENST00000647872.1	LINC02693	958	0	0	-1	0	1.6866277e-07	0	1.6866279e-07
lncRNA	ENST00000647872.1	LINC02693	959	0	0	-1	0	1.9136353e-06	0	1.9136356e-06
lncRNA	ENST00000647872.1	LINC02693	960	0	0	-1	0	2.1131007e-06	0	2.113101e-06
lncRNA	ENST00000647872.1	LINC02693	961	0	0	-1	0	3.1178613e-05	0	3.1178618e-05
lncRNA	ENST00000647872.1	LINC02693	962	0	0	-1	0	1.5344806e-06	0	1.5344808e-06
lncRNA	ENST00000647872.1	LINC02693	963	0	0	-1	0	4.0283353e-06	0	4.0283359e-06
lncRNA	ENST00000647872.1	LINC02693	964	0	0	-1	0	1.9747771e-05	0	1.9747774e-05
lncRNA	ENST00000647872.1	LINC02693	965	0	0	-1	0	9.6500332e-07	0	9.6500348e-07
lncRNA	ENST00000647872.1	LINC02693	966	0	0	-1	0	6.4365713e-07	0	6.4365723e-07
lncRNA	ENST00000647872.1	LINC02693	967	0	0	-1	0	4.0817367e-06	0	4.0817374e-06
lncRNA	ENST00000647872.1	LINC02693	968	0	0	-1	0	9.7644636e-07	0	9.7644651e-07
lncRNA	ENST00000647872.1	LINC02693	969	0	0	-1	0	1.5526626e-05	0	1.5526629e-05
lncRNA	ENST00000647872.1	LINC02693	970	0	0	-1	0	7.2691792e-06	0	7.2691803e-06
lncRNA	ENST00000647872.1	LINC02693	971	0	0	-1	0	7.6190148e-08	0	7.619016e-08
lncRNA	ENST00000647872.1	LINC02693	972	0	0	-1	0	5.7989803e-07	0	5.7989812e-07
lncRNA	ENST00000647872.1	LINC02693	973	0	0	-1	0	7.3750977e-07	0	7.3750988e-07
lncRNA	ENST00000647872.1	LINC02693	974	0	0	-1	0	1.7593302e-05	0	1.7593305e-05
lncRNA	ENST00000647872.1	LINC02693	975	0	0	-1	0	9.2622031e-07	0	9.2622046e-07
lncRNA	ENST00000647872.1	LINC02693	976	0	0	-1	0	1.6104055e-06	0	1.6104058e-06
lncRNA	ENST00000647872.1	LINC02693	977	0	0	-1	0	1.6386395e-05	0	1.6386398e-05
lncRNA	ENST00000647872.1	LINC02693	978	0	0	-1	0	2.5682464e-05	0	2.5682468e-05
lncRNA	ENST00000647872.1	LINC02693	979	0	0	-1	0	5.9141871e-06	0	5.914188e-06
lncRNA	ENST00000647872.1	LINC02693	980	0	0	-1	0	1.1369417e-05	0	1.1369419e-05
lncRNA	ENST00000647872.1	LINC02693	981	0	0	-1	0	1.3061077e-06	0	1.3061079e-06
lncRNA	ENST00000647872.1	LINC02693	982	0	0	-1	0	8.8059926e-07	0	8.805994e-07
lncRNA	ENST00000647872.1	LINC02693	983	0	0	-1	0	1.5546109e-07	0	1.5546112e-07
lncRNA	ENST00000647872.1	LINC02693	984	0	0	-1	0	6.5895114e-07	0	6.5895124e-07
lncRNA	ENST00000647872.1	LINC02693	985	0	0	-1	0	2.0178852e-06	0	2.0178855e-06
lncRNA	ENST00000647872.1	LINC02693	986	0	0	-1	0	8.3213999e-06	0	8.3214013e-06
lncRNA	ENST00000647872.1	LINC02693	987	0	0	-1	0	6.5052895e-06	0	6.5052906e-06
lncRNA	ENST00000647872.1	LINC02693	988	0	0	-1	0	6.1097785e-06	0	6.1097795e-06
lncRNA	ENST00000647872.1	LINC02693	989	0	0	-1	0	1.6433329e-05	0	1.6433331e-05
lncRNA	ENST00000647872.1	LINC02693	990	0	0	-1	0	9.9815952e-06	0	9.9815968e-06
lncRNA	ENST00000647872.1	LINC02693	991	0	0	-1	0	5.1731759e-06	0	5.1731767e-06
lncRNA	ENST00000647872.1	LINC02693	992	0	0	-1	0	8.7851976e-07	0	8.7851989e-07
lncRNA	ENST00000647872.1	LINC02693	993	0	0	-1	0	8.4997913e-07	0	8.4997926e-07
lncRNA	ENST00000647872.1	LINC02693	994	0	0	-1	0	1.8289751e-06	0	1.8289754e-06
lncRNA	ENST00000647872.1	LINC02693	995	0	0	-1	0	4.8814827e-06	0	4.8814835e-06
lncRNA	ENST00000647872.1	LINC02693	996	0	0	-1	0	7.6324795e-07	0	7.6324807e-07
lncRNA	ENST00000647872.1	LINC02693	997	0	0	-1	0	1.788507e-05	0	1.7885072e-05
lncRNA	ENST00000647872.1	LINC02693	998	0	0	-1	0	6.2628155e-06	0	6.2628165e-06
lncRNA	ENST00000647872.1	LINC02693	999	0	0	-1	0	1.4407807e-05	0	1.4407809e-05
lncRNA	ENST00000647872.1	LINC02693	1000	0	0	-1	0	7.164057e-05	0	7.1640582e-05
lncRNA	ENST00000647872.1	LINC02693	1001	0	0	-1	0	2.3239431e-06	0	2.3239435e-06
lncRNA	ENST00000647872.1	LINC02693	1002	0	0	-1	0	6.7362594e-06	0	6.7362604e-06
lncRNA	ENST00000647872.1	LINC02693	1003	0	0	-1	0	5.9490981e-07	0	5.949099e-07
lncRNA	ENST00000647872.1	LINC02693	1004	0	0	-1	0	6.3233375e-07	0	6.3233385e-07
lncRNA	ENST00000647872.1	LINC02693	1005	0	0	-1	0	2.7498083e-07	0	2.7498088e-07
lncRNA	ENST00000647872.1	LINC02693	1006	0	0	-1	0	1.6197586e-07	0	1.6197589e-07
lncRNA	ENST00000647872.1	LINC02693	1007	0	0	-1	0	2.4138214e-06	0	2.4138218e-06
lncRNA	ENST00000647872.1	LINC02693	1008	0	0	-1	0	6.637996e-07	0	6.637997e-07
lncRNA	ENST00000647872.1	LINC02693	1009	0	0	-1	0	1.3060492e-06	0	1.3060494e-06
lncRNA	ENST00000647872.1	LINC02693	1010	0	0	-1	0	7.1900909e-06	0	7.190092e-06
lncRNA	ENST00000647872.1	LINC02693	1011	0	0	-1	0	7.3839999e-07	0	7.3840011e-07
lncRNA	ENST00000647872.1	LINC02693	1012	0	0	-1	0	1.6895553e-06	0	1.6895556e-06
lncRNA	ENST00000647872.1	LINC02693	1013	0	0	-1	0	3.188004e-06	0	3.1880045e-06
lncRNA	ENST00000647872.1	LINC02693	1014	0	0	-1	0	1.491033e-06	0	1.4910332e-06
lncRNA	ENST00000647872.1	LINC02693	1015	0	0	-1	0	2.0243597e-06	0	2.02436e-06
lncRNA	ENST00000647872.1	LINC02693	1016	0	0	-1	0	9.5161295e-07	0	9.516131e-07
lncRNA	ENST00000647872.1	LINC02693	1017	0	0	-1	0	6.6987667e-07	0	6.6987678e-07
lncRNA	ENST00000647872.1	LINC02693	1018	0	0	-1	0	1.3822632e-05	0	1.3822635e-05
lncRNA	ENST00000647872.1	LINC02693	1019	0	0	-1	0	3.9428608e-07	0	3.9428614e-07
lncRNA	ENST00000647872.1	LINC02693	1020	0	0	-1	0	1.5566872e-06	0	1.5566874e-06
lncRNA	ENST00000647872.1	LINC02693	1021	0	0	-1	0	1.905953e-06	0	1.9059533e-06
lncRNA	ENST00000647872.1	LINC02693	1022	0	0	-1	0	4.7268188e-07	0	4.7268195e-07
lncRNA	ENST00000647872.1	LINC02693	1023	0	0	-1	0	1.0357463e-05	0	1.0357465e-05
lncRNA	ENST00000647872.1	LINC02693	1024	0	0	-1	0	4.1360076e-06	0	4.1360083e-06
lncRNA	ENST00000647872.1	LINC02693	1025	0	0	-1	0	1.6338932e-06	0	1.6338935e-06
lncRNA	ENST00000647872.1	LINC02693	1026	0	0	-1	0	8.3448799e-07	0	8.3448812e-07
lncRNA	ENST00000647872.1	LINC02693	1027	0	0	-1	0	2.6485343e-06	0	2.6485347e-06
lncRNA	ENST00000647872.1	LINC02693	1028	0	0	-1	0	6.9286193e-07	0	6.9286204e-07
lncRNA	ENST00000647872.1	LINC02693	1029	0	0	-1	0	2.762318e-06	0	2.7623184e-06
lncRNA	ENST00000647872.1	LINC02693	1030	0	0	-1	0	1.6491134e-05	0	1.6491137e-05
lncRNA	ENST00000647872.1	LINC02693	1031	0	0	-1	0	1.2110176e-05	0	1.2110178e-05
lncRNA	ENST00000647872.1	LINC02693	1032	0	0	-1	0	3.9669335e-06	0	3.9669341e-06
lncRNA	ENST00000647872.1	LINC02693	1033	0	0	-1	0	7.090249e-05	0	7.0902501e-05
lncRNA	ENST00000647872.1	LINC02693	1034	0	0	-1	0	1.5300764e-06	0	1.5300766e-06
lncRNA	ENST00000647872.1	LINC02693	1035	0	0	-1	0	6.6326461e-06	0	6.6326471e-06
lncRNA	ENST00000647872.1	LINC02693	1036	0	0	-1	0	6.3690591e-06	0	6.3690601e-06
lncRNA	ENST00000647872.1	LINC02693	1037	0	0	-1	0	6.1247977e-07	0	6.1247986e-07
lncRNA	ENST00000647872.1	LINC02693	1038	0	0	-1	0	1.6464207e-06	0	1.646421e-06
lncRNA	ENST00000647872.1	LINC02693	1039	0	0	-1	0	4.5931938e-05	0	4.5931945e-05
lncRNA	ENST00000647872.1	LINC02693	1040	0	0	-1	0	1.8634679e-06	0	1.8634682e-06
lncRNA	ENST00000647872.1	LINC02693	1041	0	0	-1	0	5.115611e-07	0	5.1156118e-07
lncRNA	ENST00000647872.1	LINC02693	1042	0	0	-1	0	1.1042482e-06	0	1.1042484e-06
lncRNA	ENST00000647872.1	LINC02693	1043	0	0	-1	0	1.3297583e-07	0	1.3297585e-07
lncRNA	ENST00000647872.1	LINC02693	1044	0	0	-1	0	1.1956041e-06	0	1.1956043e-06
lncRNA	ENST00000647872.1	LINC02693	1045	0	0	-1	0	8.3633154e-07	0	8.3633167e-07
lncRNA	ENST00000647872.1	LINC02693	1046	0	0	-1	0	9.5195282e-06	0	9.5195297e-06
lncRNA	ENST00000647872.1	LINC02693	1047	0	0	-1	0	4.094833e-06	0	4.0948336e-06
lncRNA	ENST00000647872.1	LINC02693	1048	0	0	-1	0	2.6067704e-05	0	2.6067708e-05
lncRNA	ENST00000647872.1	LINC02693	1049	0	0	-1	0	2.778518e-05	0	2.7785184e-05
lncRNA	ENST00000647872.1	LINC02693	1050	0	0	-1	0	2.7460945e-07	0	2.7460949e-07
lncRNA	ENST00000647872.1	LINC02693	1051	0	0	-1	0	1.5322856e-06	0	1.5322859e-06
lncRNA	ENST00000647872.1	LINC02693	1052	0	0	-1	0	1.5125769e-07	0	1.5125772e-07
lncRNA	ENST00000647872.1	LINC02693	1053	0	0	-1	0	1.6394233e-06	0	1.6394236e-06
lncRNA	ENST00000647872.1	LINC02693	1054	0	0	-1	0	9.8021678e-07	0	9.8021694e-07
lncRNA	ENST00000647872.1	LINC02693	1055	0	0	-1	0	5.9081691e-07	0	5.90817e-07
lncRNA	ENST00000647872.1	LINC02693	1056	0	0	-1	0	4.489033e-06	0	4.4890337e-06
lncRNA	ENST00000647872.1	LINC02693	1057	0	0	-1	0	7.5982007e-07	0	7.5982019e-07
lncRNA	ENST00000647872.1	LINC02693	1058	0	0	-1	0	5.6224653e-06	0	5.6224662e-06
lncRNA	ENST00000647872.1	LINC02693	1059	0	0	-1	0	2.986963e-06	0	2.9869634e-06
lncRNA	ENST00000647872.1	LINC02693	1060	0	0	-1	0	1.4880585e-06	0	1.4880587e-06
lncRNA	ENST00000647872.1	LINC02693	1061	0	0	-1	0	4.3918305e-07	0	4.3918312e-07
lncRNA	ENST00000647872.1	LINC02693	1062	0	0	-1	0	4.0284834e-07	0	4.0284841e-07
lncRNA	ENST00000647872.1	LINC02693	1063	0	0	-1	0	9.3732287e-06	0	9.3732302e-06
lncRNA	ENST00000647872.1	LINC02693	1064	0	0	-1	0	8.8341835e-08	0	8.8341849e-08
lncRNA	ENST00000647872.1	LINC02693	1065	0	0	-1	0	1.3819984e-07	0	1.3819986e-07
lncRNA	ENST00000647872.1	LINC02693	1066	0	0	-1	0	2.2952841e-07	0	2.2952845e-07
lncRNA	ENST00000647872.1	LINC02693	1067	0	0	-1	0	2.2586346e-07	0	2.258635e-07
lncRNA	ENST00000647872.1	LINC02693	1068	0	0	-1	0	1.6989081e-07	0	1.6989084e-07
lncRNA	ENST00000647872.1	LINC02693	1069	0	0	-1	0	1.2971738e-06	0	1.297174e-06
lncRNA	ENST00000647872.1	LINC02693	1070	0	0	-1	0	9.1297699e-07	0	9.1297713e-07
lncRNA	ENST00000647872.1	LINC02693	1071	0	0	-1	0	5.7341975e-07	0	5.7341984e-07
lncRNA	ENST00000647872.1	LINC02693	1072	0	0	-1	0	2.5086525e-05	0	2.5086529e-05
lncRNA	ENST00000647872.1	LINC02693	1073	0	0	-1	0	3.4491063e-06	0	3.4491069e-06
lncRNA	ENST00000647872.1	LINC02693	1074	0	0	-1	0	5.9904022e-07	0	5.9904031e-07
lncRNA	ENST00000647872.1	LINC02693	1075	0	0	-1	0	1.524947e-06	0	1.5249473e-06
lncRNA	ENST00000647872.1	LINC02693	1076	0	0	-1	0	7.1537198e-07	0	7.1537209e-07
lncRNA	ENST00000647872.1	LINC02693	1077	0	0	-1	0	5.5582041e-07	0	5.5582049e-07
lncRNA	ENST00000647872.1	LINC02693	1078	0	0	-1	0	3.2296248e-06	0	3.2296253e-06
lncRNA	ENST00000647872.1	LINC02693	1079	0	0	-1	0	1.1606331e-06	0	1.1606333e-06
lncRNA	ENST00000647872.1	LINC02693	1080	0	0	-1	0	1.2794243e-06	0	1.2794245e-06
lncRNA	ENST00000647872.1	LINC02693	1081	0	0	-1	1	4.7278318e-06	0.00038850039	4.7278325e-06
lncRNA	ENST00000647872.1	LINC02693	1082	0	0	-1	0	2.3747309e-06	0	2.3747313e-06
lncRNA	ENST00000647872.1	LINC02693	1083	0	0	-1	0	1.025211e-06	0	1.0252111e-06
lncRNA	ENST00000647872.1	LINC02693	1084	0	0	-1	0	4.3656501e-06	0	4.3656507e-06
lncRNA	ENST00000647872.1	LINC02693	1085	0	0	-1	0	1.749941e-07	0	1.7499413e-07
lncRNA	ENST00000647872.1	LINC02693	1086	0	0	-1	0	1.3218056e-07	0	1.3218058e-07
lncRNA	ENST00000647872.1	LINC02693	1087	0	0	-1	0	3.0224709e-07	0	3.0224714e-07
lncRNA	ENST00000647872.1	LINC02693	1088	0	0	-1	0	5.521955e-07	0	5.5219559e-07
lncRNA	ENST00000647872.1	LINC02693	1089	0	0	-1	0	3.9777642e-06	0	3.9777648e-06
lncRNA	ENST00000647872.1	LINC02693	1090	0	0	-1	0	9.3236249e-06	0	9.3236264e-06
lncRNA	ENST00000647872.1	LINC02693	1091	0	0	-1	0	5.4226746e-07	0	5.4226754e-07
lncRNA	ENST00000647872.1	LINC02693	1092	0	0	-1	0	6.6752318e-06	0	6.6752329e-06
lncRNA	ENST00000647872.1	LINC02693	1093	0	0	-1	0	8.0183572e-06	0	8.0183585e-06
lncRNA	ENST00000647872.1	LINC02693	1094	0	0	-1	0	2.5128797e-06	0	2.5128801e-06
lncRNA	ENST00000647872.1	LINC02693	1095	0	0	-1	0	2.7360581e-06	0	2.7360586e-06
lncRNA	ENST00000647872.1	LINC02693	1096	0	0	-1	0	4.1136991e-06	0	4.1136998e-06
lncRNA	ENST00000647872.1	LINC02693	1097	0	0	-1	0	3.0729382e-07	0	3.0729387e-07
lncRNA	ENST00000647872.1	LINC02693	1098	0	0	-1	0	4.5696171e-07	0	4.5696179e-07
lncRNA	ENST00000647872.1	LINC02693	1099	0	0	-1	0	6.6203444e-07	0	6.6203454e-07
lncRNA	ENST00000647872.1	LINC02693	1100	0	0	-1	0	4.0218691e-07	0	4.0218698e-07
lncRNA	ENST00000647872.1	LINC02693	1101	0	0	-1	0	5.2042685e-07	0	5.2042693e-07
lncRNA	ENST00000647872.1	LINC02693	1102	0	0	-1	0	7.0098713e-07	0	7.0098724e-07
lncRNA	ENST00000647872.1	LINC02693	1103	0	0	-1	0	2.0133007e-06	0	2.013301e-06
lncRNA	ENST00000647872.1	LINC02693	1104	0	0	-1	0	2.5871936e-06	0	2.5871941e-06
lncRNA	ENST00000647872.1	LINC02693	1105	0	0	-1	0	3.8544622e-06	0	3.8544628e-06
lncRNA	ENST00000647872.1	LINC02693	1106	0	0	-1	0	8.992577e-06	0	8.9925784e-06
lncRNA	ENST00000647872.1	LINC02693	1107	0	0	-1	0	5.3926115e-06	0	5.3926123e-06
lncRNA	ENST00000647872.1	LINC02693	1108	0	0	-1	0	1.7248573e-07	0	1.7248575e-07
lncRNA	ENST00000647872.1	LINC02693	1109	0	0	-1	0	3.4281122e-08	0	3.4281127e-08
lncRNA	ENST00000647872.1	LINC02693	1110	0	0	-1	0	3.4626137e-07	0	3.4626143e-07
lncRNA	ENST00000647872.1	LINC02693	1111	0	0	-1	0	1.8253072e-06	0	1.8253075e-06
lncRNA	ENST00000647872.1	LINC02693	1112	0	0	-1	0	7.4239654e-07	0	7.4239665e-07
lncRNA	ENST00000647872.1	LINC02693	1113	0	0	-1	0	4.221001e-07	0	4.2210017e-07
lncRNA	ENST00000647872.1	LINC02693	1114	0	0	-1	0	4.8517671e-07	0	4.8517679e-07
lncRNA	ENST00000647872.1	LINC02693	1115	0	0	-1	0	9.697286e-07	0	9.6972876e-07
lncRNA	ENST00000647872.1	LINC02693	1116	0	0	-1	0	3.7019515e-07	0	3.7019521e-07
lncRNA	ENST00000647872.1	LINC02693	1117	0	0	-1	0	2.4452133e-06	0	2.4452137e-06
lncRNA	ENST00000647872.1	LINC02693	1118	0	0	-1	0	5.6468696e-07	0	5.6468705e-07
lncRNA	ENST00000647872.1	LINC02693	1119	0	0	-1	0	7.4132328e-07	0	7.4132339e-07
lncRNA	ENST00000647872.1	LINC02693	1120	0	0	-1	0	7.1616491e-06	0	7.1616503e-06
lncRNA	ENST00000647872.1	LINC02693	1121	0	0	-1	0	1.0117595e-06	0	1.0117597e-06
lncRNA	ENST00000647872.1	LINC02693	1122	0	0	-1	0	6.0402994e-07	0	6.0403003e-07
lncRNA	ENST00000647872.1	LINC02693	1123	0	0	-1	0	6.7167202e-06	0	6.7167213e-06
lncRNA	ENST00000647872.1	LINC02693	1124	0	0	-1	0	2.2812608e-07	0	2.2812612e-07
lncRNA	ENST00000647872.1	LINC02693	1125	0	0	-1	0	9.5412997e-07	0	9.5413012e-07
lncRNA	ENST00000647872.1	LINC02693	1126	0	0	-1	0	9.7941404e-07	0	9.7941419e-07
lncRNA	ENST00000647872.1	LINC02693	1127	0	0	-1	0	2.0867611e-07	0	2.0867615e-07
lncRNA	ENST00000647872.1	LINC02693	1128	0	0	-1	0	1.9834185e-06	0	1.9834189e-06
lncRNA	ENST00000647872.1	LINC02693	1129	0	0	-1	0	1.5990868e-06	0	1.599087e-06
lncRNA	ENST00000647872.1	LINC02693	1130	0	0	-1	0	2.800227e-07	0	2.8002275e-07
lncRNA	ENST00000647872.1	LINC02693	1131	0	0	-1	0	4.4172793e-06	0	4.41728e-06
lncRNA	ENST00000647872.1	LINC02693	1132	0	0	-1	0	1.3070191e-07	0	1.3070193e-07
lncRNA	ENST00000647872.1	LINC02693	1133	0	0	-1	0	2.2803767e-06	0	2.2803771e-06
lncRNA	ENST00000647872.1	LINC02693	1134	0	0	-1	0	3.0911556e-07	0	3.0911561e-07
lncRNA	ENST00000647872.1	LINC02693	1135	0	0	-1	0	5.0328895e-06	0	5.0328903e-06
lncRNA	ENST00000647872.1	LINC02693	1136	0	0	-1	0	3.1808599e-05	0	3.1808604e-05
lncRNA	ENST00000647872.1	LINC02693	1137	0	0	-1	0	1.1908317e-06	0	1.1908318e-06
lncRNA	ENST00000647872.1	LINC02693	1138	0	0	-1	0	2.7028154e-06	0	2.7028159e-06
lncRNA	ENST00000647872.1	LINC02693	1139	0	0	-1	0	2.9055262e-05	0	2.9055266e-05
lncRNA	ENST00000647872.1	LINC02693	1140	0	0	-1	0	1.2300372e-06	0	1.2300374e-06
lncRNA	ENST00000647872.1	LINC02693	1141	0	0	-1	0	1.3940155e-06	0	1.3940157e-06
lncRNA	ENST00000647872.1	LINC02693	1142	0	0	-1	0	2.2434217e-06	0	2.2434221e-06
lncRNA	ENST00000647872.1	LINC02693	1143	0	0	-1	0	5.8739602e-07	0	5.8739611e-07
lncRNA	ENST00000647872.1	LINC02693	1144	0	0	-1	0	1.1696803e-06	0	1.1696805e-06
lncRNA	ENST00000647872.1	LINC02693	1145	0	0	-1	0	4.1195408e-06	0	4.1195414e-06
lncRNA	ENST00000647872.1	LINC02693	1146	0	0	-1	0	1.3450439e-06	0	1.3450441e-06
lncRNA	ENST00000647872.1	LINC02693	1147	0	0	-1	0	1.1240052e-06	0	1.1240053e-06
lncRNA	ENST00000647872.1	LINC02693	1148	0	0	-1	0	1.0097964e-07	0	1.0097966e-07
lncRNA	ENST00000647872.1	LINC02693	1149	0	0	-1	0	1.2000042e-06	0	1.2000044e-06
lncRNA	ENST00000647872.1	LINC02693	1150	0	0	-1	0	1.3787796e-05	0	1.3787798e-05
lncRNA	ENST00000647872.1	LINC02693	1151	0	0	-1	0	2.4755366e-07	0	2.475537e-07
lncRNA	ENST00000647872.1	LINC02693	1152	0	0	-1	0	2.0682237e-06	0	2.068224e-06
lncRNA	ENST00000647872.1	LINC02693	1153	0	0	-1	0	3.5672045e-05	0	3.567205e-05
lncRNA	ENST00000647872.1	LINC02693	1154	0	0	-1	0	3.6042404e-06	0	3.604241e-06
lncRNA	ENST00000647872.1	LINC02693	1155	0	0	-1	0	7.5429002e-06	0	7.5429014e-06
lncRNA	ENST00000647872.1	LINC02693	1156	0	0	-1	0	1.4519215e-05	0	1.4519218e-05
lncRNA	ENST00000647872.1	LINC02693	1157	0	0	-1	0	3.3456899e-06	0	3.3456905e-06
lncRNA	ENST00000647872.1	LINC02693	1158	0	0	-1	0	1.1240513e-06	0	1.1240515e-06
lncRNA	ENST00000647872.1	LINC02693	1159	0	0	-1	0	2.9634653e-05	0	2.9634658e-05
lncRNA	ENST00000647872.1	LINC02693	1160	0	0	-1	0	4.5637032e-07	0	4.5637039e-07
lncRNA	ENST00000647872.1	LINC02693	1161	0	0	-1	0	3.0567035e-06	0	3.0567039e-06
lncRNA	ENST00000647872.1	LINC02693	1162	0	0	-1	0	2.9309324e-05	0	2.9309328e-05
lncRNA	ENST00000647872.1	LINC02693	1163	0	0	-1	0	3.3660715e-05	0	3.3660721e-05
lncRNA	ENST00000647872.1	LINC02693	1164	0	0	-1	0	4.539084e-05	0	4.5390847e-05
lncRNA	ENST00000647872.1	LINC02693	1165	0	0	-1	0	1.2921203e-06	0	1.2921205e-06
lncRNA	ENST00000647872.1	LINC02693	1166	0	0	-1	0	3.2042945e-07	0	3.204295e-07
lncRNA	ENST00000647872.1	LINC02693	1167	0	0	-1	0	4.996491e-06	0	4.9964918e-06
lncRNA	ENST00000647872.1	LINC02693	1168	0	0	-1	0	2.2288978e-07	0	2.2288982e-07
lncRNA	ENST00000647872.1	LINC02693	1169	0	0	-1	0	2.9800049e-07	0	2.9800053e-07
lncRNA	ENST00000647872.1	LINC02693	1170	0	0	-1	0	8.7785284e-06	0	8.7785297e-06
lncRNA	ENST00000647872.1	LINC02693	1171	0	0	-1	0	4.7461722e-06	0	4.7461729e-06
lncRNA	ENST00000647872.1	LINC02693	1172	0	0	-1	0	9.0477477e-07	0	9.0477491e-07
lncRNA	ENST00000647872.1	LINC02693	1173	0	0	-1	0	8.2766076e-07	0	8.2766089e-07
lncRNA	ENST00000647872.1	LINC02693	1174	0	0	-1	0	1.5248439e-06	0	1.5248442e-06
lncRNA	ENST00000647872.1	LINC02693	1175	0	0	-1	0	1.323509e-06	0	1.3235092e-06
lncRNA	ENST00000647872.1	LINC02693	1176	0	0	-1	0	3.5880357e-06	0	3.5880363e-06
lncRNA	ENST00000647872.1	LINC02693	1177	0	0	-1	0	4.2365336e-06	0	4.2365343e-06
lncRNA	ENST00000647872.1	LINC02693	1178	0	0	-1	0	9.9335248e-06	0	9.9335263e-06
lncRNA	ENST00000647872.1	LINC02693	1179	0	0	-1	0	1.2885511e-05	0	1.2885513e-05
lncRNA	ENST00000647872.1	LINC02693	1180	0	0	-1	0	1.0088474e-05	0	1.0088475e-05
lncRNA	ENST00000647872.1	LINC02693	1181	0	0	-1	0	3.9705537e-07	0	3.9705544e-07
lncRNA	ENST00000647872.1	LINC02693	1182	0	0	-1	0	2.5433996e-05	0	2.5434e-05
lncRNA	ENST00000647872.1	LINC02693	1183	0	0	-1	0	8.3372748e-07	0	8.3372761e-07
lncRNA	ENST00000647872.1	LINC02693	1184	0	0	-1	0	9.0579142e-06	0	9.0579156e-06
lncRNA	ENST00000647872.1	LINC02693	1185	0	0	-1	0	4.8033371e-06	0	4.8033379e-06
lncRNA	ENST00000647872.1	LINC02693	1186	0	0	-1	0	4.836073e-06	0	4.8360738e-06
lncRNA	ENST00000647872.1	LINC02693	1187	0	0	-1	0	9.693852e-06	0	9.6938535e-06
lncRNA	ENST00000647872.1	LINC02693	1188	0	0	-1	0	4.9099353e-06	0	4.9099361e-06
lncRNA	ENST00000647872.1	LINC02693	1189	0	0	-1	0	1.1911951e-06	0	1.1911953e-06
lncRNA	ENST00000647872.1	LINC02693	1190	0	0	-1	0	6.3051007e-06	0	6.3051017e-06
lncRNA	ENST00000647872.1	LINC02693	1191	0	0	-1	0	4.6695768e-05	0	4.6695775e-05
lncRNA	ENST00000647872.1	LINC02693	1192	0	0	-1	0	0.00014915623	0	0.00014915625
lncRNA	ENST00000647872.1	LINC02693	1193	0	0	-1	0	8.9819323e-06	0	8.9819337e-06
lncRNA	ENST00000647872.1	LINC02693	1194	0	0	-1	8	5.6621251e-05	0.0031080031	5.662126e-05
lncRNA	ENST00000647872.1	LINC02693	1195	0	0	-1	0	3.4958241e-05	0	3.4958246e-05
lncRNA	ENST00000647872.1	LINC02693	1196	0	0	-1	0	1.2580405e-05	0	1.2580407e-05
lncRNA	ENST00000647872.1	LINC02693	1197	0	0	-1	0	1.5659571e-05	0	1.5659573e-05
lncRNA	ENST00000647872.1	LINC02693	1198	0	0	-1	0	3.0569745e-06	0	3.056975e-06
lncRNA	ENST00000647872.1	LINC02693	1199	0	0	-1	0	2.302451e-05	0	2.3024513e-05
lncRNA	ENST00000647872.1	LINC02693	1200	0	0	-1	0	2.6097106e-05	0	2.6097111e-05
lncRNA	ENST00000647872.1	LINC02693	1201	0	0	-1	0	5.1830671e-06	0	5.1830679e-06
lncRNA	ENST00000647872.1	LINC02693	1202	0	0	-1	0	7.849354e-06	0	7.8493552e-06
lncRNA	ENST00000647872.1	LINC02693	1203	0	0	-1	0	2.5756674e-06	0	2.5756678e-06
lncRNA	ENST00000647872.1	LINC02693	1204	0	0	-1	0	1.7816352e-06	0	1.7816355e-06
lncRNA	ENST00000647872.1	LINC02693	1205	0	0	-1	0	6.1455426e-06	0	6.1455435e-06
lncRNA	ENST00000647872.1	LINC02693	1206	0	0	-1	0	2.0343878e-05	0	2.0343881e-05
lncRNA	ENST00000647872.1	LINC02693	1207	0	0	-1	0	6.1002629e-05	0	6.1002639e-05
lncRNA	ENST00000647872.1	LINC02693	1208	0	0	-1	0	2.0052288e-05	0	2.0052291e-05
lncRNA	ENST00000647872.1	LINC02693	1209	0	0	-1	0	1.8661622e-06	0	1.8661625e-06
lncRNA	ENST00000647872.1	LINC02693	1210	0	0	-1	0	2.5931084e-07	0	2.5931088e-07
lncRNA	ENST00000647872.1	LINC02693	1211	0	0	-1	0	1.3452978e-06	0	1.3452981e-06
lncRNA	ENST00000647872.1	LINC02693	1212	0	0	-1	0	1.0444627e-06	0	1.0444629e-06
lncRNA	ENST00000647872.1	LINC02693	1213	0	0	-1	0	3.6815122e-06	0	3.6815128e-06
lncRNA	ENST00000647872.1	LINC02693	1214	0	0	-1	0	3.6981774e-06	0	3.6981779e-06
lncRNA	ENST00000647872.1	LINC02693	1215	0	0	-1	0	2.4502266e-05	0	2.450227e-05
lncRNA	ENST00000647872.1	LINC02693	1216	0	0	-1	0	0.00018108936	0	0.00018108939
lncRNA	ENST00000647872.1	LINC02693	1217	0	0	-1	0	4.8720972e-06	0	4.8720979e-06
lncRNA	ENST00000647872.1	LINC02693	1218	0	0	-1	0	4.1861185e-06	0	4.1861192e-06
lncRNA	ENST00000647872.1	LINC02693	1219	0	0	-1	0	5.8881024e-06	0	5.8881033e-06
lncRNA	ENST00000647872.1	LINC02693	1220	0	0	-1	0	3.069393e-06	0	3.0693934e-06
lncRNA	ENST00000647872.1	LINC02693	1221	0	0	-1	0	3.0979038e-06	0	3.0979043e-06
lncRNA	ENST00000647872.1	LINC02693	1222	0	0	-1	0	1.856665e-06	0	1.8566653e-06
lncRNA	ENST00000647872.1	LINC02693	1223	0	0	-1	0	1.0271453e-05	0	1.0271455e-05
lncRNA	ENST00000647872.1	LINC02693	1224	0	0	-1	0	3.1175682e-06	0	3.1175687e-06
lncRNA	ENST00000647872.1	LINC02693	1225	0	0	-1	0	1.8807376e-06	0	1.8807379e-06
lncRNA	ENST00000647872.1	LINC02693	1226	0	0	-1	0	1.0585987e-07	0	1.0585989e-07
lncRNA	ENST00000647872.1	LINC02693	1227	0	0	-1	0	3.0527765e-06	0	3.052777e-06
lncRNA	ENST00000647872.1	LINC02693	1228	0	0	-1	0	5.0902276e-05	0	5.0902284e-05
lncRNA	ENST00000647872.1	LINC02693	1229	0	0	-1	0	3.157512e-05	0	3.1575125e-05
lncRNA	ENST00000647872.1	LINC02693	1230	0	0	-1	0	7.3252763e-06	0	7.3252775e-06
lncRNA	ENST00000647872.1	LINC02693	1231	0	0	-1	0	3.4364916e-06	0	3.4364922e-06
lncRNA	ENST00000647872.1	LINC02693	1232	0	0	-1	0	1.2384574e-05	0	1.2384576e-05
lncRNA	ENST00000647872.1	LINC02693	1233	0	0	-1	0	3.2611879e-06	0	3.2611884e-06
lncRNA	ENST00000647872.1	LINC02693	1234	0	0	-1	0	1.512776e-07	0	1.5127763e-07
lncRNA	ENST00000647872.1	LINC02693	1235	0	0	-1	0	1.7300245e-06	0	1.7300247e-06
lncRNA	ENST00000647872.1	LINC02693	1236	0	0	-1	0	2.3642506e-06	0	2.3642509e-06
lncRNA	ENST00000647872.1	LINC02693	1237	0	0	-1	0	1.5477441e-05	0	1.5477443e-05
lncRNA	ENST00000647872.1	LINC02693	1238	0	0	-1	0	2.8789946e-05	0	2.878995e-05
lncRNA	ENST00000647872.1	LINC02693	1239	0	0	-1	0	1.5155385e-05	0	1.5155387e-05
lncRNA	ENST00000647872.1	LINC02693	1240	0	0	-1	0	9.8282226e-06	0	9.8282241e-06
lncRNA	ENST00000647872.1	LINC02693	1241	0	0	-1	0	7.7528994e-06	0	7.7529006e-06
lncRNA	ENST00000647872.1	LINC02693	1242	0	0	-1	0	1.8329267e-06	0	1.832927e-06
lncRNA	ENST00000647872.1	LINC02693	1243	0	0	-1	0	3.7496366e-06	0	3.7496372e-06
lncRNA	ENST00000647872.1	LINC02693	1244	0	0	-1	0	1.4977983e-06	0	1.4977985e-06
lncRNA	ENST00000647872.1	LINC02693	1245	0	0	-1	0	9.7070938e-07	0	9.7070953e-07
lncRNA	ENST00000647872.1	LINC02693	1246	0	0	-1	0	1.7370756e-06	0	1.7370759e-06
lncRNA	ENST00000647872.1	LINC02693	1247	0	0	-1	0	8.9155365e-06	0	8.9155379e-06
lncRNA	ENST00000647872.1	LINC02693	1248	0	0	-1	0	5.0012914e-06	0	5.0012921e-06
lncRNA	ENST00000647872.1	LINC02693	1249	0	0	-1	0	7.4373693e-06	0	7.4373704e-06
lncRNA	ENST00000647872.1	LINC02693	1250	0	0	-1	0	1.3488917e-05	0	1.3488919e-05
lncRNA	ENST00000647872.1	LINC02693	1251	0	0	-1	0	9.0489775e-06	0	9.0489789e-06
lncRNA	ENST00000647872.1	LINC02693	1252	0	0	-1	0	6.1269161e-06	0	6.1269171e-06
lncRNA	ENST00000647872.1	LINC02693	1253	0	0	-1	2	1.6534945e-05	0.00077700078	1.6534947e-05
lncRNA	ENST00000647872.1	LINC02693	1254	0	0	-1	0	4.5166038e-05	0	4.5166045e-05
lncRNA	ENST00000647872.1	LINC02693	1255	0	0	-1	0	2.2437867e-07	0	2.243787e-07
lncRNA	ENST00000647872.1	LINC02693	1256	0	0	-1	0	2.1225549e-06	0	2.1225552e-06
lncRNA	ENST00000647872.1	LINC02693	1257	0	0	-1	0	1.9573436e-05	0	1.9573439e-05
lncRNA	ENST00000647872.1	LINC02693	1258	0	0	-1	0	8.5769602e-07	0	8.5769616e-07
lncRNA	ENST00000647872.1	LINC02693	1259	0	0	-1	0	1.8526271e-06	0	1.8526274e-06
lncRNA	ENST00000647872.1	LINC02693	1260	0	0	-1	0	3.4347127e-06	0	3.4347132e-06
lncRNA	ENST00000647872.1	LINC02693	1261	0	0	-1	0	1.2080818e-05	0	1.208082e-05
lncRNA	ENST00000647872.1	LINC02693	1262	0	0	-1	0	1.9166207e-05	0	1.9166211e-05
lncRNA	ENST00000647872.1	LINC02693	1263	0	0	-1	0	9.8835324e-07	0	9.8835339e-07
lncRNA	ENST00000647872.1	LINC02693	1264	0	0	-1	0	1.2832076e-06	0	1.2832078e-06
lncRNA	ENST00000647872.1	LINC02693	1265	0	0	-1	0	1.3536709e-06	0	1.3536711e-06
lncRNA	ENST00000647872.1	LINC02693	1266	0	0	-1	0	3.8351081e-05	0	3.8351087e-05
lncRNA	ENST00000647872.1	LINC02693	1267	0	0	-1	0	9.5629321e-06	0	9.5629336e-06
lncRNA	ENST00000647872.1	LINC02693	1268	0	0	-1	0	4.8687903e-06	0	4.868791e-06
lncRNA	ENST00000647872.1	LINC02693	1269	0	0	-1	0	7.4278855e-06	0	7.4278867e-06
lncRNA	ENST00000647872.1	LINC02693	1270	0	0	-1	0	6.5489775e-07	0	6.5489785e-07
lncRNA	ENST00000647872.1	LINC02693	1271	0	0	-1	0	2.4241933e-06	0	2.4241937e-06
lncRNA	ENST00000647872.1	LINC02693	1272	0	0	-1	0	1.9287298e-05	0	1.9287301e-05
lncRNA	ENST00000647872.1	LINC02693	1273	0	0	-1	0	9.3893817e-07	0	9.3893832e-07
lncRNA	ENST00000647872.1	LINC02693	1274	0	0	-1	0	3.4199533e-07	0	3.4199539e-07
lncRNA	ENST00000647872.1	LINC02693	1275	0	0	-1	0	8.1297358e-06	0	8.129737e-06
lncRNA	ENST00000647872.1	LINC02693	1276	0	0	-1	0	6.9522198e-06	0	6.9522209e-06
lncRNA	ENST00000647872.1	LINC02693	1277	0	0	-1	0	1.5627615e-05	0	1.5627617e-05
lncRNA	ENST00000647872.1	LINC02693	1278	0	0	-1	0	1.5412528e-05	0	1.5412531e-05
lncRNA	ENST00000647872.1	LINC02693	1279	0	0	-1	0	3.418819e-05	0	3.4188195e-05
lncRNA	ENST00000647872.1	LINC02693	1280	0	0	-1	0	1.6987063e-06	0	1.6987066e-06
lncRNA	ENST00000647872.1	LINC02693	1281	0	0	-1	0	2.835437e-06	0	2.8354375e-06
lncRNA	ENST00000647872.1	LINC02693	1282	0	0	-1	0	7.1785666e-06	0	7.1785678e-06
lncRNA	ENST00000647872.1	LINC02693	1283	0	0	-1	0	6.5606861e-07	0	6.5606871e-07
lncRNA	ENST00000647872.1	LINC02693	1284	0	0	-1	0	2.1165677e-06	0	2.116568e-06
lncRNA	ENST00000647872.1	LINC02693	1285	0	0	-1	0	3.7255742e-07	0	3.7255748e-07
lncRNA	ENST00000647872.1	LINC02693	1286	0	0	-1	0	1.0474078e-05	0	1.047408e-05
lncRNA	ENST00000647872.1	LINC02693	1287	0	0	-1	0	5.4416955e-06	0	5.4416964e-06
lncRNA	ENST00000647872.1	LINC02693	1288	0	0	-1	0	1.2299762e-06	0	1.2299764e-06
lncRNA	ENST00000647872.1	LINC02693	1289	0	0	-1	0	1.6686266e-06	0	1.6686269e-06
lncRNA	ENST00000647872.1	LINC02693	1290	0	0	-1	0	4.704011e-05	0	4.7040117e-05
lncRNA	ENST00000647872.1	LINC02693	1291	0	0	-1	0	8.6298329e-05	0	8.6298342e-05
lncRNA	ENST00000647872.1	LINC02693	1292	0	0	-1	0	0.00017852275	0	0.00017852278
lncRNA	ENST00000647872.1	LINC02693	1293	0	0	-1	0	3.0150907e-06	0	3.0150911e-06
lncRNA	ENST00000647872.1	LINC02693	1294	0	0	-1	0	1.0812561e-05	0	1.0812562e-05
lncRNA	ENST00000647872.1	LINC02693	1295	0	0	-1	0	1.4127106e-06	0	1.4127108e-06
lncRNA	ENST00000647872.1	LINC02693	1296	0	0	-1	0	2.630481e-06	0	2.6304815e-06
lncRNA	ENST00000647872.1	LINC02693	1297	0	0	-1	0	3.5645705e-06	0	3.5645711e-06
lncRNA	ENST00000647872.1	LINC02693	1298	0	0	-1	0	4.4121307e-06	0	4.4121314e-06
lncRNA	ENST00000647872.1	LINC02693	1299	0	0	-1	0	8.1702098e-07	0	8.170211e-07
lncRNA	ENST00000647872.1	LINC02693	1300	0	0	-1	0	3.9586116e-06	0	3.9586122e-06
lncRNA	ENST00000647872.1	LINC02693	1301	0	0	-1	0	2.2611164e-06	0	2.2611167e-06
lncRNA	ENST00000647872.1	LINC02693	1302	0	0	-1	0	5.6442018e-06	0	5.6442027e-06
lncRNA	ENST00000647872.1	LINC02693	1303	0	0	-1	0	1.5940979e-05	0	1.5940982e-05
lncRNA	ENST00000647872.1	LINC02693	1304	0	0	-1	0	1.8309305e-07	0	1.8309308e-07
lncRNA	ENST00000647872.1	LINC02693	1305	0	0	-1	0	4.2733643e-07	0	4.273365e-07
lncRNA	ENST00000647872.1	LINC02693	1306	0	0	-1	0	2.7344799e-06	0	2.7344804e-06
lncRNA	ENST00000647872.1	LINC02693	1307	0	0	-1	0	9.0627273e-06	0	9.0627287e-06
lncRNA	ENST00000647872.1	LINC02693	1308	0	0	-1	0	1.3488551e-06	0	1.3488553e-06
lncRNA	ENST00000647872.1	LINC02693	1309	0	0	-1	0	7.8488974e-06	0	7.8488987e-06
lncRNA	ENST00000647872.1	LINC02693	1310	0	0	-1	0	4.3045588e-06	0	4.3045595e-06
lncRNA	ENST00000647872.1	LINC02693	1311	0	0	-1	0	7.4909809e-07	0	7.4909821e-07
lncRNA	ENST00000647872.1	LINC02693	1312	0	0	-1	0	9.2603653e-07	0	9.2603668e-07
lncRNA	ENST00000647872.1	LINC02693	1313	0	0	-1	0	1.0148897e-06	0	1.0148898e-06
lncRNA	ENST00000647872.1	LINC02693	1314	0	0	-1	0	2.3604059e-07	0	2.3604063e-07
lncRNA	ENST00000647872.1	LINC02693	1315	0	0	-1	0	1.751326e-06	0	1.7513262e-06
lncRNA	ENST00000647872.1	LINC02693	1316	0	0	-1	0	1.5007201e-07	0	1.5007204e-07
lncRNA	ENST00000647872.1	LINC02693	1317	0	0	-1	0	7.4245463e-07	0	7.4245475e-07
lncRNA	ENST00000647872.1	LINC02693	1318	0	0	-1	0	1.4386957e-06	0	1.4386959e-06
lncRNA	ENST00000647872.1	LINC02693	1319	0	0	-1	0	9.9941633e-07	0	9.9941649e-07
lncRNA	ENST00000647872.1	LINC02693	1320	0	0	-1	0	4.5081475e-07	0	4.5081482e-07
lncRNA	ENST00000647872.1	LINC02693	1321	0	0	-1	0	1.270748e-06	0	1.2707482e-06
lncRNA	ENST00000647872.1	LINC02693	1322	0	0	-1	0	9.3599232e-07	0	9.3599247e-07
lncRNA	ENST00000647872.1	LINC02693	1323	0	0	-1	0	1.6221943e-06	0	1.6221946e-06
lncRNA	ENST00000647872.1	LINC02693	1324	0	0	-1	0	2.0745392e-06	0	2.0745396e-06
lncRNA	ENST00000647872.1	LINC02693	1325	0	0	-1	0	7.171559e-08	0	7.1715601e-08
lncRNA	ENST00000647872.1	LINC02693	1326	0	0	-1	0	6.5002695e-07	0	6.5002705e-07
lncRNA	ENST00000647872.1	LINC02693	1327	0	0	-1	0	4.2398096e-07	0	4.2398103e-07
lncRNA	ENST00000647872.1	LINC02693	1328	0	0	-1	0	1.5387238e-07	0	1.538724e-07
lncRNA	ENST00000647872.1	LINC02693	1329	0	0	-1	0	1.3721004e-07	0	1.3721006e-07
lncRNA	ENST00000647872.1	LINC02693	1330	0	0	-1	0	4.4528118e-08	0	4.4528125e-08
lncRNA	ENST00000647872.1	LINC02693	1331	0	0	-1	0	3.1141346e-07	0	3.1141351e-07
lncRNA	ENST00000647872.1	LINC02693	1332	0	0	-1	0	7.5492221e-07	0	7.5492233e-07
lncRNA	ENST00000647872.1	LINC02693	1333	0	0	-1	0	3.9166143e-06	0	3.9166149e-06
lncRNA	ENST00000647872.1	LINC02693	1334	0	0	-1	0	4.0745108e-06	0	4.0745114e-06
lncRNA	ENST00000647872.1	LINC02693	1335	0	0	-1	0	1.7305847e-05	0	1.730585e-05
lncRNA	ENST00000647872.1	LINC02693	1336	0	0	-1	0	4.5708402e-06	0	4.570841e-06
lncRNA	ENST00000647872.1	LINC02693	1337	0	0	-1	0	4.2801514e-07	0	4.2801521e-07
lncRNA	ENST00000647872.1	LINC02693	1338	0	0	-1	0	1.1711581e-06	0	1.1711583e-06
lncRNA	ENST00000647872.1	LINC02693	1339	0	0	-1	0	1.5280654e-06	0	1.5280656e-06
lncRNA	ENST00000647872.1	LINC02693	1340	0	0	-1	0	2.1730245e-06	0	2.1730249e-06
lncRNA	ENST00000647872.1	LINC02693	1341	0	0	-1	0	5.2428908e-07	0	5.2428916e-07
lncRNA	ENST00000647872.1	LINC02693	1342	0	0	-1	0	7.2666035e-07	0	7.2666046e-07
lncRNA	ENST00000647872.1	LINC02693	1343	0	0	-1	0	7.6366149e-07	0	7.6366161e-07
lncRNA	ENST00000647872.1	LINC02693	1344	0	0	-1	0	9.7440314e-08	0	9.7440329e-08
lncRNA	ENST00000647872.1	LINC02693	1345	0	0	-1	0	5.6388831e-07	0	5.638884e-07
lncRNA	ENST00000647872.1	LINC02693	1346	0	0	-1	0	8.879461e-07	0	8.8794624e-07
lncRNA	ENST00000647872.1	LINC02693	1347	0	0	-1	0	9.4189238e-07	0	9.4189253e-07
lncRNA	ENST00000647872.1	LINC02693	1348	0	0	-1	0	6.8467824e-07	0	6.8467835e-07
lncRNA	ENST00000647872.1	LINC02693	1349	0	0	-1	0	5.1790749e-08	0	5.1790758e-08
lncRNA	ENST00000647872.1	LINC02693	1350	0	0	-1	0	1.8429007e-07	0	1.842901e-07
lncRNA	ENST00000647872.1	LINC02693	1351	0	0	-1	0	5.0165272e-07	0	5.016528e-07
lncRNA	ENST00000647872.1	LINC02693	1352	0	0	-1	0	7.1815236e-08	0	7.1815248e-08
lncRNA	ENST00000647872.1	LINC02693	1353	0	0	-1	0	3.4287659e-08	0	3.4287664e-08
lncRNA	ENST00000647872.1	LINC02693	1354	0	0	-1	0	1.7912004e-07	0	1.7912006e-07
lncRNA	ENST00000647872.1	LINC02693	1355	0	0	-1	0	6.6314691e-08	0	6.6314701e-08
lncRNA	ENST00000647872.1	LINC02693	1356	0	0	-1	0	1.2025058e-07	0	1.2025059e-07
lncRNA	ENST00000647872.1	LINC02693	1357	0	0	-1	0	1.9723455e-05	0	1.9723458e-05
lncRNA	ENST00000647872.1	LINC02693	1358	0	0	-1	0	2.9387256e-06	0	2.9387261e-06
lncRNA	ENST00000647872.1	LINC02693	1359	0	0	-1	0	1.4026468e-05	0	1.4026471e-05
lncRNA	ENST00000647872.1	LINC02693	1360	0	0	-1	0	1.0342342e-07	0	1.0342343e-07
lncRNA	ENST00000647872.1	LINC02693	1361	0	0	-1	0	2.160047e-06	0	2.1600473e-06
lncRNA	ENST00000647872.1	LINC02693	1362	0	0	-1	0	1.8887948e-05	0	1.8887951e-05
lncRNA	ENST00000647872.1	LINC02693	1363	0	0	-1	0	2.7142341e-05	0	2.7142346e-05
lncRNA	ENST00000647872.1	LINC02693	1364	0	0	-1	0	1.050248e-06	0	1.0502482e-06
lncRNA	ENST00000647872.1	LINC02693	1365	0	0	-1	0	5.1775214e-07	0	5.1775222e-07
lncRNA	ENST00000647872.1	LINC02693	1366	0	0	-1	0	2.3008332e-07	0	2.3008335e-07
lncRNA	ENST00000647872.1	LINC02693	1367	0	0	-1	0	1.2986882e-07	0	1.2986884e-07
lncRNA	ENST00000647872.1	LINC02693	1368	0	0	-1	0	6.8762247e-08	0	6.8762258e-08
lncRNA	ENST00000647872.1	LINC02693	1369	0	0	-1	0	8.3393461e-06	0	8.3393474e-06
lncRNA	ENST00000647872.1	LINC02693	1370	0	0	-1	0	1.3749795e-07	0	1.3749797e-07
lncRNA	ENST00000647872.1	LINC02693	1371	0	0	-1	0	5.9429149e-06	0	5.9429158e-06
lncRNA	ENST00000647872.1	LINC02693	1372	0	0	-1	0	0.00070297514	0	0.00070297525
lncRNA	ENST00000647872.1	LINC02693	1373	0	0	-1	0	1.6679798e-05	0	1.6679801e-05
lncRNA	ENST00000647872.1	LINC02693	1374	0	0	-1	0	1.6939115e-06	0	1.6939118e-06
lncRNA	ENST00000647872.1	LINC02693	1375	0	0	-1	0	5.3469142e-07	0	5.3469151e-07
lncRNA	ENST00000647872.1	LINC02693	1376	0	0	-1	0	1.1082393e-06	0	1.1082395e-06
lncRNA	ENST00000647872.1	LINC02693	1377	0	0	-1	0	2.063694e-06	0	2.0636943e-06
lncRNA	ENST00000647872.1	LINC02693	1378	0	0	-1	0	1.1039477e-05	0	1.1039478e-05
lncRNA	ENST00000647872.1	LINC02693	1379	0	0	-1	0	2.7668236e-06	0	2.7668241e-06
lncRNA	ENST00000647872.1	LINC02693	1380	0	0	-1	0	9.9610884e-07	0	9.9610899e-07
lncRNA	ENST00000647872.1	LINC02693	1381	0	0	-1	0	1.0949884e-06	0	1.0949886e-06
lncRNA	ENST00000647872.1	LINC02693	1382	0	0	-1	0	3.8639044e-07	0	3.863905e-07
lncRNA	ENST00000647872.1	LINC02693	1383	0	0	-1	0	2.0631263e-07	0	2.0631267e-07
lncRNA	ENST00000647872.1	LINC02693	1384	0	0	-1	0	5.1849281e-07	0	5.1849289e-07
lncRNA	ENST00000647872.1	LINC02693	1385	0	0	-1	0	2.0324968e-07	0	2.0324972e-07
lncRNA	ENST00000647872.1	LINC02693	1386	0	0	-1	0	5.0211366e-07	0	5.0211374e-07
lncRNA	ENST00000647872.1	LINC02693	1387	0	0	-1	0	2.1421144e-07	0	2.1421147e-07
lncRNA	ENST00000647872.1	LINC02693	1388	0	0	-1	0	7.8916463e-07	0	7.8916475e-07
lncRNA	ENST00000647872.1	LINC02693	1389	0	0	-1	0	4.0917726e-06	0	4.0917732e-06
lncRNA	ENST00000647872.1	LINC02693	1390	0	0	-1	0	1.508655e-06	0	1.5086553e-06
lncRNA	ENST00000647872.1	LINC02693	1391	0	0	-1	0	8.8041531e-07	0	8.8041545e-07
lncRNA	ENST00000647872.1	LINC02693	1392	0	0	-1	0	5.2538519e-07	0	5.2538527e-07
lncRNA	ENST00000647872.1	LINC02693	1393	0	0	-1	0	9.8569501e-07	0	9.8569517e-07
lncRNA	ENST00000647872.1	LINC02693	1394	0	0	-1	0	2.377576e-07	0	2.3775764e-07
lncRNA	ENST00000647872.1	LINC02693	1395	0	0	-1	0	1.7247235e-06	0	1.7247237e-06
lncRNA	ENST00000647872.1	LINC02693	1396	0	0	-1	0	4.3993759e-07	0	4.3993766e-07
lncRNA	ENST00000647872.1	LINC02693	1397	0	0	-1	0	2.3911764e-07	0	2.3911768e-07
lncRNA	ENST00000647872.1	LINC02693	1398	0	0	-1	0	6.9278171e-06	0	6.9278182e-06
lncRNA	ENST00000647872.1	LINC02693	1399	0	0	-1	0	5.8548471e-06	0	5.8548481e-06
lncRNA	ENST00000647872.1	LINC02693	1400	0	0	-1	0	9.4213505e-07	0	9.4213519e-07
lncRNA	ENST00000647872.1	LINC02693	1401	0	0	-1	0	3.8804148e-05	0	3.8804154e-05
lncRNA	ENST00000647872.1	LINC02693	1402	0	0	-1	0	1.331203e-06	0	1.3312032e-06
lncRNA	ENST00000647872.1	LINC02693	1403	0	0	-1	0	2.5932121e-07	0	2.5932125e-07
lncRNA	ENST00000647872.1	LINC02693	1404	0	0	-1	0	1.6332242e-05	0	1.6332245e-05
lncRNA	ENST00000647872.1	LINC02693	1405	0	0	-1	0	3.8883404e-06	0	3.888341e-06
lncRNA	ENST00000647872.1	LINC02693	1406	0	0	-1	0	2.0061334e-07	0	2.0061337e-07
lncRNA	ENST00000647872.1	LINC02693	1407	0	0	-1	0	4.0608948e-06	0	4.0608954e-06
lncRNA	ENST00000647872.1	LINC02693	1408	0	0	-1	0	7.5709713e-06	0	7.5709725e-06
lncRNA	ENST00000647872.1	LINC02693	1409	0	0	-1	0	6.0523573e-05	0	6.0523582e-05
lncRNA	ENST00000647872.1	LINC02693	1410	0	0	-1	0	2.9811619e-05	0	2.9811624e-05
lncRNA	ENST00000647872.1	LINC02693	1411	0	0	-1	0	4.7638309e-06	0	4.7638317e-06
lncRNA	ENST00000647872.1	LINC02693	1412	0	0	-1	0	4.3449904e-06	0	4.3449911e-06
lncRNA	ENST00000647872.1	LINC02693	1413	0	0	-1	0	9.8523822e-07	0	9.8523837e-07
lncRNA	ENST00000647872.1	LINC02693	1414	0	0	-1	0	3.4911877e-06	0	3.4911883e-06
lncRNA	ENST00000647872.1	LINC02693	1415	0	0	-1	0	5.379685e-07	0	5.3796859e-07
lncRNA	ENST00000647872.1	LINC02693	1416	0	0	-1	0	4.8919108e-05	0	4.8919116e-05
lncRNA	ENST00000647872.1	LINC02693	1417	0	0	-1	0	1.4493601e-06	0	1.4493603e-06
lncRNA	ENST00000647872.1	LINC02693	1418	0	0	-1	0	3.2583123e-06	0	3.2583128e-06
lncRNA	ENST00000647872.1	LINC02693	1419	0	0	-1	0	3.4248083e-06	0	3.4248088e-06
lncRNA	ENST00000647872.1	LINC02693	1420	0	0	-1	0	4.1853878e-06	0	4.1853884e-06
lncRNA	ENST00000647872.1	LINC02693	1421	0	0	-1	0	5.8151407e-05	0	5.8151416e-05
lncRNA	ENST00000647872.1	LINC02693	1422	0	0	-1	0	1.5225878e-05	0	1.522588e-05
lncRNA	ENST00000647872.1	LINC02693	1423	0	0	-1	0	1.609324e-05	0	1.6093242e-05
lncRNA	ENST00000647872.1	LINC02693	1424	0	0	-1	0	3.9490737e-07	0	3.9490744e-07
lncRNA	ENST00000647872.1	LINC02693	1425	0	0	-1	0	3.0222373e-05	0	3.0222377e-05
lncRNA	ENST00000647872.1	LINC02693	1426	0	0	-1	0	7.4794174e-05	0	7.4794186e-05
lncRNA	ENST00000647872.1	LINC02693	1427	0	0	-1	0	7.8756017e-07	0	7.8756029e-07
lncRNA	ENST00000647872.1	LINC02693	1428	0	0	-1	0	4.2194839e-05	0	4.2194846e-05
lncRNA	ENST00000647872.1	LINC02693	1429	0	0	-1	0	3.6413512e-05	0	3.6413518e-05
lncRNA	ENST00000647872.1	LINC02693	1430	0	0	-1	0	1.1541469e-05	0	1.154147e-05
lncRNA	ENST00000647872.1	LINC02693	1431	0	0	-1	0	3.1941606e-06	0	3.1941611e-06
lncRNA	ENST00000647872.1	LINC02693	1432	0	0	-1	0	2.0489997e-06	0	2.049e-06
lncRNA	ENST00000647872.1	LINC02693	1433	0	0	-1	0	0.00023028957	0	0.00023028961
lncRNA	ENST00000647872.1	LINC02693	1434	0	0	-1	0	6.7451697e-06	0	6.7451707e-06
lncRNA	ENST00000647872.1	LINC02693	1435	0	0	-1	0	1.8793428e-06	0	1.8793431e-06
lncRNA	ENST00000647872.1	LINC02693	1436	0	0	-1	0	3.7678858e-06	0	3.7678864e-06
lncRNA	ENST00000647872.1	LINC02693	1437	0	0	-1	0	7.9553312e-05	0	7.9553325e-05
lncRNA	ENST00000647872.1	LINC02693	1438	0	0	-1	0	2.3362261e-05	0	2.3362265e-05
lncRNA	ENST00000647872.1	LINC02693	1439	0	0	-1	0	4.8014776e-06	0	4.8014784e-06
lncRNA	ENST00000647872.1	LINC02693	1440	0	0	-1	0	2.2884931e-05	0	2.2884935e-05
lncRNA	ENST00000647872.1	LINC02693	1441	0	0	-1	0	1.285577e-05	0	1.2855772e-05
lncRNA	ENST00000647872.1	LINC02693	1442	0	0	-1	0	7.2559322e-07	0	7.2559334e-07
lncRNA	ENST00000647872.1	LINC02693	1443	0	0	-1	0	1.1321729e-06	0	1.1321731e-06
lncRNA	ENST00000647872.1	LINC02693	1444	0	0	-1	0	2.98796e-06	0	2.9879605e-06
lncRNA	ENST00000647872.1	LINC02693	1445	0	0	-1	0	6.4548622e-06	0	6.4548632e-06
lncRNA	ENST00000647872.1	LINC02693	1446	0	0	-1	0	1.216082e-05	0	1.2160822e-05
lncRNA	ENST00000647872.1	LINC02693	1447	0	0	-1	0	2.403528e-06	0	2.4035284e-06
lncRNA	ENST00000647872.1	LINC02693	1448	0	0	-1	0	1.2822069e-06	0	1.2822071e-06
lncRNA	ENST00000647872.1	LINC02693	1449	0	0	-1	0	2.5544574e-07	0	2.5544578e-07
lncRNA	ENST00000647872.1	LINC02693	1450	0	0	-1	0	7.0194437e-07	0	7.0194448e-07
lncRNA	ENST00000647872.1	LINC02693	1451	0	0	-1	0	1.8139339e-06	0	1.8139341e-06
lncRNA	ENST00000647872.1	LINC02693	1452	0	0	-1	0	1.1413965e-06	0	1.1413967e-06
lncRNA	ENST00000647872.1	LINC02693	1453	0	0	-1	0	5.8895034e-07	0	5.8895044e-07
lncRNA	ENST00000647872.1	LINC02693	1454	0	0	-1	0	2.8570162e-06	0	2.8570166e-06
lncRNA	ENST00000647872.1	LINC02693	1455	0	0	-1	0	1.1191769e-06	0	1.1191771e-06
lncRNA	ENST00000647872.1	LINC02693	1456	0	0	-1	0	6.065664e-07	0	6.065665e-07
lncRNA	ENST00000647872.1	LINC02693	1457	0	0	-1	0	2.7060678e-06	0	2.7060682e-06
lncRNA	ENST00000647872.1	LINC02693	1458	0	0	-1	0	2.2228705e-06	0	2.2228709e-06
lncRNA	ENST00000647872.1	LINC02693	1459	0	0	-1	0	4.3147929e-06	0	4.3147936e-06
lncRNA	ENST00000647872.1	LINC02693	1460	0	0	-1	0	4.7550049e-07	0	4.7550056e-07
lncRNA	ENST00000647872.1	LINC02693	1461	0	0	-1	0	2.8922766e-06	0	2.8922771e-06
lncRNA	ENST00000647872.1	LINC02693	1462	0	0	-1	0	1.85678e-06	0	1.8567803e-06
lncRNA	ENST00000647872.1	LINC02693	1463	0	0	-1	0	2.6190664e-08	0	2.6190668e-08
lncRNA	ENST00000647872.1	LINC02693	1464	0	0	-1	0	2.7307585e-06	0	2.730759e-06
lncRNA	ENST00000647872.1	LINC02693	1465	0	0	-1	0	1.5927742e-05	0	1.5927745e-05
lncRNA	ENST00000647872.1	LINC02693	1466	0	0	-1	0	2.7659928e-06	0	2.7659932e-06
lncRNA	ENST00000647872.1	LINC02693	1467	0	0	-1	0	1.9258009e-06	0	1.9258012e-06
lncRNA	ENST00000647872.1	LINC02693	1468	0	0	-1	0	1.1592553e-05	0	1.1592555e-05
lncRNA	ENST00000647872.1	LINC02693	1469	0	0	-1	0	2.2431767e-07	0	2.2431771e-07
lncRNA	ENST00000647872.1	LINC02693	1470	0	0	-1	0	6.5625477e-06	0	6.5625487e-06
lncRNA	ENST00000647872.1	LINC02693	1471	0	0	-1	0	5.7272487e-06	0	5.7272496e-06
lncRNA	ENST00000647872.1	LINC02693	1472	0	0	-1	0	1.0230563e-06	0	1.0230564e-06
lncRNA	ENST00000647872.1	LINC02693	1473	0	0	-1	0	3.5004544e-07	0	3.5004549e-07
lncRNA	ENST00000647872.1	LINC02693	1474	0	0	-1	0	4.1788908e-06	0	4.1788914e-06
lncRNA	ENST00000647872.1	LINC02693	1475	0	0	-1	0	2.0400266e-06	0	2.040027e-06
lncRNA	ENST00000647872.1	LINC02693	1476	0	0	-1	0	1.6682669e-06	0	1.6682672e-06
lncRNA	ENST00000647872.1	LINC02693	1477	0	0	-1	0	2.4759818e-06	0	2.4759822e-06
lncRNA	ENST00000647872.1	LINC02693	1478	0	0	-1	0	1.193582e-06	0	1.1935822e-06
lncRNA	ENST00000647872.1	LINC02693	1479	0	0	-1	0	7.1263469e-07	0	7.126348e-07
lncRNA	ENST00000647872.1	LINC02693	1480	0	0	-1	0	1.8829765e-05	0	1.8829768e-05
lncRNA	ENST00000647872.1	LINC02693	1481	0	0	-1	0	1.6192483e-06	0	1.6192486e-06
lncRNA	ENST00000647872.1	LINC02693	1482	0	0	-1	0	2.8307682e-06	0	2.8307686e-06
lncRNA	ENST00000647872.1	LINC02693	1483	0	0	-1	0	3.2379362e-06	0	3.2379367e-06
lncRNA	ENST00000647872.1	LINC02693	1484	0	0	-1	0	3.5649921e-06	0	3.5649926e-06
lncRNA	ENST00000647872.1	LINC02693	1485	0	0	-1	0	8.6723213e-07	0	8.6723227e-07
lncRNA	ENST00000647872.1	LINC02693	1486	0	0	-1	0	3.9663002e-05	0	3.9663008e-05
lncRNA	ENST00000647872.1	LINC02693	1487	0	0	-1	0	4.0648542e-06	0	4.0648549e-06
lncRNA	ENST00000647872.1	LINC02693	1488	0	0	-1	0	2.5744173e-06	0	2.5744177e-06
lncRNA	ENST00000647872.1	LINC02693	1489	0	0	-1	0	5.4210308e-05	0	5.4210317e-05
lncRNA	ENST00000647872.1	LINC02693	1490	0	0	-1	0	3.1688412e-06	0	3.1688417e-06
lncRNA	ENST00000647872.1	LINC02693	1491	0	0	-1	0	9.4553599e-08	0	9.4553614e-08
lncRNA	ENST00000647872.1	LINC02693	1492	0	0	-1	0	3.1997686e-07	0	3.1997691e-07
lncRNA	ENST00000647872.1	LINC02693	1493	0	0	-1	0	1.3888159e-05	0	1.3888161e-05
lncRNA	ENST00000647872.1	LINC02693	1494	0	0	-1	0	8.1089871e-07	0	8.1089884e-07
lncRNA	ENST00000647872.1	LINC02693	1495	0	0	-1	0	1.2601144e-05	0	1.2601146e-05
lncRNA	ENST00000647872.1	LINC02693	1496	0	0	-1	0	6.3984698e-06	0	6.3984709e-06
lncRNA	ENST00000647872.1	LINC02693	1497	0	0	-1	0	7.3294627e-06	0	7.3294639e-06
lncRNA	ENST00000647872.1	LINC02693	1498	0	0	-1	0	4.4845547e-07	0	4.4845554e-07
lncRNA	ENST00000647872.1	LINC02693	1499	0	0	-1	0	2.8786701e-07	0	2.8786706e-07
lncRNA	ENST00000647872.1	LINC02693	1500	0	0	-1	0	5.0885455e-06	0	5.0885464e-06
lncRNA	ENST00000647872.1	LINC02693	1501	0	0	-1	0	1.6604387e-06	0	1.6604389e-06
lncRNA	ENST00000647872.1	LINC02693	1502	0	0	-1	0	2.2265322e-06	0	2.2265325e-06
lncRNA	ENST00000647872.1	LINC02693	1503	0	0	-1	0	3.4205863e-07	0	3.4205868e-07
lncRNA	ENST00000647872.1	LINC02693	1504	0	0	-1	0	8.6707878e-06	0	8.6707892e-06
lncRNA	ENST00000647872.1	LINC02693	1505	0	0	-1	0	0.00036334823	0	0.00036334828
lncRNA	ENST00000647872.1	LINC02693	1506	0	0	-1	0	0.0003998123	0	0.00039981236
lncRNA	ENST00000647872.1	LINC02693	1507	0	0	-1	0	0.00025001989	0	0.00025001993
lncRNA	ENST00000647872.1	LINC02693	1508	0	0	-1	0	1.6529269e-05	0	1.6529272e-05
lncRNA	ENST00000647872.1	LINC02693	1509	0	0	-1	0	3.2765398e-05	0	3.2765403e-05
lncRNA	ENST00000647872.1	LINC02693	1510	0	0	-1	0	1.8091803e-05	0	1.8091806e-05
lncRNA	ENST00000647872.1	LINC02693	1511	0	0	-1	0	1.4166832e-05	0	1.4166835e-05
lncRNA	ENST00000647872.1	LINC02693	1512	0	0	-1	0	6.0896455e-06	0	6.0896464e-06
lncRNA	ENST00000647872.1	LINC02693	1513	0	0	-1	0	0.00073266152	0	0.00073266163
lncRNA	ENST00000647872.1	LINC02693	1514	0	0	-1	0	0.00012558872	0	0.00012558874
lncRNA	ENST00000647872.1	LINC02693	1515	0	0	-1	0	5.491404e-06	0	5.4914048e-06
lncRNA	ENST00000647872.1	LINC02693	1516	0	0	-1	0	8.3945349e-07	0	8.3945362e-07
lncRNA	ENST00000647872.1	LINC02693	1517	0	0	-1	0	1.2905377e-06	0	1.2905379e-06
lncRNA	ENST00000647872.1	LINC02693	1518	0	0	-1	0	3.5683797e-06	0	3.5683803e-06
lncRNA	ENST00000647872.1	LINC02693	1519	0	0	-1	0	2.8077375e-06	0	2.8077379e-06
lncRNA	ENST00000647872.1	LINC02693	1520	0	0	-1	0	4.5823822e-07	0	4.5823829e-07
lncRNA	ENST00000647872.1	LINC02693	1521	0	0	-1	0	2.5086237e-07	0	2.5086241e-07
lncRNA	ENST00000647872.1	LINC02693	1522	0	0	-1	0	4.2376388e-07	0	4.2376395e-07
lncRNA	ENST00000647872.1	LINC02693	1523	0	0	-1	0	2.0812411e-06	0	2.0812414e-06
lncRNA	ENST00000647872.1	LINC02693	1524	0	0	-1	0	1.2786759e-05	0	1.2786761e-05
lncRNA	ENST00000647872.1	LINC02693	1525	0	0	-1	0	7.2517373e-06	0	7.2517385e-06
lncRNA	ENST00000647872.1	LINC02693	1526	0	0	-1	0	1.0782976e-05	0	1.0782977e-05
lncRNA	ENST00000647872.1	LINC02693	1527	0	0	-1	0	1.8038154e-05	0	1.8038157e-05
lncRNA	ENST00000647872.1	LINC02693	1528	0	0	-1	0	2.1722072e-07	0	2.1722075e-07
lncRNA	ENST00000647872.1	LINC02693	1529	0	0	-1	0	1.332451e-05	0	1.3324512e-05
lncRNA	ENST00000647872.1	LINC02693	1530	0	0	-1	0	3.1550047e-05	0	3.1550052e-05
lncRNA	ENST00000647872.1	LINC02693	1531	0	0	-1	0	2.4805101e-06	0	2.4805105e-06
lncRNA	ENST00000647872.1	LINC02693	1532	0	0	-1	0	9.8946848e-06	0	9.8946864e-06
lncRNA	ENST00000647872.1	LINC02693	1533	0	0	-1	0	2.1618316e-06	0	2.161832e-06
lncRNA	ENST00000647872.1	LINC02693	1534	0	0	-1	0	1.1565758e-06	0	1.1565759e-06
lncRNA	ENST00000647872.1	LINC02693	1535	0	0	-1	0	1.5370695e-05	0	1.5370698e-05
lncRNA	ENST00000647872.1	LINC02693	1536	0	0	-1	0	6.8188051e-06	0	6.8188062e-06
lncRNA	ENST00000647872.1	LINC02693	1537	0	0	-1	0	2.3463161e-05	0	2.3463164e-05
lncRNA	ENST00000647872.1	LINC02693	1538	0	0	-1	0	6.0070183e-06	0	6.0070193e-06
lncRNA	ENST00000647872.1	LINC02693	1539	0	0	-1	0	2.0219468e-05	0	2.0219471e-05
lncRNA	ENST00000647872.1	LINC02693	1540	0	0	-1	0	5.3857966e-06	0	5.3857975e-06
lncRNA	ENST00000647872.1	LINC02693	1541	0	0	-1	0	2.8419777e-06	0	2.8419781e-06
lncRNA	ENST00000647872.1	LINC02693	1542	0	0	-1	0	1.1757435e-05	0	1.1757437e-05
lncRNA	ENST00000647872.1	LINC02693	1543	0	0	-1	0	6.0325567e-07	0	6.0325577e-07
lncRNA	ENST00000647872.1	LINC02693	1544	0	0	-1	0	3.8300201e-05	0	3.8300207e-05
lncRNA	ENST00000647872.1	LINC02693	1545	0	0	-1	0	5.0907638e-06	0	5.0907646e-06
lncRNA	ENST00000647872.1	LINC02693	1546	0	0	-1	0	2.3406874e-06	0	2.3406878e-06
lncRNA	ENST00000647872.1	LINC02693	1547	0	0	-1	0	1.5745271e-05	0	1.5745273e-05
lncRNA	ENST00000647872.1	LINC02693	1548	0	0	-1	0	3.5068366e-05	0	3.5068371e-05
lncRNA	ENST00000647872.1	LINC02693	1549	0	0	-1	0	2.5248451e-06	0	2.5248455e-06
lncRNA	ENST00000647872.1	LINC02693	1550	0	0	-1	0	5.7622019e-06	0	5.7622028e-06
lncRNA	ENST00000647872.1	LINC02693	1551	0	0	-1	0	5.2191572e-06	0	5.219158e-06
lncRNA	ENST00000647872.1	LINC02693	1552	0	0	-1	0	5.381843e-06	0	5.3818439e-06
lncRNA	ENST00000647872.1	LINC02693	1553	0	0	-1	0	5.4418047e-06	0	5.4418055e-06
lncRNA	ENST00000647872.1	LINC02693	1554	0	0	-1	0	1.5835573e-06	0	1.5835575e-06
lncRNA	ENST00000647872.1	LINC02693	1555	0	0	-1	0	1.8613224e-06	0	1.8613227e-06
lncRNA	ENST00000647872.1	LINC02693	1556	0	0	-1	0	1.2653359e-05	0	1.2653361e-05
lncRNA	ENST00000647872.1	LINC02693	1557	0	0	-1	0	1.2252575e-05	0	1.2252577e-05
lncRNA	ENST00000647872.1	LINC02693	1558	0	0	-1	0	2.5284305e-06	0	2.5284309e-06
lncRNA	ENST00000647872.1	LINC02693	1559	0	0	-1	0	4.9514747e-06	0	4.9514755e-06
lncRNA	ENST00000647872.1	LINC02693	1560	0	0	-1	0	4.7785825e-06	0	4.7785832e-06
lncRNA	ENST00000647872.1	LINC02693	1561	0	0	-1	0	2.8156947e-07	0	2.8156951e-07
lncRNA	ENST00000647872.1	LINC02693	1562	0	0	-1	0	9.0367615e-07	0	9.0367629e-07
lncRNA	ENST00000647872.1	LINC02693	1563	0	0	-1	0	4.0264804e-06	0	4.026481e-06
lncRNA	ENST00000647872.1	LINC02693	1564	0	0	-1	0	3.1845082e-07	0	3.1845087e-07
lncRNA	ENST00000647872.1	LINC02693	1565	0	0	-1	0	6.7238338e-06	0	6.7238349e-06
lncRNA	ENST00000647872.1	LINC02693	1566	0	0	-1	0	1.4652809e-05	0	1.4652811e-05
lncRNA	ENST00000647872.1	LINC02693	1567	0	0	-1	0	2.2258318e-06	0	2.2258322e-06
lncRNA	ENST00000647872.1	LINC02693	1568	0	0	-1	0	1.765603e-05	0	1.7656033e-05
lncRNA	ENST00000647872.1	LINC02693	1569	0	0	-1	0	1.1077337e-05	0	1.1077339e-05
lncRNA	ENST00000647872.1	LINC02693	1570	0	0	-1	0	1.0450187e-06	0	1.0450189e-06
lncRNA	ENST00000647872.1	LINC02693	1571	0	0	-1	0	1.2995264e-06	0	1.2995266e-06
lncRNA	ENST00000647872.1	LINC02693	1572	0	0	-1	0	1.821551e-06	0	1.8215513e-06
lncRNA	ENST00000647872.1	LINC02693	1573	0	0	-1	0	7.1442405e-06	0	7.1442416e-06
lncRNA	ENST00000647872.1	LINC02693	1574	0	0	-1	0	1.8520024e-05	0	1.8520027e-05
lncRNA	ENST00000647872.1	LINC02693	1575	0	0	-1	0	1.0192121e-05	0	1.0192123e-05
lncRNA	ENST00000647872.1	LINC02693	1576	0	0	-1	0	5.3094601e-07	0	5.3094609e-07
lncRNA	ENST00000647872.1	LINC02693	1577	0	0	-1	0	2.3771479e-05	0	2.3771483e-05
lncRNA	ENST00000647872.1	LINC02693	1578	0	0	-1	0	6.4019463e-05	0	6.4019473e-05
lncRNA	ENST00000647872.1	LINC02693	1579	0	0	-1	0	6.5970098e-06	0	6.5970109e-06
lncRNA	ENST00000647872.1	LINC02693	1580	0	0	-1	0	5.3754316e-06	0	5.3754324e-06
lncRNA	ENST00000647872.1	LINC02693	1581	0	0	-1	0	1.0015646e-05	0	1.0015647e-05
lncRNA	ENST00000647872.1	LINC02693	1582	0	0	-1	0	9.9351928e-06	0	9.9351944e-06
lncRNA	ENST00000647872.1	LINC02693	1583	0	0	-1	0	2.3653467e-06	0	2.3653471e-06
lncRNA	ENST00000647872.1	LINC02693	1584	0	0	-1	0	9.6450703e-06	0	9.6450719e-06
lncRNA	ENST00000647872.1	LINC02693	1585	0	0	-1	0	3.0282802e-06	0	3.0282806e-06
lncRNA	ENST00000647872.1	LINC02693	1586	0	0	-1	0	1.5601347e-05	0	1.5601349e-05
lncRNA	ENST00000647872.1	LINC02693	1587	0	0	-1	0	0.0001313658	0	0.00013136582
lncRNA	ENST00000647872.1	LINC02693	1588	0	0	-1	0	1.2888048e-06	0	1.288805e-06
lncRNA	ENST00000647872.1	LINC02693	1589	0	0	-1	0	1.1666634e-06	0	1.1666636e-06
lncRNA	ENST00000647872.1	LINC02693	1590	0	0	-1	0	6.8183235e-06	0	6.8183246e-06
lncRNA	ENST00000647872.1	LINC02693	1591	0	0	-1	0	1.7281685e-05	0	1.7281688e-05
lncRNA	ENST00000647872.1	LINC02693	1592	0	0	-1	0	8.187515e-06	0	8.1875163e-06
lncRNA	ENST00000647872.1	LINC02693	1593	0	0	-1	0	1.9206013e-06	0	1.9206016e-06
lncRNA	ENST00000647872.1	LINC02693	1594	0	0	-1	0	8.0773657e-07	0	8.077367e-07
lncRNA	ENST00000647872.1	LINC02693	1595	0	0	-1	0	1.327315e-06	0	1.3273152e-06
lncRNA	ENST00000647872.1	LINC02693	1596	0	0	-1	0	3.4669853e-07	0	3.4669858e-07
lncRNA	ENST00000647872.1	LINC02693	1597	0	0	-1	0	3.5712942e-06	0	3.5712948e-06
lncRNA	ENST00000647872.1	LINC02693	1598	0	0	-1	0	6.4062178e-06	0	6.4062188e-06
lncRNA	ENST00000647872.1	LINC02693	1599	0	0	-1	0	2.4609684e-05	0	2.4609688e-05
lncRNA	ENST00000647872.1	LINC02693	1600	0	0	-1	0	1.6584992e-05	0	1.6584995e-05
lncRNA	ENST00000647872.1	LINC02693	1601	0	0	-1	0	1.3350241e-05	0	1.3350243e-05
lncRNA	ENST00000647872.1	LINC02693	1602	0	0	-1	0	7.5192565e-06	0	7.5192577e-06
lncRNA	ENST00000647872.1	LINC02693	1603	0	0	-1	0	6.7523779e-06	0	6.7523789e-06
lncRNA	ENST00000647872.1	LINC02693	1604	0	0	-1	0	8.7427024e-06	0	8.7427038e-06
lncRNA	ENST00000647872.1	LINC02693	1605	0	0	-1	0	2.2359397e-06	0	2.2359401e-06
lncRNA	ENST00000647872.1	LINC02693	1606	0	0	-1	0	3.3880426e-07	0	3.3880431e-07
lncRNA	ENST00000647872.1	LINC02693	1607	0	0	-1	0	4.399204e-07	0	4.3992047e-07
lncRNA	ENST00000647872.1	LINC02693	1608	0	0	-1	0	6.1222403e-07	0	6.1222412e-07
lncRNA	ENST00000647872.1	LINC02693	1609	0	0	-1	0	3.2062079e-07	0	3.2062084e-07
lncRNA	ENST00000647872.1	LINC02693	1610	0	0	-1	0	8.2374045e-06	0	8.2374058e-06
lncRNA	ENST00000647872.1	LINC02693	1611	0	0	-1	0	1.3583424e-05	0	1.3583426e-05
lncRNA	ENST00000647872.1	LINC02693	1612	0	0	-1	0	2.1753729e-05	0	2.1753732e-05
lncRNA	ENST00000647872.1	LINC02693	1613	0	0	-1	0	3.1260697e-05	0	3.1260702e-05
lncRNA	ENST00000647872.1	LINC02693	1614	0	0	-1	0	9.5106807e-06	0	9.5106822e-06
lncRNA	ENST00000647872.1	LINC02693	1615	0	0	-1	0	4.1984486e-06	0	4.1984492e-06
lncRNA	ENST00000647872.1	LINC02693	1616	0	0	-1	0	5.1181047e-05	0	5.1181055e-05
lncRNA	ENST00000647872.1	LINC02693	1617	0	0	-1	0	1.2110395e-05	0	1.2110397e-05
lncRNA	ENST00000647872.1	LINC02693	1618	0	0	-1	0	3.4463591e-07	0	3.4463596e-07
lncRNA	ENST00000647872.1	LINC02693	1619	0	0	-1	0	5.4719621e-06	0	5.471963e-06
lncRNA	ENST00000647872.1	LINC02693	1620	0	0	-1	0	6.5487061e-06	0	6.5487071e-06
lncRNA	ENST00000647872.1	LINC02693	1621	0	0	-1	0	2.8322481e-06	0	2.8322486e-06
lncRNA	ENST00000647872.1	LINC02693	1622	0	0	-1	0	1.106068e-05	0	1.1060681e-05
lncRNA	ENST00000647872.1	LINC02693	1623	0	0	-1	0	1.2040578e-06	0	1.2040579e-06
lncRNA	ENST00000647872.1	LINC02693	1624	0	0	-1	0	7.3604821e-07	0	7.3604832e-07
lncRNA	ENST00000647872.1	LINC02693	1625	0	0	-1	0	1.6665464e-06	0	1.6665466e-06
lncRNA	ENST00000647872.1	LINC02693	1626	0	0	-1	0	4.4826456e-06	0	4.4826463e-06
lncRNA	ENST00000647872.1	LINC02693	1627	0	0	-1	0	6.6602947e-06	0	6.6602958e-06
lncRNA	ENST00000647872.1	LINC02693	1628	0	0	-1	0	5.6354239e-08	0	5.6354247e-08
lncRNA	ENST00000647872.1	LINC02693	1629	0	0	-1	0	1.0869284e-06	0	1.0869285e-06
lncRNA	ENST00000647872.1	LINC02693	1630	0	0	-1	0	6.0569471e-07	0	6.056948e-07
lncRNA	ENST00000647872.1	LINC02693	1631	0	0	-1	0	9.1578449e-06	0	9.1578464e-06
lncRNA	ENST00000647872.1	LINC02693	1632	0	0	-1	0	1.1240427e-06	0	1.1240429e-06
lncRNA	ENST00000647872.1	LINC02693	1633	0	0	-1	0	2.4384767e-06	0	2.4384771e-06
lncRNA	ENST00000647872.1	LINC02693	1634	0	0	-1	0	3.5970568e-06	0	3.5970573e-06
lncRNA	ENST00000647872.1	LINC02693	1635	0	0	-1	0	3.3325891e-06	0	3.3325897e-06
lncRNA	ENST00000647872.1	LINC02693	1636	0	0	-1	0	2.7947463e-06	0	2.7947467e-06
lncRNA	ENST00000647872.1	LINC02693	1637	0	0	-1	0	4.3966984e-06	0	4.3966991e-06
lncRNA	ENST00000647872.1	LINC02693	1638	0	0	-1	0	2.7218043e-06	0	2.7218047e-06
lncRNA	ENST00000647872.1	LINC02693	1639	0	0	-1	0	1.6486156e-06	0	1.6486158e-06
lncRNA	ENST00000647872.1	LINC02693	1640	0	0	-1	0	2.3829833e-07	0	2.3829836e-07
lncRNA	ENST00000647872.1	LINC02693	1641	0	0	-1	0	9.9203328e-07	0	9.9203343e-07
lncRNA	ENST00000647872.1	LINC02693	1642	0	0	-1	0	2.777752e-07	0	2.7777524e-07
lncRNA	ENST00000647872.1	LINC02693	1643	0	0	-1	0	1.4371338e-06	0	1.4371341e-06
lncRNA	ENST00000647872.1	LINC02693	1644	0	0	-1	0	6.944189e-06	0	6.94419e-06
lncRNA	ENST00000647872.1	LINC02693	1645	0	0	-1	0	1.0910014e-06	0	1.0910016e-06
lncRNA	ENST00000647872.1	LINC02693	1646	0	0	-1	0	2.9078794e-07	0	2.9078798e-07
lncRNA	ENST00000647872.1	LINC02693	1647	0	0	-1	0	1.8658667e-06	0	1.865867e-06
lncRNA	ENST00000647872.1	LINC02693	1648	0	0	-1	0	3.1060313e-07	0	3.1060318e-07
lncRNA	ENST00000647872.1	LINC02693	1649	0	0	-1	0	2.1232788e-07	0	2.1232791e-07
lncRNA	ENST00000647872.1	LINC02693	1650	0	0	-1	0	4.7241286e-07	0	4.7241294e-07
lncRNA	ENST00000647872.1	LINC02693	1651	0	0	-1	0	1.0771331e-05	0	1.0771333e-05
lncRNA	ENST00000647872.1	LINC02693	1652	0	0	-1	0	9.9756569e-08	0	9.9756585e-08
lncRNA	ENST00000647872.1	LINC02693	1653	0	0	-1	0	4.5358361e-06	0	4.5358368e-06
lncRNA	ENST00000647872.1	LINC02693	1654	0	0	-1	0	7.7306022e-06	0	7.7306034e-06
lncRNA	ENST00000647872.1	LINC02693	1655	0	0	-1	0	7.0334892e-05	0	7.0334903e-05
lncRNA	ENST00000647872.1	LINC02693	1656	0	0	-1	0	3.2586962e-05	0	3.2586967e-05
lncRNA	ENST00000647872.1	LINC02693	1657	0	0	-1	0	3.3485401e-06	0	3.3485406e-06
lncRNA	ENST00000647872.1	LINC02693	1658	0	0	-1	0	2.8655967e-07	0	2.8655971e-07
lncRNA	ENST00000647872.1	LINC02693	1659	0	0	-1	0	4.7108097e-06	0	4.7108104e-06
lncRNA	ENST00000647872.1	LINC02693	1660	0	0	-1	0	8.1012348e-07	0	8.1012361e-07
lncRNA	ENST00000647872.1	LINC02693	1661	0	0	-1	0	1.6328449e-06	0	1.6328452e-06
lncRNA	ENST00000647872.1	LINC02693	1662	0	0	-1	0	1.2301206e-06	0	1.2301208e-06
lncRNA	ENST00000647872.1	LINC02693	1663	0	0	-1	0	8.5199794e-08	0	8.5199807e-08
lncRNA	ENST00000647872.1	LINC02693	1664	0	0	-1	0	1.548703e-06	0	1.5487033e-06
lncRNA	ENST00000647872.1	LINC02693	1665	0	0	-1	0	4.6579677e-07	0	4.6579685e-07
lncRNA	ENST00000647872.1	LINC02693	1666	0	0	-1	0	2.2130673e-07	0	2.2130677e-07
lncRNA	ENST00000647872.1	LINC02693	1667	0	0	-1	0	1.1315916e-05	0	1.1315918e-05
lncRNA	ENST00000647872.1	LINC02693	1668	0	0	-1	0	3.2768426e-07	0	3.2768431e-07
lncRNA	ENST00000647872.1	LINC02693	1669	0	0	-1	0	1.7098268e-06	0	1.7098271e-06
lncRNA	ENST00000647872.1	LINC02693	1670	0	0	-1	0	9.4008686e-07	0	9.4008701e-07
lncRNA	ENST00000647872.1	LINC02693	1671	0	0	-1	0	5.2176242e-06	0	5.217625e-06
lncRNA	ENST00000647872.1	LINC02693	1672	0	0	-1	0	2.4370327e-06	0	2.437033e-06
lncRNA	ENST00000647872.1	LINC02693	1673	0	0	-1	0	1.8347585e-07	0	1.8347588e-07
lncRNA	ENST00000647872.1	LINC02693	1674	0	0	-1	0	1.0046455e-06	0	1.0046456e-06
lncRNA	ENST00000647872.1	LINC02693	1675	0	0	-1	0	3.1948565e-07	0	3.194857e-07
lncRNA	ENST00000647872.1	LINC02693	1676	0	0	-1	0	0.00016257876	0	0.00016257878
lncRNA	ENST00000647872.1	LINC02693	1677	0	0	-1	0	1.5334968e-05	0	1.5334971e-05
lncRNA	ENST00000647872.1	LINC02693	1678	0	0	-1	0	4.1926447e-05	0	4.1926454e-05
lncRNA	ENST00000647872.1	LINC02693	1679	0	0	-1	0	1.212136e-05	0	1.2121362e-05
lncRNA	ENST00000647872.1	LINC02693	1680	0	0	-1	0	3.3200473e-07	0	3.3200478e-07
lncRNA	ENST00000647872.1	LINC02693	1681	0	0	-1	0	2.2510847e-07	0	2.251085e-07
lncRNA	ENST00000647872.1	LINC02693	1682	0	0	-1	0	4.6943416e-08	0	4.6943424e-08
lncRNA	ENST00000647872.1	LINC02693	1683	0	0	-1	0	4.3292621e-07	0	4.3292628e-07
lncRNA	ENST00000647872.1	LINC02693	1684	0	0	-1	0	1.5538699e-07	0	1.5538701e-07
lncRNA	ENST00000647872.1	LINC02693	1685	0	0	-1	0	2.2867575e-06	0	2.2867579e-06
lncRNA	ENST00000647872.1	LINC02693	1686	0	0	-1	0	4.4387207e-07	0	4.4387214e-07
lncRNA	ENST00000647872.1	LINC02693	1687	0	0	-1	0	4.7576989e-07	0	4.7576997e-07
lncRNA	ENST00000647872.1	LINC02693	1688	0	0	-1	0	6.9729431e-06	0	6.9729442e-06
lncRNA	ENST00000647872.1	LINC02693	1689	0	0	-1	0	5.317208e-05	0	5.3172088e-05
lncRNA	ENST00000647872.1	LINC02693	1690	0	0	-1	0	1.6217969e-06	0	1.6217971e-06
lncRNA	ENST00000647872.1	LINC02693	1691	0	0	-1	0	1.9054823e-06	0	1.9054826e-06
lncRNA	ENST00000647872.1	LINC02693	1692	0	0	-1	0	5.107168e-07	0	5.1071688e-07
lncRNA	ENST00000647872.1	LINC02693	1693	0	0	-1	0	2.9682991e-07	0	2.9682996e-07
lncRNA	ENST00000647872.1	LINC02693	1694	0	0	-1	0	2.5916609e-06	0	2.5916613e-06
lncRNA	ENST00000647872.1	LINC02693	1695	0	0	-1	0	5.3689964e-06	0	5.3689973e-06
lncRNA	ENST00000647872.1	LINC02693	1696	0	0	-1	0	7.1674464e-07	0	7.1674475e-07
lncRNA	ENST00000647872.1	LINC02693	1697	0	0	-1	0	6.4479309e-07	0	6.4479319e-07
lncRNA	ENST00000647872.1	LINC02693	1698	0	0	-1	0	2.8272341e-06	0	2.8272345e-06
lncRNA	ENST00000647872.1	LINC02693	1699	0	0	-1	0	8.0461132e-07	0	8.0461144e-07
lncRNA	ENST00000647872.1	LINC02693	1700	0	0	-1	0	5.3281033e-06	0	5.3281041e-06
lncRNA	ENST00000647872.1	LINC02693	1701	0	0	-1	0	1.0531768e-06	0	1.053177e-06
lncRNA	ENST00000647872.1	LINC02693	1702	0	0	-1	0	3.0041878e-07	0	3.0041882e-07
lncRNA	ENST00000647872.1	LINC02693	1703	0	0	-1	0	2.632776e-07	0	2.6327764e-07
lncRNA	ENST00000647872.1	LINC02693	1704	0	0	-1	0	2.3164762e-07	0	2.3164765e-07
lncRNA	ENST00000647872.1	LINC02693	1705	0	0	-1	0	1.360566e-05	0	1.3605662e-05
lncRNA	ENST00000647872.1	LINC02693	1706	0	0	-1	0	2.494045e-06	0	2.4940454e-06
lncRNA	ENST00000647872.1	LINC02693	1707	0	0	-1	3	1.0686774e-05	0.0011655012	1.0686775e-05
lncRNA	ENST00000647872.1	LINC02693	1708	0	0	-1	0	6.3079182e-07	0	6.3079192e-07
lncRNA	ENST00000647872.1	LINC02693	1709	0	0	-1	0	8.6971437e-07	0	8.6971451e-07
lncRNA	ENST00000647872.1	LINC02693	1710	0	0	-1	0	2.8377958e-08	0	2.8377962e-08
lncRNA	ENST00000647872.1	LINC02693	1711	0	0	-1	0	1.4745532e-06	0	1.4745534e-06
lncRNA	ENST00000647872.1	LINC02693	1712	0	0	-1	0	5.4570233e-07	0	5.4570242e-07
lncRNA	ENST00000647872.1	LINC02693	1713	0	0	-1	0	5.2629991e-07	0	5.263e-07
lncRNA	ENST00000647872.1	LINC02693	1714	0	0	-1	0	2.4091548e-08	0	2.4091552e-08
lncRNA	ENST00000647872.1	LINC02693	1715	0	0	-1	0	5.3955741e-08	0	5.395575e-08
lncRNA	ENST00000647872.1	LINC02693	1716	0	0	-1	0	1.6657272e-07	0	1.6657274e-07
lncRNA	ENST00000647872.1	LINC02693	1717	0	0	-1	0	3.1931262e-07	0	3.1931267e-07
lncRNA	ENST00000647872.1	LINC02693	1718	0	0	-1	0	3.1027807e-07	0	3.1027812e-07
lncRNA	ENST00000647872.1	LINC02693	1719	0	0	-1	0	1.9379549e-06	0	1.9379553e-06
lncRNA	ENST00000647872.1	LINC02693	1720	0	0	-1	0	5.1953077e-07	0	5.1953085e-07
lncRNA	ENST00000647872.1	LINC02693	1721	0	0	-1	0	1.6450292e-07	0	1.6450295e-07
lncRNA	ENST00000647872.1	LINC02693	1722	0	0	-1	0	5.9407608e-08	0	5.9407617e-08
lncRNA	ENST00000647872.1	LINC02693	1723	0	0	-1	0	1.3494083e-06	0	1.3494085e-06
lncRNA	ENST00000647872.1	LINC02693	1724	0	0	-1	0	5.7716591e-07	0	5.77166e-07
lncRNA	ENST00000647872.1	LINC02693	1725	0	0	-1	0	8.4568728e-07	0	8.4568742e-07
lncRNA	ENST00000647872.1	LINC02693	1726	0	0	-1	0	1.3934398e-08	0	1.39344e-08
lncRNA	ENST00000647872.1	LINC02693	1727	0	0	-1	0	3.3018537e-07	0	3.3018542e-07
lncRNA	ENST00000647872.1	LINC02693	1728	0	0	-1	0	3.253104e-07	0	3.2531045e-07
lncRNA	ENST00000647872.1	LINC02693	1729	0	0	-1	0	4.6512693e-07	0	4.65127e-07
lncRNA	ENST00000647872.1	LINC02693	1730	0	0	-1	0	4.4767798e-06	0	4.4767806e-06
lncRNA	ENST00000647872.1	LINC02693	1731	0	0	-1	0	3.7908558e-06	0	3.7908564e-06
lncRNA	ENST00000647872.1	LINC02693	1732	0	0	-1	0	1.502526e-05	0	1.5025262e-05
lncRNA	ENST00000647872.1	LINC02693	1733	0	0	-1	0	4.6578634e-06	0	4.6578642e-06
lncRNA	ENST00000647872.1	LINC02693	1734	0	0	-1	0	2.6787939e-06	0	2.6787943e-06
lncRNA	ENST00000647872.1	LINC02693	1735	0	0	-1	0	1.6591375e-06	0	1.6591378e-06
lncRNA	ENST00000647872.1	LINC02693	1736	0	0	-1	0	1.131617e-06	0	1.1316171e-06
lncRNA	ENST00000647872.1	LINC02693	1737	0	0	-1	0	6.2449675e-07	0	6.2449685e-07
lncRNA	ENST00000647872.1	LINC02693	1738	0	0	-1	0	3.098879e-06	0	3.0988795e-06
lncRNA	ENST00000647872.1	LINC02693	1739	0	0	-1	0	1.6825841e-05	0	1.6825844e-05
lncRNA	ENST00000647872.1	LINC02693	1740	0	0	-1	0	9.0285994e-06	0	9.0286008e-06
lncRNA	ENST00000647872.1	LINC02693	1741	0	0	-1	0	4.7292633e-05	0	4.7292641e-05
lncRNA	ENST00000647872.1	LINC02693	1742	0	0	-1	0	0.00012696059	0	0.00012696061
lncRNA	ENST00000647872.1	LINC02693	1743	0	0	-1	0	1.1197699e-07	0	1.1197701e-07
lncRNA	ENST00000647872.1	LINC02693	1744	0	0	-1	0	1.3587797e-06	0	1.35878e-06
lncRNA	ENST00000647872.1	LINC02693	1745	0	0	-1	0	5.3543672e-06	0	5.354368e-06
lncRNA	ENST00000647872.1	LINC02693	1746	0	0	-1	0	1.34572e-06	0	1.3457202e-06
lncRNA	ENST00000647872.1	LINC02693	1747	0	0	-1	0	9.0173143e-07	0	9.0173157e-07
lncRNA	ENST00000647872.1	LINC02693	1748	0	0	-1	0	2.5900695e-06	0	2.5900699e-06
lncRNA	ENST00000647872.1	LINC02693	1749	0	0	-1	0	3.0932924e-06	0	3.0932929e-06
lncRNA	ENST00000647872.1	LINC02693	1750	0	0	-1	0	9.1232378e-06	0	9.1232392e-06
lncRNA	ENST00000647872.1	LINC02693	1751	0	0	-1	0	1.1587746e-05	0	1.1587747e-05
lncRNA	ENST00000647872.1	LINC02693	1752	0	0	-1	0	2.2154165e-06	0	2.2154169e-06
lncRNA	ENST00000647872.1	LINC02693	1753	0	0	-1	0	6.3483012e-06	0	6.3483022e-06
lncRNA	ENST00000647872.1	LINC02693	1754	0	0	-1	0	6.2533229e-07	0	6.2533239e-07
lncRNA	ENST00000647872.1	LINC02693	1755	0	0	-1	0	7.9581844e-07	0	7.9581856e-07
lncRNA	ENST00000647872.1	LINC02693	1756	0	0	-1	0	8.9117151e-07	0	8.9117165e-07
lncRNA	ENST00000647872.1	LINC02693	1757	0	0	-1	0	8.1538292e-06	0	8.1538305e-06
lncRNA	ENST00000647872.1	LINC02693	1758	0	0	-1	0	2.7018143e-05	0	2.7018147e-05
lncRNA	ENST00000647872.1	LINC02693	1759	0	0	-1	0	1.3379122e-05	0	1.3379124e-05
lncRNA	ENST00000647872.1	LINC02693	1760	0	0	-1	0	1.01609e-05	0	1.0160902e-05
lncRNA	ENST00000647872.1	LINC02693	1761	0	0	-1	0	1.4275398e-07	0	1.42754e-07
lncRNA	ENST00000647872.1	LINC02693	1762	0	0	-1	0	3.7427981e-08	0	3.7427987e-08
lncRNA	ENST00000647872.1	LINC02693	1763	0	0	-1	0	1.6267924e-06	0	1.6267926e-06
lncRNA	ENST00000647872.1	LINC02693	1764	0	0	-1	0	2.6864125e-06	0	2.6864129e-06
lncRNA	ENST00000647872.1	LINC02693	1765	0	0	-1	0	4.2970159e-06	0	4.2970166e-06
lncRNA	ENST00000647872.1	LINC02693	1766	0	0	-1	0	3.3456035e-06	0	3.3456041e-06
lncRNA	ENST00000647872.1	LINC02693	1767	0	0	-1	0	2.5304373e-06	0	2.5304377e-06
lncRNA	ENST00000647872.1	LINC02693	1768	0	0	-1	0	7.3283928e-08	0	7.328394e-08
lncRNA	ENST00000647872.1	LINC02693	1769	0	0	-1	0	1.3053357e-06	0	1.3053359e-06
lncRNA	ENST00000647872.1	LINC02693	1770	0	0	-1	0	1.0414456e-05	0	1.0414457e-05
lncRNA	ENST00000647872.1	LINC02693	1771	0	0	-1	0	6.2430503e-05	0	6.2430513e-05
lncRNA	ENST00000647872.1	LINC02693	1772	0	0	-1	0	1.0400838e-05	0	1.0400839e-05
lncRNA	ENST00000647872.1	LINC02693	1773	0	0	-1	0	0.00014942046	0	0.00014942049
lncRNA	ENST00000647872.1	LINC02693	1774	0	0	-1	0	2.4673085e-07	0	2.4673089e-07
lncRNA	ENST00000647872.1	LINC02693	1775	0	0	-1	0	3.1495782e-07	0	3.1495787e-07
lncRNA	ENST00000647872.1	LINC02693	1776	0	0	-1	0	2.3497632e-06	0	2.3497636e-06
lncRNA	ENST00000647872.1	LINC02693	1777	0	0	-1	0	7.2238645e-06	0	7.2238656e-06
lncRNA	ENST00000647872.1	LINC02693	1778	0	0	-1	0	2.0870546e-06	0	2.0870549e-06
lncRNA	ENST00000647872.1	LINC02693	1779	0	0	-1	0	4.6245677e-05	0	4.6245685e-05
lncRNA	ENST00000647872.1	LINC02693	1780	0	0	-1	0	2.2631063e-07	0	2.2631067e-07
lncRNA	ENST00000647872.1	LINC02693	1781	0	0	-1	0	1.1206138e-07	0	1.120614e-07
lncRNA	ENST00000647872.1	LINC02693	1782	0	0	-1	0	3.0718616e-06	0	3.071862e-06
lncRNA	ENST00000647872.1	LINC02693	1783	0	0	-1	0	6.190096e-07	0	6.1900969e-07
lncRNA	ENST00000647872.1	LINC02693	1784	0	0	-1	0	2.5351756e-07	0	2.535176e-07
lncRNA	ENST00000647872.1	LINC02693	1785	0	0	-1	0	1.026542e-05	0	1.0265422e-05
lncRNA	ENST00000647872.1	LINC02693	1786	0	0	-1	0	1.1694573e-06	0	1.1694575e-06
lncRNA	ENST00000647872.1	LINC02693	1787	0	0	-1	0	2.9153086e-06	0	2.9153091e-06
lncRNA	ENST00000647872.1	LINC02693	1788	0	0	-1	0	0.0001065067	0	0.00010650672
lncRNA	ENST00000647872.1	LINC02693	1789	0	0	-1	0	1.0761218e-05	0	1.0761219e-05
lncRNA	ENST00000647872.1	LINC02693	1790	0	0	-1	0	8.8627785e-05	0	8.8627799e-05
lncRNA	ENST00000647872.1	LINC02693	1791	0	0	-1	0	1.7903081e-06	0	1.7903084e-06
lncRNA	ENST00000647872.1	LINC02693	1792	0	0	-1	0	8.7489498e-06	0	8.7489511e-06
lncRNA	ENST00000647872.1	LINC02693	1793	0	0	-1	0	4.1317159e-07	0	4.1317166e-07
lncRNA	ENST00000647872.1	LINC02693	1794	0	0	-1	0	2.3774546e-06	0	2.377455e-06
lncRNA	ENST00000647872.1	LINC02693	1795	0	0	-1	0	7.5777244e-08	0	7.5777256e-08
lncRNA	ENST00000647872.1	LINC02693	1796	0	0	-1	0	7.989758e-07	0	7.9897593e-07
lncRNA	ENST00000647872.1	LINC02693	1797	0	0	-1	0	2.690266e-06	0	2.6902664e-06
lncRNA	ENST00000647872.1	LINC02693	1798	0	0	-1	0	3.4348454e-07	0	3.434846e-07
lncRNA	ENST00000647872.1	LINC02693	1799	0	0	-1	0	3.1948292e-07	0	3.1948297e-07
lncRNA	ENST00000647872.1	LINC02693	1800	0	0	-1	0	9.8250839e-06	0	9.8250855e-06
lncRNA	ENST00000647872.1	LINC02693	1801	0	0	-1	0	5.7745356e-06	0	5.7745365e-06
lncRNA	ENST00000647872.1	LINC02693	1802	0	0	-1	0	6.8641538e-07	0	6.8641548e-07
lncRNA	ENST00000647872.1	LINC02693	1803	0	0	-1	0	6.5403738e-06	0	6.5403748e-06
lncRNA	ENST00000647872.1	LINC02693	1804	0	0	-1	0	1.0423273e-06	0	1.0423275e-06
lncRNA	ENST00000647872.1	LINC02693	1805	0	0	-1	0	6.8809908e-07	0	6.8809919e-07
lncRNA	ENST00000647872.1	LINC02693	1806	0	0	-1	0	2.3085059e-07	0	2.3085062e-07
lncRNA	ENST00000647872.1	LINC02693	1807	0	0	-1	0	1.0166838e-06	0	1.0166839e-06
lncRNA	ENST00000647872.1	LINC02693	1808	0	0	-1	0	3.4856436e-07	0	3.4856441e-07
lncRNA	ENST00000647872.1	LINC02693	1809	0	0	-1	0	1.1596196e-06	0	1.1596198e-06
lncRNA	ENST00000647872.1	LINC02693	1810	0	0	-1	0	2.7692433e-05	0	2.7692437e-05
lncRNA	ENST00000647872.1	LINC02693	1811	0	0	-1	0	1.1015446e-05	0	1.1015448e-05
lncRNA	ENST00000647872.1	LINC02693	1812	0	0	-1	0	7.2756707e-06	0	7.2756718e-06
lncRNA	ENST00000647872.1	LINC02693	1813	0	0	-1	0	1.5053413e-07	0	1.5053416e-07
lncRNA	ENST00000647872.1	LINC02693	1814	0	0	-1	0	2.3790583e-06	0	2.3790587e-06
lncRNA	ENST00000647872.1	LINC02693	1815	0	0	-1	0	5.2406614e-07	0	5.2406622e-07
lncRNA	ENST00000647872.1	LINC02693	1816	0	0	-1	0	3.00478e-06	0	3.0047804e-06
lncRNA	ENST00000647872.1	LINC02693	1817	0	0	-1	0	0.00021635581	0	0.00021635584
lncRNA	ENST00000647872.1	LINC02693	1818	0	0	-1	0	4.1254857e-06	0	4.1254864e-06
lncRNA	ENST00000647872.1	LINC02693	1819	0	0	-1	0	4.5938527e-06	0	4.5938535e-06
lncRNA	ENST00000647872.1	LINC02693	1820	0	0	-1	0	1.2064089e-05	0	1.2064091e-05
lncRNA	ENST00000647872.1	LINC02693	1821	0	0	-1	0	5.132656e-07	0	5.1326569e-07
lncRNA	ENST00000647872.1	LINC02693	1822	0	0	-1	0	9.9159058e-07	0	9.9159074e-07
lncRNA	ENST00000647872.1	LINC02693	1823	0	0	-1	0	3.918426e-06	0	3.9184267e-06
lncRNA	ENST00000647872.1	LINC02693	1824	0	0	-1	0	8.9092248e-07	0	8.9092262e-07
lncRNA	ENST00000647872.1	LINC02693	1825	0	0	-1	0	1.8840004e-07	0	1.8840007e-07
lncRNA	ENST00000647872.1	LINC02693	1826	0	0	-1	0	1.3028235e-06	0	1.3028237e-06
lncRNA	ENST00000647872.1	LINC02693	1827	0	0	-1	0	1.8374772e-06	0	1.8374774e-06
lncRNA	ENST00000647872.1	LINC02693	1828	0	0	-1	0	4.6350074e-06	0	4.6350081e-06
lncRNA	ENST00000647872.1	LINC02693	1829	0	0	-1	0	0.0002817974	0	0.00028179745
lncRNA	ENST00000647872.1	LINC02693	1830	0	0	-1	0	5.3420936e-05	0	5.3420944e-05
lncRNA	ENST00000647872.1	LINC02693	1831	0	0	-1	0	1.778053e-05	0	1.7780533e-05
lncRNA	ENST00000647872.1	LINC02693	1832	0	0	-1	0	5.0065364e-06	0	5.0065372e-06
lncRNA	ENST00000647872.1	LINC02693	1833	0	0	-1	0	1.194551e-06	0	1.1945512e-06
lncRNA	ENST00000647872.1	LINC02693	1834	0	0	-1	0	1.4347346e-06	0	1.4347348e-06
lncRNA	ENST00000647872.1	LINC02693	1835	0	0	-1	0	7.6489482e-07	0	7.6489494e-07
lncRNA	ENST00000647872.1	LINC02693	1836	0	0	-1	0	1.11974e-07	0	1.1197401e-07
lncRNA	ENST00000647872.1	LINC02693	1837	0	0	-1	0	5.0841675e-07	0	5.0841683e-07
lncRNA	ENST00000647872.1	LINC02693	1838	0	0	-1	0	6.9998833e-07	0	6.9998844e-07
lncRNA	ENST00000647872.1	LINC02693	1839	0	0	-1	0	8.1371738e-08	0	8.1371751e-08
lncRNA	ENST00000647872.1	LINC02693	1840	0	0	-1	0	2.0427629e-07	0	2.0427632e-07
lncRNA	ENST00000647872.1	LINC02693	1841	0	0	-1	0	2.1840399e-06	0	2.1840402e-06
lncRNA	ENST00000647872.1	LINC02693	1842	0	0	-1	0	1.4020284e-06	0	1.4020286e-06
lncRNA	ENST00000647872.1	LINC02693	1843	0	0	-1	0	5.4856359e-06	0	5.4856368e-06
lncRNA	ENST00000647872.1	LINC02693	1844	0	0	-1	0	1.935083e-06	0	1.9350833e-06
lncRNA	ENST00000647872.1	LINC02693	1845	0	0	-1	0	1.0499325e-06	0	1.0499327e-06
lncRNA	ENST00000647872.1	LINC02693	1846	0	0	-1	0	1.2744641e-06	0	1.2744643e-06
lncRNA	ENST00000647872.1	LINC02693	1847	0	0	-1	0	1.7906179e-05	0	1.7906182e-05
lncRNA	ENST00000647872.1	LINC02693	1848	0	0	-1	0	2.6967082e-06	0	2.6967086e-06
lncRNA	ENST00000647872.1	LINC02693	1849	0	0	-1	0	5.4317013e-07	0	5.4317022e-07
lncRNA	ENST00000647872.1	LINC02693	1850	0	0	-1	0	1.2048067e-06	0	1.2048069e-06
lncRNA	ENST00000647872.1	LINC02693	1851	0	0	-1	0	9.6460212e-07	0	9.6460227e-07
lncRNA	ENST00000647872.1	LINC02693	1852	0	0	-1	0	7.6792509e-07	0	7.6792521e-07
lncRNA	ENST00000647872.1	LINC02693	1853	0	0	-1	0	1.5199279e-06	0	1.5199281e-06
lncRNA	ENST00000647872.1	LINC02693	1854	0	0	-1	0	1.5305901e-06	0	1.5305904e-06
lncRNA	ENST00000647872.1	LINC02693	1855	0	0	-1	0	4.2752396e-07	0	4.2752402e-07
lncRNA	ENST00000647872.1	LINC02693	1856	0	0	-1	0	4.6856203e-06	0	4.685621e-06
lncRNA	ENST00000647872.1	LINC02693	1857	0	0	-1	0	5.9403305e-08	0	5.9403315e-08
lncRNA	ENST00000647872.1	LINC02693	1858	0	0	-1	0	6.7044039e-07	0	6.7044049e-07
lncRNA	ENST00000647872.1	LINC02693	1859	0	0	-1	0	6.5969471e-06	0	6.5969481e-06
lncRNA	ENST00000647872.1	LINC02693	1860	0	0	-1	0	1.9258798e-06	0	1.9258801e-06
lncRNA	ENST00000647872.1	LINC02693	1861	0	0	-1	0	2.3056029e-06	0	2.3056033e-06
lncRNA	ENST00000647872.1	LINC02693	1862	0	0	-1	0	3.6099884e-06	0	3.609989e-06
lncRNA	ENST00000647872.1	LINC02693	1863	0	0	-1	0	3.1708285e-07	0	3.170829e-07
lncRNA	ENST00000647872.1	LINC02693	1864	0	0	-1	0	6.245632e-06	0	6.245633e-06
lncRNA	ENST00000647872.1	LINC02693	1865	0	0	-1	0	5.0389363e-06	0	5.038937e-06
lncRNA	ENST00000647872.1	LINC02693	1866	0	0	-1	0	7.3865817e-06	0	7.3865829e-06
lncRNA	ENST00000647872.1	LINC02693	1867	0	0	-1	0	9.2461978e-06	0	9.2461993e-06
lncRNA	ENST00000647872.1	LINC02693	1868	0	0	-1	0	2.6380087e-07	0	2.6380091e-07
lncRNA	ENST00000647872.1	LINC02693	1869	0	0	-1	0	3.0607023e-08	0	3.0607028e-08
lncRNA	ENST00000647872.1	LINC02693	1870	0	0	-1	0	3.102158e-06	0	3.1021584e-06
lncRNA	ENST00000647872.1	LINC02693	1871	0	0	-1	0	1.776259e-06	0	1.7762592e-06
lncRNA	ENST00000647872.1	LINC02693	1872	0	0	-1	0	1.2604767e-06	0	1.2604769e-06
lncRNA	ENST00000647872.1	LINC02693	1873	0	0	-1	0	6.7279516e-06	0	6.7279526e-06
lncRNA	ENST00000647872.1	LINC02693	1874	0	0	-1	0	2.1780058e-06	0	2.1780062e-06
lncRNA	ENST00000647872.1	LINC02693	1875	0	0	-1	0	1.7084789e-06	0	1.7084791e-06
lncRNA	ENST00000647872.1	LINC02693	1876	0	0	-1	0	8.9623165e-07	0	8.962318e-07
lncRNA	ENST00000647872.1	LINC02693	1877	0	0	-1	0	1.0520409e-05	0	1.0520411e-05
lncRNA	ENST00000647872.1	LINC02693	1878	0	0	-1	0	3.0644177e-08	0	3.0644182e-08
lncRNA	ENST00000647872.1	LINC02693	1879	0	0	-1	0	1.6011262e-07	0	1.6011265e-07
lncRNA	ENST00000647872.1	LINC02693	1880	0	0	-1	0	4.4347921e-06	0	4.4347928e-06
lncRNA	ENST00000647872.1	LINC02693	1881	0	0	-1	0	3.5878234e-06	0	3.5878239e-06
lncRNA	ENST00000647872.1	LINC02693	1882	0	0	-1	0	6.5315103e-06	0	6.5315113e-06
lncRNA	ENST00000647872.1	LINC02693	1883	0	0	-1	0	5.940331e-06	0	5.9403319e-06
lncRNA	ENST00000647872.1	LINC02693	1884	0	0	-1	0	1.2340666e-07	0	1.2340668e-07
lncRNA	ENST00000647872.1	LINC02693	1885	0	0	-1	0	4.65424e-06	0	4.6542407e-06
lncRNA	ENST00000647872.1	LINC02693	1886	0	0	-1	0	3.8715028e-05	0	3.8715035e-05
lncRNA	ENST00000647872.1	LINC02693	1887	0	0	-1	0	1.9466054e-06	0	1.9466057e-06
lncRNA	ENST00000647872.1	LINC02693	1888	0	0	-1	0	6.7183855e-06	0	6.7183866e-06
lncRNA	ENST00000647872.1	LINC02693	1889	0	0	-1	0	5.3776207e-06	0	5.3776216e-06
lncRNA	ENST00000647872.1	LINC02693	1890	0	0	-1	0	7.3060692e-06	0	7.3060703e-06
lncRNA	ENST00000647872.1	LINC02693	1891	0	0	-1	0	2.8228478e-06	0	2.8228483e-06
lncRNA	ENST00000647872.1	LINC02693	1892	0	0	-1	0	3.2038256e-06	0	3.2038261e-06
lncRNA	ENST00000647872.1	LINC02693	1893	0	0	-1	0	1.6874088e-06	0	1.6874091e-06
lncRNA	ENST00000647872.1	LINC02693	1894	0	0	-1	0	5.3567928e-06	0	5.3567937e-06
lncRNA	ENST00000647872.1	LINC02693	1895	0	0	-1	0	3.1719462e-06	0	3.1719467e-06
lncRNA	ENST00000647872.1	LINC02693	1896	0	0	-1	0	1.3876038e-06	0	1.387604e-06
lncRNA	ENST00000647872.1	LINC02693	1897	0	0	-1	0	1.0425201e-06	0	1.0425203e-06
lncRNA	ENST00000647872.1	LINC02693	1898	0	0	-1	0	3.2245498e-06	0	3.2245503e-06
lncRNA	ENST00000647872.1	LINC02693	1899	0	0	-1	0	6.8416585e-07	0	6.8416596e-07
lncRNA	ENST00000647872.1	LINC02693	1900	0	0	-1	0	2.9930366e-06	0	2.993037e-06
lncRNA	ENST00000647872.1	LINC02693	1901	0	0	-1	0	5.149989e-05	0	5.1499898e-05
lncRNA	ENST00000647872.1	LINC02693	1902	0	0	-1	0	1.176241e-06	0	1.1762412e-06
lncRNA	ENST00000647872.1	LINC02693	1903	0	0	-1	0	1.4044646e-05	0	1.4044649e-05
lncRNA	ENST00000647872.1	LINC02693	1904	0	0	-1	3	6.8645231e-06	0.0011655012	6.8645242e-06
lncRNA	ENST00000647872.1	LINC02693	1905	0	0	-1	0	2.6967942e-07	0	2.6967946e-07
lncRNA	ENST00000647872.1	LINC02693	1906	0	0	-1	0	1.04308e-06	0	1.0430802e-06
lncRNA	ENST00000647872.1	LINC02693	1907	0	0	-1	0	5.821591e-06	0	5.8215919e-06
lncRNA	ENST00000647872.1	LINC02693	1908	0	0	-1	0	9.1604397e-06	0	9.1604412e-06
lncRNA	ENST00000647872.1	LINC02693	1909	0	0	-1	0	9.2253981e-07	0	9.2253996e-07
lncRNA	ENST00000647872.1	LINC02693	1910	0	0	-1	0	1.3826582e-06	0	1.3826584e-06
lncRNA	ENST00000647872.1	LINC02693	1911	0	0	-1	0	6.4192108e-07	0	6.4192118e-07
lncRNA	ENST00000647872.1	LINC02693	1912	0	0	-1	0	1.9128324e-06	0	1.9128327e-06
lncRNA	ENST00000647872.1	LINC02693	1913	0	0	-1	0	3.0375139e-07	0	3.0375144e-07
lncRNA	ENST00000647872.1	LINC02693	1914	0	0	-1	0	5.8426792e-07	0	5.8426801e-07
lncRNA	ENST00000647872.1	LINC02693	1915	0	0	-1	0	1.7219754e-06	0	1.7219757e-06
lncRNA	ENST00000647872.1	LINC02693	1916	0	0	-1	0	1.8545944e-06	0	1.8545947e-06
lncRNA	ENST00000647872.1	LINC02693	1917	0	0	-1	0	5.816172e-07	0	5.8161729e-07
lncRNA	ENST00000647872.1	LINC02693	1918	0	0	-1	0	6.5106333e-06	0	6.5106343e-06
lncRNA	ENST00000647872.1	LINC02693	1919	0	0	-1	0	9.4102379e-06	0	9.4102394e-06
lncRNA	ENST00000647872.1	LINC02693	1920	0	0	-1	0	2.4539224e-06	0	2.4539228e-06
lncRNA	ENST00000647872.1	LINC02693	1921	0	0	-1	0	8.4251845e-08	0	8.4251858e-08
lncRNA	ENST00000647872.1	LINC02693	1922	0	0	-1	0	9.2329765e-07	0	9.2329779e-07
lncRNA	ENST00000647872.1	LINC02693	1923	0	0	-1	0	1.8544166e-07	0	1.8544169e-07
lncRNA	ENST00000647872.1	LINC02693	1924	0	0	-1	0	1.5624506e-06	0	1.5624509e-06
lncRNA	ENST00000647872.1	LINC02693	1925	0	0	-1	0	2.3521345e-05	0	2.3521348e-05
lncRNA	ENST00000647872.1	LINC02693	1926	0	0	-1	0	5.0243343e-06	0	5.0243351e-06
lncRNA	ENST00000647872.1	LINC02693	1927	0	0	-1	0	7.5769158e-06	0	7.576917e-06
lncRNA	ENST00000647872.1	LINC02693	1928	0	0	-1	0	2.7460148e-06	0	2.7460153e-06
lncRNA	ENST00000647872.1	LINC02693	1929	0	0	-1	0	1.0537694e-06	0	1.0537696e-06
lncRNA	ENST00000647872.1	LINC02693	1930	0	0	-1	0	3.1678152e-05	0	3.1678157e-05
lncRNA	ENST00000647872.1	LINC02693	1931	0	0	-1	0	2.5232794e-05	0	2.5232798e-05
lncRNA	ENST00000647872.1	LINC02693	1932	0	0	-1	0	1.2357415e-05	0	1.2357417e-05
lncRNA	ENST00000647872.1	LINC02693	1933	0	0	-1	0	1.9325491e-06	0	1.9325494e-06
lncRNA	ENST00000647872.1	LINC02693	1934	0	0	-1	0	0.00037430055	0	0.00037430061
lncRNA	ENST00000647872.1	LINC02693	1935	0	0	-1	0	4.656722e-06	0	4.6567227e-06
lncRNA	ENST00000647872.1	LINC02693	1936	0	0	-1	0	1.5015033e-07	0	1.5015035e-07
lncRNA	ENST00000647872.1	LINC02693	1937	0	0	-1	0	6.814426e-07	0	6.8144271e-07
lncRNA	ENST00000647872.1	LINC02693	1938	0	0	-1	0	6.4602937e-06	0	6.4602947e-06
lncRNA	ENST00000647872.1	LINC02693	1939	0	0	-1	0	5.8943556e-06	0	5.8943565e-06
lncRNA	ENST00000647872.1	LINC02693	1940	0	0	-1	0	1.4796668e-06	0	1.4796671e-06
lncRNA	ENST00000647872.1	LINC02693	1941	0	0	-1	0	5.7982226e-07	0	5.7982235e-07
lncRNA	ENST00000647872.1	LINC02693	1942	0	0	-1	0	2.787001e-06	0	2.7870014e-06
lncRNA	ENST00000647872.1	LINC02693	1943	0	0	-1	0	8.846645e-06	0	8.8466464e-06
lncRNA	ENST00000647872.1	LINC02693	1944	0	0	-1	0	3.832934e-06	0	3.8329346e-06
lncRNA	ENST00000647872.1	LINC02693	1945	0	0	-1	0	1.4052564e-05	0	1.4052567e-05
lncRNA	ENST00000647872.1	LINC02693	1946	0	0	-1	0	3.2934586e-06	0	3.2934591e-06
lncRNA	ENST00000647872.1	LINC02693	1947	0	0	-1	0	8.2706975e-07	0	8.2706989e-07
lncRNA	ENST00000647872.1	LINC02693	1948	0	0	-1	0	2.1265535e-07	0	2.1265538e-07
lncRNA	ENST00000647872.1	LINC02693	1949	0	0	-1	0	2.4853964e-05	0	2.4853968e-05
lncRNA	ENST00000647872.1	LINC02693	1950	0	0	-1	0	8.0176223e-06	0	8.0176236e-06
lncRNA	ENST00000647872.1	LINC02693	1951	0	0	-1	0	4.0413452e-06	0	4.0413458e-06
lncRNA	ENST00000647872.1	LINC02693	1952	0	0	-1	0	8.5736519e-06	0	8.5736533e-06
lncRNA	ENST00000647872.1	LINC02693	1953	0	0	-1	0	3.7895418e-07	0	3.7895424e-07
lncRNA	ENST00000647872.1	LINC02693	1954	0	0	-1	0	6.7304387e-07	0	6.7304398e-07
lncRNA	ENST00000647872.1	LINC02693	1955	0	0	-1	0	8.1939197e-06	0	8.193921e-06
lncRNA	ENST00000647872.1	LINC02693	1956	0	0	-1	0	1.4115491e-05	0	1.4115494e-05
lncRNA	ENST00000647872.1	LINC02693	1957	0	0	-1	0	7.3920432e-06	0	7.3920444e-06
lncRNA	ENST00000647872.1	LINC02693	1958	0	0	-1	0	7.9192629e-05	0	7.9192641e-05
lncRNA	ENST00000647872.1	LINC02693	1959	0	0	-1	0	6.1569995e-06	0	6.1570004e-06
lncRNA	ENST00000647872.1	LINC02693	1960	0	0	-1	0	5.9375071e-07	0	5.9375081e-07
lncRNA	ENST00000647872.1	LINC02693	1961	0	0	-1	0	2.8476995e-06	0	2.8477e-06
lncRNA	ENST00000647872.1	LINC02693	1962	0	0	-1	0	3.5799078e-06	0	3.5799084e-06
lncRNA	ENST00000647872.1	LINC02693	1963	0	0	-1	0	8.0273394e-06	0	8.0273407e-06
lncRNA	ENST00000647872.1	LINC02693	1964	0	0	-1	0	3.7287257e-06	0	3.7287263e-06
lncRNA	ENST00000647872.1	LINC02693	1965	0	0	-1	0	1.1639052e-06	0	1.1639053e-06
lncRNA	ENST00000647872.1	LINC02693	1966	0	0	-1	0	1.8285949e-06	0	1.8285952e-06
lncRNA	ENST00000647872.1	LINC02693	1967	0	0	-1	0	2.7478277e-06	0	2.7478281e-06
lncRNA	ENST00000647872.1	LINC02693	1968	0	0	-1	0	2.4299138e-07	0	2.4299141e-07
lncRNA	ENST00000647872.1	LINC02693	1969	0	0	-1	0	1.3342094e-05	0	1.3342097e-05
lncRNA	ENST00000647872.1	LINC02693	1970	0	0	-1	0	1.3988724e-06	0	1.3988726e-06
lncRNA	ENST00000647872.1	LINC02693	1971	0	0	-1	0	1.656622e-06	0	1.6566222e-06
lncRNA	ENST00000647872.1	LINC02693	1972	0	0	-1	0	5.5517467e-07	0	5.5517475e-07
lncRNA	ENST00000647872.1	LINC02693	1973	0	0	-1	0	1.9658986e-05	0	1.9658989e-05
lncRNA	ENST00000647872.1	LINC02693	1974	0	0	-1	0	2.5452496e-06	0	2.54525e-06
lncRNA	ENST00000647872.1	LINC02693	1975	0	0	-1	0	7.8897465e-06	0	7.8897477e-06
lncRNA	ENST00000647872.1	LINC02693	1976	0	0	-1	0	5.83359e-06	0	5.8335909e-06
lncRNA	ENST00000647872.1	LINC02693	1977	0	0	-1	0	2.6966284e-06	0	2.6966288e-06
lncRNA	ENST00000647872.1	LINC02693	1978	0	0	-1	0	1.4970943e-06	0	1.4970946e-06
lncRNA	ENST00000647872.1	LINC02693	1979	0	0	-1	0	1.8715954e-07	0	1.8715957e-07
lncRNA	ENST00000647872.1	LINC02693	1980	0	0	-1	0	2.8313726e-08	0	2.8313731e-08
lncRNA	ENST00000647872.1	LINC02693	1981	0	0	-1	0	4.5087731e-06	0	4.5087739e-06
lncRNA	ENST00000647872.1	LINC02693	1982	0	0	-1	0	1.1102762e-05	0	1.1102764e-05
lncRNA	ENST00000647872.1	LINC02693	1983	0	0	-1	0	1.2523952e-05	0	1.2523954e-05
lncRNA	ENST00000647872.1	LINC02693	1984	0	0	-1	0	1.1456097e-05	0	1.1456099e-05
lncRNA	ENST00000647872.1	LINC02693	1985	0	0	-1	0	5.0902759e-07	0	5.0902767e-07
lncRNA	ENST00000647872.1	LINC02693	1986	0	0	-1	0	9.8776759e-08	0	9.8776775e-08
lncRNA	ENST00000647872.1	LINC02693	1987	0	0	-1	0	1.0697573e-05	0	1.0697575e-05
lncRNA	ENST00000647872.1	LINC02693	1988	0	0	-1	0	1.3585198e-07	0	1.35852e-07
lncRNA	ENST00000647872.1	LINC02693	1989	0	0	-1	0	6.1022405e-07	0	6.1022415e-07
lncRNA	ENST00000647872.1	LINC02693	1990	0	0	-1	0	5.1696492e-08	0	5.1696501e-08
lncRNA	ENST00000647872.1	LINC02693	1991	0	0	-1	0	9.336739e-08	0	9.3367405e-08
lncRNA	ENST00000647872.1	LINC02693	1992	0	0	-1	0	1.1715183e-07	0	1.1715185e-07
lncRNA	ENST00000647872.1	LINC02693	1993	0	0	-1	0	7.5192457e-07	0	7.5192469e-07
lncRNA	ENST00000647872.1	LINC02693	1994	0	0	-1	0	8.896464e-07	0	8.8964654e-07
lncRNA	ENST00000647872.1	LINC02693	1995	0	0	-1	0	5.1972479e-06	0	5.1972487e-06
lncRNA	ENST00000647872.1	LINC02693	1996	0	0	-1	0	2.7265287e-05	0	2.7265291e-05
lncRNA	ENST00000647872.1	LINC02693	1997	0	0	-1	0	6.8983209e-06	0	6.8983219e-06
lncRNA	ENST00000647872.1	LINC02693	1998	0	0	-1	0	1.8664257e-06	0	1.866426e-06
lncRNA	ENST00000647872.1	LINC02693	1999	0	0	-1	0	2.9317193e-06	0	2.9317198e-06
lncRNA	ENST00000647872.1	LINC02693	2000	0	0	-1	0	2.3982161e-06	0	2.3982165e-06
lncRNA	ENST00000647872.1	LINC02693	2001	0	0	-1	0	6.6800271e-06	0	6.6800282e-06
lncRNA	ENST00000647872.1	LINC02693	2002	0	0	-1	0	3.5429596e-07	0	3.5429602e-07
lncRNA	ENST00000647872.1	LINC02693	2003	0	0	-1	0	5.5229555e-07	0	5.5229563e-07
lncRNA	ENST00000647872.1	LINC02693	2004	0	0	-1	0	5.6868639e-06	0	5.6868648e-06
lncRNA	ENST00000647872.1	LINC02693	2005	0	0	-1	0	2.0846894e-06	0	2.0846897e-06
lncRNA	ENST00000647872.1	LINC02693	2006	0	0	-1	0	4.0470304e-06	0	4.0470311e-06
lncRNA	ENST00000647872.1	LINC02693	2007	0	0	-1	0	6.4821e-07	0	6.4821011e-07
lncRNA	ENST00000647872.1	LINC02693	2008	0	0	-1	0	1.2602952e-06	0	1.2602954e-06
lncRNA	ENST00000647872.1	LINC02693	2009	0	0	-1	0	1.4233603e-06	0	1.4233606e-06
lncRNA	ENST00000647872.1	LINC02693	2010	0	0	-1	0	1.0602016e-06	0	1.0602018e-06
lncRNA	ENST00000647872.1	LINC02693	2011	0	0	-1	0	1.1953932e-06	0	1.1953934e-06
lncRNA	ENST00000647872.1	LINC02693	2012	0	0	-1	0	7.0943584e-06	0	7.0943595e-06
lncRNA	ENST00000647872.1	LINC02693	2013	0	0	-1	0	4.1510569e-07	0	4.1510575e-07
lncRNA	ENST00000647872.1	LINC02693	2014	0	0	-1	0	2.6973719e-06	0	2.6973723e-06
lncRNA	ENST00000647872.1	LINC02693	2015	0	0	-1	0	1.7111513e-06	0	1.7111516e-06
lncRNA	ENST00000647872.1	LINC02693	2016	0	0	-1	0	1.5507648e-06	0	1.550765e-06
lncRNA	ENST00000647872.1	LINC02693	2017	0	0	-1	0	6.4915406e-07	0	6.4915416e-07
lncRNA	ENST00000647872.1	LINC02693	2018	0	0	-1	0	1.8720481e-06	0	1.8720484e-06
lncRNA	ENST00000647872.1	LINC02693	2019	0	0	-1	0	1.0784112e-06	0	1.0784113e-06
lncRNA	ENST00000647872.1	LINC02693	2020	0	0	-1	0	1.1307151e-06	0	1.1307153e-06
lncRNA	ENST00000647872.1	LINC02693	2021	0	0	-1	0	5.9028525e-07	0	5.9028535e-07
lncRNA	ENST00000647872.1	LINC02693	2022	0	0	-1	0	3.2860936e-07	0	3.2860941e-07
lncRNA	ENST00000647872.1	LINC02693	2023	0	0	-1	0	5.0850282e-08	0	5.085029e-08
lncRNA	ENST00000647872.1	LINC02693	2024	0	0	-1	0	5.0317713e-06	0	5.031772e-06
lncRNA	ENST00000647872.1	LINC02693	2025	0	0	-1	0	5.3195561e-07	0	5.3195569e-07
lncRNA	ENST00000647872.1	LINC02693	2026	0	0	-1	0	8.1561967e-07	0	8.156198e-07
lncRNA	ENST00000647872.1	LINC02693	2027	0	0	-1	0	3.8198232e-06	0	3.8198238e-06
lncRNA	ENST00000647872.1	LINC02693	2028	0	0	-1	0	1.2914637e-06	0	1.2914639e-06
lncRNA	ENST00000647872.1	LINC02693	2029	0	0	-1	0	1.4605731e-06	0	1.4605733e-06
lncRNA	ENST00000647872.1	LINC02693	2030	0	0	-1	0	1.5761699e-06	0	1.5761701e-06
lncRNA	ENST00000647872.1	LINC02693	2031	0	0	-1	0	4.7182375e-06	0	4.7182382e-06
lncRNA	ENST00000647872.1	LINC02693	2032	0	0	-1	0	2.7115314e-06	0	2.7115318e-06
lncRNA	ENST00000647872.1	LINC02693	2033	0	0	-1	0	4.4663938e-07	0	4.4663945e-07
lncRNA	ENST00000647872.1	LINC02693	2034	0	0	-1	0	2.1154799e-06	0	2.1154802e-06
lncRNA	ENST00000647872.1	LINC02693	2035	0	0	-1	0	3.8851044e-06	0	3.885105e-06
lncRNA	ENST00000647872.1	LINC02693	2036	0	0	-1	0	3.2930313e-06	0	3.2930319e-06
lncRNA	ENST00000647872.1	LINC02693	2037	0	0	-1	0	4.473556e-05	0	4.4735567e-05
lncRNA	ENST00000647872.1	LINC02693	2038	0	0	-1	0	2.310331e-06	0	2.3103313e-06
lncRNA	ENST00000647872.1	LINC02693	2039	0	0	-1	0	4.1072681e-07	0	4.1072688e-07
lncRNA	ENST00000647872.1	LINC02693	2040	0	0	-1	0	5.4084614e-07	0	5.4084623e-07
lncRNA	ENST00000647872.1	LINC02693	2041	0	0	-1	0	2.063324e-06	0	2.0633243e-06
lncRNA	ENST00000647872.1	LINC02693	2042	0	0	-1	0	1.6828914e-06	0	1.6828916e-06
lncRNA	ENST00000647872.1	LINC02693	2043	0	0	-1	0	3.7924377e-07	0	3.7924383e-07
lncRNA	ENST00000647872.1	LINC02693	2044	0	0	-1	0	2.7482104e-06	0	2.7482108e-06
lncRNA	ENST00000647872.1	LINC02693	2045	0	0	-1	0	1.2290621e-07	0	1.2290623e-07
lncRNA	ENST00000647872.1	LINC02693	2046	0	0	-1	0	1.0638792e-06	0	1.0638793e-06
lncRNA	ENST00000647872.1	LINC02693	2047	0	0	-1	0	3.4398133e-06	0	3.4398139e-06
lncRNA	ENST00000647872.1	LINC02693	2048	0	0	-1	0	7.0848074e-07	0	7.0848085e-07
lncRNA	ENST00000647872.1	LINC02693	2049	0	0	-1	0	3.7518953e-07	0	3.7518959e-07
lncRNA	ENST00000647872.1	LINC02693	2050	0	0	-1	0	4.261554e-07	0	4.2615546e-07
lncRNA	ENST00000647872.1	LINC02693	2051	0	0	-1	0	8.2877723e-06	0	8.2877736e-06
lncRNA	ENST00000647872.1	LINC02693	2052	0	0	-1	0	1.2835434e-07	0	1.2835436e-07
lncRNA	ENST00000647872.1	LINC02693	2053	0	0	-1	0	1.5662565e-06	0	1.5662568e-06
lncRNA	ENST00000647872.1	LINC02693	2054	0	0	-1	0	2.1044882e-05	0	2.1044885e-05
lncRNA	ENST00000647872.1	LINC02693	2055	0	0	-1	0	2.9244629e-07	0	2.9244633e-07
lncRNA	ENST00000647872.1	LINC02693	2056	0	0	-1	0	2.0786612e-05	0	2.0786616e-05
lncRNA	ENST00000647872.1	LINC02693	2057	0	0	-1	0	2.0678282e-05	0	2.0678286e-05
lncRNA	ENST00000647872.1	LINC02693	2058	0	0	-1	0	7.0185101e-06	0	7.0185112e-06
lncRNA	ENST00000647872.1	LINC02693	2059	0	0	-1	0	1.7708263e-06	0	1.7708266e-06
lncRNA	ENST00000647872.1	LINC02693	2060	0	0	-1	0	3.0969716e-07	0	3.0969721e-07
lncRNA	ENST00000647872.1	LINC02693	2061	0	0	-1	0	3.3357639e-07	0	3.3357645e-07
lncRNA	ENST00000647872.1	LINC02693	2062	0	0	-1	0	1.7426889e-06	0	1.7426892e-06
lncRNA	ENST00000647872.1	LINC02693	2063	0	0	-1	0	2.6913037e-07	0	2.6913041e-07
lncRNA	ENST00000647872.1	LINC02693	2064	0	0	-1	0	2.1900428e-06	0	2.1900431e-06
lncRNA	ENST00000647872.1	LINC02693	2065	0	0	-1	0	4.8122024e-07	0	4.8122032e-07
lncRNA	ENST00000647872.1	LINC02693	2066	0	0	-1	0	8.9080868e-07	0	8.9080882e-07
lncRNA	ENST00000647872.1	LINC02693	2067	0	0	-1	0	5.6729377e-06	0	5.6729386e-06
lncRNA	ENST00000647872.1	LINC02693	2068	0	0	-1	0	3.7703678e-05	0	3.7703684e-05
lncRNA	ENST00000647872.1	LINC02693	2069	0	0	-1	0	1.9916857e-05	0	1.991686e-05
lncRNA	ENST00000647872.1	LINC02693	2070	0	0	-1	0	2.0880612e-05	0	2.0880616e-05
lncRNA	ENST00000647872.1	LINC02693	2071	0	0	-1	0	2.3791217e-06	0	2.3791221e-06
lncRNA	ENST00000647872.1	LINC02693	2072	0	0	-1	0	1.7287563e-06	0	1.7287565e-06
lncRNA	ENST00000647872.1	LINC02693	2073	0	0	-1	0	1.6931102e-06	0	1.6931105e-06
lncRNA	ENST00000647872.1	LINC02693	2074	0	0	-1	0	1.0763767e-06	0	1.0763769e-06
lncRNA	ENST00000647872.1	LINC02693	2075	0	0	-1	0	3.5660462e-06	0	3.5660468e-06
lncRNA	ENST00000647872.1	LINC02693	2076	0	0	-1	0	1.9347344e-06	0	1.9347347e-06
lncRNA	ENST00000647872.1	LINC02693	2077	0	0	-1	0	4.3061518e-06	0	4.3061525e-06
lncRNA	ENST00000647872.1	LINC02693	2078	0	0	-1	0	1.6276691e-06	0	1.6276694e-06
lncRNA	ENST00000647872.1	LINC02693	2079	0	0	-1	0	1.7602724e-06	0	1.7602727e-06
lncRNA	ENST00000647872.1	LINC02693	2080	0	0	-1	0	5.5725109e-06	0	5.5725117e-06
lncRNA	ENST00000647872.1	LINC02693	2081	0	0	-1	0	4.9338905e-05	0	4.9338913e-05
lncRNA	ENST00000647872.1	LINC02693	2082	0	0	-1	0	2.0233388e-06	0	2.0233391e-06
lncRNA	ENST00000647872.1	LINC02693	2083	0	0	-1	0	1.0259464e-06	0	1.0259466e-06
lncRNA	ENST00000647872.1	LINC02693	2084	0	0	-1	0	1.508291e-06	0	1.5082912e-06
lncRNA	ENST00000647872.1	LINC02693	2085	0	0	-1	0	9.2691664e-07	0	9.2691679e-07
lncRNA	ENST00000647872.1	LINC02693	2086	0	0	-1	0	3.8002182e-07	0	3.8002188e-07
lncRNA	ENST00000647872.1	LINC02693	2087	0	0	-1	0	1.3671317e-07	0	1.3671319e-07
lncRNA	ENST00000647872.1	LINC02693	2088	0	0	-1	0	2.7559042e-07	0	2.7559047e-07
lncRNA	ENST00000647872.1	LINC02693	2089	0	0	-1	0	7.7183699e-07	0	7.7183712e-07
lncRNA	ENST00000647872.1	LINC02693	2090	0	0	-1	0	5.7195471e-06	0	5.719548e-06
lncRNA	ENST00000647872.1	LINC02693	2091	0	0	-1	0	3.0203788e-07	0	3.0203792e-07
lncRNA	ENST00000647872.1	LINC02693	2092	0	0	-1	0	7.2805881e-07	0	7.2805892e-07
lncRNA	ENST00000647872.1	LINC02693	2093	0	0	-1	0	9.1627107e-06	0	9.1627122e-06
lncRNA	ENST00000647872.1	LINC02693	2094	0	0	-1	0	2.1072426e-06	0	2.1072429e-06
lncRNA	ENST00000647872.1	LINC02693	2095	0	0	-1	0	2.0531895e-06	0	2.0531898e-06
lncRNA	ENST00000647872.1	LINC02693	2096	0	0	-1	0	2.2869451e-06	0	2.2869455e-06
lncRNA	ENST00000647872.1	LINC02693	2097	0	0	-1	0	2.4962153e-06	0	2.4962157e-06
lncRNA	ENST00000647872.1	LINC02693	2098	0	0	-1	0	1.5471655e-07	0	1.5471657e-07
lncRNA	ENST00000647872.1	LINC02693	2099	0	0	-1	0	1.6232002e-06	0	1.6232005e-06
lncRNA	ENST00000647872.1	LINC02693	2100	0	0	-1	0	4.5586918e-07	0	4.5586926e-07
lncRNA	ENST00000647872.1	LINC02693	2101	0	0	-1	0	4.2491763e-07	0	4.249177e-07
lncRNA	ENST00000647872.1	LINC02693	2102	0	0	-1	0	8.116786e-07	0	8.1167873e-07
lncRNA	ENST00000647872.1	LINC02693	2103	0	0	-1	0	9.6707303e-08	0	9.6707319e-08
lncRNA	ENST00000647872.1	LINC02693	2104	0	0	-1	0	1.4346825e-06	0	1.4346828e-06
lncRNA	ENST00000647872.1	LINC02693	2105	0	0	-1	0	2.7042344e-07	0	2.7042348e-07
lncRNA	ENST00000647872.1	LINC02693	2106	0	0	-1	0	9.420649e-07	0	9.4206505e-07
lncRNA	ENST00000647872.1	LINC02693	2107	0	0	-1	0	1.8515584e-06	0	1.8515587e-06
lncRNA	ENST00000647872.1	LINC02693	2108	0	0	-1	0	1.5706412e-07	0	1.5706415e-07
lncRNA	ENST00000647872.1	LINC02693	2109	0	0	-1	0	2.4051699e-06	0	2.4051703e-06
lncRNA	ENST00000647872.1	LINC02693	2110	0	0	-1	0	1.2255268e-06	0	1.225527e-06
lncRNA	ENST00000647872.1	LINC02693	2111	0	0	-1	0	2.7724985e-07	0	2.772499e-07
lncRNA	ENST00000647872.1	LINC02693	2112	0	0	-1	0	8.4317469e-07	0	8.4317482e-07
lncRNA	ENST00000647872.1	LINC02693	2113	0	0	-1	0	7.6844708e-06	0	7.684472e-06
lncRNA	ENST00000647872.1	LINC02693	2114	0	0	-1	0	3.388167e-06	0	3.3881675e-06
lncRNA	ENST00000647872.1	LINC02693	2115	0	0	-1	0	1.483114e-06	0	1.4831143e-06
lncRNA	ENST00000647872.1	LINC02693	2116	0	0	-1	0	4.6067053e-05	0	4.606706e-05
lncRNA	ENST00000647872.1	LINC02693	2117	0	0	-1	0	8.040779e-06	0	8.0407803e-06
lncRNA	ENST00000647872.1	LINC02693	2118	0	0	-1	0	1.277169e-06	0	1.2771692e-06
lncRNA	ENST00000647872.1	LINC02693	2119	0	0	-1	0	4.4107255e-06	0	4.4107262e-06
lncRNA	ENST00000647872.1	LINC02693	2120	0	0	-1	0	2.354666e-05	0	2.3546663e-05
lncRNA	ENST00000647872.1	LINC02693	2121	0	0	-1	0	9.7878933e-07	0	9.7878948e-07
lncRNA	ENST00000647872.1	LINC02693	2122	0	0	-1	0	2.6037926e-06	0	2.603793e-06
lncRNA	ENST00000647872.1	LINC02693	2123	0	0	-1	0	2.0993144e-05	0	2.0993147e-05
lncRNA	ENST00000647872.1	LINC02693	2124	0	0	-1	0	7.9282319e-07	0	7.9282331e-07
lncRNA	ENST00000647872.1	LINC02693	2125	0	0	-1	0	9.7314578e-06	0	9.7314593e-06
lncRNA	ENST00000647872.1	LINC02693	2126	0	0	-1	0	6.4074493e-07	0	6.4074503e-07
lncRNA	ENST00000647872.1	LINC02693	2127	0	0	-1	0	1.2846842e-06	0	1.2846844e-06
lncRNA	ENST00000647872.1	LINC02693	2128	0	0	-1	0	4.2602514e-06	0	4.2602521e-06
lncRNA	ENST00000647872.1	LINC02693	2129	0	0	-1	0	4.7317394e-07	0	4.7317402e-07
lncRNA	ENST00000647872.1	LINC02693	2130	0	0	-1	0	5.9537973e-07	0	5.9537982e-07
lncRNA	ENST00000647872.1	LINC02693	2131	0	0	-1	0	3.3448061e-06	0	3.3448067e-06
lncRNA	ENST00000647872.1	LINC02693	2132	0	0	-1	0	3.2264631e-06	0	3.2264637e-06
lncRNA	ENST00000647872.1	LINC02693	2133	0	0	-1	0	6.2643295e-07	0	6.2643305e-07
lncRNA	ENST00000647872.1	LINC02693	2134	0	0	-1	0	2.6647137e-06	0	2.6647142e-06
lncRNA	ENST00000647872.1	LINC02693	2135	0	0	-1	0	8.1806533e-08	0	8.1806546e-08
lncRNA	ENST00000647872.1	LINC02693	2136	0	0	-1	0	2.5572031e-06	0	2.5572035e-06
lncRNA	ENST00000647872.1	LINC02693	2137	0	0	-1	0	8.2663684e-07	0	8.2663697e-07
lncRNA	ENST00000647872.1	LINC02693	2138	0	0	-1	0	2.7303822e-05	0	2.7303827e-05
lncRNA	ENST00000647872.1	LINC02693	2139	0	0	-1	0	9.790494e-06	0	9.7904955e-06
lncRNA	ENST00000647872.1	LINC02693	2140	0	0	-1	0	7.7217164e-06	0	7.7217176e-06
lncRNA	ENST00000647872.1	LINC02693	2141	0	0	-1	0	9.342795e-08	0	9.3427965e-08
lncRNA	ENST00000647872.1	LINC02693	2142	0	0	-1	0	7.5720288e-07	0	7.57203e-07
lncRNA	ENST00000647872.1	LINC02693	2143	0	0	-1	0	1.570678e-06	0	1.5706783e-06
lncRNA	ENST00000647872.1	LINC02693	2144	0	0	-1	0	1.7215763e-06	0	1.7215765e-06
lncRNA	ENST00000647872.1	LINC02693	2145	0	0	-1	0	5.1076012e-07	0	5.107602e-07
lncRNA	ENST00000647872.1	LINC02693	2146	0	0	-1	0	2.5249151e-06	0	2.5249155e-06
lncRNA	ENST00000647872.1	LINC02693	2147	0	0	-1	0	6.0470205e-07	0	6.0470215e-07
lncRNA	ENST00000647872.1	LINC02693	2148	0	0	-1	0	4.7886624e-07	0	4.7886632e-07
lncRNA	ENST00000647872.1	LINC02693	2149	0	0	-1	0	5.4653412e-07	0	5.4653421e-07
lncRNA	ENST00000647872.1	LINC02693	2150	0	0	-1	0	3.2294813e-07	0	3.2294818e-07
lncRNA	ENST00000647872.1	LINC02693	2151	0	0	-1	0	2.4074703e-07	0	2.4074707e-07
lncRNA	ENST00000647872.1	LINC02693	2152	0	0	-1	0	1.5221872e-05	0	1.5221874e-05
lncRNA	ENST00000647872.1	LINC02693	2153	0	0	-1	0	2.5327215e-06	0	2.5327219e-06
lncRNA	ENST00000647872.1	LINC02693	2154	0	0	-1	0	1.9004082e-06	0	1.9004085e-06
lncRNA	ENST00000647872.1	LINC02693	2155	0	0	-1	0	5.9776306e-07	0	5.9776316e-07
lncRNA	ENST00000647872.1	LINC02693	2156	0	0	-1	0	4.8051515e-08	0	4.8051522e-08
lncRNA	ENST00000647872.1	LINC02693	2157	0	0	-1	0	2.9546477e-08	0	2.9546482e-08
lncRNA	ENST00000647872.1	LINC02693	2158	0	0	-1	0	1.0390323e-06	0	1.0390325e-06
lncRNA	ENST00000647872.1	LINC02693	2159	0	0	-1	0	1.210593e-06	0	1.2105932e-06
lncRNA	ENST00000647872.1	LINC02693	2160	0	0	-1	0	1.4670161e-07	0	1.4670163e-07
lncRNA	ENST00000647872.1	LINC02693	2161	0	0	-1	0	1.8861911e-06	0	1.8861914e-06
lncRNA	ENST00000647872.1	LINC02693	2162	0	0	-1	0	3.5221029e-07	0	3.5221035e-07
lncRNA	ENST00000647872.1	LINC02693	2163	0	0	-1	0	6.3337296e-07	0	6.3337306e-07
lncRNA	ENST00000647872.1	LINC02693	2164	0	0	-1	0	2.7000358e-06	0	2.7000362e-06
lncRNA	ENST00000647872.1	LINC02693	2165	0	0	-1	0	3.8175322e-06	0	3.8175328e-06
lncRNA	ENST00000647872.1	LINC02693	2166	0	0	-1	0	7.3958154e-06	0	7.3958165e-06
lncRNA	ENST00000647872.1	LINC02693	2167	0	0	-1	0	1.0657691e-06	0	1.0657693e-06
lncRNA	ENST00000647872.1	LINC02693	2168	0	0	-1	0	6.7744531e-07	0	6.7744542e-07
lncRNA	ENST00000647872.1	LINC02693	2169	0	0	-1	0	5.5048611e-07	0	5.5048619e-07
lncRNA	ENST00000647872.1	LINC02693	2170	0	0	-1	0	1.4559009e-05	0	1.4559012e-05
lncRNA	ENST00000647872.1	LINC02693	2171	0	0	-1	0	1.7558505e-05	0	1.7558507e-05
lncRNA	ENST00000647872.1	LINC02693	2172	0	0	-1	0	2.3065727e-06	0	2.3065731e-06
lncRNA	ENST00000647872.1	LINC02693	2173	0	0	-1	0	1.2347737e-06	0	1.2347739e-06
lncRNA	ENST00000647872.1	LINC02693	2174	0	0	-1	0	3.0440056e-06	0	3.044006e-06
lncRNA	ENST00000647872.1	LINC02693	2175	0	0	-1	0	1.2423202e-06	0	1.2423204e-06
lncRNA	ENST00000647872.1	LINC02693	2176	0	0	-1	0	1.7045036e-07	0	1.7045039e-07
lncRNA	ENST00000647872.1	LINC02693	2177	0	0	-1	0	1.4616585e-06	0	1.4616587e-06
lncRNA	ENST00000647872.1	LINC02693	2178	0	0	-1	0	7.7357316e-07	0	7.7357328e-07
lncRNA	ENST00000647872.1	LINC02693	2179	0	0	-1	0	8.9574201e-07	0	8.9574215e-07
lncRNA	ENST00000647872.1	LINC02693	2180	0	0	-1	0	6.4130307e-07	0	6.4130318e-07
lncRNA	ENST00000647872.1	LINC02693	2181	0	0	-1	0	4.44123e-06	0	4.4412307e-06
lncRNA	ENST00000647872.1	LINC02693	2182	0	0	-1	0	2.4577739e-07	0	2.4577742e-07
lncRNA	ENST00000647872.1	LINC02693	2183	0	0	-1	0	6.0906768e-07	0	6.0906778e-07
lncRNA	ENST00000647872.1	LINC02693	2184	0	0	-1	0	6.689778e-07	0	6.6897791e-07
lncRNA	ENST00000647872.1	LINC02693	2185	0	0	-1	0	6.9246829e-07	0	6.924684e-07
lncRNA	ENST00000647872.1	LINC02693	2186	0	0	-1	0	8.5901644e-07	0	8.5901657e-07
lncRNA	ENST00000647872.1	LINC02693	2187	0	0	-1	0	2.5964653e-06	0	2.5964657e-06
lncRNA	ENST00000647872.1	LINC02693	2188	0	0	-1	0	1.6260293e-06	0	1.6260296e-06
lncRNA	ENST00000647872.1	LINC02693	2189	0	0	-1	0	2.2473372e-07	0	2.2473376e-07
lncRNA	ENST00000647872.1	LINC02693	2190	0	0	-1	0	9.4759422e-08	0	9.4759437e-08
lncRNA	ENST00000647872.1	LINC02693	2191	0	0	-1	0	6.5874195e-07	0	6.5874206e-07
lncRNA	ENST00000647872.1	LINC02693	2192	0	0	-1	0	1.4916196e-07	0	1.4916199e-07
lncRNA	ENST00000647872.1	LINC02693	2193	0	0	-1	0	1.4605521e-06	0	1.4605523e-06
lncRNA	ENST00000647872.1	LINC02693	2194	0	0	-1	0	1.2184961e-06	0	1.2184963e-06
lncRNA	ENST00000647872.1	LINC02693	2195	0	0	-1	0	1.1863111e-06	0	1.1863113e-06
lncRNA	ENST00000647872.1	LINC02693	2196	0	0	-1	0	6.3739841e-05	0	6.3739851e-05
lncRNA	ENST00000647872.1	LINC02693	2197	0	0	-1	0	4.9915207e-07	0	4.9915214e-07
lncRNA	ENST00000647872.1	LINC02693	2198	0	0	-1	0	5.764403e-07	0	5.7644039e-07
lncRNA	ENST00000647872.1	LINC02693	2199	0	0	-1	0	8.6092979e-07	0	8.6092992e-07
lncRNA	ENST00000647872.1	LINC02693	2200	0	0	-1	0	5.479978e-06	0	5.4799788e-06
lncRNA	ENST00000647872.1	LINC02693	2201	0	0	-1	0	2.0365997e-06	0	2.0366e-06
lncRNA	ENST00000647872.1	LINC02693	2202	0	0	-1	0	8.3204723e-06	0	8.3204736e-06
lncRNA	ENST00000647872.1	LINC02693	2203	0	0	-1	0	1.7755223e-06	0	1.7755225e-06
lncRNA	ENST00000647872.1	LINC02693	2204	0	0	-1	0	1.8574106e-06	0	1.8574108e-06
lncRNA	ENST00000647872.1	LINC02693	2205	0	0	-1	0	1.3898062e-06	0	1.3898065e-06
lncRNA	ENST00000647872.1	LINC02693	2206	0	0	-1	0	1.5674287e-07	0	1.567429e-07
lncRNA	ENST00000647872.1	LINC02693	2207	0	0	-1	0	3.8060921e-06	0	3.8060927e-06
lncRNA	ENST00000647872.1	LINC02693	2208	0	0	-1	0	1.0178872e-05	0	1.0178873e-05
lncRNA	ENST00000647872.1	LINC02693	2209	0	0	-1	0	5.5148371e-06	0	5.514838e-06
lncRNA	ENST00000647872.1	LINC02693	2210	0	0	-1	0	1.729297e-06	0	1.7292972e-06
lncRNA	ENST00000647872.1	LINC02693	2211	0	0	-1	0	3.7344002e-05	0	3.7344007e-05
lncRNA	ENST00000647872.1	LINC02693	2212	0	0	-1	0	1.0208416e-05	0	1.0208418e-05
lncRNA	ENST00000647872.1	LINC02693	2213	0	0	-1	0	2.4578139e-05	0	2.4578143e-05
lncRNA	ENST00000647872.1	LINC02693	2214	0	0	-1	0	5.6207655e-06	0	5.6207664e-06
lncRNA	ENST00000647872.1	LINC02693	2215	0	0	-1	0	1.4372188e-06	0	1.437219e-06
lncRNA	ENST00000647872.1	LINC02693	2216	0	0	-1	0	6.4775827e-07	0	6.4775837e-07
lncRNA	ENST00000647872.1	LINC02693	2217	0	0	-1	0	8.4899483e-07	0	8.4899496e-07
lncRNA	ENST00000647872.1	LINC02693	2218	0	0	-1	0	5.6850286e-07	0	5.6850294e-07
lncRNA	ENST00000647872.1	LINC02693	2219	0	0	-1	0	3.9462695e-05	0	3.9462701e-05
lncRNA	ENST00000647872.1	LINC02693	2220	0	0	-1	0	5.1855191e-06	0	5.1855199e-06
lncRNA	ENST00000647872.1	LINC02693	2221	0	0	-1	0	1.7757349e-05	0	1.7757352e-05
lncRNA	ENST00000647872.1	LINC02693	2222	0	0	-1	0	2.6046544e-06	0	2.6046548e-06
lncRNA	ENST00000647872.1	LINC02693	2223	0	0	-1	0	1.9780255e-06	0	1.9780258e-06
lncRNA	ENST00000647872.1	LINC02693	2224	0	0	-1	0	6.1829394e-07	0	6.1829404e-07
lncRNA	ENST00000647872.1	LINC02693	2225	0	0	-1	0	5.2092594e-07	0	5.2092602e-07
lncRNA	ENST00000647872.1	LINC02693	2226	0	0	-1	0	3.0606049e-07	0	3.0606053e-07
lncRNA	ENST00000647872.1	LINC02693	2227	0	0	-1	0	4.2572096e-06	0	4.2572103e-06
lncRNA	ENST00000647872.1	LINC02693	2228	0	0	-1	0	1.9931078e-06	0	1.9931082e-06
lncRNA	ENST00000647872.1	LINC02693	2229	0	0	-1	0	2.6911013e-05	0	2.6911017e-05
lncRNA	ENST00000647872.1	LINC02693	2230	0	0	-1	0	2.1367659e-06	0	2.1367663e-06
lncRNA	ENST00000647872.1	LINC02693	2231	0	0	-1	0	3.9459039e-07	0	3.9459045e-07
lncRNA	ENST00000647872.1	LINC02693	2232	0	0	-1	0	2.5900868e-06	0	2.5900872e-06
lncRNA	ENST00000647872.1	LINC02693	2233	0	0	-1	0	2.8416337e-06	0	2.8416341e-06
lncRNA	ENST00000647872.1	LINC02693	2234	0	0	-1	0	7.9618735e-07	0	7.9618748e-07
lncRNA	ENST00000647872.1	LINC02693	2235	0	0	-1	0	1.8363701e-06	0	1.8363704e-06
lncRNA	ENST00000647872.1	LINC02693	2236	0	0	-1	0	9.9183364e-07	0	9.918338e-07
lncRNA	ENST00000647872.1	LINC02693	2237	0	0	-1	0	6.7624796e-07	0	6.7624807e-07
lncRNA	ENST00000647872.1	LINC02693	2238	0	0	-1	0	4.7931971e-06	0	4.7931979e-06
lncRNA	ENST00000647872.1	LINC02693	2239	0	0	-1	0	1.5145712e-06	0	1.5145714e-06
lncRNA	ENST00000647872.1	LINC02693	2240	0	0	-1	0	3.5289247e-07	0	3.5289253e-07
lncRNA	ENST00000647872.1	LINC02693	2241	0	0	-1	0	8.7201533e-06	0	8.7201547e-06
lncRNA	ENST00000647872.1	LINC02693	2242	0	0	-1	0	5.041974e-06	0	5.0419748e-06
lncRNA	ENST00000647872.1	LINC02693	2243	0	0	-1	0	2.5065958e-07	0	2.5065962e-07
lncRNA	ENST00000647872.1	LINC02693	2244	0	0	-1	0	1.0016687e-05	0	1.0016689e-05
lncRNA	ENST00000647872.1	LINC02693	2245	0	0	-1	0	2.3315974e-06	0	2.3315978e-06
lncRNA	ENST00000647872.1	LINC02693	2246	0	0	-1	0	1.213109e-06	0	1.2131092e-06
lncRNA	ENST00000647872.1	LINC02693	2247	0	0	-1	0	4.8331287e-07	0	4.8331295e-07
lncRNA	ENST00000647872.1	LINC02693	2248	0	0	-1	0	2.9420739e-06	0	2.9420744e-06
lncRNA	ENST00000647872.1	LINC02693	2249	0	0	-1	0	7.3642946e-07	0	7.3642957e-07
lncRNA	ENST00000647872.1	LINC02693	2250	0	0	-1	0	7.3460114e-08	0	7.3460126e-08
lncRNA	ENST00000647872.1	LINC02693	2251	0	0	-1	0	3.6870614e-07	0	3.687062e-07
lncRNA	ENST00000647872.1	LINC02693	2252	0	0	-1	0	6.3681355e-06	0	6.3681365e-06
lncRNA	ENST00000647872.1	LINC02693	2253	0	0	-1	0	6.9843009e-05	0	6.984302e-05
lncRNA	ENST00000647872.1	LINC02693	2254	0	0	-1	0	6.7139149e-06	0	6.713916e-06
lncRNA	ENST00000647872.1	LINC02693	2255	0	0	-1	0	2.1393982e-06	0	2.1393986e-06
lncRNA	ENST00000647872.1	LINC02693	2256	0	0	-1	0	8.8603178e-07	0	8.8603192e-07
lncRNA	ENST00000647872.1	LINC02693	2257	0	0	-1	0	6.5876361e-06	0	6.5876371e-06
lncRNA	ENST00000647872.1	LINC02693	2258	0	0	-1	0	1.374246e-06	0	1.3742463e-06
lncRNA	ENST00000647872.1	LINC02693	2259	0	0	-1	0	5.1686834e-06	0	5.1686842e-06
lncRNA	ENST00000647872.1	LINC02693	2260	0	0	-1	0	1.4636756e-06	0	1.4636759e-06
lncRNA	ENST00000647872.1	LINC02693	2261	0	0	-1	0	1.5006966e-06	0	1.5006968e-06
lncRNA	ENST00000647872.1	LINC02693	2262	0	0	-1	0	5.7328799e-07	0	5.7328808e-07
lncRNA	ENST00000647872.1	LINC02693	2263	0	0	-1	0	2.0166135e-06	0	2.0166138e-06
lncRNA	ENST00000647872.1	LINC02693	2264	0	0	-1	0	2.4255354e-07	0	2.4255358e-07
lncRNA	ENST00000647872.1	LINC02693	2265	0	0	-1	0	4.1561549e-07	0	4.1561555e-07
lncRNA	ENST00000647872.1	LINC02693	2266	0	0	-1	0	3.1170359e-06	0	3.1170364e-06
lncRNA	ENST00000647872.1	LINC02693	2267	0	0	-1	0	2.1433498e-06	0	2.1433501e-06
lncRNA	ENST00000647872.1	LINC02693	2268	0	0	-1	0	1.3606951e-06	0	1.3606954e-06
lncRNA	ENST00000647872.1	LINC02693	2269	0	0	-1	0	2.7588572e-07	0	2.7588577e-07
lncRNA	ENST00000647872.1	LINC02693	2270	0	0	-1	0	1.9272495e-07	0	1.9272498e-07
lncRNA	ENST00000647872.1	LINC02693	2271	0	0	-1	0	4.5080292e-06	0	4.5080299e-06
lncRNA	ENST00000647872.1	LINC02693	2272	0	0	-1	0	1.518852e-05	0	1.5188522e-05
lncRNA	ENST00000647872.1	LINC02693	2273	0	0	-1	0	3.718245e-05	0	3.7182456e-05
lncRNA	ENST00000647872.1	LINC02693	2274	0	0	-1	0	1.300021e-06	0	1.3000212e-06
lncRNA	ENST00000647872.1	LINC02693	2275	0	0	-1	0	4.0119953e-06	0	4.0119959e-06
lncRNA	ENST00000647872.1	LINC02693	2276	0	0	-1	0	6.3625714e-07	0	6.3625724e-07
lncRNA	ENST00000647872.1	LINC02693	2277	0	0	-1	0	1.4923958e-06	0	1.492396e-06
lncRNA	ENST00000647872.1	LINC02693	2278	0	0	-1	0	4.4436339e-07	0	4.4436346e-07
lncRNA	ENST00000647872.1	LINC02693	2279	0	0	-1	0	5.9916078e-07	0	5.9916088e-07
lncRNA	ENST00000647872.1	LINC02693	2280	0	0	-1	0	1.7813761e-07	0	1.7813764e-07
lncRNA	ENST00000647872.1	LINC02693	2281	0	0	-1	0	4.2278981e-07	0	4.2278988e-07
lncRNA	ENST00000647872.1	LINC02693	2282	0	0	-1	0	7.8255624e-08	0	7.8255637e-08
lncRNA	ENST00000647872.1	LINC02693	2283	0	0	-1	0	1.0688588e-07	0	1.0688589e-07
lncRNA	ENST00000647872.1	LINC02693	2284	0	0	-1	0	6.9468149e-07	0	6.946816e-07
lncRNA	ENST00000647872.1	LINC02693	2285	0	0	-1	0	1.8440585e-06	0	1.8440588e-06
lncRNA	ENST00000647872.1	LINC02693	2286	0	0	-1	0	7.6570377e-06	0	7.6570389e-06
lncRNA	ENST00000647872.1	LINC02693	2287	0	0	-1	0	5.9833878e-06	0	5.9833888e-06
lncRNA	ENST00000647872.1	LINC02693	2288	0	0	-1	0	1.082312e-06	0	1.0823122e-06
lncRNA	ENST00000647872.1	LINC02693	2289	0	0	-1	0	1.0751278e-05	0	1.075128e-05
lncRNA	ENST00000647872.1	LINC02693	2290	0	0	-1	0	2.1786395e-06	0	2.1786399e-06
lncRNA	ENST00000647872.1	LINC02693	2291	0	0	-1	0	7.7913938e-07	0	7.7913951e-07
lncRNA	ENST00000647872.1	LINC02693	2292	0	0	-1	0	1.3965531e-06	0	1.3965533e-06
lncRNA	ENST00000647872.1	LINC02693	2293	0	0	-1	0	3.9174697e-06	0	3.9174703e-06
lncRNA	ENST00000647872.1	LINC02693	2294	0	0	-1	0	9.559667e-06	0	9.5596685e-06
lncRNA	ENST00000647872.1	LINC02693	2295	0	0	-1	0	1.5588021e-05	0	1.5588023e-05
lncRNA	ENST00000647872.1	LINC02693	2296	0	0	-1	0	0.0001488541	0	0.00014885413
lncRNA	ENST00000647872.1	LINC02693	2297	0	0	-1	0	6.492869e-06	0	6.4928701e-06
lncRNA	ENST00000647872.1	LINC02693	2298	0	0	-1	0	1.9242552e-06	0	1.9242555e-06
lncRNA	ENST00000647872.1	LINC02693	2299	0	0	-1	0	7.8401263e-07	0	7.8401275e-07
lncRNA	ENST00000647872.1	LINC02693	2300	0	0	-1	0	1.9648806e-07	0	1.9648809e-07
lncRNA	ENST00000647872.1	LINC02693	2301	0	0	-1	0	1.5409942e-05	0	1.5409944e-05
lncRNA	ENST00000647872.1	LINC02693	2302	0	0	-1	0	1.4518785e-07	0	1.4518788e-07
lncRNA	ENST00000647872.1	LINC02693	2303	0	0	-1	0	2.0903124e-07	0	2.0903127e-07
lncRNA	ENST00000647872.1	LINC02693	2304	0	0	-1	0	1.4845e-05	0	1.4845002e-05
lncRNA	ENST00000647872.1	LINC02693	2305	0	0	-1	0	9.6583096e-07	0	9.6583112e-07
lncRNA	ENST00000647872.1	LINC02693	2306	0	0	-1	0	8.0432628e-08	0	8.043264e-08
lncRNA	ENST00000647872.1	LINC02693	2307	0	0	-1	0	2.3502025e-06	0	2.3502029e-06
lncRNA	ENST00000647872.1	LINC02693	2308	0	0	-1	0	1.399842e-05	0	1.3998423e-05
lncRNA	ENST00000647872.1	LINC02693	2309	0	0	-1	0	1.1557803e-05	0	1.1557805e-05
lncRNA	ENST00000647872.1	LINC02693	2310	0	0	-1	0	4.4346893e-05	0	4.43469e-05
lncRNA	ENST00000647872.1	LINC02693	2311	0	0	-1	0	1.3143854e-05	0	1.3143856e-05
lncRNA	ENST00000647872.1	LINC02693	2312	0	0	-1	0	2.0026421e-06	0	2.0026424e-06
lncRNA	ENST00000647872.1	LINC02693	2313	0	0	-1	0	4.6837242e-05	0	4.6837249e-05
lncRNA	ENST00000647872.1	LINC02693	2314	0	0	-1	0	0.00039298891	0	0.00039298897
lncRNA	ENST00000647872.1	LINC02693	2315	0	0	-1	0	4.6200184e-05	0	4.6200192e-05
lncRNA	ENST00000647872.1	LINC02693	2316	0	0	-1	0	6.5789063e-05	0	6.5789074e-05
lncRNA	ENST00000647872.1	LINC02693	2317	0	0	-1	0	0.00012925272	0	0.00012925274
lncRNA	ENST00000647872.1	LINC02693	2318	0	0	-1	0	1.1597485e-05	0	1.1597487e-05
lncRNA	ENST00000647872.1	LINC02693	2319	0	0	-1	0	1.5026206e-05	0	1.5026208e-05
lncRNA	ENST00000647872.1	LINC02693	2320	0	0	-1	0	1.3799016e-05	0	1.3799019e-05
lncRNA	ENST00000647872.1	LINC02693	2321	0	0	-1	0	4.1277266e-07	0	4.1277273e-07
lncRNA	ENST00000647872.1	LINC02693	2322	0	0	-1	0	1.3831823e-07	0	1.3831825e-07
lncRNA	ENST00000647872.1	LINC02693	2323	0	0	-1	0	1.0416462e-05	0	1.0416464e-05
lncRNA	ENST00000647872.1	LINC02693	2324	0	0	-1	0	1.5294461e-06	0	1.5294463e-06
lncRNA	ENST00000647872.1	LINC02693	2325	0	0	-1	0	1.7871266e-06	0	1.7871269e-06
lncRNA	ENST00000647872.1	LINC02693	2326	0	0	-1	0	2.9876155e-06	0	2.987616e-06
lncRNA	ENST00000647872.1	LINC02693	2327	0	0	-1	0	3.0433669e-06	0	3.0433673e-06
lncRNA	ENST00000647872.1	LINC02693	2328	0	0	-1	0	1.4611581e-06	0	1.4611584e-06
lncRNA	ENST00000647872.1	LINC02693	2329	0	0	-1	0	1.5618011e-06	0	1.5618014e-06
lncRNA	ENST00000647872.1	LINC02693	2330	0	0	-1	0	2.9317007e-07	0	2.9317012e-07
lncRNA	ENST00000647872.1	LINC02693	2331	0	0	-1	0	8.7062845e-06	0	8.7062858e-06
lncRNA	ENST00000647872.1	LINC02693	2332	0	0	-1	0	3.3752396e-05	0	3.3752401e-05
lncRNA	ENST00000647872.1	LINC02693	2333	0	0	-1	0	6.839382e-07	0	6.839383e-07
lncRNA	ENST00000647872.1	LINC02693	2334	0	0	-1	0	2.6714617e-06	0	2.6714622e-06
lncRNA	ENST00000647872.1	LINC02693	2335	0	0	-1	0	1.014609e-06	0	1.0146091e-06
lncRNA	ENST00000647872.1	LINC02693	2336	0	0	-1	0	3.0927911e-06	0	3.0927916e-06
lncRNA	ENST00000647872.1	LINC02693	2337	0	0	-1	0	3.1076715e-06	0	3.107672e-06
lncRNA	ENST00000647872.1	LINC02693	2338	0	0	-1	0	2.8624163e-06	0	2.8624167e-06
lncRNA	ENST00000647872.1	LINC02693	2339	0	0	-1	0	4.8993894e-07	0	4.8993902e-07
lncRNA	ENST00000647872.1	LINC02693	2340	0	0	-1	0	1.564527e-05	0	1.5645272e-05
lncRNA	ENST00000647872.1	LINC02693	2341	0	0	-1	0	9.9960744e-06	0	9.9960759e-06
lncRNA	ENST00000647872.1	LINC02693	2342	0	0	-1	0	2.8615963e-05	0	2.8615967e-05
lncRNA	ENST00000647872.1	LINC02693	2343	0	0	-1	0	3.1603513e-06	0	3.1603518e-06
lncRNA	ENST00000647872.1	LINC02693	2344	0	0	-1	0	3.8339908e-06	0	3.8339914e-06
lncRNA	ENST00000647872.1	LINC02693	2345	0	0	-1	0	1.3337253e-06	0	1.3337255e-06
lncRNA	ENST00000647872.1	LINC02693	2346	0	0	-1	0	1.1856445e-05	0	1.1856447e-05
lncRNA	ENST00000647872.1	LINC02693	2347	0	0	-1	0	5.0983576e-06	0	5.0983584e-06
lncRNA	ENST00000647872.1	LINC02693	2348	0	0	-1	0	1.5477523e-06	0	1.5477525e-06
lncRNA	ENST00000647872.1	LINC02693	2349	0	0	-1	0	3.5226356e-06	0	3.5226361e-06
lncRNA	ENST00000647872.1	LINC02693	2350	0	0	-1	0	2.4320909e-05	0	2.4320913e-05
lncRNA	ENST00000647872.1	LINC02693	2351	0	0	-1	0	3.4600029e-07	0	3.4600035e-07
lncRNA	ENST00000647872.1	LINC02693	2352	0	0	-1	0	3.0948578e-07	0	3.0948583e-07
lncRNA	ENST00000647872.1	LINC02693	2353	0	0	-1	0	1.2161945e-05	0	1.2161947e-05
lncRNA	ENST00000647872.1	LINC02693	2354	0	0	-1	0	1.2133434e-05	0	1.2133436e-05
lncRNA	ENST00000647872.1	LINC02693	2355	0	0	-1	0	5.1494484e-05	0	5.1494492e-05
lncRNA	ENST00000647872.1	LINC02693	2356	0	0	-1	0	8.0602979e-07	0	8.0602992e-07
lncRNA	ENST00000647872.1	LINC02693	2357	0	0	-1	0	7.3562154e-07	0	7.3562166e-07
lncRNA	ENST00000647872.1	LINC02693	2358	0	0	-1	0	9.5634925e-07	0	9.563494e-07
lncRNA	ENST00000647872.1	LINC02693	2359	0	0	-1	0	6.0050938e-06	0	6.0050948e-06
lncRNA	ENST00000647872.1	LINC02693	2360	0	0	-1	0	7.4694157e-07	0	7.4694168e-07
lncRNA	ENST00000647872.1	LINC02693	2361	0	0	-1	0	9.5779046e-07	0	9.5779061e-07
lncRNA	ENST00000647872.1	LINC02693	2362	0	0	-1	0	2.6287341e-07	0	2.6287346e-07
lncRNA	ENST00000647872.1	LINC02693	2363	0	0	-1	0	9.2756738e-07	0	9.2756753e-07
lncRNA	ENST00000647872.1	LINC02693	2364	0	0	-1	0	4.3879621e-07	0	4.3879628e-07
lncRNA	ENST00000647872.1	LINC02693	2365	0	0	-1	0	1.1382343e-06	0	1.1382345e-06
lncRNA	ENST00000647872.1	LINC02693	2366	0	0	-1	0	2.6963724e-07	0	2.6963728e-07
lncRNA	ENST00000647872.1	LINC02693	2367	0	0	-1	0	1.1513966e-06	0	1.1513968e-06
lncRNA	ENST00000647872.1	LINC02693	2368	0	0	-1	0	3.9932111e-06	0	3.9932117e-06
lncRNA	ENST00000647872.1	LINC02693	2369	0	0	-1	0	1.1889841e-06	0	1.1889843e-06
lncRNA	ENST00000647872.1	LINC02693	2370	0	0	-1	0	4.97258e-06	0	4.9725808e-06
lncRNA	ENST00000647872.1	LINC02693	2371	0	0	-1	0	5.8260201e-07	0	5.826021e-07
lncRNA	ENST00000647872.1	LINC02693	2372	0	0	-1	0	1.9198815e-06	0	1.9198818e-06
lncRNA	ENST00000647872.1	LINC02693	2373	0	0	-1	0	1.7662697e-07	0	1.76627e-07
lncRNA	ENST00000647872.1	LINC02693	2374	0	0	-1	0	7.8816879e-07	0	7.8816891e-07
lncRNA	ENST00000647872.1	LINC02693	2375	0	0	-1	0	9.0714298e-07	0	9.0714312e-07
lncRNA	ENST00000647872.1	LINC02693	2376	0	0	-1	0	6.8225029e-07	0	6.822504e-07
lncRNA	ENST00000647872.1	LINC02693	2377	0	0	-1	0	6.33528e-06	0	6.335281e-06
lncRNA	ENST00000647872.1	LINC02693	2378	0	0	-1	0	2.2186769e-06	0	2.2186772e-06
lncRNA	ENST00000647872.1	LINC02693	2379	0	0	-1	0	1.8167714e-06	0	1.8167717e-06
lncRNA	ENST00000647872.1	LINC02693	2380	0	0	-1	0	1.2915093e-06	0	1.2915095e-06
lncRNA	ENST00000647872.1	LINC02693	2381	0	0	-1	0	1.1700624e-07	0	1.1700626e-07
lncRNA	ENST00000647872.1	LINC02693	2382	0	0	-1	0	4.9348901e-06	0	4.9348908e-06
lncRNA	ENST00000647872.1	LINC02693	2383	0	0	-1	0	2.998275e-05	0	2.9982754e-05
lncRNA	ENST00000647872.1	LINC02693	2384	0	0	-1	0	5.1432667e-06	0	5.1432675e-06
lncRNA	ENST00000647872.1	LINC02693	2385	0	0	-1	0	1.0549324e-05	0	1.0549325e-05
lncRNA	ENST00000647872.1	LINC02693	2386	0	0	-1	0	5.4092279e-06	0	5.4092288e-06
lncRNA	ENST00000647872.1	LINC02693	2387	0	0	-1	0	2.4544854e-05	0	2.4544858e-05
lncRNA	ENST00000647872.1	LINC02693	2388	0	0	-1	0	2.4743022e-07	0	2.4743026e-07
lncRNA	ENST00000647872.1	LINC02693	2389	0	0	-1	0	3.4863172e-06	0	3.4863177e-06
lncRNA	ENST00000647872.1	LINC02693	2390	0	0	-1	0	2.4956344e-06	0	2.4956348e-06
lncRNA	ENST00000647872.1	LINC02693	2391	0	0	-1	0	5.6888302e-07	0	5.6888311e-07
lncRNA	ENST00000647872.1	LINC02693	2392	0	0	-1	0	1.2704523e-06	0	1.2704525e-06
lncRNA	ENST00000647872.1	LINC02693	2393	0	0	-1	0	6.1242172e-06	0	6.1242181e-06
lncRNA	ENST00000647872.1	LINC02693	2394	0	0	-1	0	1.8100518e-07	0	1.8100521e-07
lncRNA	ENST00000647872.1	LINC02693	2395	0	0	-1	0	9.9707256e-07	0	9.9707272e-07
lncRNA	ENST00000647872.1	LINC02693	2396	0	0	-1	0	2.3565271e-06	0	2.3565275e-06
lncRNA	ENST00000647872.1	LINC02693	2397	0	0	-1	0	1.4483736e-06	0	1.4483738e-06
lncRNA	ENST00000647872.1	LINC02693	2398	0	0	-1	0	1.0382092e-06	0	1.0382094e-06
lncRNA	ENST00000647872.1	LINC02693	2399	0	0	-1	0	2.3177667e-07	0	2.317767e-07
lncRNA	ENST00000647872.1	LINC02693	2400	0	0	-1	0	1.2049446e-06	0	1.2049448e-06
lncRNA	ENST00000647872.1	LINC02693	2401	0	0	-1	0	4.8598558e-06	0	4.8598566e-06
lncRNA	ENST00000647872.1	LINC02693	2402	0	0	-1	0	2.8043764e-06	0	2.8043769e-06
lncRNA	ENST00000647872.1	LINC02693	2403	0	0	-1	0	5.1739898e-06	0	5.1739907e-06
lncRNA	ENST00000647872.1	LINC02693	2404	0	0	-1	0	3.045183e-07	0	3.0451834e-07
lncRNA	ENST00000647872.1	LINC02693	2405	0	0	-1	0	5.9104432e-06	0	5.9104441e-06
lncRNA	ENST00000647872.1	LINC02693	2406	0	0	-1	0	3.6491141e-07	0	3.6491147e-07
lncRNA	ENST00000647872.1	LINC02693	2407	0	0	-1	0	8.3086525e-07	0	8.3086538e-07
lncRNA	ENST00000647872.1	LINC02693	2408	0	0	-1	0	4.4214648e-06	0	4.4214655e-06
lncRNA	ENST00000647872.1	LINC02693	2409	0	0	-1	0	7.6703254e-06	0	7.6703266e-06
lncRNA	ENST00000647872.1	LINC02693	2410	0	0	-1	0	7.014261e-06	0	7.0142621e-06
lncRNA	ENST00000647872.1	LINC02693	2411	0	0	-1	0	1.6324027e-06	0	1.632403e-06
lncRNA	ENST00000647872.1	LINC02693	2412	0	0	-1	0	1.3507796e-06	0	1.3507798e-06
lncRNA	ENST00000647872.1	LINC02693	2413	0	0	-1	0	6.4934379e-06	0	6.4934389e-06
lncRNA	ENST00000647872.1	LINC02693	2414	0	0	-1	0	2.2933476e-07	0	2.293348e-07
lncRNA	ENST00000647872.1	LINC02693	2415	0	0	-1	0	1.0042359e-07	0	1.0042361e-07
lncRNA	ENST00000647872.1	LINC02693	2416	0	0	-1	0	8.6862392e-06	0	8.6862406e-06
lncRNA	ENST00000647872.1	LINC02693	2417	0	0	-1	0	6.8658524e-06	0	6.8658534e-06
lncRNA	ENST00000647872.1	LINC02693	2418	0	0	-1	0	1.2211717e-06	0	1.2211719e-06
lncRNA	ENST00000647872.1	LINC02693	2419	0	0	-1	0	2.4377625e-06	0	2.4377629e-06
lncRNA	ENST00000647872.1	LINC02693	2420	0	0	-1	0	2.9661956e-06	0	2.966196e-06
lncRNA	ENST00000647872.1	LINC02693	2421	0	0	-1	0	6.5834064e-07	0	6.5834074e-07
lncRNA	ENST00000647872.1	LINC02693	2422	0	0	-1	0	2.1223312e-05	0	2.1223315e-05
lncRNA	ENST00000647872.1	LINC02693	2423	0	0	-1	0	1.6489466e-05	0	1.6489469e-05
lncRNA	ENST00000647872.1	LINC02693	2424	0	0	-1	0	6.2595072e-06	0	6.2595082e-06
lncRNA	ENST00000647872.1	LINC02693	2425	0	0	-1	0	2.7578893e-05	0	2.7578898e-05
lncRNA	ENST00000647872.1	LINC02693	2426	0	0	-1	0	8.0467926e-06	0	8.0467938e-06
lncRNA	ENST00000647872.1	LINC02693	2427	0	0	-1	0	4.9859358e-07	0	4.9859366e-07
lncRNA	ENST00000647872.1	LINC02693	2428	0	0	-1	0	7.764246e-07	0	7.7642472e-07
lncRNA	ENST00000647872.1	LINC02693	2429	0	0	-1	0	4.0319869e-06	0	4.0319876e-06
lncRNA	ENST00000647872.1	LINC02693	2430	0	0	-1	0	2.6437424e-06	0	2.6437428e-06
lncRNA	ENST00000647872.1	LINC02693	2431	0	0	-1	0	5.8108992e-07	0	5.8109001e-07
lncRNA	ENST00000647872.1	LINC02693	2432	0	0	-1	0	1.2049354e-06	0	1.2049356e-06
lncRNA	ENST00000647872.1	LINC02693	2433	0	0	-1	0	2.698218e-08	0	2.6982184e-08
lncRNA	ENST00000647872.1	LINC02693	2434	0	0	-1	0	7.4965158e-08	0	7.4965169e-08
lncRNA	ENST00000647872.1	LINC02693	2435	0	0	-1	0	1.067618e-07	0	1.0676181e-07
lncRNA	ENST00000647872.1	LINC02693	2436	0	0	-1	0	3.5881777e-07	0	3.5881783e-07
lncRNA	ENST00000647872.1	LINC02693	2437	0	0	-1	0	2.3759656e-06	0	2.3759659e-06
lncRNA	ENST00000647872.1	LINC02693	2438	0	0	-1	0	2.9734176e-06	0	2.9734181e-06
lncRNA	ENST00000647872.1	LINC02693	2439	0	0	-1	0	1.8337195e-07	0	1.8337198e-07
lncRNA	ENST00000647872.1	LINC02693	2440	0	0	-1	0	3.1230121e-07	0	3.1230126e-07
lncRNA	ENST00000647872.1	LINC02693	2441	0	0	-1	0	4.2034785e-07	0	4.2034791e-07
lncRNA	ENST00000647872.1	LINC02693	2442	0	0	-1	0	4.2288622e-07	0	4.2288628e-07
lncRNA	ENST00000647872.1	LINC02693	2443	0	0	-1	0	1.2021577e-06	0	1.2021579e-06
lncRNA	ENST00000647872.1	LINC02693	2444	0	0	-1	0	2.2846257e-06	0	2.284626e-06
lncRNA	ENST00000647872.1	LINC02693	2445	0	0	-1	0	3.927023e-06	0	3.9270237e-06
lncRNA	ENST00000647872.1	LINC02693	2446	0	0	-1	0	6.9292046e-06	0	6.9292057e-06
lncRNA	ENST00000647872.1	LINC02693	2447	0	0	-1	0	1.9964931e-05	0	1.9964934e-05
lncRNA	ENST00000647872.1	LINC02693	2448	0	0	-1	0	8.1450935e-06	0	8.1450948e-06
lncRNA	ENST00000647872.1	LINC02693	2449	0	0	-1	0	9.3015586e-07	0	9.3015601e-07
lncRNA	ENST00000647872.1	LINC02693	2450	0	0	-1	0	4.1845357e-07	0	4.1845363e-07
lncRNA	ENST00000647872.1	LINC02693	2451	0	0	-1	0	3.5492565e-07	0	3.549257e-07
lncRNA	ENST00000647872.1	LINC02693	2452	0	0	-1	0	2.2428612e-06	0	2.2428616e-06
lncRNA	ENST00000647872.1	LINC02693	2453	0	0	-1	0	4.794914e-07	0	4.7949148e-07
lncRNA	ENST00000647872.1	LINC02693	2454	0	0	-1	0	1.9369286e-07	0	1.9369289e-07
lncRNA	ENST00000647872.1	LINC02693	2455	0	0	-1	0	1.1961145e-05	0	1.1961147e-05
lncRNA	ENST00000647872.1	LINC02693	2456	0	0	-1	0	1.3408258e-07	0	1.340826e-07
lncRNA	ENST00000647872.1	LINC02693	2457	0	0	-1	0	8.9208561e-07	0	8.9208575e-07
lncRNA	ENST00000647872.1	LINC02693	2458	0	0	-1	0	7.7066495e-08	0	7.7066508e-08
lncRNA	ENST00000647872.1	LINC02693	2459	0	0	-1	0	4.3445615e-07	0	4.3445622e-07
lncRNA	ENST00000647872.1	LINC02693	2460	0	0	-1	0	1.2377471e-06	0	1.2377473e-06
lncRNA	ENST00000647872.1	LINC02693	2461	0	0	-1	0	1.3427939e-07	0	1.3427941e-07
lncRNA	ENST00000647872.1	LINC02693	2462	0	0	-1	0	1.0616034e-07	0	1.0616036e-07
lncRNA	ENST00000647872.1	LINC02693	2463	0	0	-1	0	1.0648669e-06	0	1.064867e-06
lncRNA	ENST00000647872.1	LINC02693	2464	0	0	-1	0	2.1249681e-07	0	2.1249685e-07
lncRNA	ENST00000647872.1	LINC02693	2465	0	0	-1	0	7.85081e-07	0	7.8508112e-07
lncRNA	ENST00000647872.1	LINC02693	2466	0	0	-1	0	3.3927713e-06	0	3.3927718e-06
lncRNA	ENST00000647872.1	LINC02693	2467	0	0	-1	0	8.9932672e-07	0	8.9932686e-07
lncRNA	ENST00000647872.1	LINC02693	2468	0	0	-1	0	1.8898858e-06	0	1.8898861e-06
lncRNA	ENST00000647872.1	LINC02693	2469	0	0	-1	0	8.5328958e-07	0	8.5328971e-07
lncRNA	ENST00000647872.1	LINC02693	2470	0	0	-1	0	5.8677676e-07	0	5.8677686e-07
lncRNA	ENST00000647872.1	LINC02693	2471	0	0	-1	0	1.9947813e-06	0	1.9947816e-06
lncRNA	ENST00000647872.1	LINC02693	2472	0	0	-1	0	2.1817273e-06	0	2.1817276e-06
lncRNA	ENST00000647872.1	LINC02693	2473	0	0	-1	0	8.3742528e-08	0	8.3742541e-08
lncRNA	ENST00000647872.1	LINC02693	2474	0	0	-1	0	5.2533761e-07	0	5.2533769e-07
lncRNA	ENST00000647872.1	LINC02693	2475	0	0	-1	0	5.2015844e-07	0	5.2015852e-07
lncRNA	ENST00000647872.1	LINC02693	2476	0	0	-1	0	4.9428316e-08	0	4.9428323e-08
lncRNA	ENST00000647872.1	LINC02693	2477	0	0	-1	0	2.5608722e-07	0	2.5608726e-07
lncRNA	ENST00000647872.1	LINC02693	2478	0	0	-1	0	3.1619444e-07	0	3.1619449e-07
lncRNA	ENST00000647872.1	LINC02693	2479	0	0	-1	0	1.4026316e-06	0	1.4026318e-06
lncRNA	ENST00000647872.1	LINC02693	2480	0	0	-1	0	9.8571945e-07	0	9.8571961e-07
lncRNA	ENST00000647872.1	LINC02693	2481	0	0	-1	0	3.8179401e-06	0	3.8179407e-06
lncRNA	ENST00000647872.1	LINC02693	2482	0	0	-1	0	4.5474567e-06	0	4.5474574e-06
lncRNA	ENST00000647872.1	LINC02693	2483	0	0	-1	0	2.1465839e-06	0	2.1465843e-06
lncRNA	ENST00000647872.1	LINC02693	2484	0	0	-1	0	8.0281279e-06	0	8.0281292e-06
lncRNA	ENST00000647872.1	LINC02693	2485	0	0	-1	0	8.3777883e-07	0	8.3777896e-07
lncRNA	ENST00000647872.1	LINC02693	2486	0	0	-1	0	2.5758945e-07	0	2.5758949e-07
lncRNA	ENST00000647872.1	LINC02693	2487	0	0	-1	0	2.1127269e-05	0	2.1127272e-05
lncRNA	ENST00000647872.1	LINC02693	2488	0	0	-1	0	2.5500651e-06	0	2.5500655e-06
lncRNA	ENST00000647872.1	LINC02693	2489	0	0	-1	0	1.2835961e-05	0	1.2835963e-05
lncRNA	ENST00000647872.1	LINC02693	2490	0	0	-1	0	3.6635919e-07	0	3.6635925e-07
lncRNA	ENST00000647872.1	LINC02693	2491	0	0	-1	0	3.4822897e-06	0	3.4822902e-06
lncRNA	ENST00000647872.1	LINC02693	2492	0	0	-1	0	1.7647081e-06	0	1.7647084e-06
lncRNA	ENST00000647872.1	LINC02693	2493	0	0	-1	0	6.023e-06	0	6.0230009e-06
lncRNA	ENST00000647872.1	LINC02693	2494	0	0	-1	0	1.9741256e-05	0	1.9741259e-05
lncRNA	ENST00000647872.1	LINC02693	2495	0	0	-1	0	3.2138016e-06	0	3.2138021e-06
lncRNA	ENST00000647872.1	LINC02693	2496	0	0	-1	0	3.6575662e-07	0	3.6575668e-07
lncRNA	ENST00000647872.1	LINC02693	2497	0	0	-1	0	3.380005e-06	0	3.3800055e-06
lncRNA	ENST00000647872.1	LINC02693	2498	0	0	-1	0	2.9260793e-08	0	2.9260798e-08
lncRNA	ENST00000647872.1	LINC02693	2499	0	0	-1	0	3.781987e-08	0	3.7819876e-08
lncRNA	ENST00000647872.1	LINC02693	2500	0	0	-1	0	2.8300244e-07	0	2.8300248e-07
lncRNA	ENST00000647872.1	LINC02693	2501	0	0	-1	0	1.8032385e-06	0	1.8032388e-06
lncRNA	ENST00000647872.1	LINC02693	2502	0	0	-1	0	1.8718855e-06	0	1.8718858e-06
lncRNA	ENST00000647872.1	LINC02693	2503	0	0	-1	0	1.6525336e-06	0	1.6525338e-06
lncRNA	ENST00000647872.1	LINC02693	2504	0	0	-1	0	8.2213273e-07	0	8.2213286e-07
lncRNA	ENST00000647872.1	LINC02693	2505	0	0	-1	0	6.3566097e-07	0	6.3566107e-07
lncRNA	ENST00000647872.1	LINC02693	2506	0	0	-1	0	6.9932247e-07	0	6.9932258e-07
lncRNA	ENST00000647872.1	LINC02693	2507	0	0	-1	0	4.3747542e-07	0	4.3747549e-07
lncRNA	ENST00000647872.1	LINC02693	2508	0	0	-1	0	5.8816005e-07	0	5.8816014e-07
lncRNA	ENST00000647872.1	LINC02693	2509	0	0	-1	0	3.611343e-09	0	3.6113436e-09
lncRNA	ENST00000647872.1	LINC02693	2510	0	0	-1	0	8.6440406e-07	0	8.6440419e-07
lncRNA	ENST00000647872.1	LINC02693	2511	0	0	-1	0	2.8813058e-06	0	2.8813063e-06
lncRNA	ENST00000647872.1	LINC02693	2512	0	0	-1	0	2.4387834e-06	0	2.4387838e-06
lncRNA	ENST00000647872.1	LINC02693	2513	0	0	-1	0	2.5420655e-07	0	2.5420659e-07
lncRNA	ENST00000647872.1	LINC02693	2514	0	0	-1	0	1.9311324e-06	0	1.9311327e-06
lncRNA	ENST00000647872.1	LINC02693	2515	0	0	-1	0	1.2062744e-05	0	1.2062746e-05
lncRNA	ENST00000647872.1	LINC02693	2516	0	0	-1	0	1.0549268e-06	0	1.0549269e-06
lncRNA	ENST00000647872.1	LINC02693	2517	0	0	-1	0	5.9200447e-06	0	5.9200456e-06
lncRNA	ENST00000647872.1	LINC02693	2518	0	0	-1	0	3.7657339e-06	0	3.7657345e-06
lncRNA	ENST00000647872.1	LINC02693	2519	0	0	-1	0	3.7155278e-06	0	3.7155284e-06
lncRNA	ENST00000647872.1	LINC02693	2520	0	0	-1	0	8.4374585e-07	0	8.4374598e-07
lncRNA	ENST00000647872.1	LINC02693	2521	0	0	-1	0	7.4845258e-07	0	7.484527e-07
lncRNA	ENST00000647872.1	LINC02693	2522	0	0	-1	0	1.142297e-06	0	1.1422972e-06
lncRNA	ENST00000647872.1	LINC02693	2523	0	0	-1	0	1.2666277e-07	0	1.2666279e-07
lncRNA	ENST00000647872.1	LINC02693	2524	0	0	-1	0	1.8628372e-06	0	1.8628375e-06
lncRNA	ENST00000647872.1	LINC02693	2525	0	0	-1	0	2.5926793e-06	0	2.5926797e-06
lncRNA	ENST00000647872.1	LINC02693	2526	0	0	-1	0	4.6132795e-06	0	4.6132803e-06
lncRNA	ENST00000647872.1	LINC02693	2527	0	0	-1	0	5.9317031e-06	0	5.931704e-06
lncRNA	ENST00000647872.1	LINC02693	2528	0	0	-1	0	1.3578827e-05	0	1.3578829e-05
lncRNA	ENST00000647872.1	LINC02693	2529	0	0	-1	0	9.1877229e-07	0	9.1877243e-07
lncRNA	ENST00000647872.1	LINC02693	2530	0	0	-1	0	5.2005303e-06	0	5.2005311e-06
lncRNA	ENST00000647872.1	LINC02693	2531	0	0	-1	0	0.00012002264	0	0.00012002266
lncRNA	ENST00000647872.1	LINC02693	2532	0	0	-1	0	3.4615936e-05	0	3.4615941e-05
lncRNA	ENST00000647872.1	LINC02693	2533	0	0	-1	0	2.9980029e-07	0	2.9980034e-07
lncRNA	ENST00000647872.1	LINC02693	2534	0	0	-1	0	1.6489608e-05	0	1.6489611e-05
lncRNA	ENST00000647872.1	LINC02693	2535	0	0	-1	0	3.6251255e-05	0	3.625126e-05
lncRNA	ENST00000647872.1	LINC02693	2536	0	0	-1	0	1.946647e-05	0	1.9466473e-05
lncRNA	ENST00000647872.1	LINC02693	2537	0	0	-1	0	9.2318845e-07	0	9.231886e-07
lncRNA	ENST00000647872.1	LINC02693	2538	0	0	-1	0	1.4441641e-06	0	1.4441644e-06
lncRNA	ENST00000647872.1	LINC02693	2539	0	0	-1	0	7.3288261e-06	0	7.3288272e-06
lncRNA	ENST00000647872.1	LINC02693	2540	0	0	-1	0	7.7943487e-06	0	7.7943499e-06
lncRNA	ENST00000647872.1	LINC02693	2541	0	0	-1	0	1.4870668e-06	0	1.487067e-06
lncRNA	ENST00000647872.1	LINC02693	2542	0	0	-1	0	1.6228317e-06	0	1.622832e-06
lncRNA	ENST00000647872.1	LINC02693	2543	0	0	-1	0	1.6057419e-06	0	1.6057421e-06
lncRNA	ENST00000647872.1	LINC02693	2544	0	0	-1	0	7.3074659e-07	0	7.3074671e-07
lncRNA	ENST00000647872.1	LINC02693	2545	0	0	-1	0	7.4723869e-07	0	7.472388e-07
lncRNA	ENST00000647872.1	LINC02693	2546	0	0	-1	0	1.5169447e-06	0	1.516945e-06
lncRNA	ENST00000647872.1	LINC02693	2547	0	0	-1	0	1.6108263e-06	0	1.6108266e-06
lncRNA	ENST00000647872.1	LINC02693	2548	0	0	-1	0	8.0368682e-06	0	8.0368694e-06
lncRNA	ENST00000647872.1	LINC02693	2549	0	0	-1	0	4.5073762e-06	0	4.5073769e-06
lncRNA	ENST00000647872.1	LINC02693	2550	0	0	-1	0	7.2312605e-06	0	7.2312616e-06
lncRNA	ENST00000647872.1	LINC02693	2551	0	0	-1	0	1.9799222e-06	0	1.9799225e-06
lncRNA	ENST00000647872.1	LINC02693	2552	0	0	-1	0	1.1536825e-05	0	1.1536827e-05
lncRNA	ENST00000647872.1	LINC02693	2553	0	0	-1	0	1.0411714e-05	0	1.0411716e-05
lncRNA	ENST00000647872.1	LINC02693	2554	0	0	-1	0	1.2194075e-06	0	1.2194077e-06
lncRNA	ENST00000647872.1	LINC02693	2555	0	0	-1	0	9.9497665e-06	0	9.9497681e-06
lncRNA	ENST00000647872.1	LINC02693	2556	0	0	-1	0	1.769972e-06	0	1.7699722e-06
lncRNA	ENST00000647872.1	LINC02693	2557	0	0	-1	0	1.5611162e-06	0	1.5611164e-06
lncRNA	ENST00000647872.1	LINC02693	2558	0	0	-1	0	2.6805264e-06	0	2.6805269e-06
lncRNA	ENST00000647872.1	LINC02693	2559	0	0	-1	0	1.1688925e-05	0	1.1688927e-05
lncRNA	ENST00000647872.1	LINC02693	2560	0	0	-1	0	1.8456447e-05	0	1.845645e-05
lncRNA	ENST00000647872.1	LINC02693	2561	0	0	-1	0	9.3219874e-08	0	9.3219889e-08
lncRNA	ENST00000647872.1	LINC02693	2562	0	0	-1	0	1.8693977e-07	0	1.869398e-07
lncRNA	ENST00000647872.1	LINC02693	2563	0	0	-1	0	1.0095268e-05	0	1.009527e-05
lncRNA	ENST00000647872.1	LINC02693	2564	0	0	-1	0	3.8834487e-06	0	3.8834493e-06
lncRNA	ENST00000647872.1	LINC02693	2565	0	0	-1	0	4.3985688e-06	0	4.3985695e-06
lncRNA	ENST00000647872.1	LINC02693	2566	0	0	-1	0	2.7815709e-06	0	2.7815713e-06
lncRNA	ENST00000647872.1	LINC02693	2567	0	0	-1	0	2.5332591e-05	0	2.5332595e-05
lncRNA	ENST00000647872.1	LINC02693	2568	0	0	-1	0	1.0653483e-06	0	1.0653485e-06
lncRNA	ENST00000647872.1	LINC02693	2569	0	0	-1	0	1.6225804e-05	0	1.6225806e-05
lncRNA	ENST00000647872.1	LINC02693	2570	0	0	-1	0	1.2323921e-05	0	1.2323923e-05
lncRNA	ENST00000647872.1	LINC02693	2571	0	0	-1	0	1.4169744e-06	0	1.4169747e-06
lncRNA	ENST00000647872.1	LINC02693	2572	0	0	-1	0	1.9631959e-06	0	1.9631962e-06
lncRNA	ENST00000647872.1	LINC02693	2573	0	0	-1	0	4.6097748e-06	0	4.6097755e-06
lncRNA	ENST00000647872.1	LINC02693	2574	0	0	-1	0	2.0080504e-06	0	2.0080507e-06
lncRNA	ENST00000647872.1	LINC02693	2575	0	0	-1	0	7.0543647e-06	0	7.0543658e-06
lncRNA	ENST00000647872.1	LINC02693	2576	0	0	-1	0	5.2484461e-06	0	5.2484469e-06
lncRNA	ENST00000647872.1	LINC02693	2577	0	0	-1	0	2.4067107e-05	0	2.4067111e-05
lncRNA	ENST00000647872.1	LINC02693	2578	0	0	-1	0	3.4088807e-06	0	3.4088813e-06
lncRNA	ENST00000647872.1	LINC02693	2579	0	0	-1	0	2.6039851e-07	0	2.6039855e-07
lncRNA	ENST00000647872.1	LINC02693	2580	0	0	-1	0	1.3695602e-05	0	1.3695604e-05
lncRNA	ENST00000647872.1	LINC02693	2581	0	0	-1	0	3.8100179e-06	0	3.8100185e-06
lncRNA	ENST00000647872.1	LINC02693	2582	0	0	-1	0	2.1516687e-06	0	2.151669e-06
lncRNA	ENST00000647872.1	LINC02693	2583	0	0	-1	0	6.8227732e-06	0	6.8227743e-06
lncRNA	ENST00000647872.1	LINC02693	2584	0	0	-1	0	1.2594805e-06	0	1.2594807e-06
lncRNA	ENST00000647872.1	LINC02693	2585	0	0	-1	0	1.7289086e-07	0	1.7289089e-07
lncRNA	ENST00000647872.1	LINC02693	2586	0	0	-1	0	6.3574312e-08	0	6.3574322e-08
lncRNA	ENST00000647872.1	LINC02693	2587	0	0	-1	0	2.3248208e-06	0	2.3248212e-06
lncRNA	ENST00000647872.1	LINC02693	2588	0	0	-1	0	6.3136417e-07	0	6.3136427e-07
lncRNA	ENST00000647872.1	LINC02693	2589	0	0	-1	0	1.0615406e-07	0	1.0615408e-07
lncRNA	ENST00000647872.1	LINC02693	2590	0	0	-1	0	1.5649119e-05	0	1.5649121e-05
lncRNA	ENST00000647872.1	LINC02693	2591	0	0	-1	0	1.9180843e-06	0	1.9180846e-06
lncRNA	ENST00000647872.1	LINC02693	2592	0	0	-1	0	8.760166e-07	0	8.7601674e-07
lncRNA	ENST00000647872.1	LINC02693	2593	0	0	-1	0	1.6857177e-05	0	1.685718e-05
lncRNA	ENST00000647872.1	LINC02693	2594	0	0	-1	0	2.1588523e-06	0	2.1588527e-06
lncRNA	ENST00000647872.1	LINC02693	2595	0	0	-1	0	3.4445502e-06	0	3.4445507e-06
lncRNA	ENST00000647872.1	LINC02693	2596	0	0	-1	0	1.2358405e-05	0	1.2358407e-05
lncRNA	ENST00000647872.1	LINC02693	2597	0	0	-1	0	3.0483513e-06	0	3.0483518e-06
lncRNA	ENST00000647872.1	LINC02693	2598	0	0	-1	0	3.1605606e-07	0	3.1605611e-07
lncRNA	ENST00000647872.1	LINC02693	2599	0	0	-1	0	3.5793599e-07	0	3.5793604e-07
lncRNA	ENST00000647872.1	LINC02693	2600	0	0	-1	0	1.0065519e-06	0	1.006552e-06
lncRNA	ENST00000647872.1	LINC02693	2601	0	0	-1	0	1.5392594e-07	0	1.5392596e-07
lncRNA	ENST00000647872.1	LINC02693	2602	0	0	-1	0	1.8266645e-07	0	1.8266648e-07
lncRNA	ENST00000647872.1	LINC02693	2603	0	0	-1	0	2.6109402e-07	0	2.6109406e-07
lncRNA	ENST00000647872.1	LINC02693	2604	0	0	-1	0	6.9841599e-07	0	6.984161e-07
lncRNA	ENST00000647872.1	LINC02693	2605	0	0	-1	0	7.6559758e-07	0	7.655977e-07
lncRNA	ENST00000647872.1	LINC02693	2606	0	0	-1	0	3.9553004e-07	0	3.955301e-07
lncRNA	ENST00000647872.1	LINC02693	2607	0	0	-1	0	8.7388554e-07	0	8.7388568e-07
lncRNA	ENST00000647872.1	LINC02693	2608	0	0	-1	0	1.3678354e-06	0	1.3678356e-06
lncRNA	ENST00000647872.1	LINC02693	2609	0	0	-1	0	5.9413505e-06	0	5.9413515e-06
lncRNA	ENST00000647872.1	LINC02693	2610	0	0	-1	0	1.032899e-06	0	1.0328992e-06
lncRNA	ENST00000647872.1	LINC02693	2611	0	0	-1	0	2.9642667e-06	0	2.9642672e-06
lncRNA	ENST00000647872.1	LINC02693	2612	0	0	-1	0	5.5201275e-07	0	5.5201284e-07
lncRNA	ENST00000647872.1	LINC02693	2613	0	0	-1	0	1.4658079e-05	0	1.4658081e-05
lncRNA	ENST00000647872.1	LINC02693	2614	0	0	-1	0	7.8326721e-06	0	7.8326733e-06
lncRNA	ENST00000647872.1	LINC02693	2615	0	0	-1	0	6.8918239e-06	0	6.891825e-06
lncRNA	ENST00000647872.1	LINC02693	2616	0	0	-1	0	2.5053901e-06	0	2.5053905e-06
lncRNA	ENST00000647872.1	LINC02693	2617	0	0	-1	0	1.1642993e-06	0	1.1642995e-06
lncRNA	ENST00000647872.1	LINC02693	2618	0	0	-1	0	2.5800517e-07	0	2.5800521e-07
lncRNA	ENST00000647872.1	LINC02693	2619	0	0	-1	0	3.7496723e-06	0	3.7496728e-06
lncRNA	ENST00000647872.1	LINC02693	2620	0	0	-1	0	4.9162118e-05	0	4.9162125e-05
lncRNA	ENST00000647872.1	LINC02693	2621	0	0	-1	0	2.1219396e-06	0	2.1219399e-06
lncRNA	ENST00000647872.1	LINC02693	2622	0	0	-1	0	8.3654413e-06	0	8.3654426e-06
lncRNA	ENST00000647872.1	LINC02693	2623	0	0	-1	0	6.4754272e-07	0	6.4754282e-07
lncRNA	ENST00000647872.1	LINC02693	2624	0	0	-1	0	1.8235812e-06	0	1.8235815e-06
lncRNA	ENST00000647872.1	LINC02693	2625	0	0	-1	0	4.9857312e-07	0	4.9857319e-07
lncRNA	ENST00000647872.1	LINC02693	2626	0	0	-1	0	5.49678e-06	0	5.4967808e-06
lncRNA	ENST00000647872.1	LINC02693	2627	0	0	-1	0	1.7989452e-05	0	1.7989455e-05
lncRNA	ENST00000647872.1	LINC02693	2628	0	0	-1	0	4.9622954e-06	0	4.9622962e-06
lncRNA	ENST00000647872.1	LINC02693	2629	0	0	-1	0	4.5637597e-07	0	4.5637604e-07
lncRNA	ENST00000647872.1	LINC02693	2630	0	0	-1	0	3.2503797e-06	0	3.2503802e-06
lncRNA	ENST00000647872.1	LINC02693	2631	0	0	-1	0	3.2723881e-06	0	3.2723886e-06
lncRNA	ENST00000647872.1	LINC02693	2632	0	0	-1	0	2.6070004e-06	0	2.6070008e-06
lncRNA	ENST00000647872.1	LINC02693	2633	0	0	-1	0	1.0956701e-05	0	1.0956703e-05
lncRNA	ENST00000647872.1	LINC02693	2634	0	0	-1	0	2.5324073e-06	0	2.5324077e-06
lncRNA	ENST00000647872.1	LINC02693	2635	0	0	-1	0	8.9404066e-06	0	8.940408e-06
lncRNA	ENST00000647872.1	LINC02693	2636	0	0	-1	0	1.3811709e-05	0	1.3811711e-05
lncRNA	ENST00000647872.1	LINC02693	2637	0	0	-1	0	1.7629285e-06	0	1.7629288e-06
lncRNA	ENST00000647872.1	LINC02693	2638	0	0	-1	0	1.1678212e-06	0	1.1678214e-06
lncRNA	ENST00000647872.1	LINC02693	2639	0	0	-1	0	3.0684285e-07	0	3.068429e-07
lncRNA	ENST00000647872.1	LINC02693	2640	0	0	-1	0	4.3271532e-07	0	4.3271539e-07
lncRNA	ENST00000647872.1	LINC02693	2641	0	0	-1	0	4.6263917e-06	0	4.6263925e-06
lncRNA	ENST00000647872.1	LINC02693	2642	0	0	-1	0	1.7172065e-06	0	1.7172068e-06
lncRNA	ENST00000647872.1	LINC02693	2643	0	0	-1	0	4.1968669e-06	0	4.1968676e-06
lncRNA	ENST00000647872.1	LINC02693	2644	0	0	-1	0	1.0619285e-05	0	1.0619286e-05
lncRNA	ENST00000647872.1	LINC02693	2645	0	0	-1	0	8.4358328e-07	0	8.4358341e-07
lncRNA	ENST00000647872.1	LINC02693	2646	0	0	-1	0	4.1549026e-07	0	4.1549033e-07
lncRNA	ENST00000647872.1	LINC02693	2647	0	0	-1	0	3.0622982e-07	0	3.0622987e-07
lncRNA	ENST00000647872.1	LINC02693	2648	0	0	-1	0	4.8801905e-07	0	4.8801913e-07
lncRNA	ENST00000647872.1	LINC02693	2649	0	0	-1	0	6.6678922e-07	0	6.6678932e-07
lncRNA	ENST00000647872.1	LINC02693	2650	0	0	-1	0	1.1531732e-05	0	1.1531733e-05
lncRNA	ENST00000647872.1	LINC02693	2651	0	0	-1	0	4.1247515e-07	0	4.1247521e-07
lncRNA	ENST00000647872.1	LINC02693	2652	0	0	-1	0	1.5278226e-07	0	1.5278229e-07
lncRNA	ENST00000647872.1	LINC02693	2653	0	0	-1	0	2.5715735e-06	0	2.5715739e-06
lncRNA	ENST00000647872.1	LINC02693	2654	0	0	-1	0	9.2339894e-07	0	9.2339909e-07
lncRNA	ENST00000647872.1	LINC02693	2655	0	0	-1	0	8.7874653e-08	0	8.7874667e-08
lncRNA	ENST00000647872.1	LINC02693	2656	0	0	-1	0	1.8633807e-06	0	1.863381e-06
lncRNA	ENST00000647872.1	LINC02693	2657	0	0	-1	0	1.7664333e-07	0	1.7664335e-07
lncRNA	ENST00000647872.1	LINC02693	2658	0	0	-1	0	4.5592748e-07	0	4.5592755e-07
lncRNA	ENST00000647872.1	LINC02693	2659	0	0	-1	0	3.7155846e-06	0	3.7155852e-06
lncRNA	ENST00000647872.1	LINC02693	2660	0	0	-1	0	1.4613993e-06	0	1.4613995e-06
lncRNA	ENST00000647872.1	LINC02693	2661	0	0	-1	0	1.9351146e-06	0	1.9351149e-06
lncRNA	ENST00000647872.1	LINC02693	2662	0	0	-1	0	1.8727229e-06	0	1.8727232e-06
lncRNA	ENST00000647872.1	LINC02693	2663	0	0	-1	0	3.063154e-07	0	3.0631545e-07
lncRNA	ENST00000647872.1	LINC02693	2664	0	0	-1	0	8.5727078e-07	0	8.5727091e-07
lncRNA	ENST00000647872.1	LINC02693	2665	0	0	-1	0	1.9034634e-07	0	1.9034637e-07
lncRNA	ENST00000647872.1	LINC02693	2666	0	0	-1	0	3.2235673e-07	0	3.2235678e-07
lncRNA	ENST00000647872.1	LINC02693	2667	0	0	-1	0	4.2420984e-07	0	4.2420991e-07
lncRNA	ENST00000647872.1	LINC02693	2668	0	0	-1	0	1.6609645e-06	0	1.6609647e-06
lncRNA	ENST00000647872.1	LINC02693	2669	0	0	-1	0	1.6651135e-06	0	1.6651137e-06
lncRNA	ENST00000647872.1	LINC02693	2670	0	0	-1	0	7.536702e-06	0	7.5367032e-06
lncRNA	ENST00000647872.1	LINC02693	2671	0	0	-1	0	5.3556491e-06	0	5.35565e-06
lncRNA	ENST00000647872.1	LINC02693	2672	0	0	-1	0	5.3160948e-06	0	5.3160956e-06
lncRNA	ENST00000647872.1	LINC02693	2673	0	0	-1	0	1.1792332e-06	0	1.1792334e-06
lncRNA	ENST00000647872.1	LINC02693	2674	0	0	-1	0	6.4068531e-06	0	6.4068541e-06
lncRNA	ENST00000647872.1	LINC02693	2675	0	0	-1	0	6.6702937e-06	0	6.6702948e-06
lncRNA	ENST00000647872.1	LINC02693	2676	0	0	-1	0	7.7766699e-06	0	7.7766711e-06
lncRNA	ENST00000647872.1	LINC02693	2677	0	0	-1	0	5.4116736e-06	0	5.4116744e-06
lncRNA	ENST00000647872.1	LINC02693	2678	0	0	-1	0	1.0300276e-06	0	1.0300278e-06
lncRNA	ENST00000647872.1	LINC02693	2679	0	0	-1	0	1.9050626e-06	0	1.9050629e-06
lncRNA	ENST00000647872.1	LINC02693	2680	0	0	-1	0	5.0359836e-07	0	5.0359844e-07
lncRNA	ENST00000647872.1	LINC02693	2681	0	0	-1	0	1.8018864e-05	0	1.8018866e-05
lncRNA	ENST00000647872.1	LINC02693	2682	0	0	-1	0	8.3573077e-06	0	8.357309e-06
lncRNA	ENST00000647872.1	LINC02693	2683	0	0	-1	0	8.1560336e-07	0	8.1560349e-07
lncRNA	ENST00000647872.1	LINC02693	2684	0	0	-1	0	1.5754478e-05	0	1.5754481e-05
lncRNA	ENST00000647872.1	LINC02693	2685	0	0	-1	0	1.99997e-06	0	1.9999703e-06
lncRNA	ENST00000647872.1	LINC02693	2686	0	0	-1	0	3.3117735e-06	0	3.311774e-06
lncRNA	ENST00000647872.1	LINC02693	2687	0	0	-1	0	7.04066e-06	0	7.0406611e-06
lncRNA	ENST00000647872.1	LINC02693	2688	0	0	-1	0	1.1794339e-07	0	1.1794341e-07
lncRNA	ENST00000647872.1	LINC02693	2689	0	0	-1	0	7.0673633e-07	0	7.0673644e-07
lncRNA	ENST00000647872.1	LINC02693	2690	0	0	-1	0	5.6478979e-07	0	5.6478988e-07
lncRNA	ENST00000647872.1	LINC02693	2691	0	0	-1	0	3.0548225e-07	0	3.0548229e-07
lncRNA	ENST00000647872.1	LINC02693	2692	0	0	-1	0	1.1092496e-07	0	1.1092498e-07
lncRNA	ENST00000647872.1	LINC02693	2693	0	0	-1	0	4.5042324e-07	0	4.5042331e-07
lncRNA	ENST00000647872.1	LINC02693	2694	0	0	-1	0	4.7208636e-07	0	4.7208643e-07
lncRNA	ENST00000647872.1	LINC02693	2695	0	0	-1	0	2.1633217e-07	0	2.163322e-07
lncRNA	ENST00000647872.1	LINC02693	2696	0	0	-1	0	5.8415031e-07	0	5.8415041e-07
lncRNA	ENST00000647872.1	LINC02693	2697	0	0	-1	0	4.4889322e-07	0	4.4889329e-07
lncRNA	ENST00000647872.1	LINC02693	2698	0	0	-1	0	1.2237412e-06	0	1.2237413e-06
lncRNA	ENST00000647872.1	LINC02693	2699	0	0	-1	0	1.1294352e-07	0	1.1294354e-07
lncRNA	ENST00000647872.1	LINC02693	2700	0	0	-1	0	7.5840688e-07	0	7.58407e-07
lncRNA	ENST00000647872.1	LINC02693	2701	0	0	-1	0	1.3803229e-07	0	1.3803231e-07
lncRNA	ENST00000647872.1	LINC02693	2702	0	0	-1	0	2.5303734e-07	0	2.5303738e-07
lncRNA	ENST00000647872.1	LINC02693	2703	0	0	-1	0	4.0763427e-07	0	4.0763434e-07
lncRNA	ENST00000647872.1	LINC02693	2704	0	0	-1	0	6.7212049e-08	0	6.721206e-08
lncRNA	ENST00000647872.1	LINC02693	2705	0	0	-1	0	3.4892489e-07	0	3.4892494e-07
lncRNA	ENST00000647872.1	LINC02693	2706	0	0	-1	0	1.1313277e-06	0	1.1313279e-06
lncRNA	ENST00000647872.1	LINC02693	2707	0	0	-1	0	1.244e-06	0	1.2440002e-06
lncRNA	ENST00000647872.1	LINC02693	2708	0	0	-1	0	2.2068764e-06	0	2.2068767e-06
lncRNA	ENST00000647872.1	LINC02693	2709	0	0	-1	0	3.0592594e-07	0	3.0592599e-07
lncRNA	ENST00000647872.1	LINC02693	2710	0	0	-1	0	9.2789652e-09	0	9.2789666e-09
lncRNA	ENST00000647872.1	LINC02693	2711	0	0	-1	0	7.2363688e-09	0	7.23637e-09
lncRNA	ENST00000647872.1	LINC02693	2712	0	0	-1	0	3.0463983e-08	0	3.0463988e-08
lncRNA	ENST00000647872.1	LINC02693	2713	0	0	-1	0	3.7662868e-08	0	3.7662874e-08
lncRNA	ENST00000647872.1	LINC02693	2714	0	0	-1	0	1.9166762e-08	0	1.9166765e-08
lncRNA	ENST00000647872.1	LINC02693	2715	0	0	-1	0	3.9347977e-08	0	3.9347984e-08
lncRNA	ENST00000647872.1	LINC02693	2716	0	0	-1	0	1.3115147e-08	0	1.3115149e-08
lncRNA	ENST00000647872.1	LINC02693	2717	0	0	-1	0	1.1747242e-06	0	1.1747243e-06
lncRNA	ENST00000647872.1	LINC02693	2718	0	0	-1	0	2.1983975e-05	0	2.1983978e-05
lncRNA	ENST00000647872.1	LINC02693	2719	0	0	-1	0	5.5577566e-06	0	5.5577575e-06
lncRNA	ENST00000647872.1	LINC02693	2720	0	0	-1	0	2.856749e-06	0	2.8567495e-06
lncRNA	ENST00000647872.1	LINC02693	2721	0	0	-1	0	1.2264459e-06	0	1.2264461e-06
lncRNA	ENST00000647872.1	LINC02693	2722	0	0	-1	0	5.763892e-07	0	5.7638929e-07
lncRNA	ENST00000647872.1	LINC02693	2723	0	0	-1	0	1.5819669e-05	0	1.5819671e-05
lncRNA	ENST00000647872.1	LINC02693	2724	0	0	-1	0	1.5756169e-06	0	1.5756172e-06
lncRNA	ENST00000647872.1	LINC02693	2725	0	0	-1	0	1.2790924e-06	0	1.2790926e-06
lncRNA	ENST00000647872.1	LINC02693	2726	0	0	-1	0	1.0945386e-06	0	1.0945387e-06
lncRNA	ENST00000647872.1	LINC02693	2727	0	0	-1	0	1.1446487e-07	0	1.1446489e-07
lncRNA	ENST00000647872.1	LINC02693	2728	0	0	-1	0	7.7183586e-08	0	7.7183598e-08
lncRNA	ENST00000647872.1	LINC02693	2729	0	0	-1	0	1.6119719e-07	0	1.6119722e-07
lncRNA	ENST00000647872.1	LINC02693	2730	0	0	-1	0	1.6847918e-07	0	1.684792e-07
lncRNA	ENST00000647872.1	LINC02693	2731	0	0	-1	0	3.1603845e-06	0	3.160385e-06
lncRNA	ENST00000647872.1	LINC02693	2732	0	0	-1	0	2.9632841e-07	0	2.9632846e-07
lncRNA	ENST00000647872.1	LINC02693	2733	0	0	-1	0	6.4792079e-07	0	6.4792089e-07
lncRNA	ENST00000647872.1	LINC02693	2734	0	0	-1	0	3.3524367e-07	0	3.3524372e-07
lncRNA	ENST00000647872.1	LINC02693	2735	0	0	-1	0	3.6580724e-07	0	3.658073e-07
lncRNA	ENST00000647872.1	LINC02693	2736	0	0	-1	0	3.5778888e-07	0	3.5778893e-07
lncRNA	ENST00000647872.1	LINC02693	2737	0	0	-1	0	1.0524664e-05	0	1.0524665e-05
lncRNA	ENST00000647872.1	LINC02693	2738	0	0	-1	0	1.9935947e-06	0	1.993595e-06
lncRNA	ENST00000647872.1	LINC02693	2739	0	0	-1	0	2.253098e-06	0	2.2530984e-06
lncRNA	ENST00000647872.1	LINC02693	2740	0	0	-1	0	3.7421327e-07	0	3.7421333e-07
lncRNA	ENST00000647872.1	LINC02693	2741	0	0	-1	0	4.6418438e-07	0	4.6418445e-07
lncRNA	ENST00000647872.1	LINC02693	2742	0	0	-1	0	6.1914216e-06	0	6.1914225e-06
lncRNA	ENST00000647872.1	LINC02693	2743	0	0	-1	0	5.9099525e-06	0	5.9099534e-06
lncRNA	ENST00000647872.1	LINC02693	2744	0	0	-1	0	9.4665756e-06	0	9.4665771e-06
lncRNA	ENST00000647872.1	LINC02693	2745	0	0	-1	0	8.9057467e-06	0	8.9057481e-06
lncRNA	ENST00000647872.1	LINC02693	2746	0	0	-1	0	6.3099069e-06	0	6.3099079e-06
lncRNA	ENST00000647872.1	LINC02693	2747	0	0	-1	0	7.3846131e-05	0	7.3846143e-05
lncRNA	ENST00000647872.1	LINC02693	2748	0	0	-1	0	4.5825022e-06	0	4.582503e-06
lncRNA	ENST00000647872.1	LINC02693	2749	0	0	-1	0	5.3565836e-06	0	5.3565845e-06
lncRNA	ENST00000647872.1	LINC02693	2750	0	0	-1	0	7.4447494e-06	0	7.4447505e-06
lncRNA	ENST00000647872.1	LINC02693	2751	0	0	-1	0	5.7251594e-07	0	5.7251603e-07
lncRNA	ENST00000647872.1	LINC02693	2752	0	0	-1	0	2.2079712e-06	0	2.2079715e-06
lncRNA	ENST00000647872.1	LINC02693	2753	0	0	-1	0	6.1582973e-06	0	6.1582983e-06
lncRNA	ENST00000647872.1	LINC02693	2754	0	0	-1	0	2.8298073e-06	0	2.8298077e-06
lncRNA	ENST00000647872.1	LINC02693	2755	0	0	-1	0	2.2262212e-07	0	2.2262215e-07
lncRNA	ENST00000647872.1	LINC02693	2756	0	0	-1	0	1.0338003e-05	0	1.0338004e-05
lncRNA	ENST00000647872.1	LINC02693	2757	0	0	-1	0	2.1893495e-06	0	2.1893499e-06
lncRNA	ENST00000647872.1	LINC02693	2758	0	0	-1	0	5.5145085e-07	0	5.5145094e-07
lncRNA	ENST00000647872.1	LINC02693	2759	0	0	-1	0	1.7725581e-06	0	1.7725584e-06
lncRNA	ENST00000647872.1	LINC02693	2760	0	0	-1	0	3.7670522e-06	0	3.7670528e-06
lncRNA	ENST00000647872.1	LINC02693	2761	0	0	-1	0	2.2552586e-06	0	2.2552589e-06
lncRNA	ENST00000647872.1	LINC02693	2762	0	0	-1	0	3.0587594e-06	0	3.0587599e-06
lncRNA	ENST00000647872.1	LINC02693	2763	0	0	-1	0	4.7565445e-06	0	4.7565453e-06
lncRNA	ENST00000647872.1	LINC02693	2764	0	0	-1	0	2.4870715e-06	0	2.4870719e-06
lncRNA	ENST00000647872.1	LINC02693	2765	0	0	-1	0	4.8890115e-06	0	4.8890123e-06
lncRNA	ENST00000647872.1	LINC02693	2766	0	0	-1	0	6.3688856e-07	0	6.3688866e-07
lncRNA	ENST00000647872.1	LINC02693	2767	0	0	-1	0	2.3073726e-07	0	2.3073729e-07
lncRNA	ENST00000647872.1	LINC02693	2768	0	0	-1	0	6.3998397e-07	0	6.3998407e-07
lncRNA	ENST00000647872.1	LINC02693	2769	0	0	-1	7	5.5526203e-07	0.0027195027	5.5526212e-07
lncRNA	ENST00000647872.1	LINC02693	2770	0	0	-1	0	2.313048e-07	0	2.3130483e-07
lncRNA	ENST00000647872.1	LINC02693	2771	0	0	-1	0	4.6764839e-07	0	4.6764846e-07
lncRNA	ENST00000647872.1	LINC02693	2772	0	0	-1	0	1.8600039e-06	0	1.8600042e-06
lncRNA	ENST00000647872.1	LINC02693	2773	0	0	-1	0	7.3002082e-07	0	7.3002093e-07
lncRNA	ENST00000647872.1	LINC02693	2774	0	0	-1	0	3.4417016e-07	0	3.4417021e-07
lncRNA	ENST00000647872.1	LINC02693	2775	0	0	-1	0	7.4847321e-07	0	7.4847333e-07
lncRNA	ENST00000647872.1	LINC02693	2776	0	0	-1	0	4.1682956e-06	0	4.1682963e-06
lncRNA	ENST00000647872.1	LINC02693	2777	0	0	-1	0	4.1582107e-06	0	4.1582113e-06
lncRNA	ENST00000647872.1	LINC02693	2778	0	0	-1	0	1.0700542e-05	0	1.0700543e-05
lncRNA	ENST00000647872.1	LINC02693	2779	0	0	-1	0	5.3841222e-06	0	5.3841231e-06
lncRNA	ENST00000647872.1	LINC02693	2780	0	0	-1	0	3.6898778e-06	0	3.6898783e-06
lncRNA	ENST00000647872.1	LINC02693	2781	0	0	-1	0	3.2449193e-06	0	3.2449198e-06
lncRNA	ENST00000647872.1	LINC02693	2782	0	0	-1	0	7.7590568e-07	0	7.759058e-07
lncRNA	ENST00000647872.1	LINC02693	2783	0	0	-1	0	2.6109863e-06	0	2.6109867e-06
lncRNA	ENST00000647872.1	LINC02693	2784	0	0	-1	0	4.4620256e-07	0	4.4620263e-07
lncRNA	ENST00000647872.1	LINC02693	2785	0	0	-1	0	1.998276e-07	0	1.9982763e-07
lncRNA	ENST00000647872.1	LINC02693	2786	0	0	-1	0	1.5394959e-05	0	1.5394961e-05
lncRNA	ENST00000647872.1	LINC02693	2787	0	0	-1	0	1.3464633e-06	0	1.3464635e-06
lncRNA	ENST00000647872.1	LINC02693	2788	0	0	-1	0	1.2395899e-06	0	1.2395901e-06
lncRNA	ENST00000647872.1	LINC02693	2789	0	0	-1	0	1.9439383e-07	0	1.9439386e-07
lncRNA	ENST00000647872.1	LINC02693	2790	0	0	-1	0	3.3529676e-07	0	3.3529681e-07
lncRNA	ENST00000647872.1	LINC02693	2791	0	0	-1	0	6.6942329e-07	0	6.6942339e-07
lncRNA	ENST00000647872.1	LINC02693	2792	0	0	-1	0	3.0297286e-07	0	3.0297291e-07
lncRNA	ENST00000647872.1	LINC02693	2793	0	0	-1	0	1.7508842e-07	0	1.7508844e-07
lncRNA	ENST00000647872.1	LINC02693	2794	0	0	-1	0	1.0388698e-06	0	1.0388699e-06
lncRNA	ENST00000647872.1	LINC02693	2795	0	0	-1	0	8.2842513e-07	0	8.2842526e-07
lncRNA	ENST00000647872.1	LINC02693	2796	0	0	-1	0	1.002404e-06	0	1.0024042e-06
lncRNA	ENST00000647872.1	LINC02693	2797	0	0	-1	0	4.2810107e-08	0	4.2810114e-08
lncRNA	ENST00000647872.1	LINC02693	2798	0	0	-1	0	1.5399861e-07	0	1.5399864e-07
lncRNA	ENST00000647872.1	LINC02693	2799	0	0	-1	0	4.6593477e-06	0	4.6593485e-06
lncRNA	ENST00000647872.1	LINC02693	2800	0	0	-1	0	2.7952484e-07	0	2.7952488e-07
lncRNA	ENST00000647872.1	LINC02693	2801	0	0	-1	0	1.0835946e-06	0	1.0835948e-06
lncRNA	ENST00000647872.1	LINC02693	2802	0	0	-1	0	8.6495487e-07	0	8.6495501e-07
lncRNA	ENST00000647872.1	LINC02693	2803	0	0	-1	0	4.3539808e-07	0	4.3539815e-07
lncRNA	ENST00000647872.1	LINC02693	2804	0	0	-1	0	5.9668232e-06	0	5.9668241e-06
lncRNA	ENST00000647872.1	LINC02693	2805	0	0	-1	0	1.208866e-06	0	1.2088662e-06
lncRNA	ENST00000647872.1	LINC02693	2806	0	0	-1	0	5.5027276e-06	0	5.5027285e-06
lncRNA	ENST00000647872.1	LINC02693	2807	0	0	-1	0	8.2419024e-07	0	8.2419037e-07
lncRNA	ENST00000647872.1	LINC02693	2808	0	0	-1	0	7.2178835e-07	0	7.2178847e-07
lncRNA	ENST00000647872.1	LINC02693	2809	0	0	-1	0	1.2030432e-06	0	1.2030434e-06
lncRNA	ENST00000647872.1	LINC02693	2810	0	0	-1	0	1.6897156e-05	0	1.6897159e-05
lncRNA	ENST00000647872.1	LINC02693	2811	0	0	-1	0	6.034476e-06	0	6.0344769e-06
lncRNA	ENST00000647872.1	LINC02693	2812	0	0	-1	0	1.8252211e-05	0	1.8252214e-05
lncRNA	ENST00000647872.1	LINC02693	2813	0	0	-1	0	3.8688986e-06	0	3.8688992e-06
lncRNA	ENST00000647872.1	LINC02693	2814	0	0	-1	0	4.9462335e-07	0	4.9462343e-07
lncRNA	ENST00000647872.1	LINC02693	2815	0	0	-1	0	1.0639304e-05	0	1.0639306e-05
lncRNA	ENST00000647872.1	LINC02693	2816	0	0	-1	0	1.9250554e-06	0	1.9250557e-06
lncRNA	ENST00000647872.1	LINC02693	2817	0	0	-1	0	3.6992833e-07	0	3.6992839e-07
lncRNA	ENST00000647872.1	LINC02693	2818	0	0	-1	0	4.013461e-06	0	4.0134616e-06
lncRNA	ENST00000647872.1	LINC02693	2819	0	0	-1	0	1.1818225e-06	0	1.1818227e-06
lncRNA	ENST00000647872.1	LINC02693	2820	0	0	-1	0	3.1573944e-07	0	3.1573949e-07
lncRNA	ENST00000647872.1	LINC02693	2821	0	0	-1	0	2.7727485e-06	0	2.772749e-06
lncRNA	ENST00000647872.1	LINC02693	2822	0	0	-1	0	9.0929052e-06	0	9.0929066e-06
lncRNA	ENST00000647872.1	LINC02693	2823	0	0	-1	0	1.4644093e-05	0	1.4644095e-05
lncRNA	ENST00000647872.1	LINC02693	2824	0	0	-1	0	6.5761342e-05	0	6.5761352e-05
lncRNA	ENST00000647872.1	LINC02693	2825	0	0	-1	0	6.8072718e-06	0	6.8072729e-06
lncRNA	ENST00000647872.1	LINC02693	2826	0	0	-1	0	1.9294498e-06	0	1.9294501e-06
lncRNA	ENST00000647872.1	LINC02693	2827	0	0	-1	0	3.2804589e-06	0	3.2804595e-06
lncRNA	ENST00000647872.1	LINC02693	2828	0	0	-1	0	5.1690705e-07	0	5.1690713e-07
lncRNA	ENST00000647872.1	LINC02693	2829	0	0	-1	0	4.5001648e-06	0	4.5001655e-06
lncRNA	ENST00000647872.1	LINC02693	2830	0	0	-1	0	4.9835825e-07	0	4.9835833e-07
lncRNA	ENST00000647872.1	LINC02693	2831	0	0	-1	0	1.1056466e-06	0	1.1056467e-06
lncRNA	ENST00000647872.1	LINC02693	2832	0	0	-1	0	1.9782744e-06	0	1.9782748e-06
lncRNA	ENST00000647872.1	LINC02693	2833	0	0	-1	0	1.0107132e-06	0	1.0107133e-06
lncRNA	ENST00000647872.1	LINC02693	2834	0	0	-1	0	4.8055523e-07	0	4.8055531e-07
lncRNA	ENST00000647872.1	LINC02693	2835	0	0	-1	0	9.0102358e-06	0	9.0102372e-06
lncRNA	ENST00000647872.1	LINC02693	2836	0	0	-1	0	7.1936297e-06	0	7.1936308e-06
lncRNA	ENST00000647872.1	LINC02693	2837	0	0	-1	0	1.5330223e-06	0	1.5330226e-06
lncRNA	ENST00000647872.1	LINC02693	2838	0	0	-1	0	1.0510104e-06	0	1.0510105e-06
lncRNA	ENST00000647872.1	LINC02693	2839	0	0	-1	0	2.3705427e-06	0	2.3705431e-06
lncRNA	ENST00000647872.1	LINC02693	2840	0	0	-1	0	2.1764693e-06	0	2.1764696e-06
lncRNA	ENST00000647872.1	LINC02693	2841	0	0	-1	0	5.6799291e-07	0	5.67993e-07
lncRNA	ENST00000647872.1	LINC02693	2842	0	0	-1	0	5.5746632e-06	0	5.5746641e-06
lncRNA	ENST00000647872.1	LINC02693	2843	0	0	-1	0	3.8491783e-07	0	3.8491789e-07
lncRNA	ENST00000647872.1	LINC02693	2844	0	0	-1	0	2.808182e-06	0	2.8081824e-06
lncRNA	ENST00000647872.1	LINC02693	2845	0	0	-1	0	1.6780514e-06	0	1.6780516e-06
lncRNA	ENST00000647872.1	LINC02693	2846	0	0	-1	0	1.597049e-06	0	1.5970493e-06
lncRNA	ENST00000647872.1	LINC02693	2847	0	0	-1	0	1.4644003e-06	0	1.4644005e-06
lncRNA	ENST00000647872.1	LINC02693	2848	0	0	-1	0	2.1163424e-07	0	2.1163428e-07
lncRNA	ENST00000647872.1	LINC02693	2849	0	0	-1	0	2.5098548e-06	0	2.5098552e-06
lncRNA	ENST00000647872.1	LINC02693	2850	0	0	-1	0	7.9743704e-06	0	7.9743717e-06
lncRNA	ENST00000647872.1	LINC02693	2851	0	0	-1	0	1.8884715e-06	0	1.8884718e-06
lncRNA	ENST00000647872.1	LINC02693	2852	0	0	-1	0	6.908183e-06	0	6.9081841e-06
lncRNA	ENST00000647872.1	LINC02693	2853	0	0	-1	0	4.8527745e-06	0	4.8527753e-06
lncRNA	ENST00000647872.1	LINC02693	2854	0	0	-1	0	4.9686928e-08	0	4.9686936e-08
lncRNA	ENST00000647872.1	LINC02693	2855	0	0	-1	0	7.2093115e-07	0	7.2093127e-07
lncRNA	ENST00000647872.1	LINC02693	2856	0	0	-1	0	7.7527255e-07	0	7.7527268e-07
lncRNA	ENST00000647872.1	LINC02693	2857	0	0	-1	0	1.1301717e-06	0	1.1301718e-06
lncRNA	ENST00000647872.1	LINC02693	2858	0	0	-1	0	1.9988679e-06	0	1.9988682e-06
lncRNA	ENST00000647872.1	LINC02693	2859	0	0	-1	0	7.3645691e-07	0	7.3645703e-07
lncRNA	ENST00000647872.1	LINC02693	2860	0	0	-1	0	6.0293013e-07	0	6.0293022e-07
lncRNA	ENST00000647872.1	LINC02693	2861	0	0	-1	0	4.9123469e-06	0	4.9123476e-06
lncRNA	ENST00000647872.1	LINC02693	2862	0	0	-1	0	1.2821921e-06	0	1.2821923e-06
lncRNA	ENST00000647872.1	LINC02693	2863	0	0	-1	0	3.1652526e-08	0	3.1652531e-08
lncRNA	ENST00000647872.1	LINC02693	2864	0	0	-1	0	3.5284354e-06	0	3.528436e-06
lncRNA	ENST00000647872.1	LINC02693	2865	0	0	-1	0	1.0466703e-06	0	1.0466704e-06
lncRNA	ENST00000647872.1	LINC02693	2866	0	0	-1	0	9.297097e-07	0	9.2970985e-07
lncRNA	ENST00000647872.1	LINC02693	2867	0	0	-1	0	2.6812245e-06	0	2.6812249e-06
lncRNA	ENST00000647872.1	LINC02693	2868	0	0	-1	0	2.6896862e-06	0	2.6896866e-06
lncRNA	ENST00000647872.1	LINC02693	2869	0	0	-1	0	1.3969927e-06	0	1.3969929e-06
lncRNA	ENST00000647872.1	LINC02693	2870	0	0	-1	0	5.1935764e-08	0	5.1935772e-08
lncRNA	ENST00000647872.1	LINC02693	2871	0	0	-1	0	5.0826696e-07	0	5.0826704e-07
lncRNA	ENST00000647872.1	LINC02693	2872	0	0	-1	0	1.6999469e-07	0	1.6999472e-07
lncRNA	ENST00000647872.1	LINC02693	2873	0	0	-1	0	4.4434877e-08	0	4.4434884e-08
lncRNA	ENST00000647872.1	LINC02693	2874	0	0	-1	0	1.0524086e-06	0	1.0524088e-06
lncRNA	ENST00000647872.1	LINC02693	2875	0	0	-1	0	2.1400236e-07	0	2.1400239e-07
lncRNA	ENST00000647872.1	LINC02693	2876	0	0	-1	0	8.0134903e-09	0	8.0134916e-09
lncRNA	ENST00000647872.1	LINC02693	2877	0	0	-1	0	2.2423339e-09	0	2.2423342e-09
lncRNA	ENST00000647872.1	LINC02693	2878	0	0	-1	0	1.7304236e-08	0	1.7304239e-08
lncRNA	ENST00000647872.1	LINC02693	2879	0	0	-1	0	5.7604218e-08	0	5.7604227e-08
lncRNA	ENST00000647872.1	LINC02693	2880	0	0	-1	0	8.5009821e-09	0	8.5009835e-09
lncRNA	ENST00000647872.1	LINC02693	2881	0	0	-1	0	1.1949481e-07	0	1.1949483e-07
lncRNA	ENST00000647872.1	LINC02693	2882	0	0	-1	0	2.0975621e-08	0	2.0975625e-08
lncRNA	ENST00000647872.1	LINC02693	2883	0	0	-1	0	4.6020918e-06	0	4.6020926e-06
lncRNA	ENST00000647872.1	LINC02693	2884	0	0	-1	0	2.3560553e-06	0	2.3560557e-06
lncRNA	ENST00000647872.1	LINC02693	2885	0	0	-1	0	1.1856207e-05	0	1.1856209e-05
lncRNA	ENST00000647872.1	LINC02693	2886	0	0	-1	0	1.0585781e-06	0	1.0585782e-06
lncRNA	ENST00000647872.1	LINC02693	2887	0	0	-1	0	3.5844769e-07	0	3.5844775e-07
lncRNA	ENST00000647872.1	LINC02693	2888	0	0	-1	0	4.819243e-07	0	4.8192438e-07
lncRNA	ENST00000647872.1	LINC02693	2889	0	0	-1	0	1.4364589e-05	0	1.4364592e-05
lncRNA	ENST00000647872.1	LINC02693	2890	0	0	-1	0	3.6076634e-07	0	3.6076639e-07
lncRNA	ENST00000647872.1	LINC02693	2891	0	0	-1	0	1.7166792e-06	0	1.7166795e-06
lncRNA	ENST00000647872.1	LINC02693	2892	0	0	-1	0	2.4600242e-06	0	2.4600246e-06
lncRNA	ENST00000647872.1	LINC02693	2893	0	0	-1	0	1.2044414e-06	0	1.2044416e-06
lncRNA	ENST00000647872.1	LINC02693	2894	0	0	-1	0	9.1119773e-06	0	9.1119787e-06
lncRNA	ENST00000647872.1	LINC02693	2895	0	0	-1	0	2.1133355e-05	0	2.1133359e-05
lncRNA	ENST00000647872.1	LINC02693	2896	0	0	-1	0	2.4579274e-06	0	2.4579278e-06
lncRNA	ENST00000647872.1	LINC02693	2897	0	0	-1	0	8.7302633e-06	0	8.7302647e-06
lncRNA	ENST00000647872.1	LINC02693	2898	0	0	-1	0	2.3465523e-06	0	2.3465526e-06
lncRNA	ENST00000647872.1	LINC02693	2899	0	0	-1	0	1.7701146e-05	0	1.7701149e-05
lncRNA	ENST00000647872.1	LINC02693	2900	0	0	-1	0	2.8794389e-07	0	2.8794394e-07
lncRNA	ENST00000647872.1	LINC02693	2901	0	0	-1	0	4.4035525e-07	0	4.4035532e-07
lncRNA	ENST00000647872.1	LINC02693	2902	0	0	-1	0	3.6373839e-07	0	3.6373845e-07
lncRNA	ENST00000647872.1	LINC02693	2903	0	0	-1	0	1.1911002e-05	0	1.1911004e-05
lncRNA	ENST00000647872.1	LINC02693	2904	0	0	-1	0	1.0798134e-05	0	1.0798136e-05
lncRNA	ENST00000647872.1	LINC02693	2905	0	0	-1	0	2.268144e-06	0	2.2681444e-06
lncRNA	ENST00000647872.1	LINC02693	2906	0	0	-1	0	2.265808e-07	0	2.2658083e-07
lncRNA	ENST00000647872.1	LINC02693	2907	0	0	-1	0	4.1998558e-07	0	4.1998565e-07
lncRNA	ENST00000647872.1	LINC02693	2908	0	0	-1	0	4.5044044e-07	0	4.5044051e-07
lncRNA	ENST00000647872.1	LINC02693	2909	0	0	-1	0	1.5141674e-07	0	1.5141677e-07
lncRNA	ENST00000647872.1	LINC02693	2910	0	0	-1	0	2.7260992e-07	0	2.7260997e-07
lncRNA	ENST00000647872.1	LINC02693	2911	0	0	-1	0	2.0976033e-07	0	2.0976036e-07
lncRNA	ENST00000647872.1	LINC02693	2912	0	0	-1	0	5.5644701e-08	0	5.564471e-08
lncRNA	ENST00000647872.1	LINC02693	2913	0	0	-1	0	3.0542647e-06	0	3.0542651e-06
lncRNA	ENST00000647872.1	LINC02693	2914	0	0	-1	0	9.4348013e-07	0	9.4348028e-07
lncRNA	ENST00000647872.1	LINC02693	2915	0	0	-1	0	1.7483079e-07	0	1.7483082e-07
lncRNA	ENST00000647872.1	LINC02693	2916	0	0	-1	0	1.6034755e-06	0	1.6034758e-06
lncRNA	ENST00000647872.1	LINC02693	2917	0	0	-1	0	1.0277296e-06	0	1.0277297e-06
lncRNA	ENST00000647872.1	LINC02693	2918	0	0	-1	0	1.6915423e-07	0	1.6915426e-07
lncRNA	ENST00000647872.1	LINC02693	2919	0	0	-1	0	3.3880747e-07	0	3.3880752e-07
lncRNA	ENST00000647872.1	LINC02693	2920	0	0	-1	0	8.7719748e-08	0	8.7719762e-08
lncRNA	ENST00000647872.1	LINC02693	2921	0	0	-1	0	2.0265848e-08	0	2.0265851e-08
lncRNA	ENST00000647872.1	LINC02693	2922	0	0	-1	0	5.3064934e-07	0	5.3064943e-07
lncRNA	ENST00000647872.1	LINC02693	2923	0	0	-1	0	5.8211776e-07	0	5.8211786e-07
lncRNA	ENST00000647872.1	LINC02693	2924	0	0	-1	0	4.8631728e-07	0	4.8631735e-07
lncRNA	ENST00000647872.1	LINC02693	2925	0	0	-1	0	2.4296381e-07	0	2.4296385e-07
lncRNA	ENST00000647872.1	LINC02693	2926	0	0	-1	0	1.9657746e-07	0	1.9657749e-07
lncRNA	ENST00000647872.1	LINC02693	2927	0	0	-1	0	7.05356e-07	0	7.0535611e-07
lncRNA	ENST00000647872.1	LINC02693	2928	0	0	-1	0	2.6980742e-06	0	2.6980747e-06
lncRNA	ENST00000647872.1	LINC02693	2929	0	0	-1	0	1.2211245e-05	0	1.2211247e-05
lncRNA	ENST00000647872.1	LINC02693	2930	0	0	-1	0	4.432456e-07	0	4.4324567e-07
lncRNA	ENST00000647872.1	LINC02693	2931	0	0	-1	0	2.1934591e-07	0	2.1934594e-07
lncRNA	ENST00000647872.1	LINC02693	2932	0	0	-1	0	1.6664644e-07	0	1.6664647e-07
lncRNA	ENST00000647872.1	LINC02693	2933	0	0	-1	0	3.1082479e-07	0	3.1082484e-07
lncRNA	ENST00000647872.1	LINC02693	2934	0	0	-1	0	5.9988349e-07	0	5.9988359e-07
lncRNA	ENST00000647872.1	LINC02693	2935	0	0	-1	0	8.5702067e-07	0	8.570208e-07
lncRNA	ENST00000647872.1	LINC02693	2936	0	0	-1	0	2.4186591e-07	0	2.4186594e-07
lncRNA	ENST00000647872.1	LINC02693	2937	0	0	-1	0	3.7245832e-07	0	3.7245838e-07
lncRNA	ENST00000647872.1	LINC02693	2938	0	0	-1	0	1.9398419e-07	0	1.9398422e-07
lncRNA	ENST00000647872.1	LINC02693	2939	0	0	-1	0	2.87387e-07	0	2.8738704e-07
lncRNA	ENST00000647872.1	LINC02693	2940	0	0	-1	0	2.8486907e-08	0	2.8486912e-08
lncRNA	ENST00000647872.1	LINC02693	2941	0	0	-1	0	3.9571489e-07	0	3.9571495e-07
lncRNA	ENST00000647872.1	LINC02693	2942	0	0	-1	0	1.6805025e-07	0	1.6805028e-07
lncRNA	ENST00000647872.1	LINC02693	2943	0	0	-1	0	1.628336e-07	0	1.6283363e-07
lncRNA	ENST00000647872.1	LINC02693	2944	0	0	-1	0	4.1047502e-07	0	4.1047509e-07
lncRNA	ENST00000647872.1	LINC02693	2945	0	0	-1	0	9.3194944e-07	0	9.3194959e-07
lncRNA	ENST00000647872.1	LINC02693	2946	0	0	-1	0	1.4226633e-07	0	1.4226635e-07
lncRNA	ENST00000647872.1	LINC02693	2947	0	0	-1	0	3.4642952e-07	0	3.4642957e-07
lncRNA	ENST00000647872.1	LINC02693	2948	0	0	-1	0	4.0608535e-07	0	4.0608541e-07
lncRNA	ENST00000647872.1	LINC02693	2949	0	0	-1	0	3.7214502e-08	0	3.7214508e-08
lncRNA	ENST00000647872.1	LINC02693	2950	0	0	-1	0	1.5116484e-07	0	1.5116486e-07
lncRNA	ENST00000647872.1	LINC02693	2951	0	0	-1	0	1.6419071e-07	0	1.6419073e-07
lncRNA	ENST00000647872.1	LINC02693	2952	0	0	-1	0	9.0646586e-07	0	9.06466e-07
lncRNA	ENST00000647872.1	LINC02693	2953	0	0	-1	0	2.0918528e-06	0	2.0918531e-06
lncRNA	ENST00000647872.1	LINC02693	2954	0	0	-1	0	3.2128224e-07	0	3.2128229e-07
lncRNA	ENST00000647872.1	LINC02693	2955	0	0	-1	0	2.2841758e-07	0	2.2841761e-07
lncRNA	ENST00000647872.1	LINC02693	2956	0	0	-1	0	5.2972302e-07	0	5.2972311e-07
lncRNA	ENST00000647872.1	LINC02693	2957	0	0	-1	0	2.620628e-06	0	2.6206285e-06
lncRNA	ENST00000647872.1	LINC02693	2958	0	0	-1	0	4.6132993e-07	0	4.6133001e-07
lncRNA	ENST00000647872.1	LINC02693	2959	0	0	-1	0	1.8841235e-06	0	1.8841238e-06
lncRNA	ENST00000647872.1	LINC02693	2960	0	0	-1	0	9.4092275e-07	0	9.4092289e-07
lncRNA	ENST00000647872.1	LINC02693	2961	0	0	-1	0	2.6300182e-07	0	2.6300186e-07
lncRNA	ENST00000647872.1	LINC02693	2962	0	0	-1	0	3.0946421e-07	0	3.0946426e-07
lncRNA	ENST00000647872.1	LINC02693	2963	0	0	-1	0	2.6393136e-06	0	2.639314e-06
lncRNA	ENST00000647872.1	LINC02693	2964	0	0	-1	0	1.1867163e-06	0	1.1867165e-06
lncRNA	ENST00000647872.1	LINC02693	2965	0	0	-1	0	4.3736386e-06	0	4.3736393e-06
lncRNA	ENST00000647872.1	LINC02693	2966	0	0	-1	0	2.0723423e-06	0	2.0723427e-06
lncRNA	ENST00000647872.1	LINC02693	2967	0	0	-1	0	9.0602765e-07	0	9.0602779e-07
lncRNA	ENST00000647872.1	LINC02693	2968	0	0	-1	0	2.7936537e-06	0	2.7936542e-06
lncRNA	ENST00000647872.1	LINC02693	2969	0	0	-1	0	1.4416458e-06	0	1.4416461e-06
lncRNA	ENST00000647872.1	LINC02693	2970	0	0	-1	0	9.2219585e-07	0	9.22196e-07
lncRNA	ENST00000647872.1	LINC02693	2971	0	0	-1	0	3.6023534e-06	0	3.602354e-06
lncRNA	ENST00000647872.1	LINC02693	2972	0	0	-1	0	2.3878809e-07	0	2.3878813e-07
lncRNA	ENST00000647872.1	LINC02693	2973	0	0	-1	0	4.9338053e-07	0	4.933806e-07
lncRNA	ENST00000647872.1	LINC02693	2974	0	0	-1	0	5.5427421e-07	0	5.542743e-07
lncRNA	ENST00000647872.1	LINC02693	2975	0	0	-1	0	5.1245519e-07	0	5.1245527e-07
lncRNA	ENST00000647872.1	LINC02693	2976	0	0	-1	0	1.454367e-06	0	1.4543672e-06
lncRNA	ENST00000647872.1	LINC02693	2977	0	0	-1	0	2.9822905e-07	0	2.982291e-07
lncRNA	ENST00000647872.1	LINC02693	2978	0	0	-1	0	1.0498413e-06	0	1.0498415e-06
lncRNA	ENST00000647872.1	LINC02693	2979	0	0	-1	0	2.4351104e-07	0	2.4351108e-07
lncRNA	ENST00000647872.1	LINC02693	2980	0	0	-1	0	5.3929381e-07	0	5.3929389e-07
lncRNA	ENST00000647872.1	LINC02693	2981	0	0	-1	0	4.3039327e-07	0	4.3039334e-07
lncRNA	ENST00000647872.1	LINC02693	2982	0	0	-1	0	2.9968696e-06	0	2.9968701e-06
lncRNA	ENST00000647872.1	LINC02693	2983	0	0	-1	0	3.9469746e-06	0	3.9469753e-06
lncRNA	ENST00000647872.1	LINC02693	2984	0	0	-1	0	7.1687147e-08	0	7.1687158e-08
lncRNA	ENST00000647872.1	LINC02693	2985	0	0	-1	0	9.2123685e-07	0	9.2123699e-07
lncRNA	ENST00000647872.1	LINC02693	2986	0	0	-1	0	5.2814798e-06	0	5.2814807e-06
lncRNA	ENST00000647872.1	LINC02693	2987	0	0	-1	0	3.0062074e-06	0	3.0062079e-06
lncRNA	ENST00000647872.1	LINC02693	2988	0	0	-1	0	1.2340228e-06	0	1.234023e-06
lncRNA	ENST00000647872.1	LINC02693	2989	0	0	-1	0	2.7080748e-07	0	2.7080752e-07
lncRNA	ENST00000647872.1	LINC02693	2990	0	0	-1	0	1.186757e-06	0	1.1867572e-06
lncRNA	ENST00000647872.1	LINC02693	2991	0	0	-1	0	2.2319971e-07	0	2.2319974e-07
lncRNA	ENST00000647872.1	LINC02693	2992	0	0	-1	0	2.6870262e-07	0	2.6870266e-07
lncRNA	ENST00000647872.1	LINC02693	2993	0	0	-1	0	1.5449272e-07	0	1.5449275e-07
lncRNA	ENST00000647872.1	LINC02693	2994	0	0	-1	0	2.5179787e-07	0	2.5179791e-07
lncRNA	ENST00000647872.1	LINC02693	2995	0	0	-1	0	3.9065675e-08	0	3.9065681e-08
lncRNA	ENST00000647872.1	LINC02693	2996	0	0	-1	0	4.3835517e-08	0	4.3835523e-08
lncRNA	ENST00000647872.1	LINC02693	2997	0	0	-1	0	1.8726452e-07	0	1.8726455e-07
lncRNA	ENST00000647872.1	LINC02693	2998	0	0	-1	0	4.1390396e-07	0	4.1390403e-07
lncRNA	ENST00000647872.1	LINC02693	2999	0	0	-1	0	1.7596984e-06	0	1.7596987e-06
lncRNA	ENST00000647872.1	LINC02693	3000	0	0	-1	0	1.2045316e-05	0	1.2045318e-05
lncRNA	ENST00000647872.1	LINC02693	3001	0	0	-1	0	2.0505126e-06	0	2.050513e-06
lncRNA	ENST00000647872.1	LINC02693	3002	0	0	-1	0	1.0378702e-07	0	1.0378703e-07
lncRNA	ENST00000647872.1	LINC02693	3003	0	0	-1	0	1.4029185e-07	0	1.4029187e-07
lncRNA	ENST00000647872.1	LINC02693	3004	0	0	-1	0	3.8180366e-07	0	3.8180372e-07
lncRNA	ENST00000647872.1	LINC02693	3005	0	0	-1	0	3.5854428e-06	0	3.5854433e-06
lncRNA	ENST00000647872.1	LINC02693	3006	0	0	-1	0	2.1387004e-06	0	2.1387008e-06
lncRNA	ENST00000647872.1	LINC02693	3007	0	0	-1	0	4.9592228e-07	0	4.9592236e-07
lncRNA	ENST00000647872.1	LINC02693	3008	0	0	-1	0	1.3406219e-06	0	1.3406221e-06
lncRNA	ENST00000647872.1	LINC02693	3009	0	0	-1	0	1.5561224e-07	0	1.5561227e-07
lncRNA	ENST00000647872.1	LINC02693	3010	0	0	-1	0	2.0264033e-06	0	2.0264036e-06
lncRNA	ENST00000647872.1	LINC02693	3011	0	0	-1	0	1.7387305e-05	0	1.7387308e-05
lncRNA	ENST00000647872.1	LINC02693	3012	0	0	-1	0	1.3723195e-06	0	1.3723197e-06
lncRNA	ENST00000647872.1	LINC02693	3013	0	0	-1	0	4.5688068e-07	0	4.5688076e-07
lncRNA	ENST00000647872.1	LINC02693	3014	0	0	-1	0	2.6909291e-07	0	2.6909295e-07
lncRNA	ENST00000647872.1	LINC02693	3015	0	0	-1	0	2.8593209e-07	0	2.8593213e-07
lncRNA	ENST00000647872.1	LINC02693	3016	0	0	-1	0	2.2988856e-07	0	2.2988859e-07
lncRNA	ENST00000647872.1	LINC02693	3017	0	0	-1	0	1.2477535e-06	0	1.2477537e-06
lncRNA	ENST00000647872.1	LINC02693	3018	0	0	-1	0	3.338369e-06	0	3.3383695e-06
lncRNA	ENST00000647872.1	LINC02693	3019	0	0	-1	0	1.6975412e-07	0	1.6975414e-07
lncRNA	ENST00000647872.1	LINC02693	3020	0	0	-1	0	2.9516499e-07	0	2.9516504e-07
lncRNA	ENST00000647872.1	LINC02693	3021	0	0	-1	0	3.7042469e-07	0	3.7042474e-07
lncRNA	ENST00000647872.1	LINC02693	3022	0	0	-1	0	5.2703774e-07	0	5.2703782e-07
lncRNA	ENST00000647872.1	LINC02693	3023	0	0	-1	0	3.3036869e-07	0	3.3036874e-07
lncRNA	ENST00000647872.1	LINC02693	3024	0	0	-1	0	2.7119285e-07	0	2.7119289e-07
lncRNA	ENST00000647872.1	LINC02693	3025	0	0	-1	0	7.1742264e-08	0	7.1742275e-08
lncRNA	ENST00000647872.1	LINC02693	3026	0	0	-1	0	1.8372589e-07	0	1.8372592e-07
lncRNA	ENST00000647872.1	LINC02693	3027	0	0	-1	0	4.8224609e-07	0	4.8224617e-07
lncRNA	ENST00000647872.1	LINC02693	3028	0	0	-1	0	4.2229982e-07	0	4.2229989e-07
lncRNA	ENST00000647872.1	LINC02693	3029	0	0	-1	0	1.2530695e-06	0	1.2530697e-06
lncRNA	ENST00000647872.1	LINC02693	3030	0	0	-1	0	5.5373744e-07	0	5.5373752e-07
lncRNA	ENST00000647872.1	LINC02693	3031	0	0	-1	0	2.7425276e-07	0	2.742528e-07
lncRNA	ENST00000647872.1	LINC02693	3032	0	0	-1	0	2.4189566e-07	0	2.418957e-07
lncRNA	ENST00000647872.1	LINC02693	3033	0	0	-1	0	3.2498045e-07	0	3.249805e-07
lncRNA	ENST00000647872.1	LINC02693	3034	0	0	-1	0	4.9888746e-07	0	4.9888754e-07
lncRNA	ENST00000647872.1	LINC02693	3035	0	0	-1	0	2.0671953e-07	0	2.0671957e-07
lncRNA	ENST00000647872.1	LINC02693	3036	0	0	-1	0	5.8450308e-07	0	5.8450318e-07
lncRNA	ENST00000647872.1	LINC02693	3037	0	0	-1	0	1.3508529e-06	0	1.3508531e-06
lncRNA	ENST00000647872.1	LINC02693	3038	0	0	-1	0	6.0656583e-07	0	6.0656593e-07
lncRNA	ENST00000647872.1	LINC02693	3039	0	0	-1	0	1.3149452e-06	0	1.3149454e-06
lncRNA	ENST00000647872.1	LINC02693	3040	0	0	-1	0	2.8257338e-07	0	2.8257343e-07
lncRNA	ENST00000647872.1	LINC02693	3041	0	0	-1	0	1.6451484e-07	0	1.6451487e-07
lncRNA	ENST00000647872.1	LINC02693	3042	0	0	-1	0	1.0033533e-07	0	1.0033534e-07
lncRNA	ENST00000647872.1	LINC02693	3043	0	0	-1	0	1.1748009e-07	0	1.1748011e-07
lncRNA	ENST00000647872.1	LINC02693	3044	0	0	-1	0	7.3258491e-08	0	7.3258502e-08
lncRNA	ENST00000647872.1	LINC02693	3045	0	0	-1	0	5.6115078e-07	0	5.6115087e-07
lncRNA	ENST00000647872.1	LINC02693	3046	0	0	-1	0	1.0140174e-07	0	1.0140175e-07
lncRNA	ENST00000647872.1	LINC02693	3047	0	0	-1	0	1.3909896e-07	0	1.3909898e-07
lncRNA	ENST00000647872.1	LINC02693	3048	0	0	-1	0	1.6441494e-07	0	1.6441497e-07
lncRNA	ENST00000647872.1	LINC02693	3049	0	0	-1	0	8.1365647e-07	0	8.136566e-07
lncRNA	ENST00000647872.1	LINC02693	3050	0	0	-1	0	1.8095616e-07	0	1.8095619e-07
lncRNA	ENST00000647872.1	LINC02693	3051	0	0	-1	0	3.5681228e-07	0	3.5681234e-07
lncRNA	ENST00000647872.1	LINC02693	3052	0	0	-1	0	1.2109083e-06	0	1.2109085e-06
lncRNA	ENST00000647872.1	LINC02693	3053	0	0	-1	0	7.3826698e-07	0	7.3826709e-07
lncRNA	ENST00000647872.1	LINC02693	3054	0	0	-1	0	3.2044488e-06	0	3.2044493e-06
lncRNA	ENST00000647872.1	LINC02693	3055	0	0	-1	0	8.7965539e-08	0	8.7965553e-08
lncRNA	ENST00000647872.1	LINC02693	3056	0	0	-1	0	8.4013107e-07	0	8.401312e-07
lncRNA	ENST00000647872.1	LINC02693	3057	0	0	-1	0	2.9909123e-07	0	2.9909127e-07
lncRNA	ENST00000647872.1	LINC02693	3058	0	0	-1	0	1.3621134e-07	0	1.3621136e-07
lncRNA	ENST00000647872.1	LINC02693	3059	0	0	-1	0	2.504519e-07	0	2.5045194e-07
lncRNA	ENST00000647872.1	LINC02693	3060	0	0	-1	0	8.8602593e-07	0	8.8602607e-07
lncRNA	ENST00000647872.1	LINC02693	3061	0	0	-1	0	8.2357116e-07	0	8.2357129e-07
lncRNA	ENST00000647872.1	LINC02693	3062	0	0	-1	0	3.1038773e-08	0	3.1038778e-08
lncRNA	ENST00000647872.1	LINC02693	3063	0	0	-1	0	1.0699414e-06	0	1.0699416e-06
lncRNA	ENST00000647872.1	LINC02693	3064	0	0	-1	0	3.4861707e-06	0	3.4861713e-06
lncRNA	ENST00000647872.1	LINC02693	3065	0	0	-1	0	2.9896633e-05	0	2.9896638e-05
lncRNA	ENST00000647872.1	LINC02693	3066	0	0	-1	0	4.4964386e-07	0	4.4964393e-07
lncRNA	ENST00000647872.1	LINC02693	3067	0	0	-1	0	2.5483985e-07	0	2.5483989e-07
lncRNA	ENST00000647872.1	LINC02693	3068	0	0	-1	0	3.5092331e-08	0	3.5092336e-08
lncRNA	ENST00000647872.1	LINC02693	3069	0	0	-1	0	1.5005827e-07	0	1.5005829e-07
lncRNA	ENST00000647872.1	LINC02693	3070	0	0	-1	0	5.5715935e-07	0	5.5715944e-07
lncRNA	ENST00000647872.1	LINC02693	3071	0	0	-1	0	7.1835615e-07	0	7.1835626e-07
lncRNA	ENST00000647872.1	LINC02693	3072	0	0	-1	0	5.8610061e-07	0	5.861007e-07
lncRNA	ENST00000647872.1	LINC02693	3073	0	0	-1	0	1.0387099e-07	0	1.03871e-07
lncRNA	ENST00000647872.1	LINC02693	3074	0	0	-1	0	4.5102613e-08	0	4.510262e-08
lncRNA	ENST00000647872.1	LINC02693	3075	0	0	-1	0	1.3698836e-06	0	1.3698839e-06
lncRNA	ENST00000647872.1	LINC02693	3076	0	0	-1	0	7.0190561e-07	0	7.0190572e-07
lncRNA	ENST00000647872.1	LINC02693	3077	0	0	-1	0	4.6732384e-07	0	4.6732392e-07
lncRNA	ENST00000647872.1	LINC02693	3078	0	0	-1	0	2.9534803e-07	0	2.9534808e-07
lncRNA	ENST00000647872.1	LINC02693	3079	0	0	-1	0	7.6828144e-08	0	7.6828156e-08
lncRNA	ENST00000647872.1	LINC02693	3080	0	0	-1	0	5.2725067e-08	0	5.2725075e-08
lncRNA	ENST00000647872.1	LINC02693	3081	0	0	-1	0	4.8901494e-08	0	4.8901502e-08
lncRNA	ENST00000647872.1	LINC02693	3082	0	0	-1	0	4.3942478e-07	0	4.3942485e-07
lncRNA	ENST00000647872.1	LINC02693	3083	0	0	-1	0	7.6350568e-07	0	7.635058e-07
lncRNA	ENST00000647872.1	LINC02693	3084	0	0	-1	0	2.3982093e-06	0	2.3982097e-06
lncRNA	ENST00000647872.1	LINC02693	3085	0	0	-1	0	6.5095747e-07	0	6.5095758e-07
lncRNA	ENST00000647872.1	LINC02693	3086	0	0	-1	0	1.8074246e-07	0	1.8074249e-07
lncRNA	ENST00000647872.1	LINC02693	3087	0	0	-1	0	4.2331694e-06	0	4.2331701e-06
lncRNA	ENST00000647872.1	LINC02693	3088	0	0	-1	0	4.2833156e-07	0	4.2833163e-07
lncRNA	ENST00000647872.1	LINC02693	3089	0	0	-1	0	1.3425371e-06	0	1.3425373e-06
lncRNA	ENST00000647872.1	LINC02693	3090	0	0	-1	0	3.6487313e-07	0	3.6487319e-07
lncRNA	ENST00000647872.1	LINC02693	3091	0	0	-1	0	1.0704977e-06	0	1.0704978e-06
lncRNA	ENST00000647872.1	LINC02693	3092	0	0	-1	0	2.416167e-07	0	2.4161674e-07
lncRNA	ENST00000647872.1	LINC02693	3093	0	0	-1	0	1.0675671e-07	0	1.0675673e-07
lncRNA	ENST00000647872.1	LINC02693	3094	0	0	-1	0	3.8046531e-07	0	3.8046537e-07
lncRNA	ENST00000647872.1	LINC02693	3095	0	0	-1	0	1.9250011e-07	0	1.9250014e-07
lncRNA	ENST00000647872.1	LINC02693	3096	0	0	-1	0	3.0587429e-07	0	3.0587434e-07
lncRNA	ENST00000647872.1	LINC02693	3097	0	0	-1	0	1.2951693e-07	0	1.2951695e-07
lncRNA	ENST00000647872.1	LINC02693	3098	0	0	-1	0	8.3195026e-08	0	8.3195039e-08
lncRNA	ENST00000647872.1	LINC02693	3099	0	0	-1	0	1.3730833e-07	0	1.3730836e-07
lncRNA	ENST00000647872.1	LINC02693	3100	0	0	-1	0	2.7729561e-07	0	2.7729566e-07
lncRNA	ENST00000647872.1	LINC02693	3101	0	0	-1	0	7.7455275e-07	0	7.7455287e-07
lncRNA	ENST00000647872.1	LINC02693	3102	0	0	-1	0	1.1163903e-06	0	1.1163905e-06
lncRNA	ENST00000647872.1	LINC02693	3103	0	0	-1	0	1.67331e-06	0	1.6733102e-06
lncRNA	ENST00000647872.1	LINC02693	3104	0	0	-1	0	1.5971762e-07	0	1.5971764e-07
lncRNA	ENST00000647872.1	LINC02693	3105	0	0	-1	0	4.8737866e-07	0	4.8737873e-07
lncRNA	ENST00000647872.1	LINC02693	3106	0	0	-1	0	4.0861028e-06	0	4.0861034e-06
lncRNA	ENST00000647872.1	LINC02693	3107	0	0	-1	0	2.8288225e-06	0	2.828823e-06
lncRNA	ENST00000647872.1	LINC02693	3108	0	0	-1	0	1.5726459e-06	0	1.5726462e-06
lncRNA	ENST00000647872.1	LINC02693	3109	0	0	-1	0	1.7079624e-06	0	1.7079627e-06
lncRNA	ENST00000647872.1	LINC02693	3110	0	0	-1	0	3.1342474e-06	0	3.1342479e-06
lncRNA	ENST00000647872.1	LINC02693	3111	0	0	-1	0	6.5726408e-07	0	6.5726418e-07
lncRNA	ENST00000647872.1	LINC02693	3112	0	0	-1	0	1.5185942e-05	0	1.5185945e-05
lncRNA	ENST00000647872.1	LINC02693	3113	0	0	-1	0	2.5709173e-07	0	2.5709177e-07
lncRNA	ENST00000647872.1	LINC02693	3114	0	0	-1	0	5.3789569e-07	0	5.3789577e-07
lncRNA	ENST00000647872.1	LINC02693	3115	0	0	-1	0	3.8936728e-06	0	3.8936734e-06
lncRNA	ENST00000647872.1	LINC02693	3116	0	0	-1	0	5.9175522e-07	0	5.9175532e-07
lncRNA	ENST00000647872.1	LINC02693	3117	0	0	-1	0	1.0065251e-06	0	1.0065252e-06
lncRNA	ENST00000647872.1	LINC02693	3118	0	0	-1	0	3.1897741e-06	0	3.1897746e-06
lncRNA	ENST00000647872.1	LINC02693	3119	0	0	-1	0	7.7884147e-07	0	7.7884159e-07
lncRNA	ENST00000647872.1	LINC02693	3120	0	0	-1	0	5.2335088e-07	0	5.2335096e-07
lncRNA	ENST00000647872.1	LINC02693	3121	0	0	-1	0	1.5501591e-07	0	1.5501594e-07
lncRNA	ENST00000647872.1	LINC02693	3122	0	0	-1	0	4.5283349e-07	0	4.5283356e-07
lncRNA	ENST00000647872.1	LINC02693	3123	0	0	-1	0	1.2201431e-07	0	1.2201433e-07
lncRNA	ENST00000647872.1	LINC02693	3124	0	0	-1	0	2.0609073e-06	0	2.0609076e-06
lncRNA	ENST00000647872.1	LINC02693	3125	0	0	-1	0	7.671141e-07	0	7.6711422e-07
lncRNA	ENST00000647872.1	LINC02693	3126	0	0	-1	0	2.4263095e-08	0	2.4263098e-08
lncRNA	ENST00000647872.1	LINC02693	3127	0	0	-1	0	3.3388446e-07	0	3.3388451e-07
lncRNA	ENST00000647872.1	LINC02693	3128	0	0	-1	0	6.5674533e-07	0	6.5674543e-07
lncRNA	ENST00000647872.1	LINC02693	3129	0	0	-1	0	3.5573657e-07	0	3.5573663e-07
lncRNA	ENST00000647872.1	LINC02693	3130	0	0	-1	0	4.3288412e-07	0	4.3288419e-07
lncRNA	ENST00000647872.1	LINC02693	3131	0	0	-1	0	2.3247676e-06	0	2.324768e-06
lncRNA	ENST00000647872.1	LINC02693	3132	0	0	-1	0	1.7784565e-05	0	1.7784568e-05
lncRNA	ENST00000647872.1	LINC02693	3133	0	0	-1	0	9.7022858e-06	0	9.7022873e-06
lncRNA	ENST00000647872.1	LINC02693	3134	0	0	-1	0	1.7081262e-05	0	1.7081265e-05
lncRNA	ENST00000647872.1	LINC02693	3135	0	0	-1	0	1.8045029e-06	0	1.8045031e-06
lncRNA	ENST00000647872.1	LINC02693	3136	0	0	-1	0	6.1034279e-07	0	6.1034289e-07
lncRNA	ENST00000647872.1	LINC02693	3137	0	0	-1	0	8.6054564e-07	0	8.6054578e-07
lncRNA	ENST00000647872.1	LINC02693	3138	0	0	-1	0	5.7671718e-06	0	5.7671727e-06
lncRNA	ENST00000647872.1	LINC02693	3139	0	0	-1	0	7.7227769e-06	0	7.7227781e-06
lncRNA	ENST00000647872.1	LINC02693	3140	0	0	-1	0	7.1125572e-07	0	7.1125583e-07
lncRNA	ENST00000647872.1	LINC02693	3141	0	0	-1	0	5.2335913e-08	0	5.2335922e-08
lncRNA	ENST00000647872.1	LINC02693	3142	0	0	-1	0	3.5016915e-06	0	3.501692e-06
lncRNA	ENST00000647872.1	LINC02693	3143	0	0	-1	0	1.2096542e-07	0	1.2096544e-07
lncRNA	ENST00000647872.1	LINC02693	3144	0	0	-1	0	8.6214749e-07	0	8.6214762e-07
lncRNA	ENST00000647872.1	LINC02693	3145	0	0	-1	0	1.1372444e-05	0	1.1372445e-05
lncRNA	ENST00000647872.1	LINC02693	3146	0	0	-1	0	1.0378013e-06	0	1.0378015e-06
lncRNA	ENST00000647872.1	LINC02693	3147	0	0	-1	0	2.7541214e-06	0	2.7541218e-06
lncRNA	ENST00000647872.1	LINC02693	3148	0	0	-1	0	5.1384006e-07	0	5.1384014e-07
lncRNA	ENST00000647872.1	LINC02693	3149	0	0	-1	0	1.9309114e-06	0	1.9309117e-06
lncRNA	ENST00000647872.1	LINC02693	3150	0	0	-1	0	2.2912555e-07	0	2.2912558e-07
lncRNA	ENST00000647872.1	LINC02693	3151	0	0	-1	0	3.0900506e-07	0	3.0900511e-07
lncRNA	ENST00000647872.1	LINC02693	3152	0	0	-1	0	8.8088782e-06	0	8.8088796e-06
lncRNA	ENST00000647872.1	LINC02693	3153	0	0	-1	0	3.5082528e-06	0	3.5082534e-06
lncRNA	ENST00000647872.1	LINC02693	3154	0	0	-1	0	8.4318717e-06	0	8.431873e-06
lncRNA	ENST00000647872.1	LINC02693	3155	0	0	-1	0	8.806723e-07	0	8.8067244e-07
lncRNA	ENST00000647872.1	LINC02693	3156	0	0	-1	0	3.1570875e-07	0	3.157088e-07
lncRNA	ENST00000647872.1	LINC02693	3157	0	0	-1	0	2.8517461e-06	0	2.8517466e-06
lncRNA	ENST00000647872.1	LINC02693	3158	0	0	-1	0	1.3648552e-06	0	1.3648554e-06
lncRNA	ENST00000647872.1	LINC02693	3159	0	0	-1	0	2.3671405e-06	0	2.3671409e-06
lncRNA	ENST00000647872.1	LINC02693	3160	0	0	-1	0	2.0406376e-06	0	2.0406379e-06
lncRNA	ENST00000647872.1	LINC02693	3161	0	0	-1	0	9.4631685e-07	0	9.4631699e-07
lncRNA	ENST00000647872.1	LINC02693	3162	0	0	-1	0	2.9061949e-08	0	2.9061954e-08
lncRNA	ENST00000647872.1	LINC02693	3163	0	0	-1	0	5.145742e-07	0	5.1457428e-07
lncRNA	ENST00000647872.1	LINC02693	3164	0	0	-1	0	2.769242e-06	0	2.7692424e-06
lncRNA	ENST00000647872.1	LINC02693	3165	0	0	-1	0	4.4456007e-07	0	4.4456014e-07
lncRNA	ENST00000647872.1	LINC02693	3166	0	0	-1	0	9.3060336e-08	0	9.3060351e-08
lncRNA	ENST00000647872.1	LINC02693	3167	0	0	-1	0	3.4272883e-08	0	3.4272889e-08
lncRNA	ENST00000647872.1	LINC02693	3168	0	0	-1	0	6.7860761e-08	0	6.7860771e-08
lncRNA	ENST00000647872.1	LINC02693	3169	0	0	-1	0	1.2571206e-07	0	1.2571208e-07
lncRNA	ENST00000647872.1	LINC02693	3170	0	0	-1	0	2.0775346e-06	0	2.077535e-06
lncRNA	ENST00000647872.1	LINC02693	3171	0	0	-1	0	1.3636054e-07	0	1.3636056e-07
lncRNA	ENST00000647872.1	LINC02693	3172	0	0	-1	0	6.4422397e-07	0	6.4422408e-07
lncRNA	ENST00000647872.1	LINC02693	3173	0	0	-1	0	6.327071e-07	0	6.327072e-07
lncRNA	ENST00000647872.1	LINC02693	3174	0	0	-1	0	3.081271e-06	0	3.0812714e-06
lncRNA	ENST00000647872.1	LINC02693	3175	0	0	-1	0	1.5030821e-05	0	1.5030823e-05
lncRNA	ENST00000647872.1	LINC02693	3176	0	0	-1	0	5.10059e-06	0	5.1005908e-06
lncRNA	ENST00000647872.1	LINC02693	3177	0	0	-1	0	2.8247302e-06	0	2.8247307e-06
lncRNA	ENST00000647872.1	LINC02693	3178	0	0	-1	0	1.7593343e-06	0	1.7593346e-06
lncRNA	ENST00000647872.1	LINC02693	3179	0	0	-1	0	8.8718599e-07	0	8.8718613e-07
lncRNA	ENST00000647872.1	LINC02693	3180	0	0	-1	0	7.5404085e-07	0	7.5404097e-07
lncRNA	ENST00000647872.1	LINC02693	3181	0	0	-1	0	7.7487118e-07	0	7.748713e-07
lncRNA	ENST00000647872.1	LINC02693	3182	0	0	-1	0	1.6297071e-06	0	1.6297073e-06
lncRNA	ENST00000647872.1	LINC02693	3183	0	0	-1	0	5.6518988e-06	0	5.6518997e-06
lncRNA	ENST00000647872.1	LINC02693	3184	0	0	-1	0	4.8586276e-06	0	4.8586283e-06
lncRNA	ENST00000647872.1	LINC02693	3185	0	0	-1	0	3.2616483e-06	0	3.2616488e-06
lncRNA	ENST00000647872.1	LINC02693	3186	0	0	-1	0	1.7073223e-06	0	1.7073226e-06
lncRNA	ENST00000647872.1	LINC02693	3187	0	0	-1	0	2.6824685e-07	0	2.6824689e-07
lncRNA	ENST00000647872.1	LINC02693	3188	0	0	-1	0	2.535831e-07	0	2.5358314e-07
lncRNA	ENST00000647872.1	LINC02693	3189	0	0	-1	0	2.7269537e-06	0	2.7269541e-06
lncRNA	ENST00000647872.1	LINC02693	3190	0	0	-1	0	3.5861542e-06	0	3.5861548e-06
lncRNA	ENST00000647872.1	LINC02693	3191	0	0	-1	0	4.4142475e-06	0	4.4142482e-06
lncRNA	ENST00000647872.1	LINC02693	3192	0	0	-1	0	1.3544017e-06	0	1.3544019e-06
lncRNA	ENST00000647872.1	LINC02693	3193	0	0	-1	0	4.934504e-08	0	4.9345048e-08
lncRNA	ENST00000647872.1	LINC02693	3194	0	0	-1	0	1.648442e-07	0	1.6484422e-07
lncRNA	ENST00000647872.1	LINC02693	3195	0	0	-1	0	1.7478203e-06	0	1.7478206e-06
lncRNA	ENST00000647872.1	LINC02693	3196	0	0	-1	0	6.0951597e-06	0	6.0951607e-06
lncRNA	ENST00000647872.1	LINC02693	3197	0	0	-1	0	4.1028559e-07	0	4.1028566e-07
lncRNA	ENST00000647872.1	LINC02693	3198	0	0	-1	0	1.2692208e-06	0	1.269221e-06
lncRNA	ENST00000647872.1	LINC02693	3199	0	0	-1	0	1.1985364e-05	0	1.1985366e-05
lncRNA	ENST00000647872.1	LINC02693	3200	0	0	-1	0	5.8134742e-06	0	5.8134751e-06
lncRNA	ENST00000647872.1	LINC02693	3201	0	0	-1	0	2.4224994e-06	0	2.4224998e-06
lncRNA	ENST00000647872.1	LINC02693	3202	0	0	-1	0	6.8751501e-06	0	6.8751512e-06
lncRNA	ENST00000647872.1	LINC02693	3203	0	0	-1	0	1.0149138e-06	0	1.0149139e-06
lncRNA	ENST00000647872.1	LINC02693	3204	0	0	-1	0	2.114167e-06	0	2.1141674e-06
lncRNA	ENST00000647872.1	LINC02693	3205	0	0	-1	0	3.7012243e-05	0	3.7012249e-05
lncRNA	ENST00000647872.1	LINC02693	3206	0	0	-1	0	9.3135633e-08	0	9.3135647e-08
lncRNA	ENST00000647872.1	LINC02693	3207	0	0	-1	0	1.7864204e-07	0	1.7864207e-07
lncRNA	ENST00000647872.1	LINC02693	3208	0	0	-1	0	8.7292761e-07	0	8.7292775e-07
lncRNA	ENST00000647872.1	LINC02693	3209	0	0	-1	0	1.7251872e-06	0	1.7251875e-06
lncRNA	ENST00000647872.1	LINC02693	3210	0	0	-1	0	3.0349051e-07	0	3.0349056e-07
lncRNA	ENST00000647872.1	LINC02693	3211	0	0	-1	0	3.5622102e-07	0	3.5622108e-07
lncRNA	ENST00000647872.1	LINC02693	3212	0	0	-1	0	1.0243265e-06	0	1.0243266e-06
lncRNA	ENST00000647872.1	LINC02693	3213	0	0	-1	0	6.691086e-07	0	6.6910871e-07
lncRNA	ENST00000647872.1	LINC02693	3214	0	0	-1	0	4.8125216e-06	0	4.8125224e-06
lncRNA	ENST00000647872.1	LINC02693	3215	0	0	-1	0	2.475598e-07	0	2.4755984e-07
lncRNA	ENST00000647872.1	LINC02693	3216	0	0	-1	0	9.3602935e-08	0	9.360295e-08
lncRNA	ENST00000647872.1	LINC02693	3217	0	0	-1	0	2.8724668e-07	0	2.8724672e-07
lncRNA	ENST00000647872.1	LINC02693	3218	0	0	-1	0	1.4783635e-06	0	1.4783637e-06
lncRNA	ENST00000647872.1	LINC02693	3219	0	0	-1	0	2.1424341e-06	0	2.1424345e-06
lncRNA	ENST00000647872.1	LINC02693	3220	0	0	-1	0	1.7514863e-06	0	1.7514865e-06
lncRNA	ENST00000647872.1	LINC02693	3221	0	0	-1	0	2.3902734e-07	0	2.3902738e-07
lncRNA	ENST00000647872.1	LINC02693	3222	0	0	-1	0	1.3599069e-07	0	1.3599071e-07
lncRNA	ENST00000647872.1	LINC02693	3223	0	0	-1	0	2.7991925e-06	0	2.799193e-06
lncRNA	ENST00000647872.1	LINC02693	3224	0	0	-1	0	9.2818243e-07	0	9.2818258e-07
lncRNA	ENST00000647872.1	LINC02693	3225	0	0	-1	0	1.6410658e-06	0	1.641066e-06
lncRNA	ENST00000647872.1	LINC02693	3226	0	0	-1	0	3.5635508e-06	0	3.5635513e-06
lncRNA	ENST00000647872.1	LINC02693	3227	0	0	-1	0	1.8375472e-06	0	1.8375475e-06
lncRNA	ENST00000647872.1	LINC02693	3228	0	0	-1	0	1.0824173e-06	0	1.0824174e-06
lncRNA	ENST00000647872.1	LINC02693	3229	0	0	-1	0	7.7144477e-07	0	7.714449e-07
lncRNA	ENST00000647872.1	LINC02693	3230	0	0	-1	0	8.847349e-07	0	8.8473504e-07
lncRNA	ENST00000647872.1	LINC02693	3231	0	0	-1	0	5.6989279e-06	0	5.6989288e-06
lncRNA	ENST00000647872.1	LINC02693	3232	0	0	-1	0	2.8252545e-05	0	2.825255e-05
lncRNA	ENST00000647872.1	LINC02693	3233	0	0	-1	0	1.265229e-06	0	1.2652292e-06
lncRNA	ENST00000647872.1	LINC02693	3234	0	0	-1	0	2.3719947e-06	0	2.3719951e-06
lncRNA	ENST00000647872.1	LINC02693	3235	0	0	-1	0	2.0065468e-07	0	2.0065471e-07
lncRNA	ENST00000647872.1	LINC02693	3236	0	0	-1	0	4.870144e-07	0	4.8701448e-07
lncRNA	ENST00000647872.1	LINC02693	3237	0	0	-1	0	8.6441395e-07	0	8.6441408e-07
lncRNA	ENST00000647872.1	LINC02693	3238	0	0	-1	0	1.0424088e-06	0	1.042409e-06
lncRNA	ENST00000647872.1	LINC02693	3239	0	0	-1	0	2.5185586e-06	0	2.518559e-06
lncRNA	ENST00000647872.1	LINC02693	3240	0	0	-1	0	1.6685884e-06	0	1.6685887e-06
lncRNA	ENST00000647872.1	LINC02693	3241	0	0	-1	0	2.8952159e-06	0	2.8952163e-06
lncRNA	ENST00000647872.1	LINC02693	3242	0	0	-1	0	6.567779e-07	0	6.56778e-07
lncRNA	ENST00000647872.1	LINC02693	3243	0	0	-1	0	1.0103922e-06	0	1.0103924e-06
lncRNA	ENST00000647872.1	LINC02693	3244	0	0	-1	0	2.3737098e-06	0	2.3737101e-06
lncRNA	ENST00000647872.1	LINC02693	3245	0	0	-1	0	6.3603395e-05	0	6.3603405e-05
lncRNA	ENST00000647872.1	LINC02693	3246	0	0	-1	0	1.3724466e-06	0	1.3724468e-06
lncRNA	ENST00000647872.1	LINC02693	3247	0	0	-1	0	1.0394174e-07	0	1.0394176e-07
lncRNA	ENST00000647872.1	LINC02693	3248	0	0	-1	0	4.9210189e-07	0	4.9210197e-07
lncRNA	ENST00000647872.1	LINC02693	3249	0	0	-1	0	5.4877211e-07	0	5.4877219e-07
lncRNA	ENST00000647872.1	LINC02693	3250	0	0	-1	0	2.2941733e-06	0	2.2941737e-06
lncRNA	ENST00000647872.1	LINC02693	3251	0	0	-1	0	9.9165063e-06	0	9.9165079e-06
lncRNA	ENST00000647872.1	LINC02693	3252	0	0	-1	0	3.1542359e-06	0	3.1542364e-06
lncRNA	ENST00000647872.1	LINC02693	3253	0	0	-1	0	5.8522932e-07	0	5.8522941e-07
lncRNA	ENST00000647872.1	LINC02693	3254	0	0	-1	0	2.2537803e-07	0	2.2537807e-07
lncRNA	ENST00000647872.1	LINC02693	3255	0	0	-1	0	1.3792617e-06	0	1.3792619e-06
lncRNA	ENST00000647872.1	LINC02693	3256	0	0	-1	0	4.7726348e-06	0	4.7726356e-06
lncRNA	ENST00000647872.1	LINC02693	3257	0	0	-1	0	3.4165096e-06	0	3.4165101e-06
lncRNA	ENST00000647872.1	LINC02693	3258	0	0	-1	0	5.9686414e-07	0	5.9686423e-07
lncRNA	ENST00000647872.1	LINC02693	3259	0	0	-1	0	2.5053398e-06	0	2.5053402e-06
lncRNA	ENST00000647872.1	LINC02693	3260	0	0	-1	0	5.8917055e-07	0	5.8917065e-07
lncRNA	ENST00000647872.1	LINC02693	3261	0	0	-1	0	4.1090078e-07	0	4.1090085e-07
lncRNA	ENST00000647872.1	LINC02693	3262	0	0	-1	0	5.019528e-07	0	5.0195288e-07
lncRNA	ENST00000647872.1	LINC02693	3263	0	0	-1	0	3.2072035e-06	0	3.207204e-06
lncRNA	ENST00000647872.1	LINC02693	3264	0	0	-1	0	7.4185016e-07	0	7.4185027e-07
lncRNA	ENST00000647872.1	LINC02693	3265	0	0	-1	0	4.123379e-07	0	4.1233796e-07
lncRNA	ENST00000647872.1	LINC02693	3266	0	0	-1	0	3.8637828e-07	0	3.8637834e-07
lncRNA	ENST00000647872.1	LINC02693	3267	0	0	-1	0	7.1966618e-08	0	7.1966629e-08
lncRNA	ENST00000647872.1	LINC02693	3268	0	0	-1	0	6.3303906e-07	0	6.3303916e-07
lncRNA	ENST00000647872.1	LINC02693	3269	0	0	-1	0	1.17255e-07	0	1.1725502e-07
lncRNA	ENST00000647872.1	LINC02693	3270	0	0	-1	0	1.203276e-06	0	1.2032762e-06
lncRNA	ENST00000647872.1	LINC02693	3271	0	0	-1	0	6.6082589e-07	0	6.6082599e-07
lncRNA	ENST00000647872.1	LINC02693	3272	0	0	-1	0	2.2243854e-07	0	2.2243858e-07
lncRNA	ENST00000647872.1	LINC02693	3273	0	0	-1	0	3.909764e-07	0	3.9097646e-07
lncRNA	ENST00000647872.1	LINC02693	3274	0	0	-1	0	9.8921316e-07	0	9.8921332e-07
lncRNA	ENST00000647872.1	LINC02693	3275	0	0	-1	0	4.572139e-06	0	4.5721397e-06
lncRNA	ENST00000647872.1	LINC02693	3276	0	0	-1	0	3.9328391e-08	0	3.9328397e-08
lncRNA	ENST00000647872.1	LINC02693	3277	0	0	-1	0	5.8638716e-06	0	5.8638725e-06
lncRNA	ENST00000647872.1	LINC02693	3278	0	0	-1	0	1.0976494e-06	0	1.0976495e-06
lncRNA	ENST00000647872.1	LINC02693	3279	0	0	-1	0	1.3425154e-06	0	1.3425156e-06
lncRNA	ENST00000647872.1	LINC02693	3280	0	0	-1	0	7.1154375e-08	0	7.1154386e-08
lncRNA	ENST00000647872.1	LINC02693	3281	0	0	-1	0	6.2114435e-07	0	6.2114445e-07
lncRNA	ENST00000647872.1	LINC02693	3282	0	0	-1	0	1.9429578e-07	0	1.9429581e-07
lncRNA	ENST00000647872.1	LINC02693	3283	0	0	-1	0	5.8357074e-07	0	5.8357083e-07
lncRNA	ENST00000647872.1	LINC02693	3284	0	0	-1	0	6.8726951e-07	0	6.8726961e-07
lncRNA	ENST00000647872.1	LINC02693	3285	0	0	-1	0	1.8941522e-07	0	1.8941525e-07
lncRNA	ENST00000647872.1	LINC02693	3286	0	0	-1	0	2.31003e-07	0	2.3100304e-07
lncRNA	ENST00000647872.1	LINC02693	3287	0	0	-1	0	4.4611006e-06	0	4.4611013e-06
lncRNA	ENST00000647872.1	LINC02693	3288	0	0	-1	0	4.5235593e-06	0	4.52356e-06
lncRNA	ENST00000647872.1	LINC02693	3289	0	0	-1	0	8.5058969e-07	0	8.5058982e-07
lncRNA	ENST00000647872.1	LINC02693	3290	0	0	-1	0	6.7676701e-06	0	6.7676712e-06
lncRNA	ENST00000647872.1	LINC02693	3291	0	0	-1	0	2.2333217e-05	0	2.2333221e-05
lncRNA	ENST00000647872.1	LINC02693	3292	0	0	-1	0	3.9842925e-07	0	3.9842931e-07
lncRNA	ENST00000647872.1	LINC02693	3293	0	0	-1	0	1.0082889e-06	0	1.0082891e-06
lncRNA	ENST00000647872.1	LINC02693	3294	0	0	-1	0	5.5327691e-06	0	5.53277e-06
lncRNA	ENST00000647872.1	LINC02693	3295	0	0	-1	0	8.6332768e-08	0	8.6332782e-08
lncRNA	ENST00000647872.1	LINC02693	3296	0	0	-1	0	7.8385187e-07	0	7.83852e-07
lncRNA	ENST00000647872.1	LINC02693	3297	0	0	-1	0	1.4109892e-07	0	1.4109894e-07
lncRNA	ENST00000647872.1	LINC02693	3298	0	0	-1	0	2.9840699e-08	0	2.9840703e-08
lncRNA	ENST00000647872.1	LINC02693	3299	0	0	-1	0	2.7752711e-07	0	2.7752715e-07
lncRNA	ENST00000647872.1	LINC02693	3300	0	0	-1	0	1.3574924e-06	0	1.3574926e-06
lncRNA	ENST00000647872.1	LINC02693	3301	0	0	-1	0	4.2614301e-06	0	4.2614308e-06
lncRNA	ENST00000647872.1	LINC02693	3302	0	0	-1	0	1.0738555e-06	0	1.0738557e-06
lncRNA	ENST00000647872.1	LINC02693	3303	0	0	-1	0	5.4262546e-07	0	5.4262554e-07
lncRNA	ENST00000647872.1	LINC02693	3304	0	0	-1	0	5.4416541e-06	0	5.441655e-06
lncRNA	ENST00000647872.1	LINC02693	3305	0	0	-1	0	3.6768154e-07	0	3.6768159e-07
lncRNA	ENST00000647872.1	LINC02693	3306	0	0	-1	0	7.003556e-07	0	7.0035571e-07
lncRNA	ENST00000647872.1	LINC02693	3307	0	0	-1	0	1.8233169e-06	0	1.8233172e-06
lncRNA	ENST00000647872.1	LINC02693	3308	0	0	-1	0	9.1257007e-06	0	9.1257021e-06
lncRNA	ENST00000647872.1	LINC02693	3309	0	0	-1	0	1.5459466e-06	0	1.5459468e-06
lncRNA	ENST00000647872.1	LINC02693	3310	0	0	-1	0	1.6564119e-06	0	1.6564121e-06
lncRNA	ENST00000647872.1	LINC02693	3311	0	0	-1	0	3.7982597e-06	0	3.7982603e-06
lncRNA	ENST00000647872.1	LINC02693	3312	0	0	-1	0	1.3640973e-05	0	1.3640975e-05
lncRNA	ENST00000647872.1	LINC02693	3313	0	0	-1	0	2.3204041e-06	0	2.3204044e-06
lncRNA	ENST00000647872.1	LINC02693	3314	0	0	-1	0	9.7440129e-08	0	9.7440144e-08
lncRNA	ENST00000647872.1	LINC02693	3315	0	0	-1	0	5.0725009e-07	0	5.0725017e-07
lncRNA	ENST00000647872.1	LINC02693	3316	0	0	-1	0	2.1416345e-07	0	2.1416348e-07
lncRNA	ENST00000647872.1	LINC02693	3317	0	0	-1	0	8.4389039e-06	0	8.4389053e-06
lncRNA	ENST00000647872.1	LINC02693	3318	0	0	-1	0	1.0393946e-05	0	1.0393948e-05
lncRNA	ENST00000647872.1	LINC02693	3319	0	0	-1	0	2.6954149e-06	0	2.6954153e-06
lncRNA	ENST00000647872.1	LINC02693	3320	0	0	-1	0	1.187502e-06	0	1.1875022e-06
lncRNA	ENST00000647872.1	LINC02693	3321	0	0	-1	0	6.1545956e-07	0	6.1545965e-07
lncRNA	ENST00000647872.1	LINC02693	3322	0	0	-1	0	5.3160948e-06	0	5.3160956e-06
lncRNA	ENST00000647872.1	LINC02693	3323	0	0	-1	0	2.8204931e-06	0	2.8204936e-06
lncRNA	ENST00000647872.1	LINC02693	3324	0	0	-1	0	1.3863671e-06	0	1.3863673e-06
lncRNA	ENST00000647872.1	LINC02693	3325	0	0	-1	0	2.8977267e-06	0	2.8977272e-06
lncRNA	ENST00000647872.1	LINC02693	3326	0	0	-1	0	1.3457552e-05	0	1.3457554e-05
lncRNA	ENST00000647872.1	LINC02693	3327	0	0	-1	0	9.5139103e-06	0	9.5139118e-06
lncRNA	ENST00000647872.1	LINC02693	3328	0	0	-1	0	1.794675e-05	0	1.7946753e-05
lncRNA	ENST00000647872.1	LINC02693	3329	0	0	-1	0	1.5783833e-05	0	1.5783836e-05
lncRNA	ENST00000647872.1	LINC02693	3330	0	0	-1	0	4.1613507e-07	0	4.1613513e-07
lncRNA	ENST00000647872.1	LINC02693	3331	0	0	-1	0	5.9350418e-06	0	5.9350428e-06
lncRNA	ENST00000647872.1	LINC02693	3332	0	0	-1	0	4.7913872e-08	0	4.791388e-08
lncRNA	ENST00000647872.1	LINC02693	3333	0	0	-1	1	5.8125765e-06	0.00038850039	5.8125775e-06
lncRNA	ENST00000647872.1	LINC02693	3334	0	0	-1	0	3.5086393e-07	0	3.5086398e-07
lncRNA	ENST00000647872.1	LINC02693	3335	0	0	-1	0	2.9567821e-06	0	2.9567825e-06
lncRNA	ENST00000647872.1	LINC02693	3336	0	0	-1	0	9.8825797e-07	0	9.8825812e-07
lncRNA	ENST00000647872.1	LINC02693	3337	0	0	-1	0	6.228023e-07	0	6.228024e-07
lncRNA	ENST00000647872.1	LINC02693	3338	0	0	-1	0	4.8277161e-07	0	4.8277169e-07
lncRNA	ENST00000647872.1	LINC02693	3339	0	0	-1	0	7.7300973e-07	0	7.7300985e-07
lncRNA	ENST00000647872.1	LINC02693	3340	0	0	-1	0	1.3553171e-07	0	1.3553173e-07
lncRNA	ENST00000647872.1	LINC02693	3341	0	0	-1	0	3.7682237e-06	0	3.7682243e-06
lncRNA	ENST00000647872.1	LINC02693	3342	0	0	-1	0	1.1633969e-06	0	1.163397e-06
lncRNA	ENST00000647872.1	LINC02693	3343	0	0	-1	0	5.5799555e-06	0	5.5799564e-06
lncRNA	ENST00000647872.1	LINC02693	3344	0	0	-1	0	7.7241509e-07	0	7.7241521e-07
lncRNA	ENST00000647872.1	LINC02693	3345	0	0	-1	0	3.4687864e-06	0	3.468787e-06
lncRNA	ENST00000647872.1	LINC02693	3346	0	0	-1	0	2.9742611e-07	0	2.9742616e-07
lncRNA	ENST00000647872.1	LINC02693	3347	0	0	-1	0	1.7492694e-06	0	1.7492696e-06
lncRNA	ENST00000647872.1	LINC02693	3348	0	0	-1	0	3.0461692e-06	0	3.0461697e-06
lncRNA	ENST00000647872.1	LINC02693	3349	0	0	-1	0	6.4249315e-07	0	6.4249325e-07
lncRNA	ENST00000647872.1	LINC02693	3350	0	0	-1	0	3.9823058e-07	0	3.9823065e-07
lncRNA	ENST00000647872.1	LINC02693	3351	0	0	-1	0	6.40525e-07	0	6.405251e-07
lncRNA	ENST00000647872.1	LINC02693	3352	0	0	-1	0	7.7834208e-08	0	7.7834221e-08
lncRNA	ENST00000647872.1	LINC02693	3353	0	0	-1	0	4.5134732e-07	0	4.5134739e-07
lncRNA	ENST00000647872.1	LINC02693	3354	0	0	-1	0	1.0171822e-06	0	1.0171823e-06
lncRNA	ENST00000647872.1	LINC02693	3355	0	0	-1	0	4.4621896e-08	0	4.4621903e-08
lncRNA	ENST00000647872.1	LINC02693	3356	0	0	-1	0	7.0440746e-07	0	7.0440757e-07
lncRNA	ENST00000647872.1	LINC02693	3357	0	0	-1	0	3.4675395e-06	0	3.46754e-06
lncRNA	ENST00000647872.1	LINC02693	3358	0	0	-1	0	3.1133743e-07	0	3.1133748e-07
lncRNA	ENST00000647872.1	LINC02693	3359	0	0	-1	0	3.0535073e-06	0	3.0535078e-06
lncRNA	ENST00000647872.1	LINC02693	3360	0	0	-1	0	5.8472083e-06	0	5.8472092e-06
lncRNA	ENST00000647872.1	LINC02693	3361	0	0	-1	0	6.4883528e-07	0	6.4883538e-07
lncRNA	ENST00000647872.1	LINC02693	3362	0	0	-1	0	1.0252876e-07	0	1.0252877e-07
lncRNA	ENST00000647872.1	LINC02693	3363	0	0	-1	0	4.5901237e-07	0	4.5901244e-07
lncRNA	ENST00000647872.1	LINC02693	3364	0	0	-1	0	8.8183208e-07	0	8.8183222e-07
lncRNA	ENST00000647872.1	LINC02693	3365	0	0	-1	0	4.6992844e-07	0	4.6992851e-07
lncRNA	ENST00000647872.1	LINC02693	3366	0	0	-1	0	6.7875357e-07	0	6.7875367e-07
lncRNA	ENST00000647872.1	LINC02693	3367	0	0	-1	0	1.3828011e-05	0	1.3828013e-05
lncRNA	ENST00000647872.1	LINC02693	3368	0	0	-1	0	3.1637845e-07	0	3.163785e-07
lncRNA	ENST00000647872.1	LINC02693	3369	0	0	-1	0	4.826137e-07	0	4.8261378e-07
lncRNA	ENST00000647872.1	LINC02693	3370	0	0	-1	0	1.9779065e-06	0	1.9779069e-06
lncRNA	ENST00000647872.1	LINC02693	3371	0	0	-1	0	2.0129023e-07	0	2.0129027e-07
lncRNA	ENST00000647872.1	LINC02693	3372	0	0	-1	0	5.6835705e-07	0	5.6835714e-07
lncRNA	ENST00000647872.1	LINC02693	3373	0	0	-1	0	1.7320839e-07	0	1.7320842e-07
lncRNA	ENST00000647872.1	LINC02693	3374	0	0	-1	0	2.4582403e-07	0	2.4582406e-07
lncRNA	ENST00000647872.1	LINC02693	3375	0	0	-1	0	8.2144226e-07	0	8.2144239e-07
lncRNA	ENST00000647872.1	LINC02693	3376	0	0	-1	0	1.1370393e-07	0	1.1370395e-07
lncRNA	ENST00000647872.1	LINC02693	3377	0	0	-1	0	1.5567022e-06	0	1.5567024e-06
lncRNA	ENST00000647872.1	LINC02693	3378	0	0	-1	0	1.5548296e-06	0	1.5548299e-06
lncRNA	ENST00000647872.1	LINC02693	3379	0	0	-1	0	3.4112516e-06	0	3.4112521e-06
lncRNA	ENST00000647872.1	LINC02693	3380	0	0	-1	0	1.5024342e-05	0	1.5024345e-05
lncRNA	ENST00000647872.1	LINC02693	3381	0	0	-1	0	2.8025556e-06	0	2.8025561e-06
lncRNA	ENST00000647872.1	LINC02693	3382	0	0	-1	0	4.8607549e-06	0	4.8607556e-06
lncRNA	ENST00000647872.1	LINC02693	3383	0	0	-1	0	1.0564934e-06	0	1.0564935e-06
lncRNA	ENST00000647872.1	LINC02693	3384	0	0	-1	0	7.596035e-05	0	7.5960362e-05
lncRNA	ENST00000647872.1	LINC02693	3385	0	0	-1	0	2.5443893e-05	0	2.5443897e-05
lncRNA	ENST00000647872.1	LINC02693	3386	0	0	-1	0	4.0181408e-06	0	4.0181414e-06
lncRNA	ENST00000647872.1	LINC02693	3387	0	0	-1	0	1.4481194e-06	0	1.4481196e-06
lncRNA	ENST00000647872.1	LINC02693	3388	0	0	-1	0	2.4084038e-06	0	2.4084042e-06
lncRNA	ENST00000647872.1	LINC02693	3389	0	0	-1	0	2.4064639e-06	0	2.4064642e-06
lncRNA	ENST00000647872.1	LINC02693	3390	0	0	-1	0	7.709182e-05	0	7.7091832e-05
lncRNA	ENST00000647872.1	LINC02693	3391	0	0	-1	0	2.9778801e-05	0	2.9778806e-05
lncRNA	ENST00000647872.1	LINC02693	3392	0	0	-1	0	4.0370965e-06	0	4.0370971e-06
lncRNA	ENST00000647872.1	LINC02693	3393	0	0	-1	0	1.6389309e-06	0	1.6389312e-06
lncRNA	ENST00000647872.1	LINC02693	3394	0	0	-1	0	1.5392243e-05	0	1.5392245e-05
lncRNA	ENST00000647872.1	LINC02693	3395	0	0	-1	0	1.2889794e-06	0	1.2889796e-06
lncRNA	ENST00000647872.1	LINC02693	3396	0	0	-1	0	2.8452591e-06	0	2.8452596e-06
lncRNA	ENST00000647872.1	LINC02693	3397	0	0	-1	0	9.2845067e-07	0	9.2845082e-07
lncRNA	ENST00000647872.1	LINC02693	3398	0	0	-1	0	1.0665794e-06	0	1.0665796e-06
lncRNA	ENST00000647872.1	LINC02693	3399	0	0	-1	0	6.6110169e-06	0	6.611018e-06
lncRNA	ENST00000647872.1	LINC02693	3400	0	0	-1	0	1.2081314e-05	0	1.2081316e-05
lncRNA	ENST00000647872.1	LINC02693	3401	0	0	-1	0	1.8846716e-06	0	1.8846719e-06
lncRNA	ENST00000647872.1	LINC02693	3402	0	0	-1	0	5.6929907e-06	0	5.6929916e-06
lncRNA	ENST00000647872.1	LINC02693	3403	0	0	-1	0	1.1871516e-05	0	1.1871518e-05
lncRNA	ENST00000647872.1	LINC02693	3404	0	0	-1	0	5.8072624e-06	0	5.8072633e-06
lncRNA	ENST00000647872.1	LINC02693	3405	0	0	-1	0	1.8480787e-05	0	1.848079e-05
lncRNA	ENST00000647872.1	LINC02693	3406	0	0	-1	0	1.2905268e-06	0	1.290527e-06
lncRNA	ENST00000647872.1	LINC02693	3407	0	0	-1	0	1.046894e-06	0	1.0468942e-06
lncRNA	ENST00000647872.1	LINC02693	3408	0	0	-1	0	4.1045214e-06	0	4.104522e-06
lncRNA	ENST00000647872.1	LINC02693	3409	0	0	-1	0	8.0985001e-07	0	8.0985013e-07
lncRNA	ENST00000647872.1	LINC02693	3410	0	0	-1	0	6.476638e-07	0	6.476639e-07
lncRNA	ENST00000647872.1	LINC02693	3411	0	0	-1	0	1.3506946e-06	0	1.3506948e-06
lncRNA	ENST00000647872.1	LINC02693	3412	0	0	-1	0	3.9470103e-07	0	3.9470109e-07
lncRNA	ENST00000647872.1	LINC02693	3413	0	0	-1	0	1.8298074e-06	0	1.8298077e-06
lncRNA	ENST00000647872.1	LINC02693	3414	0	0	-1	0	1.8417674e-07	0	1.8417677e-07
lncRNA	ENST00000647872.1	LINC02693	3415	0	0	-1	0	2.7660428e-06	0	2.7660433e-06
lncRNA	ENST00000647872.1	LINC02693	3416	0	0	-1	0	7.8307551e-07	0	7.8307563e-07
lncRNA	ENST00000647872.1	LINC02693	3417	0	0	-1	0	4.7275265e-07	0	4.7275272e-07
lncRNA	ENST00000647872.1	LINC02693	3418	0	0	-1	0	1.8649292e-06	0	1.8649295e-06
lncRNA	ENST00000647872.1	LINC02693	3419	0	0	-1	0	4.0847353e-06	0	4.084736e-06
lncRNA	ENST00000647872.1	LINC02693	3420	0	0	-1	0	7.982786e-06	0	7.9827872e-06
lncRNA	ENST00000647872.1	LINC02693	3421	0	0	-1	0	2.6072219e-06	0	2.6072223e-06
lncRNA	ENST00000647872.1	LINC02693	3422	0	0	-1	0	6.582207e-07	0	6.582208e-07
lncRNA	ENST00000647872.1	LINC02693	3423	0	0	-1	0	2.6295229e-06	0	2.6295233e-06
lncRNA	ENST00000647872.1	LINC02693	3424	0	0	-1	0	5.748384e-07	0	5.7483849e-07
lncRNA	ENST00000647872.1	LINC02693	3425	0	0	-1	0	7.4920956e-07	0	7.4920968e-07
lncRNA	ENST00000647872.1	LINC02693	3426	0	0	-1	0	1.9424458e-06	0	1.9424461e-06
lncRNA	ENST00000647872.1	LINC02693	3427	0	0	-1	0	7.9803766e-07	0	7.9803779e-07
lncRNA	ENST00000647872.1	LINC02693	3428	0	0	-1	0	1.1534987e-07	0	1.1534989e-07
lncRNA	ENST00000647872.1	LINC02693	3429	0	0	-1	0	7.568697e-08	0	7.5686981e-08
lncRNA	ENST00000647872.1	LINC02693	3430	0	0	-1	0	1.4071346e-06	0	1.4071348e-06
lncRNA	ENST00000647872.1	LINC02693	3431	0	0	-1	0	4.0001996e-07	0	4.0002002e-07
lncRNA	ENST00000647872.1	LINC02693	3432	0	0	-1	0	1.6919617e-07	0	1.691962e-07
lncRNA	ENST00000647872.1	LINC02693	3433	0	0	-1	0	3.5370838e-06	0	3.5370843e-06
lncRNA	ENST00000647872.1	LINC02693	3434	0	0	-1	0	2.2437952e-07	0	2.2437955e-07
lncRNA	ENST00000647872.1	LINC02693	3435	0	0	-1	0	1.5236482e-07	0	1.5236484e-07
lncRNA	ENST00000647872.1	LINC02693	3436	0	0	-1	0	2.4871986e-05	0	2.487199e-05
lncRNA	ENST00000647872.1	LINC02693	3437	0	0	-1	0	0.00015790392	0	0.00015790395
lncRNA	ENST00000647872.1	LINC02693	3438	0	0	-1	0	1.2225682e-05	0	1.2225684e-05
lncRNA	ENST00000647872.1	LINC02693	3439	0	0	-1	0	4.9640607e-06	0	4.9640615e-06
lncRNA	ENST00000647872.1	LINC02693	3440	0	0	-1	0	5.0710523e-06	0	5.0710531e-06
lncRNA	ENST00000647872.1	LINC02693	3441	0	0	-1	0	1.0077872e-06	0	1.0077874e-06
lncRNA	ENST00000647872.1	LINC02693	3442	0	0	-1	0	2.4840965e-06	0	2.4840969e-06
lncRNA	ENST00000647872.1	LINC02693	3443	0	0	-1	0	2.6602625e-06	0	2.6602629e-06
lncRNA	ENST00000647872.1	LINC02693	3444	0	0	-1	0	7.3272503e-07	0	7.3272514e-07
lncRNA	ENST00000647872.1	LINC02693	3445	0	0	-1	0	6.0710722e-06	0	6.0710732e-06
lncRNA	ENST00000647872.1	LINC02693	3446	0	0	-1	0	2.7594454e-06	0	2.7594458e-06
lncRNA	ENST00000647872.1	LINC02693	3447	0	0	-1	0	5.2298297e-08	0	5.2298305e-08
lncRNA	ENST00000647872.1	LINC02693	3448	0	0	-1	0	5.8755739e-07	0	5.8755749e-07
lncRNA	ENST00000647872.1	LINC02693	3449	0	0	-1	0	3.4543401e-08	0	3.4543406e-08
lncRNA	ENST00000647872.1	LINC02693	3450	0	0	-1	0	9.5802148e-09	0	9.5802164e-09
lncRNA	ENST00000647872.1	LINC02693	3451	0	0	-1	0	1.4200947e-07	0	1.4200949e-07
lncRNA	ENST00000647872.1	LINC02693	3452	0	0	-1	0	1.7134938e-07	0	1.7134941e-07
lncRNA	ENST00000647872.1	LINC02693	3453	0	0	-1	0	2.7748342e-07	0	2.7748347e-07
lncRNA	ENST00000647872.1	LINC02693	3454	0	0	-1	0	7.7782602e-07	0	7.7782614e-07
lncRNA	ENST00000647872.1	LINC02693	3455	0	0	-1	0	9.2353361e-07	0	9.2353375e-07
lncRNA	ENST00000647872.1	LINC02693	3456	0	0	-1	0	1.0525321e-06	0	1.0525322e-06
lncRNA	ENST00000647872.1	LINC02693	3457	0	0	-1	0	4.0403474e-06	0	4.0403481e-06
lncRNA	ENST00000647872.1	LINC02693	3458	0	0	-1	0	2.8035956e-06	0	2.8035961e-06
lncRNA	ENST00000647872.1	LINC02693	3459	0	0	-1	0	9.7955137e-07	0	9.7955153e-07
lncRNA	ENST00000647872.1	LINC02693	3460	0	0	-1	0	6.7989708e-07	0	6.7989719e-07
lncRNA	ENST00000647872.1	LINC02693	3461	0	0	-1	0	6.7100774e-07	0	6.7100785e-07
lncRNA	ENST00000647872.1	LINC02693	3462	0	0	-1	0	1.1143177e-07	0	1.1143179e-07
lncRNA	ENST00000647872.1	LINC02693	3463	0	0	-1	0	5.0793938e-07	0	5.0793946e-07
lncRNA	ENST00000647872.1	LINC02693	3464	0	0	-1	0	5.2905665e-07	0	5.2905673e-07
lncRNA	ENST00000647872.1	LINC02693	3465	0	0	-1	0	6.7316478e-08	0	6.7316488e-08
lncRNA	ENST00000647872.1	LINC02693	3466	0	0	-1	0	1.7859212e-07	0	1.7859215e-07
lncRNA	ENST00000647872.1	LINC02693	3467	0	0	-1	0	9.3851426e-08	0	9.3851441e-08
lncRNA	ENST00000647872.1	LINC02693	3468	0	0	-1	0	3.2123475e-07	0	3.212348e-07
lncRNA	ENST00000647872.1	LINC02693	3469	0	0	-1	0	6.5884151e-06	0	6.5884161e-06
lncRNA	ENST00000647872.1	LINC02693	3470	0	0	-1	0	9.347221e-07	0	9.3472224e-07
lncRNA	ENST00000647872.1	LINC02693	3471	0	0	-1	0	1.0116717e-06	0	1.0116718e-06
lncRNA	ENST00000647872.1	LINC02693	3472	0	0	-1	0	2.1162307e-06	0	2.116231e-06
lncRNA	ENST00000647872.1	LINC02693	3473	0	0	-1	0	1.2994886e-07	0	1.2994888e-07
lncRNA	ENST00000647872.1	LINC02693	3474	0	0	-1	0	7.1486973e-08	0	7.1486984e-08
lncRNA	ENST00000647872.1	LINC02693	3475	0	0	-1	0	1.39284e-07	0	1.3928402e-07
lncRNA	ENST00000647872.1	LINC02693	3476	0	0	-1	0	1.6751038e-07	0	1.6751041e-07
lncRNA	ENST00000647872.1	LINC02693	3477	0	0	-1	0	6.4313861e-07	0	6.4313871e-07
lncRNA	ENST00000647872.1	LINC02693	3478	0	0	-1	0	8.7113216e-07	0	8.711323e-07
lncRNA	ENST00000647872.1	LINC02693	3479	0	0	-1	0	1.6853904e-06	0	1.6853907e-06
lncRNA	ENST00000647872.1	LINC02693	3480	0	0	-1	0	2.8071324e-06	0	2.8071329e-06
lncRNA	ENST00000647872.1	LINC02693	3481	0	0	-1	0	1.6941215e-06	0	1.6941217e-06
lncRNA	ENST00000647872.1	LINC02693	3482	0	0	-1	0	1.4540645e-06	0	1.4540648e-06
lncRNA	ENST00000647872.1	LINC02693	3483	0	0	-1	0	1.1232187e-06	0	1.1232189e-06
lncRNA	ENST00000647872.1	LINC02693	3484	0	0	-1	0	1.3694304e-06	0	1.3694306e-06
lncRNA	ENST00000647872.1	LINC02693	3485	0	0	-1	0	1.6754051e-06	0	1.6754054e-06
lncRNA	ENST00000647872.1	LINC02693	3486	0	0	-1	0	5.1464463e-06	0	5.1464471e-06
lncRNA	ENST00000647872.1	LINC02693	3487	0	0	-1	0	5.087541e-06	0	5.0875418e-06
lncRNA	ENST00000647872.1	LINC02693	3488	0	0	-1	0	2.4347887e-06	0	2.4347891e-06
lncRNA	ENST00000647872.1	LINC02693	3489	0	0	-1	0	2.2652387e-06	0	2.265239e-06
lncRNA	ENST00000647872.1	LINC02693	3490	0	0	-1	0	2.1393461e-07	0	2.1393465e-07
lncRNA	ENST00000647872.1	LINC02693	3491	0	0	-1	0	1.3025725e-06	0	1.3025727e-06
lncRNA	ENST00000647872.1	LINC02693	3492	0	0	-1	0	1.02538e-06	0	1.0253802e-06
lncRNA	ENST00000647872.1	LINC02693	3493	0	0	-1	0	5.6143983e-07	0	5.6143992e-07
lncRNA	ENST00000647872.1	LINC02693	3494	0	0	-1	0	3.5156231e-07	0	3.5156236e-07
lncRNA	ENST00000647872.1	LINC02693	3495	0	0	-1	0	2.6187854e-07	0	2.6187858e-07
lncRNA	ENST00000647872.1	LINC02693	3496	0	0	-1	0	1.1423902e-07	0	1.1423904e-07
lncRNA	ENST00000647872.1	LINC02693	3497	0	0	-1	0	2.6569485e-06	0	2.6569489e-06
lncRNA	ENST00000647872.1	LINC02693	3498	0	0	-1	0	5.5221653e-07	0	5.5221662e-07
lncRNA	ENST00000647872.1	LINC02693	3499	0	0	-1	0	6.688872e-07	0	6.688873e-07
lncRNA	ENST00000647872.1	LINC02693	3500	0	0	-1	0	1.4420075e-06	0	1.4420077e-06
lncRNA	ENST00000647872.1	LINC02693	3501	0	0	-1	0	8.522921e-08	0	8.5229224e-08
lncRNA	ENST00000647872.1	LINC02693	3502	0	0	-1	0	4.7848869e-07	0	4.7848876e-07
lncRNA	ENST00000647872.1	LINC02693	3503	0	0	-1	0	2.3006894e-06	0	2.3006898e-06
lncRNA	ENST00000647872.1	LINC02693	3504	0	0	-1	0	1.0001367e-05	0	1.0001368e-05
lncRNA	ENST00000647872.1	LINC02693	3505	0	0	-1	0	5.2365345e-07	0	5.2365354e-07
lncRNA	ENST00000647872.1	LINC02693	3506	0	0	-1	0	2.0387712e-07	0	2.0387715e-07
lncRNA	ENST00000647872.1	LINC02693	3507	0	0	-1	0	3.6573363e-07	0	3.6573368e-07
lncRNA	ENST00000647872.1	LINC02693	3508	0	0	-1	0	2.020824e-06	0	2.0208243e-06
lncRNA	ENST00000647872.1	LINC02693	3509	0	0	-1	0	7.5221294e-07	0	7.5221306e-07
lncRNA	ENST00000647872.1	LINC02693	3510	0	0	-1	0	1.0982891e-06	0	1.0982893e-06
lncRNA	ENST00000647872.1	LINC02693	3511	0	0	-1	0	4.5657907e-06	0	4.5657915e-06
lncRNA	ENST00000647872.1	LINC02693	3512	0	0	-1	0	6.5819336e-08	0	6.5819346e-08
lncRNA	ENST00000647872.1	LINC02693	3513	0	0	-1	0	3.9457177e-08	0	3.9457183e-08
lncRNA	ENST00000647872.1	LINC02693	3514	0	0	-1	0	1.4432202e-07	0	1.4432204e-07
lncRNA	ENST00000647872.1	LINC02693	3515	0	0	-1	0	2.5202597e-08	0	2.5202601e-08
lncRNA	ENST00000647872.1	LINC02693	3516	0	0	-1	0	4.3672614e-08	0	4.3672621e-08
lncRNA	ENST00000647872.1	LINC02693	3517	0	0	-1	0	7.8939522e-08	0	7.8939534e-08
lncRNA	ENST00000647872.1	LINC02693	3518	0	0	-1	0	6.3493118e-08	0	6.3493128e-08
lncRNA	ENST00000647872.1	LINC02693	3519	0	0	-1	0	5.3357358e-08	0	5.3357366e-08
lncRNA	ENST00000647872.1	LINC02693	3520	0	0	-1	0	5.0247581e-07	0	5.0247589e-07
lncRNA	ENST00000647872.1	LINC02693	3521	0	0	-1	0	1.3515952e-06	0	1.3515954e-06
lncRNA	ENST00000647872.1	LINC02693	3522	0	0	-1	0	4.1842642e-07	0	4.1842649e-07
lncRNA	ENST00000647872.1	LINC02693	3523	0	0	-1	0	3.2910768e-07	0	3.2910773e-07
lncRNA	ENST00000647872.1	LINC02693	3524	0	0	-1	0	6.9098394e-09	0	6.9098405e-09
lncRNA	ENST00000647872.1	LINC02693	3525	0	0	-1	0	2.8871504e-08	0	2.8871509e-08
lncRNA	ENST00000647872.1	LINC02693	3526	0	0	-1	0	2.5712128e-08	0	2.5712132e-08
lncRNA	ENST00000647872.1	LINC02693	3527	0	0	-1	0	3.6269594e-08	0	3.6269599e-08
lncRNA	ENST00000647872.1	LINC02693	3528	0	0	-1	0	1.8655686e-07	0	1.8655689e-07
lncRNA	ENST00000647872.1	LINC02693	3529	0	0	-1	0	1.6558029e-07	0	1.6558032e-07
lncRNA	ENST00000647872.1	LINC02693	3530	0	0	-1	0	3.6654455e-08	0	3.6654461e-08
lncRNA	ENST00000647872.1	LINC02693	3531	0	0	-1	0	2.174118e-07	0	2.1741183e-07
lncRNA	ENST00000647872.1	LINC02693	3532	0	0	-1	0	4.3093172e-07	0	4.3093179e-07
lncRNA	ENST00000647872.1	LINC02693	3533	0	0	-1	0	4.5619277e-07	0	4.5619284e-07
lncRNA	ENST00000647872.1	LINC02693	3534	0	0	-1	0	7.4307087e-07	0	7.4307099e-07
lncRNA	ENST00000647872.1	LINC02693	3535	0	0	-1	0	1.3094252e-06	0	1.3094254e-06
lncRNA	ENST00000647872.1	LINC02693	3536	0	0	-1	0	1.1461982e-06	0	1.1461984e-06
lncRNA	ENST00000647872.1	LINC02693	3537	0	0	-1	0	3.2344653e-07	0	3.2344658e-07
lncRNA	ENST00000647872.1	LINC02693	3538	0	0	-1	0	1.1659693e-08	0	1.1659695e-08
lncRNA	ENST00000647872.1	LINC02693	3539	0	0	-1	0	5.1704287e-08	0	5.1704295e-08
lncRNA	ENST00000647872.1	LINC02693	3540	0	0	-1	0	9.4984651e-09	0	9.4984666e-09
lncRNA	ENST00000647872.1	LINC02693	3541	0	0	-1	0	1.297042e-07	0	1.2970423e-07
lncRNA	ENST00000647872.1	LINC02693	3542	0	0	-1	0	7.7225371e-07	0	7.7225383e-07
lncRNA	ENST00000647872.1	LINC02693	3543	0	0	-1	0	7.5889784e-06	0	7.5889796e-06
lncRNA	ENST00000647872.1	LINC02693	3544	0	0	-1	0	6.7494193e-07	0	6.7494204e-07
lncRNA	ENST00000647872.1	LINC02693	3545	0	0	-1	0	7.5055118e-07	0	7.505513e-07
lncRNA	ENST00000647872.1	LINC02693	3546	0	0	-1	0	8.9132582e-06	0	8.9132596e-06
lncRNA	ENST00000647872.1	LINC02693	3547	0	0	-1	0	3.1645677e-06	0	3.1645682e-06
lncRNA	ENST00000647872.1	LINC02693	3548	0	0	-1	0	4.8713332e-07	0	4.871334e-07
lncRNA	ENST00000647872.1	LINC02693	3549	0	0	-1	0	4.2708629e-07	0	4.2708636e-07
lncRNA	ENST00000647872.1	LINC02693	3550	0	0	-1	0	1.6374692e-07	0	1.6374694e-07
lncRNA	ENST00000647872.1	LINC02693	3551	0	0	-1	0	7.6314933e-08	0	7.6314945e-08
lncRNA	ENST00000647872.1	LINC02693	3552	0	0	-1	0	1.0611717e-06	0	1.0611719e-06
lncRNA	ENST00000647872.1	LINC02693	3553	0	0	-1	0	1.126085e-07	0	1.1260852e-07
lncRNA	ENST00000647872.1	LINC02693	3554	0	0	-1	0	4.2449963e-07	0	4.244997e-07
lncRNA	ENST00000647872.1	LINC02693	3555	0	0	-1	0	1.3117581e-07	0	1.3117583e-07
lncRNA	ENST00000647872.1	LINC02693	3556	0	0	-1	0	5.2975611e-06	0	5.2975619e-06
lncRNA	ENST00000647872.1	LINC02693	3557	0	0	-1	0	6.1638531e-07	0	6.163854e-07
lncRNA	ENST00000647872.1	LINC02693	3558	0	0	-1	0	8.3198483e-07	0	8.3198497e-07
lncRNA	ENST00000647872.1	LINC02693	3559	0	0	-1	0	4.9895505e-07	0	4.9895512e-07
lncRNA	ENST00000647872.1	LINC02693	3560	0	0	-1	0	3.1085264e-07	0	3.1085269e-07
lncRNA	ENST00000647872.1	LINC02693	3561	0	0	-1	0	7.0434771e-07	0	7.0434782e-07
lncRNA	ENST00000647872.1	LINC02693	3562	0	0	-1	0	6.2674548e-07	0	6.2674557e-07
lncRNA	ENST00000647872.1	LINC02693	3563	0	0	-1	0	8.6952817e-08	0	8.695283e-08
lncRNA	ENST00000647872.1	LINC02693	3564	0	0	-1	0	5.6727185e-07	0	5.6727194e-07
lncRNA	ENST00000647872.1	LINC02693	3565	0	0	-1	0	7.2840606e-07	0	7.2840618e-07
lncRNA	ENST00000647872.1	LINC02693	3566	0	0	-1	0	2.629879e-06	0	2.6298794e-06
lncRNA	ENST00000647872.1	LINC02693	3567	0	0	-1	0	6.6005719e-06	0	6.6005729e-06
lncRNA	ENST00000647872.1	LINC02693	3568	0	0	-1	0	6.1810647e-07	0	6.1810657e-07
lncRNA	ENST00000647872.1	LINC02693	3569	0	0	-1	0	5.8407073e-07	0	5.8407083e-07
lncRNA	ENST00000647872.1	LINC02693	3570	0	0	-1	0	7.0672689e-07	0	7.0672701e-07
lncRNA	ENST00000647872.1	LINC02693	3571	0	0	-1	0	7.9167103e-07	0	7.9167115e-07
lncRNA	ENST00000647872.1	LINC02693	3572	0	0	-1	0	2.988275e-07	0	2.9882755e-07
lncRNA	ENST00000647872.1	LINC02693	3573	0	0	-1	0	1.5552426e-07	0	1.5552429e-07
lncRNA	ENST00000647872.1	LINC02693	3574	0	0	-1	0	4.9365161e-07	0	4.9365169e-07
lncRNA	ENST00000647872.1	LINC02693	3575	0	0	-1	0	5.5809669e-06	0	5.5809678e-06
lncRNA	ENST00000647872.1	LINC02693	3576	0	0	-1	0	1.0926518e-06	0	1.092652e-06
lncRNA	ENST00000647872.1	LINC02693	3577	0	0	-1	0	9.8185865e-07	0	9.818588e-07
lncRNA	ENST00000647872.1	LINC02693	3578	0	0	-1	0	7.1091802e-07	0	7.1091813e-07
lncRNA	ENST00000647872.1	LINC02693	3579	0	0	-1	0	4.4309175e-07	0	4.4309182e-07
lncRNA	ENST00000647872.1	LINC02693	3580	0	0	-1	0	1.168688e-06	0	1.1686881e-06
lncRNA	ENST00000647872.1	LINC02693	3581	0	0	-1	0	1.0659775e-06	0	1.0659776e-06
lncRNA	ENST00000647872.1	LINC02693	3582	0	0	-1	0	6.5024454e-07	0	6.5024465e-07
lncRNA	ENST00000647872.1	LINC02693	3583	0	0	-1	0	1.2619579e-07	0	1.2619581e-07
lncRNA	ENST00000647872.1	LINC02693	3584	0	0	-1	0	1.2424664e-07	0	1.2424666e-07
lncRNA	ENST00000647872.1	LINC02693	3585	0	0	-1	0	2.0410903e-07	0	2.0410906e-07
lncRNA	ENST00000647872.1	LINC02693	3586	0	0	-1	0	1.7411109e-06	0	1.7411111e-06
lncRNA	ENST00000647872.1	LINC02693	3587	0	0	-1	0	1.4645586e-07	0	1.4645588e-07
lncRNA	ENST00000647872.1	LINC02693	3588	0	0	-1	0	7.3150318e-07	0	7.3150329e-07
lncRNA	ENST00000647872.1	LINC02693	3589	0	0	-1	0	3.4215016e-06	0	3.4215021e-06
lncRNA	ENST00000647872.1	LINC02693	3590	0	0	-1	0	7.7549362e-07	0	7.7549374e-07
lncRNA	ENST00000647872.1	LINC02693	3591	0	0	-1	0	4.5330985e-08	0	4.5330992e-08
lncRNA	ENST00000647872.1	LINC02693	3592	0	0	-1	0	6.8034815e-08	0	6.8034826e-08
lncRNA	ENST00000647872.1	LINC02693	3593	0	0	-1	0	1.6912601e-07	0	1.6912604e-07
lncRNA	ENST00000647872.1	LINC02693	3594	0	0	-1	0	6.3132532e-08	0	6.3132542e-08
lncRNA	ENST00000647872.1	LINC02693	3595	0	0	-1	0	8.4458435e-08	0	8.4458448e-08
lncRNA	ENST00000647872.1	LINC02693	3596	0	0	-1	0	3.1013636e-07	0	3.1013641e-07
lncRNA	ENST00000647872.1	LINC02693	3597	0	0	-1	0	6.800822e-08	0	6.800823e-08
lncRNA	ENST00000647872.1	LINC02693	3598	0	0	-1	0	4.492538e-07	0	4.4925387e-07
lncRNA	ENST00000647872.1	LINC02693	3599	0	0	-1	0	8.6221979e-07	0	8.6221993e-07
lncRNA	ENST00000647872.1	LINC02693	3600	0	0	-1	0	1.5241685e-07	0	1.5241687e-07
lncRNA	ENST00000647872.1	LINC02693	3601	0	0	-1	0	9.0237101e-08	0	9.0237116e-08
lncRNA	ENST00000647872.1	LINC02693	3602	0	0	-1	0	1.9633035e-07	0	1.9633038e-07
lncRNA	ENST00000647872.1	LINC02693	3603	0	0	-1	0	1.3645526e-07	0	1.3645528e-07
lncRNA	ENST00000647872.1	LINC02693	3604	0	0	-1	0	1.2772693e-07	0	1.2772695e-07
lncRNA	ENST00000647872.1	LINC02693	3605	0	0	-1	0	5.9164694e-07	0	5.9164703e-07
lncRNA	ENST00000647872.1	LINC02693	3606	0	0	-1	0	9.1938756e-07	0	9.193877e-07
lncRNA	ENST00000647872.1	LINC02693	3607	0	0	-1	0	6.3023053e-06	0	6.3023063e-06
lncRNA	ENST00000647872.1	LINC02693	3608	0	0	-1	0	4.0215527e-06	0	4.0215534e-06
lncRNA	ENST00000647872.1	LINC02693	3609	0	0	-1	0	1.5116498e-05	0	1.51165e-05
lncRNA	ENST00000647872.1	LINC02693	3610	0	0	-1	0	1.4462728e-06	0	1.446273e-06
lncRNA	ENST00000647872.1	LINC02693	3611	0	0	-1	0	1.2650221e-07	0	1.2650223e-07
lncRNA	ENST00000647872.1	LINC02693	3612	0	0	-1	0	9.9604087e-08	0	9.9604102e-08
lncRNA	ENST00000647872.1	LINC02693	3613	0	0	-1	0	3.5032213e-06	0	3.5032218e-06
lncRNA	ENST00000647872.1	LINC02693	3614	0	0	-1	0	3.0050074e-07	0	3.0050079e-07
lncRNA	ENST00000647872.1	LINC02693	3615	0	0	-1	0	9.8503577e-08	0	9.8503592e-08
lncRNA	ENST00000647872.1	LINC02693	3616	0	0	-1	0	2.8702763e-07	0	2.8702768e-07
lncRNA	ENST00000647872.1	LINC02693	3617	0	0	-1	0	1.4133069e-07	0	1.4133071e-07
lncRNA	ENST00000647872.1	LINC02693	3618	0	0	-1	0	1.1235545e-07	0	1.1235547e-07
lncRNA	ENST00000647872.1	LINC02693	3619	0	0	-1	0	1.4830404e-06	0	1.4830406e-06
lncRNA	ENST00000647872.1	LINC02693	3620	0	0	-1	0	8.4151583e-07	0	8.4151596e-07
lncRNA	ENST00000647872.1	LINC02693	3621	0	0	-1	0	5.122336e-06	0	5.1223368e-06
lncRNA	ENST00000647872.1	LINC02693	3622	0	0	-1	0	1.2929351e-06	0	1.2929353e-06
lncRNA	ENST00000647872.1	LINC02693	3623	0	0	-1	0	1.7138795e-07	0	1.7138798e-07
lncRNA	ENST00000647872.1	LINC02693	3624	0	0	-1	0	1.8193053e-07	0	1.8193056e-07
lncRNA	ENST00000647872.1	LINC02693	3625	0	0	-1	0	1.8585862e-07	0	1.8585865e-07
lncRNA	ENST00000647872.1	LINC02693	3626	0	0	-1	0	1.0199516e-06	0	1.0199517e-06
lncRNA	ENST00000647872.1	LINC02693	3627	0	0	-1	0	4.5724292e-07	0	4.5724299e-07
lncRNA	ENST00000647872.1	LINC02693	3628	0	0	-1	0	1.9455463e-07	0	1.9455466e-07
lncRNA	ENST00000647872.1	LINC02693	3629	0	0	-1	0	1.0272612e-06	0	1.0272614e-06
lncRNA	ENST00000647872.1	LINC02693	3630	0	0	-1	0	2.8413584e-07	0	2.8413588e-07
lncRNA	ENST00000647872.1	LINC02693	3631	0	0	-1	0	9.1309454e-07	0	9.1309468e-07
lncRNA	ENST00000647872.1	LINC02693	3632	0	0	-1	0	1.2358776e-06	0	1.2358778e-06
lncRNA	ENST00000647872.1	LINC02693	3633	0	0	-1	0	9.6736221e-07	0	9.6736236e-07
lncRNA	ENST00000647872.1	LINC02693	3634	0	0	-1	0	1.9165438e-07	0	1.9165441e-07
lncRNA	ENST00000647872.1	LINC02693	3635	0	0	-1	0	4.3537938e-09	0	4.3537945e-09
lncRNA	ENST00000647872.1	LINC02693	3636	0	0	-1	0	1.3658298e-07	0	1.36583e-07
lncRNA	ENST00000647872.1	LINC02693	3637	0	0	-1	0	4.97793e-07	0	4.9779307e-07
lncRNA	ENST00000647872.1	LINC02693	3638	0	0	-1	0	5.5280145e-07	0	5.5280154e-07
lncRNA	ENST00000647872.1	LINC02693	3639	0	0	-1	0	1.7548651e-06	0	1.7548654e-06
lncRNA	ENST00000647872.1	LINC02693	3640	0	0	-1	0	5.1863599e-06	0	5.1863607e-06
lncRNA	ENST00000647872.1	LINC02693	3641	0	0	-1	0	1.6251232e-05	0	1.6251234e-05
lncRNA	ENST00000647872.1	LINC02693	3642	0	0	-1	0	6.6603167e-07	0	6.6603177e-07
lncRNA	ENST00000647872.1	LINC02693	3643	0	0	-1	0	4.4483826e-07	0	4.4483833e-07
lncRNA	ENST00000647872.1	LINC02693	3644	0	0	-1	0	5.2081541e-06	0	5.2081549e-06
lncRNA	ENST00000647872.1	LINC02693	3645	0	0	-1	0	8.6715602e-07	0	8.6715615e-07
lncRNA	ENST00000647872.1	LINC02693	3646	0	0	-1	0	6.7901902e-07	0	6.7901913e-07
lncRNA	ENST00000647872.1	LINC02693	3647	0	0	-1	0	8.9953437e-07	0	8.9953451e-07
lncRNA	ENST00000647872.1	LINC02693	3648	0	0	-1	0	6.115993e-08	0	6.115994e-08
lncRNA	ENST00000647872.1	LINC02693	3649	0	0	-1	0	2.3009461e-06	0	2.3009465e-06
lncRNA	ENST00000647872.1	LINC02693	3650	0	0	-1	0	2.810671e-06	0	2.8106715e-06
lncRNA	ENST00000647872.1	LINC02693	3651	0	0	-1	0	1.0691627e-05	0	1.0691628e-05
lncRNA	ENST00000647872.1	LINC02693	3652	0	0	-1	0	4.0842756e-06	0	4.0842762e-06
lncRNA	ENST00000647872.1	LINC02693	3653	0	0	-1	0	2.6707775e-07	0	2.6707779e-07
lncRNA	ENST00000647872.1	LINC02693	3654	0	0	-1	0	2.8049982e-07	0	2.8049986e-07
lncRNA	ENST00000647872.1	LINC02693	3655	0	0	-1	0	1.2145897e-06	0	1.2145899e-06
lncRNA	ENST00000647872.1	LINC02693	3656	0	0	-1	0	2.7107274e-06	0	2.7107278e-06
lncRNA	ENST00000647872.1	LINC02693	3657	0	0	-1	0	5.7346488e-06	0	5.7346497e-06
lncRNA	ENST00000647872.1	LINC02693	3658	0	0	-1	0	3.0514288e-06	0	3.0514293e-06
lncRNA	ENST00000647872.1	LINC02693	3659	0	0	-1	0	4.2806473e-06	0	4.280648e-06
lncRNA	ENST00000647872.1	LINC02693	3660	0	0	-1	0	4.432974e-06	0	4.4329747e-06
lncRNA	ENST00000647872.1	LINC02693	3661	0	0	-1	0	1.9154411e-06	0	1.9154414e-06
lncRNA	ENST00000647872.1	LINC02693	3662	0	0	-1	0	7.6720482e-07	0	7.6720494e-07
lncRNA	ENST00000647872.1	LINC02693	3663	0	0	-1	0	2.0601644e-06	0	2.0601648e-06
lncRNA	ENST00000647872.1	LINC02693	3664	0	0	-1	0	2.5371637e-07	0	2.5371641e-07
lncRNA	ENST00000647872.1	LINC02693	3665	0	0	-1	0	6.5516858e-08	0	6.5516868e-08
lncRNA	ENST00000647872.1	LINC02693	3666	0	0	-1	0	9.5717631e-08	0	9.5717646e-08
lncRNA	ENST00000647872.1	LINC02693	3667	0	0	-1	0	8.3210907e-06	0	8.321092e-06
lncRNA	ENST00000647872.1	LINC02693	3668	0	0	-1	0	4.6761448e-07	0	4.6761456e-07
lncRNA	ENST00000647872.1	LINC02693	3669	0	0	-1	0	2.8494827e-07	0	2.8494832e-07
lncRNA	ENST00000647872.1	LINC02693	3670	0	0	-1	0	8.9095482e-07	0	8.9095496e-07
lncRNA	ENST00000647872.1	LINC02693	3671	0	0	-1	0	6.4723957e-07	0	6.4723968e-07
lncRNA	ENST00000647872.1	LINC02693	3672	0	0	-1	0	9.3140386e-07	0	9.3140401e-07
lncRNA	ENST00000647872.1	LINC02693	3673	0	0	-1	0	1.6911948e-06	0	1.6911951e-06
lncRNA	ENST00000647872.1	LINC02693	3674	0	0	-1	0	1.0569177e-06	0	1.0569178e-06
lncRNA	ENST00000647872.1	LINC02693	3675	0	0	-1	0	2.6373284e-06	0	2.6373288e-06
lncRNA	ENST00000647872.1	LINC02693	3676	0	0	-1	0	7.5053543e-07	0	7.5053555e-07
lncRNA	ENST00000647872.1	LINC02693	3677	0	0	-1	0	1.0033398e-07	0	1.00334e-07
lncRNA	ENST00000647872.1	LINC02693	3678	0	0	-1	0	4.3176843e-07	0	4.317685e-07
lncRNA	ENST00000647872.1	LINC02693	3679	0	0	-1	0	4.841973e-07	0	4.8419738e-07
lncRNA	ENST00000647872.1	LINC02693	3680	0	0	-1	0	4.9520132e-08	0	4.952014e-08
lncRNA	ENST00000647872.1	LINC02693	3681	0	0	-1	0	4.0511388e-08	0	4.0511394e-08
lncRNA	ENST00000647872.1	LINC02693	3682	0	0	-1	0	9.8745534e-07	0	9.8745549e-07
lncRNA	ENST00000647872.1	LINC02693	3683	0	0	-1	0	2.2633158e-07	0	2.2633161e-07
lncRNA	ENST00000647872.1	LINC02693	3684	0	0	-1	0	2.6007288e-07	0	2.6007292e-07
lncRNA	ENST00000647872.1	LINC02693	3685	0	0	-1	0	3.0737266e-07	0	3.0737271e-07
lncRNA	ENST00000647872.1	LINC02693	3686	0	0	-1	0	1.2880646e-07	0	1.2880648e-07
lncRNA	ENST00000647872.1	LINC02693	3687	0	0	-1	0	2.8582875e-07	0	2.8582879e-07
lncRNA	ENST00000647872.1	LINC02693	3688	0	0	-1	0	3.0224822e-07	0	3.0224827e-07
lncRNA	ENST00000647872.1	LINC02693	3689	0	0	-1	0	5.3950572e-07	0	5.395058e-07
lncRNA	ENST00000647872.1	LINC02693	3690	0	0	-1	0	1.2001703e-06	0	1.2001705e-06
lncRNA	ENST00000647872.1	LINC02693	3691	0	0	-1	0	1.570079e-06	0	1.5700793e-06
lncRNA	ENST00000647872.1	LINC02693	3692	0	0	-1	0	5.4722727e-07	0	5.4722736e-07
lncRNA	ENST00000647872.1	LINC02693	3693	0	0	-1	0	4.8316821e-07	0	4.8316828e-07
lncRNA	ENST00000647872.1	LINC02693	3694	0	0	-1	0	9.3214322e-07	0	9.3214337e-07
lncRNA	ENST00000647872.1	LINC02693	3695	0	0	-1	0	4.6826626e-06	0	4.6826634e-06
lncRNA	ENST00000647872.1	LINC02693	3696	0	0	-1	0	7.6229539e-06	0	7.6229551e-06
lncRNA	ENST00000647872.1	LINC02693	3697	0	0	-1	0	4.786544e-05	0	4.7865448e-05
lncRNA	ENST00000647872.1	LINC02693	3698	0	0	-1	0	5.1548091e-07	0	5.1548099e-07
lncRNA	ENST00000647872.1	LINC02693	3699	0	0	-1	0	1.0724821e-06	0	1.0724822e-06
lncRNA	ENST00000647872.1	LINC02693	3700	0	0	-1	0	4.4229701e-06	0	4.4229707e-06
lncRNA	ENST00000647872.1	LINC02693	3701	0	0	-1	0	4.6245741e-06	0	4.6245748e-06
lncRNA	ENST00000647872.1	LINC02693	3702	0	0	-1	0	3.6842166e-06	0	3.6842172e-06
lncRNA	ENST00000647872.1	LINC02693	3703	0	0	-1	0	1.3064628e-06	0	1.306463e-06
lncRNA	ENST00000647872.1	LINC02693	3704	0	0	-1	0	2.9678704e-06	0	2.9678709e-06
lncRNA	ENST00000647872.1	LINC02693	3705	0	0	-1	0	2.4804533e-06	0	2.4804537e-06
lncRNA	ENST00000647872.1	LINC02693	3706	0	0	-1	0	4.2910514e-07	0	4.2910521e-07
lncRNA	ENST00000647872.1	LINC02693	3707	0	0	-1	0	1.9766443e-07	0	1.9766447e-07
lncRNA	ENST00000647872.1	LINC02693	3708	0	0	-1	0	4.9045998e-06	0	4.9046006e-06
lncRNA	ENST00000647872.1	LINC02693	3709	0	0	-1	0	1.4822782e-06	0	1.4822784e-06
lncRNA	ENST00000647872.1	LINC02693	3710	0	0	-1	0	4.3979034e-07	0	4.3979041e-07
lncRNA	ENST00000647872.1	LINC02693	3711	0	0	-1	0	5.9342295e-07	0	5.9342305e-07
lncRNA	ENST00000647872.1	LINC02693	3712	0	0	-1	0	2.4257784e-07	0	2.4257788e-07
lncRNA	ENST00000647872.1	LINC02693	3713	0	0	-1	0	1.2719775e-06	0	1.2719777e-06
lncRNA	ENST00000647872.1	LINC02693	3714	0	0	-1	0	1.2387999e-05	0	1.2388001e-05
lncRNA	ENST00000647872.1	LINC02693	3715	0	0	-1	0	4.2789146e-05	0	4.2789153e-05
lncRNA	ENST00000647872.1	LINC02693	3716	0	0	-1	0	2.348025e-06	0	2.3480253e-06
lncRNA	ENST00000647872.1	LINC02693	3717	0	0	-1	0	4.1344974e-06	0	4.1344981e-06
lncRNA	ENST00000647872.1	LINC02693	3718	0	0	-1	0	1.233098e-06	0	1.2330982e-06
lncRNA	ENST00000647872.1	LINC02693	3719	0	0	-1	0	1.685265e-06	0	1.6852653e-06
lncRNA	ENST00000647872.1	LINC02693	3720	0	0	-1	0	2.2004456e-06	0	2.2004459e-06
lncRNA	ENST00000647872.1	LINC02693	3721	0	0	-1	0	9.9213833e-07	0	9.9213848e-07
lncRNA	ENST00000647872.1	LINC02693	3722	0	0	-1	0	3.4584045e-06	0	3.4584051e-06
lncRNA	ENST00000647872.1	LINC02693	3723	0	0	-1	0	1.173619e-06	0	1.1736192e-06
lncRNA	ENST00000647872.1	LINC02693	3724	0	0	-1	0	1.7525989e-06	0	1.7525992e-06
lncRNA	ENST00000647872.1	LINC02693	3725	0	0	-1	0	2.2814937e-07	0	2.2814941e-07
lncRNA	ENST00000647872.1	LINC02693	3726	0	0	-1	0	1.497714e-06	0	1.4977143e-06
lncRNA	ENST00000647872.1	LINC02693	3727	0	0	-1	0	0.00010458822	0	0.00010458823
lncRNA	ENST00000647872.1	LINC02693	3728	0	0	-1	0	1.0656704e-06	0	1.0656706e-06
lncRNA	ENST00000647872.1	LINC02693	3729	0	0	-1	0	8.4273336e-07	0	8.4273349e-07
lncRNA	ENST00000647872.1	LINC02693	3730	0	0	-1	0	9.4967504e-08	0	9.4967519e-08
lncRNA	ENST00000647872.1	LINC02693	3731	0	0	-1	0	1.3868457e-08	0	1.3868459e-08
lncRNA	ENST00000647872.1	LINC02693	3732	0	0	-1	0	1.010198e-09	0	1.0101982e-09
lncRNA	ENST00000647872.1	LINC02693	3733	0	0	-1	0	8.1920831e-08	0	8.1920844e-08
lncRNA	ENST00000647872.1	LINC02693	3734	0	0	-1	0	1.7955744e-08	0	1.7955746e-08
lncRNA	ENST00000647872.1	LINC02693	3735	0	0	-1	0	5.1944582e-08	0	5.194459e-08
lncRNA	ENST00000647872.1	LINC02693	3736	0	0	-1	0	6.8757004e-08	0	6.8757014e-08
lncRNA	ENST00000647872.1	LINC02693	3737	0	0	-1	0	5.5025698e-08	0	5.5025706e-08
lncRNA	ENST00000647872.1	LINC02693	3738	0	0	-1	0	6.936861e-08	0	6.9368621e-08
lncRNA	ENST00000647872.1	LINC02693	3739	0	0	-1	0	2.9656126e-06	0	2.965613e-06
lncRNA	ENST00000647872.1	LINC02693	3740	0	0	-1	0	4.0274599e-06	0	4.0274605e-06
lncRNA	ENST00000647872.1	LINC02693	3741	0	0	-1	0	6.8583557e-07	0	6.8583568e-07
lncRNA	ENST00000647872.1	LINC02693	3742	0	0	-1	0	3.1268255e-06	0	3.126826e-06
lncRNA	ENST00000647872.1	LINC02693	3743	0	0	-1	0	3.2137557e-06	0	3.2137562e-06
lncRNA	ENST00000647872.1	LINC02693	3744	0	0	-1	0	9.7580505e-07	0	9.758052e-07
lncRNA	ENST00000647872.1	LINC02693	3745	0	0	-1	0	1.0089821e-05	0	1.0089822e-05
lncRNA	ENST00000647872.1	LINC02693	3746	0	0	-1	0	8.6826242e-07	0	8.6826256e-07
lncRNA	ENST00000647872.1	LINC02693	3747	0	0	-1	0	4.5437827e-07	0	4.5437834e-07
lncRNA	ENST00000647872.1	LINC02693	3748	0	0	-1	0	4.2624768e-07	0	4.2624775e-07
lncRNA	ENST00000647872.1	LINC02693	3749	0	0	-1	0	1.9627137e-07	0	1.962714e-07
lncRNA	ENST00000647872.1	LINC02693	3750	0	0	-1	0	1.3001896e-06	0	1.3001898e-06
lncRNA	ENST00000647872.1	LINC02693	3751	0	0	-1	0	3.751482e-08	0	3.7514826e-08
lncRNA	ENST00000647872.1	LINC02693	3752	0	0	-1	0	2.0919138e-07	0	2.0919142e-07
lncRNA	ENST00000647872.1	LINC02693	3753	0	0	-1	0	1.1585114e-07	0	1.1585116e-07
lncRNA	ENST00000647872.1	LINC02693	3754	0	0	-1	0	4.7951926e-07	0	4.7951933e-07
lncRNA	ENST00000647872.1	LINC02693	3755	0	0	-1	0	7.7278935e-07	0	7.7278947e-07
lncRNA	ENST00000647872.1	LINC02693	3756	0	0	-1	0	1.1310802e-05	0	1.1310803e-05
lncRNA	ENST00000647872.1	LINC02693	3757	0	0	-1	0	1.1645598e-05	0	1.1645599e-05
lncRNA	ENST00000647872.1	LINC02693	3758	0	0	-1	0	7.5710763e-05	0	7.5710775e-05
lncRNA	ENST00000647872.1	LINC02693	3759	0	0	-1	0	4.7652984e-06	0	4.7652991e-06
lncRNA	ENST00000647872.1	LINC02693	3760	0	0	-1	0	8.3339555e-06	0	8.3339568e-06
lncRNA	ENST00000647872.1	LINC02693	3761	0	0	-1	0	3.4015836e-06	0	3.4015842e-06
lncRNA	ENST00000647872.1	LINC02693	3762	0	0	-1	0	2.8778647e-06	0	2.8778652e-06
lncRNA	ENST00000647872.1	LINC02693	3763	0	0	-1	0	5.2659114e-05	0	5.2659122e-05
lncRNA	ENST00000647872.1	LINC02693	3764	0	0	-1	0	1.3194869e-05	0	1.3194871e-05
lncRNA	ENST00000647872.1	LINC02693	3765	0	0	-1	0	4.1247736e-06	0	4.1247742e-06
lncRNA	ENST00000647872.1	LINC02693	3766	0	0	-1	0	4.1754789e-05	0	4.1754796e-05
lncRNA	ENST00000647872.1	LINC02693	3767	0	0	-1	0	4.0192103e-06	0	4.019211e-06
lncRNA	ENST00000647872.1	LINC02693	3768	0	0	-1	0	1.7135551e-06	0	1.7135554e-06
lncRNA	ENST00000647872.1	LINC02693	3769	0	0	-1	0	2.4628585e-07	0	2.4628589e-07
lncRNA	ENST00000647872.1	LINC02693	3770	0	0	-1	0	1.5846177e-06	0	1.584618e-06
lncRNA	ENST00000647872.1	LINC02693	3771	0	0	-1	0	6.4647929e-06	0	6.4647939e-06
lncRNA	ENST00000647872.1	LINC02693	3772	0	0	-1	0	1.0859595e-06	0	1.0859597e-06
lncRNA	ENST00000647872.1	LINC02693	3773	0	0	-1	0	1.3405681e-06	0	1.3405683e-06
lncRNA	ENST00000647872.1	LINC02693	3774	0	0	-1	0	6.8497833e-08	0	6.8497844e-08
lncRNA	ENST00000647872.1	LINC02693	3775	0	0	-1	0	5.3596855e-06	0	5.3596863e-06
lncRNA	ENST00000647872.1	LINC02693	3776	0	0	-1	0	6.5309468e-05	0	6.5309479e-05
lncRNA	ENST00000647872.1	LINC02693	3777	0	0	-1	0	4.6666824e-07	0	4.6666831e-07
lncRNA	ENST00000647872.1	LINC02693	3778	0	0	-1	0	0.00015367712	0	0.00015367714
lncRNA	ENST00000647872.1	LINC02693	3779	0	0	-1	0	6.2425352e-06	0	6.2425361e-06
lncRNA	ENST00000647872.1	LINC02693	3780	0	0	-1	0	6.6910735e-07	0	6.6910746e-07
lncRNA	ENST00000647872.1	LINC02693	3781	0	0	-1	0	4.7467813e-07	0	4.7467821e-07
lncRNA	ENST00000647872.1	LINC02693	3782	0	0	-1	0	3.1644531e-06	0	3.1644536e-06
lncRNA	ENST00000647872.1	LINC02693	3783	0	0	-1	0	1.1444021e-05	0	1.1444023e-05
lncRNA	ENST00000647872.1	LINC02693	3784	0	0	-1	0	7.568593e-05	0	7.5685942e-05
lncRNA	ENST00000647872.1	LINC02693	3785	0	0	-1	0	2.2123413e-07	0	2.2123417e-07
lncRNA	ENST00000647872.1	LINC02693	3786	0	0	-1	0	4.0365322e-07	0	4.0365328e-07
lncRNA	ENST00000647872.1	LINC02693	3787	0	0	-1	0	2.2425574e-08	0	2.2425578e-08
lncRNA	ENST00000647872.1	LINC02693	3788	0	0	-1	0	1.3530958e-07	0	1.353096e-07
lncRNA	ENST00000647872.1	LINC02693	3789	0	0	-1	0	3.6737752e-06	0	3.6737757e-06
lncRNA	ENST00000647872.1	LINC02693	3790	0	0	-1	0	3.1011673e-06	0	3.1011678e-06
lncRNA	ENST00000647872.1	LINC02693	3791	0	0	-1	0	2.5913534e-05	0	2.5913538e-05
lncRNA	ENST00000647872.1	LINC02693	3792	0	0	-1	0	9.8051269e-06	0	9.8051284e-06
lncRNA	ENST00000647872.1	LINC02693	3793	0	0	-1	0	2.1169815e-06	0	2.1169818e-06
lncRNA	ENST00000647872.1	LINC02693	3794	0	0	-1	0	2.7164258e-06	0	2.7164262e-06
lncRNA	ENST00000647872.1	LINC02693	3795	0	0	-1	0	1.2826496e-06	0	1.2826498e-06
lncRNA	ENST00000647872.1	LINC02693	3796	0	0	-1	0	2.4833789e-06	0	2.4833793e-06
lncRNA	ENST00000647872.1	LINC02693	3797	0	0	-1	0	1.1207641e-06	0	1.1207642e-06
lncRNA	ENST00000647872.1	LINC02693	3798	0	0	-1	0	7.4953186e-07	0	7.4953198e-07
lncRNA	ENST00000647872.1	LINC02693	3799	0	0	-1	0	8.290084e-07	0	8.2900853e-07
lncRNA	ENST00000647872.1	LINC02693	3800	0	0	-1	0	1.325434e-06	0	1.3254342e-06
lncRNA	ENST00000647872.1	LINC02693	3801	0	0	-1	0	3.6695767e-06	0	3.6695773e-06
lncRNA	ENST00000647872.1	LINC02693	3802	0	0	-1	0	2.6576963e-06	0	2.6576967e-06
lncRNA	ENST00000647872.1	LINC02693	3803	0	0	-1	0	3.4823429e-06	0	3.4823434e-06
lncRNA	ENST00000647872.1	LINC02693	3804	0	0	-1	0	2.7527169e-06	0	2.7527173e-06
lncRNA	ENST00000647872.1	LINC02693	3805	0	0	-1	0	1.5165492e-07	0	1.5165494e-07
lncRNA	ENST00000647872.1	LINC02693	3806	0	0	-1	0	3.7202007e-08	0	3.7202013e-08
lncRNA	ENST00000647872.1	LINC02693	3807	0	0	-1	0	5.1081321e-07	0	5.1081329e-07
lncRNA	ENST00000647872.1	LINC02693	3808	0	0	-1	0	1.2098557e-06	0	1.2098559e-06
lncRNA	ENST00000647872.1	LINC02693	3809	0	0	-1	0	1.1031872e-06	0	1.1031873e-06
lncRNA	ENST00000647872.1	LINC02693	3810	0	0	-1	0	4.8094682e-07	0	4.809469e-07
lncRNA	ENST00000647872.1	LINC02693	3811	0	0	-1	0	6.8406473e-07	0	6.8406484e-07
lncRNA	ENST00000647872.1	LINC02693	3812	0	0	-1	0	2.5381414e-07	0	2.5381418e-07
lncRNA	ENST00000647872.1	LINC02693	3813	0	0	-1	0	4.7288321e-08	0	4.7288328e-08
lncRNA	ENST00000647872.1	LINC02693	3814	0	0	-1	0	2.2680564e-07	0	2.2680567e-07
lncRNA	ENST00000647872.1	LINC02693	3815	0	0	-1	0	8.1082177e-08	0	8.108219e-08
lncRNA	ENST00000647872.1	LINC02693	3816	0	0	-1	0	3.7887179e-07	0	3.7887185e-07
lncRNA	ENST00000647872.1	LINC02693	3817	0	0	-1	0	4.1380986e-06	0	4.1380992e-06
lncRNA	ENST00000647872.1	LINC02693	3818	0	0	-1	0	3.0070746e-07	0	3.007075e-07
lncRNA	ENST00000647872.1	LINC02693	3819	0	0	-1	0	4.9988166e-06	0	4.9988174e-06
lncRNA	ENST00000647872.1	LINC02693	3820	0	0	-1	0	7.4646016e-07	0	7.4646028e-07
lncRNA	ENST00000647872.1	LINC02693	3821	0	0	-1	0	1.1060779e-06	0	1.1060781e-06
lncRNA	ENST00000647872.1	LINC02693	3822	0	0	-1	0	9.7988777e-07	0	9.7988793e-07
lncRNA	ENST00000647872.1	LINC02693	3823	0	0	-1	0	9.9864849e-07	0	9.9864865e-07
lncRNA	ENST00000647872.1	LINC02693	3824	0	0	-1	0	1.5281062e-06	0	1.5281064e-06
lncRNA	ENST00000647872.1	LINC02693	3825	0	0	-1	0	3.1644061e-07	0	3.1644066e-07
lncRNA	ENST00000647872.1	LINC02693	3826	0	0	-1	0	7.325053e-06	0	7.3250542e-06
lncRNA	ENST00000647872.1	LINC02693	3827	0	0	-1	0	3.6804362e-05	0	3.6804368e-05
lncRNA	ENST00000647872.1	LINC02693	3828	0	0	-1	0	5.1408688e-06	0	5.1408696e-06
lncRNA	ENST00000647872.1	LINC02693	3829	0	0	-1	0	1.5327533e-06	0	1.5327536e-06
lncRNA	ENST00000647872.1	LINC02693	3830	0	0	-1	0	6.4884455e-07	0	6.4884465e-07
lncRNA	ENST00000647872.1	LINC02693	3831	0	0	-1	0	3.612437e-06	0	3.6124376e-06
lncRNA	ENST00000647872.1	LINC02693	3832	0	0	-1	0	1.6007263e-05	0	1.6007266e-05
lncRNA	ENST00000647872.1	LINC02693	3833	0	0	-1	0	2.9385519e-06	0	2.9385524e-06
lncRNA	ENST00000647872.1	LINC02693	3834	0	0	-1	0	3.9393785e-06	0	3.9393791e-06
lncRNA	ENST00000647872.1	LINC02693	3835	0	0	-1	0	6.8800823e-06	0	6.8800834e-06
lncRNA	ENST00000647872.1	LINC02693	3836	0	0	-1	0	5.2746645e-06	0	5.2746654e-06
lncRNA	ENST00000647872.1	LINC02693	3837	0	0	-1	0	2.5385443e-06	0	2.5385447e-06
lncRNA	ENST00000647872.1	LINC02693	3838	0	0	-1	0	5.3436264e-07	0	5.3436273e-07
lncRNA	ENST00000647872.1	LINC02693	3839	0	0	-1	0	3.0721765e-07	0	3.072177e-07
lncRNA	ENST00000647872.1	LINC02693	3840	0	0	-1	0	9.8799553e-08	0	9.8799569e-08
lncRNA	ENST00000647872.1	LINC02693	3841	0	0	-1	0	1.1421097e-06	0	1.1421099e-06
lncRNA	ENST00000647872.1	LINC02693	3842	0	0	-1	0	1.1127073e-06	0	1.1127075e-06
lncRNA	ENST00000647872.1	LINC02693	3843	0	0	-1	0	6.920543e-07	0	6.9205441e-07
lncRNA	ENST00000647872.1	LINC02693	3844	0	0	-1	0	2.5920069e-06	0	2.5920073e-06
lncRNA	ENST00000647872.1	LINC02693	3845	0	0	-1	0	1.8282985e-06	0	1.8282988e-06
lncRNA	ENST00000647872.1	LINC02693	3846	0	0	-1	0	1.6345042e-06	0	1.6345045e-06
lncRNA	ENST00000647872.1	LINC02693	3847	0	0	-1	0	2.9209803e-06	0	2.9209807e-06
lncRNA	ENST00000647872.1	LINC02693	3848	0	0	-1	0	6.5698651e-07	0	6.5698662e-07
lncRNA	ENST00000647872.1	LINC02693	3849	0	0	-1	0	1.2745341e-05	0	1.2745343e-05
lncRNA	ENST00000647872.1	LINC02693	3850	0	0	-1	0	3.1896692e-05	0	3.1896697e-05
lncRNA	ENST00000647872.1	LINC02693	3851	0	0	-1	0	1.8464227e-05	0	1.846423e-05
lncRNA	ENST00000647872.1	LINC02693	3852	0	0	-1	0	1.0025705e-06	0	1.0025706e-06
lncRNA	ENST00000647872.1	LINC02693	3853	0	0	-1	0	5.5295404e-06	0	5.5295413e-06
lncRNA	ENST00000647872.1	LINC02693	3854	0	0	-1	0	4.1137207e-07	0	4.1137214e-07
lncRNA	ENST00000647872.1	LINC02693	3855	0	0	-1	0	4.099526e-06	0	4.0995266e-06
lncRNA	ENST00000647872.1	LINC02693	3856	0	0	-1	0	1.7439127e-06	0	1.7439129e-06
lncRNA	ENST00000647872.1	LINC02693	3857	0	0	-1	0	5.8591872e-06	0	5.8591882e-06
lncRNA	ENST00000647872.1	LINC02693	3858	0	0	-1	0	7.2988341e-06	0	7.2988353e-06
lncRNA	ENST00000647872.1	LINC02693	3859	0	0	-1	0	2.1004548e-06	0	2.1004552e-06
lncRNA	ENST00000647872.1	LINC02693	3860	0	0	-1	0	3.0258795e-07	0	3.02588e-07
lncRNA	ENST00000647872.1	LINC02693	3861	0	0	-1	0	5.9529515e-07	0	5.9529524e-07
lncRNA	ENST00000647872.1	LINC02693	3862	0	0	-1	0	3.2273016e-07	0	3.2273021e-07
lncRNA	ENST00000647872.1	LINC02693	3863	0	0	-1	0	1.152392e-06	0	1.1523922e-06
lncRNA	ENST00000647872.1	LINC02693	3864	0	0	-1	0	2.3708357e-05	0	2.3708361e-05
lncRNA	ENST00000647872.1	LINC02693	3865	0	0	-1	0	2.7134989e-05	0	2.7134993e-05
lncRNA	ENST00000647872.1	LINC02693	3866	0	0	-1	0	6.4890708e-07	0	6.4890718e-07
lncRNA	ENST00000647872.1	LINC02693	3867	0	0	-1	0	1.7139245e-06	0	1.7139247e-06
lncRNA	ENST00000647872.1	LINC02693	3868	0	0	-1	0	3.8766066e-06	0	3.8766072e-06
lncRNA	ENST00000647872.1	LINC02693	3869	0	0	-1	0	8.3512009e-07	0	8.3512022e-07
lncRNA	ENST00000647872.1	LINC02693	3870	0	0	-1	0	2.7252117e-06	0	2.7252122e-06
lncRNA	ENST00000647872.1	LINC02693	3871	0	0	-1	0	1.2369281e-06	0	1.2369283e-06
lncRNA	ENST00000647872.1	LINC02693	3872	0	0	-1	0	3.3001473e-07	0	3.3001478e-07
lncRNA	ENST00000647872.1	LINC02693	3873	0	0	-1	0	2.4911486e-07	0	2.491149e-07
lncRNA	ENST00000647872.1	LINC02693	3874	0	0	-1	0	1.6698715e-06	0	1.6698718e-06
lncRNA	ENST00000647872.1	LINC02693	3875	0	0	-1	0	1.4169419e-06	0	1.4169422e-06
lncRNA	ENST00000647872.1	LINC02693	3876	0	0	-1	0	7.0077758e-06	0	7.0077769e-06
lncRNA	ENST00000647872.1	LINC02693	3877	0	0	-1	0	7.4308396e-06	0	7.4308407e-06
lncRNA	ENST00000647872.1	LINC02693	3878	0	0	-1	0	3.8714156e-06	0	3.8714162e-06
lncRNA	ENST00000647872.1	LINC02693	3879	0	0	-1	0	8.2504794e-06	0	8.2504807e-06
lncRNA	ENST00000647872.1	LINC02693	3880	0	0	-1	0	3.1158443e-06	0	3.1158448e-06
lncRNA	ENST00000647872.1	LINC02693	3881	0	0	-1	0	3.9007678e-06	0	3.9007684e-06
lncRNA	ENST00000647872.1	LINC02693	3882	0	0	-1	0	6.8467339e-06	0	6.8467349e-06
lncRNA	ENST00000647872.1	LINC02693	3883	0	0	-1	0	3.7092278e-07	0	3.7092284e-07
lncRNA	ENST00000647872.1	LINC02693	3884	0	0	-1	0	3.5132434e-05	0	3.513244e-05
lncRNA	ENST00000647872.1	LINC02693	3885	0	0	-1	0	4.849029e-07	0	4.8490297e-07
lncRNA	ENST00000647872.1	LINC02693	3886	0	0	-1	0	2.5031545e-06	0	2.5031549e-06
lncRNA	ENST00000647872.1	LINC02693	3887	0	0	-1	0	9.3560857e-07	0	9.3560872e-07
lncRNA	ENST00000647872.1	LINC02693	3888	0	0	-1	0	2.1472372e-06	0	2.1472375e-06
lncRNA	ENST00000647872.1	LINC02693	3889	0	0	-1	0	1.2793871e-05	0	1.2793873e-05
lncRNA	ENST00000647872.1	LINC02693	3890	0	0	-1	0	4.479436e-06	0	4.4794367e-06
lncRNA	ENST00000647872.1	LINC02693	3891	0	0	-1	0	2.6914066e-07	0	2.691407e-07
lncRNA	ENST00000647872.1	LINC02693	3892	0	0	-1	0	8.91958e-07	0	8.9195814e-07
lncRNA	ENST00000647872.1	LINC02693	3893	0	0	-1	0	1.8106276e-06	0	1.8106279e-06
lncRNA	ENST00000647872.1	LINC02693	3894	0	0	-1	0	2.3689596e-07	0	2.3689599e-07
lncRNA	ENST00000647872.1	LINC02693	3895	0	0	-1	0	5.040916e-08	0	5.0409167e-08
lncRNA	ENST00000647872.1	LINC02693	3896	0	0	-1	0	9.1870305e-07	0	9.187032e-07
lncRNA	ENST00000647872.1	LINC02693	3897	0	0	-1	0	2.8763654e-05	0	2.8763658e-05
lncRNA	ENST00000647872.1	LINC02693	3898	0	0	-1	0	1.9254887e-06	0	1.925489e-06
lncRNA	ENST00000647872.1	LINC02693	3899	0	0	-1	0	3.3446737e-05	0	3.3446742e-05
lncRNA	ENST00000647872.1	LINC02693	3900	0	0	-1	0	8.3461882e-06	0	8.3461895e-06
lncRNA	ENST00000647872.1	LINC02693	3901	0	0	-1	0	2.0808718e-06	0	2.0808721e-06
lncRNA	ENST00000647872.1	LINC02693	3902	0	0	-1	0	1.3272499e-05	0	1.3272501e-05
lncRNA	ENST00000647872.1	LINC02693	3903	0	0	-1	0	7.1934787e-06	0	7.1934799e-06
lncRNA	ENST00000647872.1	LINC02693	3904	0	0	-1	0	3.0505093e-06	0	3.0505098e-06
lncRNA	ENST00000647872.1	LINC02693	3905	0	0	-1	0	1.6146453e-06	0	1.6146455e-06
lncRNA	ENST00000647872.1	LINC02693	3906	0	0	-1	0	1.9763604e-06	0	1.9763607e-06
lncRNA	ENST00000647872.1	LINC02693	3907	0	0	-1	0	2.8470015e-06	0	2.8470019e-06
lncRNA	ENST00000647872.1	LINC02693	3908	0	0	-1	0	5.8967981e-07	0	5.8967991e-07
lncRNA	ENST00000647872.1	LINC02693	3909	0	0	-1	0	2.1678923e-05	0	2.1678926e-05
lncRNA	ENST00000647872.1	LINC02693	3910	0	0	-1	0	7.2497796e-06	0	7.2497808e-06
lncRNA	ENST00000647872.1	LINC02693	3911	0	0	-1	0	0.00012461827	0	0.00012461829
lncRNA	ENST00000647872.1	LINC02693	3912	0	0	-1	0	4.2993979e-06	0	4.2993986e-06
lncRNA	ENST00000647872.1	LINC02693	3913	0	0	-1	0	3.6778678e-05	0	3.6778684e-05
lncRNA	ENST00000647872.1	LINC02693	3914	0	0	-1	0	4.3427081e-06	0	4.3427087e-06
lncRNA	ENST00000647872.1	LINC02693	3915	0	0	-1	0	9.0329098e-07	0	9.0329112e-07
lncRNA	ENST00000647872.1	LINC02693	3916	0	0	-1	0	1.0429662e-07	0	1.0429663e-07
lncRNA	ENST00000647872.1	LINC02693	3917	0	0	-1	0	7.8543636e-08	0	7.8543648e-08
lncRNA	ENST00000647872.1	LINC02693	3918	0	0	-1	0	4.9783813e-07	0	4.9783821e-07
lncRNA	ENST00000647872.1	LINC02693	3919	0	0	-1	0	8.9701496e-07	0	8.970151e-07
lncRNA	ENST00000647872.1	LINC02693	3920	0	0	-1	0	2.0291191e-07	0	2.0291194e-07
lncRNA	ENST00000647872.1	LINC02693	3921	0	0	-1	0	2.4833207e-07	0	2.4833211e-07
lncRNA	ENST00000647872.1	LINC02693	3922	0	0	-1	0	1.0549952e-06	0	1.0549954e-06
lncRNA	ENST00000647872.1	LINC02693	3923	0	0	-1	0	2.7023191e-07	0	2.7023195e-07
lncRNA	ENST00000647872.1	LINC02693	3924	0	0	-1	0	4.6307568e-06	0	4.6307576e-06
lncRNA	ENST00000647872.1	LINC02693	3925	0	0	-1	0	5.7064847e-07	0	5.7064856e-07
lncRNA	ENST00000647872.1	LINC02693	3926	0	0	-1	0	5.0337439e-06	0	5.0337447e-06
lncRNA	ENST00000647872.1	LINC02693	3927	0	0	-1	0	1.5727623e-07	0	1.5727626e-07
lncRNA	ENST00000647872.1	LINC02693	3928	0	0	-1	0	3.3723305e-07	0	3.372331e-07
lncRNA	ENST00000647872.1	LINC02693	3929	0	0	-1	0	9.7076175e-08	0	9.707619e-08
lncRNA	ENST00000647872.1	LINC02693	3930	0	0	-1	0	3.072862e-07	0	3.0728625e-07
lncRNA	ENST00000647872.1	LINC02693	3931	0	0	-1	0	2.5329715e-07	0	2.5329718e-07
lncRNA	ENST00000647872.1	LINC02693	3932	0	0	-1	0	1.8817046e-06	0	1.8817049e-06
lncRNA	ENST00000647872.1	LINC02693	3933	0	0	-1	0	3.5897676e-06	0	3.5897682e-06
lncRNA	ENST00000647872.1	LINC02693	3934	0	0	-1	0	1.2291672e-06	0	1.2291674e-06
lncRNA	ENST00000647872.1	LINC02693	3935	0	0	-1	0	5.512731e-07	0	5.5127319e-07
lncRNA	ENST00000647872.1	LINC02693	3936	0	0	-1	0	8.5899507e-07	0	8.589952e-07
lncRNA	ENST00000647872.1	LINC02693	3937	0	0	-1	0	6.4056525e-07	0	6.4056535e-07
lncRNA	ENST00000647872.1	LINC02693	3938	0	0	-1	0	3.2882471e-07	0	3.2882476e-07
lncRNA	ENST00000647872.1	LINC02693	3939	0	0	-1	0	1.6889333e-08	0	1.6889335e-08
lncRNA	ENST00000647872.1	LINC02693	3940	0	0	-1	0	1.8705354e-07	0	1.8705357e-07
lncRNA	ENST00000647872.1	LINC02693	3941	0	0	-1	0	8.5094065e-08	0	8.5094079e-08
lncRNA	ENST00000647872.1	LINC02693	3942	0	0	-1	0	2.2644008e-06	0	2.2644011e-06
lncRNA	ENST00000647872.1	LINC02693	3943	0	0	-1	0	6.4030173e-06	0	6.4030183e-06
lncRNA	ENST00000647872.1	LINC02693	3944	0	0	-1	0	8.0073482e-07	0	8.0073495e-07
lncRNA	ENST00000647872.1	LINC02693	3945	0	0	-1	0	2.3996208e-06	0	2.3996212e-06
lncRNA	ENST00000647872.1	LINC02693	3946	0	0	-1	0	9.3326133e-07	0	9.3326148e-07
lncRNA	ENST00000647872.1	LINC02693	3947	0	0	-1	0	1.4831974e-06	0	1.4831976e-06
lncRNA	ENST00000647872.1	LINC02693	3948	0	0	-1	0	3.7130678e-07	0	3.7130684e-07
lncRNA	ENST00000647872.1	LINC02693	3949	0	0	-1	0	1.738466e-06	0	1.7384663e-06
lncRNA	ENST00000647872.1	LINC02693	3950	0	0	-1	0	2.6921089e-06	0	2.6921093e-06
lncRNA	ENST00000647872.1	LINC02693	3951	0	0	-1	0	3.7351108e-06	0	3.7351114e-06
lncRNA	ENST00000647872.1	LINC02693	3952	0	0	-1	0	8.877916e-08	0	8.8779174e-08
lncRNA	ENST00000647872.1	LINC02693	3953	0	0	-1	0	1.2395213e-06	0	1.2395215e-06
lncRNA	ENST00000647872.1	LINC02693	3954	0	0	-1	0	1.044639e-06	0	1.0446392e-06
lncRNA	ENST00000647872.1	LINC02693	3955	0	0	-1	0	2.9783143e-07	0	2.9783148e-07
lncRNA	ENST00000647872.1	LINC02693	3956	0	0	-1	0	3.3315638e-07	0	3.3315643e-07
lncRNA	ENST00000647872.1	LINC02693	3957	0	0	-1	0	1.1719771e-06	0	1.1719773e-06
lncRNA	ENST00000647872.1	LINC02693	3958	0	0	-1	0	1.616609e-05	0	1.6166093e-05
lncRNA	ENST00000647872.1	LINC02693	3959	0	0	-1	0	7.378228e-07	0	7.3782292e-07
lncRNA	ENST00000647872.1	LINC02693	3960	0	0	-1	0	1.7348771e-06	0	1.7348773e-06
lncRNA	ENST00000647872.1	LINC02693	3961	0	0	-1	0	8.4019475e-06	0	8.4019488e-06
lncRNA	ENST00000647872.1	LINC02693	3962	0	0	-1	0	3.0038385e-07	0	3.0038389e-07
lncRNA	ENST00000647872.1	LINC02693	3963	0	0	-1	0	7.9356788e-08	0	7.93568e-08
lncRNA	ENST00000647872.1	LINC02693	3964	0	0	-1	0	6.3401153e-08	0	6.3401163e-08
lncRNA	ENST00000647872.1	LINC02693	3965	0	0	-1	0	1.1413257e-06	0	1.1413259e-06
lncRNA	ENST00000647872.1	LINC02693	3966	0	0	-1	0	7.1159087e-07	0	7.1159098e-07
lncRNA	ENST00000647872.1	LINC02693	3967	0	0	-1	0	2.6887913e-06	0	2.6887917e-06
lncRNA	ENST00000647872.1	LINC02693	3968	0	0	-1	0	4.3787236e-07	0	4.3787243e-07
lncRNA	ENST00000647872.1	LINC02693	3969	0	0	-1	0	2.0392545e-06	0	2.0392548e-06
lncRNA	ENST00000647872.1	LINC02693	3970	0	0	-1	0	5.1152037e-06	0	5.1152046e-06
lncRNA	ENST00000647872.1	LINC02693	3971	0	0	-1	0	5.6430931e-06	0	5.643094e-06
lncRNA	ENST00000647872.1	LINC02693	3972	0	0	-1	0	6.6573068e-07	0	6.6573079e-07
lncRNA	ENST00000647872.1	LINC02693	3973	0	0	-1	0	2.5641568e-05	0	2.5641572e-05
lncRNA	ENST00000647872.1	LINC02693	3974	0	0	-1	0	5.2264267e-07	0	5.2264275e-07
lncRNA	ENST00000647872.1	LINC02693	3975	0	0	-1	0	1.3656326e-06	0	1.3656328e-06
lncRNA	ENST00000647872.1	LINC02693	3976	0	0	-1	0	4.276593e-07	0	4.2765937e-07
lncRNA	ENST00000647872.1	LINC02693	3977	0	0	-1	0	5.302897e-07	0	5.3028978e-07
lncRNA	ENST00000647872.1	LINC02693	3978	0	0	-1	0	1.3081926e-07	0	1.3081928e-07
lncRNA	ENST00000647872.1	LINC02693	3979	0	0	-1	0	3.5660155e-06	0	3.5660161e-06
lncRNA	ENST00000647872.1	LINC02693	3980	0	0	-1	0	3.6320616e-06	0	3.6320622e-06
lncRNA	ENST00000647872.1	LINC02693	3981	0	0	-1	0	5.0124263e-06	0	5.0124271e-06
lncRNA	ENST00000647872.1	LINC02693	3982	0	0	-1	0	5.4491838e-06	0	5.4491847e-06
lncRNA	ENST00000647872.1	LINC02693	3983	0	0	-1	0	2.0846049e-07	0	2.0846052e-07
lncRNA	ENST00000647872.1	LINC02693	3984	0	0	-1	0	7.4937037e-07	0	7.4937049e-07
lncRNA	ENST00000647872.1	LINC02693	3985	0	0	-1	0	1.4060951e-06	0	1.4060953e-06
lncRNA	ENST00000647872.1	LINC02693	3986	0	0	-1	0	3.8114987e-07	0	3.8114993e-07
lncRNA	ENST00000647872.1	LINC02693	3987	0	0	-1	0	9.8123803e-07	0	9.8123819e-07
lncRNA	ENST00000647872.1	LINC02693	3988	0	0	-1	0	2.0015013e-05	0	2.0015017e-05
lncRNA	ENST00000647872.1	LINC02693	3989	0	0	-1	0	3.0300714e-06	0	3.0300719e-06
lncRNA	ENST00000647872.1	LINC02693	3990	0	0	-1	0	8.0404595e-07	0	8.0404608e-07
lncRNA	ENST00000647872.1	LINC02693	3991	0	0	-1	0	2.5635786e-06	0	2.563579e-06
lncRNA	ENST00000647872.1	LINC02693	3992	0	0	-1	0	1.4962779e-06	0	1.4962782e-06
lncRNA	ENST00000647872.1	LINC02693	3993	0	0	-1	0	1.220982e-06	0	1.2209822e-06
lncRNA	ENST00000647872.1	LINC02693	3994	0	0	-1	0	1.0682254e-06	0	1.0682256e-06
lncRNA	ENST00000647872.1	LINC02693	3995	0	0	-1	0	2.6334465e-07	0	2.6334469e-07
lncRNA	ENST00000647872.1	LINC02693	3996	0	0	-1	0	1.2716421e-07	0	1.2716423e-07
lncRNA	ENST00000647872.1	LINC02693	3997	0	0	-1	0	2.0495233e-06	0	2.0495237e-06
lncRNA	ENST00000647872.1	LINC02693	3998	0	0	-1	0	9.372867e-07	0	9.3728685e-07
lncRNA	ENST00000647872.1	LINC02693	3999	0	0	-1	0	1.8917116e-07	0	1.8917119e-07
lncRNA	ENST00000647872.1	LINC02693	4000	0	0	-1	0	1.8664254e-08	0	1.8664257e-08
lncRNA	ENST00000647872.1	LINC02693	4001	0	0	-1	0	1.2558205e-07	0	1.2558207e-07
lncRNA	ENST00000647872.1	LINC02693	4002	0	0	-1	0	3.7462962e-07	0	3.7462968e-07
lncRNA	ENST00000647872.1	LINC02693	4003	0	0	-1	0	2.4284148e-07	0	2.4284152e-07
lncRNA	ENST00000647872.1	LINC02693	4004	0	0	-1	0	1.2077683e-07	0	1.2077685e-07
lncRNA	ENST00000647872.1	LINC02693	4005	0	0	-1	0	1.9975769e-07	0	1.9975772e-07
lncRNA	ENST00000647872.1	LINC02693	4006	0	0	-1	0	3.1630967e-07	0	3.1630972e-07
lncRNA	ENST00000647872.1	LINC02693	4007	0	0	-1	0	8.8118395e-07	0	8.8118409e-07
lncRNA	ENST00000647872.1	LINC02693	4008	0	0	-1	0	1.4995456e-07	0	1.4995458e-07
lncRNA	ENST00000647872.1	LINC02693	4009	0	0	-1	0	4.835079e-07	0	4.8350798e-07
lncRNA	ENST00000647872.1	LINC02693	4010	0	0	-1	0	3.7945886e-06	0	3.7945892e-06
lncRNA	ENST00000647872.1	LINC02693	4011	0	0	-1	0	2.4101075e-07	0	2.4101079e-07
lncRNA	ENST00000647872.1	LINC02693	4012	0	0	-1	0	9.0374549e-08	0	9.0374563e-08
lncRNA	ENST00000647872.1	LINC02693	4013	0	0	-1	0	4.1232806e-07	0	4.1232813e-07
lncRNA	ENST00000647872.1	LINC02693	4014	0	0	-1	0	6.055572e-07	0	6.055573e-07
lncRNA	ENST00000647872.1	LINC02693	4015	0	0	-1	0	4.7721039e-07	0	4.7721047e-07
lncRNA	ENST00000647872.1	LINC02693	4016	0	0	-1	0	8.0260492e-07	0	8.0260504e-07
lncRNA	ENST00000647872.1	LINC02693	4017	0	0	-1	0	3.6360942e-07	0	3.6360947e-07
lncRNA	ENST00000647872.1	LINC02693	4018	0	0	-1	0	1.3006466e-07	0	1.3006468e-07
lncRNA	ENST00000647872.1	LINC02693	4019	0	0	-1	0	5.9040598e-08	0	5.9040607e-08
lncRNA	ENST00000647872.1	LINC02693	4020	0	0	-1	0	4.082369e-07	0	4.0823696e-07
lncRNA	ENST00000647872.1	LINC02693	4021	0	0	-1	0	2.0728828e-07	0	2.0728831e-07
lncRNA	ENST00000647872.1	LINC02693	4022	0	0	-1	0	6.4710598e-08	0	6.4710608e-08
lncRNA	ENST00000647872.1	LINC02693	4023	0	0	-1	0	3.1069927e-08	0	3.1069932e-08
lncRNA	ENST00000647872.1	LINC02693	4024	0	0	-1	0	5.1081546e-08	0	5.1081554e-08
lncRNA	ENST00000647872.1	LINC02693	4025	0	0	-1	0	1.465682e-07	0	1.4656822e-07
lncRNA	ENST00000647872.1	LINC02693	4026	0	0	-1	0	4.0403336e-07	0	4.0403342e-07
lncRNA	ENST00000647872.1	LINC02693	4027	0	0	-1	0	9.205246e-07	0	9.2052474e-07
lncRNA	ENST00000647872.1	LINC02693	4028	0	0	-1	0	1.4411681e-07	0	1.4411683e-07
lncRNA	ENST00000647872.1	LINC02693	4029	0	0	-1	0	5.2202694e-07	0	5.2202702e-07
lncRNA	ENST00000647872.1	LINC02693	4030	0	0	-1	0	2.3038281e-07	0	2.3038285e-07
lncRNA	ENST00000647872.1	LINC02693	4031	0	0	-1	0	6.609018e-08	0	6.6090191e-08
lncRNA	ENST00000647872.1	LINC02693	4032	0	0	-1	0	1.7096383e-07	0	1.7096386e-07
lncRNA	ENST00000647872.1	LINC02693	4033	0	0	-1	0	2.7511985e-07	0	2.7511989e-07
lncRNA	ENST00000647872.1	LINC02693	4034	0	0	-1	0	7.763272e-08	0	7.7632732e-08
lncRNA	ENST00000647872.1	LINC02693	4035	0	0	-1	0	5.807409e-07	0	5.8074099e-07
lncRNA	ENST00000647872.1	LINC02693	4036	0	0	-1	0	4.7660822e-07	0	4.766083e-07
lncRNA	ENST00000647872.1	LINC02693	4037	0	0	-1	0	4.2475722e-07	0	4.2475728e-07
lncRNA	ENST00000647872.1	LINC02693	4038	0	0	-1	0	1.0368191e-06	0	1.0368192e-06
lncRNA	ENST00000647872.1	LINC02693	4039	0	0	-1	0	1.6135684e-07	0	1.6135686e-07
lncRNA	ENST00000647872.1	LINC02693	4040	0	0	-1	0	6.7222302e-08	0	6.7222313e-08
lncRNA	ENST00000647872.1	LINC02693	4041	0	0	-1	0	1.7858019e-07	0	1.7858022e-07
lncRNA	ENST00000647872.1	LINC02693	4042	0	0	-1	0	9.1853266e-08	0	9.1853281e-08
lncRNA	ENST00000647872.1	LINC02693	4043	0	0	-1	0	3.7831775e-08	0	3.7831781e-08
lncRNA	ENST00000647872.1	LINC02693	4044	0	0	-1	0	6.433325e-07	0	6.433326e-07
lncRNA	ENST00000647872.1	LINC02693	4045	0	0	-1	0	3.5198312e-08	0	3.5198317e-08
lncRNA	ENST00000647872.1	LINC02693	4046	0	0	-1	0	3.5326035e-08	0	3.5326041e-08
lncRNA	ENST00000647872.1	LINC02693	4047	0	0	-1	0	4.7046136e-08	0	4.7046143e-08
lncRNA	ENST00000647872.1	LINC02693	4048	0	0	-1	0	2.8928943e-08	0	2.8928947e-08
lncRNA	ENST00000647872.1	LINC02693	4049	0	0	-1	0	8.2732804e-08	0	8.2732817e-08
lncRNA	ENST00000647872.1	LINC02693	4050	0	0	-1	0	2.3550163e-07	0	2.3550167e-07
lncRNA	ENST00000647872.1	LINC02693	4051	0	0	-1	0	4.1074131e-07	0	4.1074137e-07
lncRNA	ENST00000647872.1	LINC02693	4052	0	0	-1	0	1.5208094e-06	0	1.5208096e-06
lncRNA	ENST00000647872.1	LINC02693	4053	0	0	-1	0	2.0774841e-07	0	2.0774845e-07
lncRNA	ENST00000647872.1	LINC02693	4054	0	0	-1	0	1.5099798e-07	0	1.50998e-07
lncRNA	ENST00000647872.1	LINC02693	4055	0	0	-1	0	9.2557784e-08	0	9.2557798e-08
lncRNA	ENST00000647872.1	LINC02693	4056	0	0	-1	0	1.8003226e-06	0	1.8003229e-06
lncRNA	ENST00000647872.1	LINC02693	4057	0	0	-1	0	1.3456713e-06	0	1.3456715e-06
lncRNA	ENST00000647872.1	LINC02693	4058	0	0	-1	0	1.9314289e-06	0	1.9314292e-06
lncRNA	ENST00000647872.1	LINC02693	4059	0	0	-1	0	6.3914592e-07	0	6.3914602e-07
lncRNA	ENST00000647872.1	LINC02693	4060	0	0	-1	0	2.5062036e-07	0	2.506204e-07
lncRNA	ENST00000647872.1	LINC02693	4061	0	0	-1	0	4.7979626e-08	0	4.7979633e-08
lncRNA	ENST00000647872.1	LINC02693	4062	0	0	-1	0	1.2650709e-06	0	1.2650711e-06
lncRNA	ENST00000647872.1	LINC02693	4063	0	0	-1	0	9.4397598e-07	0	9.4397613e-07
lncRNA	ENST00000647872.1	LINC02693	4064	0	0	-1	0	2.974285e-08	0	2.9742855e-08
lncRNA	ENST00000647872.1	LINC02693	4065	0	0	-1	0	5.7015477e-08	0	5.7015486e-08
lncRNA	ENST00000647872.1	LINC02693	4066	0	0	-1	0	2.7904142e-07	0	2.7904146e-07
lncRNA	ENST00000647872.1	LINC02693	4067	0	0	-1	0	4.9228169e-07	0	4.9228176e-07
lncRNA	ENST00000647872.1	LINC02693	4068	0	0	-1	0	2.3145274e-06	0	2.3145277e-06
lncRNA	ENST00000647872.1	LINC02693	4069	0	0	-1	0	7.1965046e-06	0	7.1965057e-06
lncRNA	ENST00000647872.1	LINC02693	4070	0	0	-1	0	4.7556327e-06	0	4.7556335e-06
lncRNA	ENST00000647872.1	LINC02693	4071	0	0	-1	0	7.1238701e-06	0	7.1238712e-06
lncRNA	ENST00000647872.1	LINC02693	4072	0	0	-1	0	7.1359227e-07	0	7.1359238e-07
lncRNA	ENST00000647872.1	LINC02693	4073	0	0	-1	0	3.9776066e-07	0	3.9776072e-07
lncRNA	ENST00000647872.1	LINC02693	4074	0	0	-1	0	8.3708159e-07	0	8.3708172e-07
lncRNA	ENST00000647872.1	LINC02693	4075	0	0	-1	0	5.4533066e-06	0	5.4533074e-06
lncRNA	ENST00000647872.1	LINC02693	4076	0	0	-1	0	5.4537406e-07	0	5.4537415e-07
lncRNA	ENST00000647872.1	LINC02693	4077	0	0	-1	0	4.483725e-07	0	4.4837257e-07
lncRNA	ENST00000647872.1	LINC02693	4078	0	0	-1	0	1.0376737e-06	0	1.0376738e-06
lncRNA	ENST00000647872.1	LINC02693	4079	0	0	-1	0	4.2927581e-07	0	4.2927588e-07
lncRNA	ENST00000647872.1	LINC02693	4080	0	0	-1	0	3.5045193e-07	0	3.5045198e-07
lncRNA	ENST00000647872.1	LINC02693	4081	0	0	-1	0	7.8246831e-06	0	7.8246843e-06
lncRNA	ENST00000647872.1	LINC02693	4082	0	0	-1	0	1.536459e-06	0	1.5364592e-06
lncRNA	ENST00000647872.1	LINC02693	4083	0	0	-1	0	2.7052613e-07	0	2.7052617e-07
lncRNA	ENST00000647872.1	LINC02693	4084	0	0	-1	0	3.6137237e-07	0	3.6137243e-07
lncRNA	ENST00000647872.1	LINC02693	4085	0	0	-1	0	8.1354358e-08	0	8.1354371e-08
lncRNA	ENST00000647872.1	LINC02693	4086	0	0	-1	0	1.6648853e-07	0	1.6648856e-07
lncRNA	ENST00000647872.1	LINC02693	4087	0	0	-1	0	2.1397909e-07	0	2.1397913e-07
lncRNA	ENST00000647872.1	LINC02693	4088	0	0	-1	0	3.636158e-08	0	3.6361586e-08
lncRNA	ENST00000647872.1	LINC02693	4089	0	0	-1	0	1.9192012e-07	0	1.9192015e-07
lncRNA	ENST00000647872.1	LINC02693	4090	0	0	-1	0	4.5242623e-06	0	4.524263e-06
lncRNA	ENST00000647872.1	LINC02693	4091	0	0	-1	0	1.4070326e-06	0	1.4070329e-06
lncRNA	ENST00000647872.1	LINC02693	4092	0	0	-1	0	8.5197516e-06	0	8.519753e-06
lncRNA	ENST00000647872.1	LINC02693	4093	0	0	-1	0	1.9896534e-06	0	1.9896537e-06
lncRNA	ENST00000647872.1	LINC02693	4094	0	0	-1	0	5.0197389e-07	0	5.0197397e-07
lncRNA	ENST00000647872.1	LINC02693	4095	0	0	-1	0	1.9349613e-06	0	1.9349617e-06
lncRNA	ENST00000647872.1	LINC02693	4096	0	0	-1	0	3.3623387e-06	0	3.3623392e-06
lncRNA	ENST00000647872.1	LINC02693	4097	0	0	-1	0	2.5539834e-06	0	2.5539839e-06
lncRNA	ENST00000647872.1	LINC02693	4098	0	0	-1	0	5.8053104e-07	0	5.8053113e-07
lncRNA	ENST00000647872.1	LINC02693	4099	0	0	-1	0	6.9212564e-07	0	6.9212575e-07
lncRNA	ENST00000647872.1	LINC02693	4100	0	0	-1	0	2.2085271e-06	0	2.2085275e-06
lncRNA	ENST00000647872.1	LINC02693	4101	0	0	-1	0	7.8292845e-07	0	7.8292858e-07
lncRNA	ENST00000647872.1	LINC02693	4102	0	0	-1	0	4.5113345e-07	0	4.5113352e-07
lncRNA	ENST00000647872.1	LINC02693	4103	0	0	-1	0	3.5700818e-06	0	3.5700824e-06
lncRNA	ENST00000647872.1	LINC02693	4104	0	0	-1	0	3.2210568e-07	0	3.2210573e-07
lncRNA	ENST00000647872.1	LINC02693	4105	0	0	-1	0	1.4989373e-06	0	1.4989375e-06
lncRNA	ENST00000647872.1	LINC02693	4106	0	0	-1	0	3.7648093e-07	0	3.7648099e-07
lncRNA	ENST00000647872.1	LINC02693	4107	0	0	-1	0	6.7567419e-07	0	6.7567429e-07
lncRNA	ENST00000647872.1	LINC02693	4108	0	0	-1	0	1.3789842e-06	0	1.3789844e-06
lncRNA	ENST00000647872.1	LINC02693	4109	0	0	-1	0	1.8529433e-06	0	1.8529436e-06
lncRNA	ENST00000647872.1	LINC02693	4110	0	0	-1	0	7.0751221e-06	0	7.0751232e-06
lncRNA	ENST00000647872.1	LINC02693	4111	0	0	-1	0	1.0924684e-06	0	1.0924686e-06
lncRNA	ENST00000647872.1	LINC02693	4112	0	0	-1	0	3.9566697e-07	0	3.9566704e-07
lncRNA	ENST00000647872.1	LINC02693	4113	0	0	-1	0	2.5203706e-06	0	2.520371e-06
lncRNA	ENST00000647872.1	LINC02693	4114	0	0	-1	0	3.3382639e-06	0	3.3382644e-06
lncRNA	ENST00000647872.1	LINC02693	4115	0	0	-1	0	5.045502e-07	0	5.0455028e-07
lncRNA	ENST00000647872.1	LINC02693	4116	0	0	-1	0	4.7510883e-07	0	4.7510891e-07
lncRNA	ENST00000647872.1	LINC02693	4117	0	0	-1	0	1.315753e-06	0	1.3157532e-06
lncRNA	ENST00000647872.1	LINC02693	4118	0	0	-1	0	4.771212e-07	0	4.7712128e-07
lncRNA	ENST00000647872.1	LINC02693	4119	0	0	-1	0	1.4764797e-06	0	1.47648e-06
lncRNA	ENST00000647872.1	LINC02693	4120	0	0	-1	0	1.15604e-06	0	1.1560401e-06
lncRNA	ENST00000647872.1	LINC02693	4121	0	0	-1	0	3.114497e-07	0	3.1144975e-07
lncRNA	ENST00000647872.1	LINC02693	4122	0	0	-1	0	2.2253785e-07	0	2.2253788e-07
lncRNA	ENST00000647872.1	LINC02693	4123	0	0	-1	0	3.3077094e-07	0	3.30771e-07
lncRNA	ENST00000647872.1	LINC02693	4124	0	0	-1	0	8.9660352e-07	0	8.9660366e-07
lncRNA	ENST00000647872.1	LINC02693	4125	0	0	-1	0	7.6607228e-07	0	7.660724e-07
lncRNA	ENST00000647872.1	LINC02693	4126	0	0	-1	0	1.3845516e-06	0	1.3845519e-06
lncRNA	ENST00000647872.1	LINC02693	4127	0	0	-1	0	3.9214336e-07	0	3.9214342e-07
lncRNA	ENST00000647872.1	LINC02693	4128	0	0	-1	0	1.1142178e-07	0	1.114218e-07
lncRNA	ENST00000647872.1	LINC02693	4129	0	0	-1	0	5.487135e-07	0	5.4871359e-07
lncRNA	ENST00000647872.1	LINC02693	4130	0	0	-1	0	1.4605215e-06	0	1.4605217e-06
lncRNA	ENST00000647872.1	LINC02693	4131	0	0	-1	0	3.2479315e-06	0	3.2479321e-06
lncRNA	ENST00000647872.1	LINC02693	4132	0	0	-1	0	2.1783571e-06	0	2.1783575e-06
lncRNA	ENST00000647872.1	LINC02693	4133	0	0	-1	0	3.2525452e-07	0	3.2525457e-07
lncRNA	ENST00000647872.1	LINC02693	4134	0	0	-1	0	2.745659e-06	0	2.7456594e-06
lncRNA	ENST00000647872.1	LINC02693	4135	0	0	-1	0	1.6802485e-06	0	1.6802488e-06
lncRNA	ENST00000647872.1	LINC02693	4136	0	0	-1	0	1.7482253e-06	0	1.7482255e-06
lncRNA	ENST00000647872.1	LINC02693	4137	0	0	-1	0	1.5579765e-06	0	1.5579767e-06
lncRNA	ENST00000647872.1	LINC02693	4138	0	0	-1	0	1.4504221e-06	0	1.4504224e-06
lncRNA	ENST00000647872.1	LINC02693	4139	0	0	-1	0	1.1025604e-06	0	1.1025606e-06
lncRNA	ENST00000647872.1	LINC02693	4140	0	0	-1	0	6.2654131e-08	0	6.2654141e-08
lncRNA	ENST00000647872.1	LINC02693	4141	0	0	-1	0	5.4813552e-07	0	5.481356e-07
lncRNA	ENST00000647872.1	LINC02693	4142	0	0	-1	0	1.4297449e-06	0	1.4297451e-06
lncRNA	ENST00000647872.1	LINC02693	4143	0	0	-1	0	1.0669335e-06	0	1.0669336e-06
lncRNA	ENST00000647872.1	LINC02693	4144	0	0	-1	0	5.2860827e-07	0	5.2860835e-07
lncRNA	ENST00000647872.1	LINC02693	4145	0	0	-1	0	2.1017672e-06	0	2.1017676e-06
lncRNA	ENST00000647872.1	LINC02693	4146	0	0	-1	0	9.6608892e-07	0	9.6608907e-07
lncRNA	ENST00000647872.1	LINC02693	4147	0	0	-1	0	3.0751266e-06	0	3.0751271e-06
lncRNA	ENST00000647872.1	LINC02693	4148	0	0	-1	0	3.0757369e-06	0	3.0757374e-06
lncRNA	ENST00000647872.1	LINC02693	4149	0	0	-1	0	5.692073e-06	0	5.6920739e-06
lncRNA	ENST00000647872.1	LINC02693	4150	0	0	-1	0	2.5134527e-06	0	2.5134531e-06
lncRNA	ENST00000647872.1	LINC02693	4151	0	0	-1	0	4.5681513e-06	0	4.568152e-06
lncRNA	ENST00000647872.1	LINC02693	4152	0	0	-1	0	1.3738425e-06	0	1.3738427e-06
lncRNA	ENST00000647872.1	LINC02693	4153	0	0	-1	0	6.0967494e-07	0	6.0967504e-07
lncRNA	ENST00000647872.1	LINC02693	4154	0	0	-1	0	3.5126436e-07	0	3.5126442e-07
lncRNA	ENST00000647872.1	LINC02693	4155	0	0	-1	0	2.2914205e-06	0	2.2914209e-06
lncRNA	ENST00000647872.1	LINC02693	4156	0	0	-1	0	6.519478e-07	0	6.519479e-07
lncRNA	ENST00000647872.1	LINC02693	4157	0	0	-1	0	1.7832944e-06	0	1.7832946e-06
lncRNA	ENST00000647872.1	LINC02693	4158	0	0	-1	0	7.0549533e-05	0	7.0549544e-05
lncRNA	ENST00000647872.1	LINC02693	4159	0	0	-1	0	2.6938513e-05	0	2.6938517e-05
lncRNA	ENST00000647872.1	LINC02693	4160	0	0	-1	0	4.7304136e-05	0	4.7304144e-05
lncRNA	ENST00000647872.1	LINC02693	4161	0	0	-1	0	1.474978e-06	0	1.4749783e-06
lncRNA	ENST00000647872.1	LINC02693	4162	0	0	-1	0	7.0561068e-06	0	7.0561079e-06
lncRNA	ENST00000647872.1	LINC02693	4163	0	0	-1	0	1.0379176e-05	0	1.0379178e-05
lncRNA	ENST00000647872.1	LINC02693	4164	0	0	-1	0	4.4140579e-06	0	4.4140586e-06
lncRNA	ENST00000647872.1	LINC02693	4165	0	0	-1	0	4.6038147e-07	0	4.6038154e-07
lncRNA	ENST00000647872.1	LINC02693	4166	0	0	-1	0	2.1864762e-06	0	2.1864765e-06
lncRNA	ENST00000647872.1	LINC02693	4167	0	0	-1	0	4.151841e-07	0	4.1518417e-07
lncRNA	ENST00000647872.1	LINC02693	4168	0	0	-1	0	3.2920252e-05	0	3.2920257e-05
lncRNA	ENST00000647872.1	LINC02693	4169	0	0	-1	0	1.5731162e-07	0	1.5731164e-07
lncRNA	ENST00000647872.1	LINC02693	4170	0	0	-1	0	4.8802144e-07	0	4.8802152e-07
lncRNA	ENST00000647872.1	LINC02693	4171	0	0	-1	0	2.2809313e-06	0	2.2809317e-06
lncRNA	ENST00000647872.1	LINC02693	4172	0	0	-1	0	1.1909292e-06	0	1.1909294e-06
lncRNA	ENST00000647872.1	LINC02693	4173	0	0	-1	0	2.6268899e-05	0	2.6268903e-05
lncRNA	ENST00000647872.1	LINC02693	4174	0	0	-1	0	1.2571231e-05	0	1.2571233e-05
lncRNA	ENST00000647872.1	LINC02693	4175	0	0	-1	0	1.9297977e-06	0	1.929798e-06
lncRNA	ENST00000647872.1	LINC02693	4176	0	0	-1	0	2.3650896e-06	0	2.36509e-06
lncRNA	ENST00000647872.1	LINC02693	4177	0	0	-1	0	1.5889668e-06	0	1.5889671e-06
lncRNA	ENST00000647872.1	LINC02693	4178	0	0	-1	0	1.2901484e-07	0	1.2901486e-07
lncRNA	ENST00000647872.1	LINC02693	4179	0	0	-1	0	1.4120836e-07	0	1.4120838e-07
lncRNA	ENST00000647872.1	LINC02693	4180	0	0	-1	0	1.1406081e-07	0	1.1406083e-07
lncRNA	ENST00000647872.1	LINC02693	4181	0	0	-1	0	1.719449e-07	0	1.7194493e-07
lncRNA	ENST00000647872.1	LINC02693	4182	0	0	-1	0	2.4004219e-06	0	2.4004222e-06
lncRNA	ENST00000647872.1	LINC02693	4183	0	0	-1	0	9.5360889e-07	0	9.5360904e-07
lncRNA	ENST00000647872.1	LINC02693	4184	0	0	-1	0	9.1105574e-07	0	9.1105588e-07
lncRNA	ENST00000647872.1	LINC02693	4185	0	0	-1	0	3.1638558e-06	0	3.1638563e-06
lncRNA	ENST00000647872.1	LINC02693	4186	0	0	-1	0	2.7698636e-07	0	2.769864e-07
lncRNA	ENST00000647872.1	LINC02693	4187	0	0	-1	0	4.537348e-07	0	4.5373487e-07
lncRNA	ENST00000647872.1	LINC02693	4188	0	0	-1	0	6.8075929e-07	0	6.8075939e-07
lncRNA	ENST00000647872.1	LINC02693	4189	0	0	-1	0	8.5349711e-07	0	8.5349725e-07
lncRNA	ENST00000647872.1	LINC02693	4190	0	0	-1	0	2.6532011e-06	0	2.6532016e-06
lncRNA	ENST00000647872.1	LINC02693	4191	0	0	-1	0	1.03557e-06	0	1.0355702e-06
lncRNA	ENST00000647872.1	LINC02693	4192	0	0	-1	0	1.3215887e-07	0	1.3215889e-07
lncRNA	ENST00000647872.1	LINC02693	4193	0	0	-1	0	8.7048726e-08	0	8.7048739e-08
lncRNA	ENST00000647872.1	LINC02693	4194	0	0	-1	0	6.9764644e-07	0	6.9764655e-07
lncRNA	ENST00000647872.1	LINC02693	4195	0	0	-1	0	4.9265742e-07	0	4.926575e-07
lncRNA	ENST00000647872.1	LINC02693	4196	0	0	-1	0	3.8121021e-07	0	3.8121027e-07
lncRNA	ENST00000647872.1	LINC02693	4197	0	0	-1	0	3.7417135e-06	0	3.7417141e-06
lncRNA	ENST00000647872.1	LINC02693	4198	0	0	-1	0	5.3358809e-07	0	5.3358818e-07
lncRNA	ENST00000647872.1	LINC02693	4199	0	0	-1	0	2.156232e-07	0	2.1562324e-07
lncRNA	ENST00000647872.1	LINC02693	4200	0	0	-1	0	2.9542099e-07	0	2.9542104e-07
lncRNA	ENST00000647872.1	LINC02693	4201	0	0	-1	0	3.5067092e-07	0	3.5067097e-07
lncRNA	ENST00000647872.1	LINC02693	4202	0	0	-1	0	5.8397518e-08	0	5.8397527e-08
lncRNA	ENST00000647872.1	LINC02693	4203	0	0	-1	0	2.1665001e-06	0	2.1665004e-06
lncRNA	ENST00000647872.1	LINC02693	4204	0	0	-1	0	8.9541322e-07	0	8.9541336e-07
lncRNA	ENST00000647872.1	LINC02693	4205	0	0	-1	0	5.0631633e-07	0	5.0631641e-07
lncRNA	ENST00000647872.1	LINC02693	4206	0	0	-1	0	2.7146364e-06	0	2.7146368e-06
lncRNA	ENST00000647872.1	LINC02693	4207	0	0	-1	0	6.5008834e-07	0	6.5008844e-07
lncRNA	ENST00000647872.1	LINC02693	4208	0	0	-1	0	8.0401269e-06	0	8.0401282e-06
lncRNA	ENST00000647872.1	LINC02693	4209	0	0	-1	0	2.7467404e-06	0	2.7467408e-06
lncRNA	ENST00000647872.1	LINC02693	4210	0	0	-1	0	2.2653771e-06	0	2.2653775e-06
lncRNA	ENST00000647872.1	LINC02693	4211	0	0	-1	0	5.3715337e-07	0	5.3715345e-07
lncRNA	ENST00000647872.1	LINC02693	4212	0	0	-1	0	7.026681e-06	0	7.0266821e-06
lncRNA	ENST00000647872.1	LINC02693	4213	0	0	-1	0	3.399837e-07	0	3.3998375e-07
lncRNA	ENST00000647872.1	LINC02693	4214	0	0	-1	0	2.0226103e-07	0	2.0226107e-07
lncRNA	ENST00000647872.1	LINC02693	4215	0	0	-1	0	1.3216473e-06	0	1.3216476e-06
lncRNA	ENST00000647872.1	LINC02693	4216	0	0	-1	0	2.4370374e-06	0	2.4370378e-06
lncRNA	ENST00000647872.1	LINC02693	4217	0	0	-1	0	9.1674525e-07	0	9.1674539e-07
lncRNA	ENST00000647872.1	LINC02693	4218	0	0	-1	0	7.8449949e-07	0	7.8449961e-07
lncRNA	ENST00000647872.1	LINC02693	4219	0	0	-1	0	8.777937e-07	0	8.7779383e-07
lncRNA	ENST00000647872.1	LINC02693	4220	0	0	-1	0	7.283727e-07	0	7.2837281e-07
lncRNA	ENST00000647872.1	LINC02693	4221	0	0	-1	0	1.538629e-06	0	1.5386293e-06
lncRNA	ENST00000647872.1	LINC02693	4222	0	0	-1	0	6.7466067e-07	0	6.7466077e-07
lncRNA	ENST00000647872.1	LINC02693	4223	0	0	-1	0	2.6782433e-07	0	2.6782438e-07
lncRNA	ENST00000647872.1	LINC02693	4224	0	0	-1	0	1.8829181e-06	0	1.8829184e-06
lncRNA	ENST00000647872.1	LINC02693	4225	0	0	-1	0	3.4497853e-07	0	3.4497859e-07
lncRNA	ENST00000647872.1	LINC02693	4226	0	0	-1	0	6.7587038e-08	0	6.7587049e-08
lncRNA	ENST00000647872.1	LINC02693	4227	0	0	-1	0	3.8912873e-07	0	3.8912879e-07
lncRNA	ENST00000647872.1	LINC02693	4228	0	0	-1	0	6.3934465e-07	0	6.3934475e-07
lncRNA	ENST00000647872.1	LINC02693	4229	0	0	-1	0	3.9106851e-07	0	3.9106857e-07
lncRNA	ENST00000647872.1	LINC02693	4230	0	0	-1	0	5.1160623e-06	0	5.1160631e-06
lncRNA	ENST00000647872.1	LINC02693	4231	0	0	-1	0	3.0471424e-06	0	3.0471429e-06
lncRNA	ENST00000647872.1	LINC02693	4232	0	0	-1	0	8.808491e-08	0	8.8084924e-08
lncRNA	ENST00000647872.1	LINC02693	4233	0	0	-1	0	5.3178718e-07	0	5.3178726e-07
lncRNA	ENST00000647872.1	LINC02693	4234	0	0	-1	0	1.1365277e-05	0	1.1365279e-05
lncRNA	ENST00000647872.1	LINC02693	4235	0	0	-1	0	9.6840608e-07	0	9.6840624e-07
lncRNA	ENST00000647872.1	LINC02693	4236	0	0	-1	0	2.4071284e-07	0	2.4071287e-07
lncRNA	ENST00000647872.1	LINC02693	4237	0	0	-1	0	9.4818409e-07	0	9.4818424e-07
lncRNA	ENST00000647872.1	LINC02693	4238	0	0	-1	0	1.1043124e-06	0	1.1043126e-06
lncRNA	ENST00000647872.1	LINC02693	4239	0	0	-1	0	5.0080092e-07	0	5.00801e-07
lncRNA	ENST00000647872.1	LINC02693	4240	0	0	-1	0	1.5440995e-07	0	1.5440997e-07
lncRNA	ENST00000647872.1	LINC02693	4241	0	0	-1	0	7.0588392e-08	0	7.0588403e-08
lncRNA	ENST00000647872.1	LINC02693	4242	0	0	-1	0	1.6201179e-06	0	1.6201182e-06
lncRNA	ENST00000647872.1	LINC02693	4243	0	0	-1	0	1.5903751e-08	0	1.5903754e-08
lncRNA	ENST00000647872.1	LINC02693	4244	0	0	-1	0	4.5900052e-07	0	4.5900059e-07
lncRNA	ENST00000647872.1	LINC02693	4245	0	0	-1	0	2.6057262e-07	0	2.6057266e-07
lncRNA	ENST00000647872.1	LINC02693	4246	0	0	-1	0	4.7358208e-07	0	4.7358215e-07
lncRNA	ENST00000647872.1	LINC02693	4247	0	0	-1	0	1.1100263e-07	0	1.1100265e-07
lncRNA	ENST00000647872.1	LINC02693	4248	0	0	-1	0	2.1383956e-07	0	2.1383959e-07
lncRNA	ENST00000647872.1	LINC02693	4249	0	0	-1	0	7.3706678e-07	0	7.370669e-07
lncRNA	ENST00000647872.1	LINC02693	4250	0	0	-1	0	9.5451139e-07	0	9.5451154e-07
lncRNA	ENST00000647872.1	LINC02693	4251	0	0	-1	0	3.4046457e-07	0	3.4046462e-07
lncRNA	ENST00000647872.1	LINC02693	4252	0	0	-1	0	2.285967e-07	0	2.2859674e-07
lncRNA	ENST00000647872.1	LINC02693	4253	0	0	-1	0	5.1480146e-07	0	5.1480154e-07
lncRNA	ENST00000647872.1	LINC02693	4254	0	0	-1	0	2.4382043e-06	0	2.4382047e-06
lncRNA	ENST00000647872.1	LINC02693	4255	0	0	-1	0	1.0822149e-06	0	1.0822151e-06
lncRNA	ENST00000647872.1	LINC02693	4256	0	0	-1	0	4.1928747e-06	0	4.1928754e-06
lncRNA	ENST00000647872.1	LINC02693	4257	0	0	-1	0	2.4085475e-07	0	2.4085478e-07
lncRNA	ENST00000647872.1	LINC02693	4258	0	0	-1	0	8.7968225e-08	0	8.7968239e-08
lncRNA	ENST00000647872.1	LINC02693	4259	0	0	-1	0	6.9798989e-07	0	6.9799e-07
lncRNA	ENST00000647872.1	LINC02693	4260	0	0	-1	0	4.1416679e-06	0	4.1416685e-06
lncRNA	ENST00000647872.1	LINC02693	4261	0	0	-1	0	3.1730567e-06	0	3.1730572e-06
lncRNA	ENST00000647872.1	LINC02693	4262	0	0	-1	0	3.8065258e-07	0	3.8065264e-07
lncRNA	ENST00000647872.1	LINC02693	4263	0	0	-1	0	1.3041287e-06	0	1.3041289e-06
lncRNA	ENST00000647872.1	LINC02693	4264	0	0	-1	0	1.7405038e-07	0	1.7405041e-07
lncRNA	ENST00000647872.1	LINC02693	4265	0	0	-1	0	1.042652e-07	0	1.0426521e-07
lncRNA	ENST00000647872.1	LINC02693	4266	0	0	-1	0	9.9436147e-07	0	9.9436163e-07
lncRNA	ENST00000647872.1	LINC02693	4267	0	0	-1	0	2.3042094e-06	0	2.3042097e-06
lncRNA	ENST00000647872.1	LINC02693	4268	0	0	-1	0	2.0423161e-06	0	2.0423164e-06
lncRNA	ENST00000647872.1	LINC02693	4269	0	0	-1	0	1.6808775e-07	0	1.6808778e-07
lncRNA	ENST00000647872.1	LINC02693	4270	0	0	-1	0	9.4660209e-07	0	9.4660223e-07
lncRNA	ENST00000647872.1	LINC02693	4271	0	0	-1	0	4.3455103e-07	0	4.3455109e-07
lncRNA	ENST00000647872.1	LINC02693	4272	0	0	-1	0	4.6074542e-06	0	4.607455e-06
lncRNA	ENST00000647872.1	LINC02693	4273	0	0	-1	0	9.795159e-07	0	9.7951606e-07
lncRNA	ENST00000647872.1	LINC02693	4274	0	0	-1	0	9.4767415e-07	0	9.476743e-07
lncRNA	ENST00000647872.1	LINC02693	4275	0	0	-1	0	4.1385701e-07	0	4.1385707e-07
lncRNA	ENST00000647872.1	LINC02693	4276	0	0	-1	0	3.0187878e-06	0	3.0187882e-06
lncRNA	ENST00000647872.1	LINC02693	4277	0	0	-1	0	2.8458071e-06	0	2.8458076e-06
lncRNA	ENST00000647872.1	LINC02693	4278	0	0	-1	0	1.3620012e-06	0	1.3620014e-06
lncRNA	ENST00000647872.1	LINC02693	4279	0	0	-1	0	9.6505573e-07	0	9.6505588e-07
lncRNA	ENST00000647872.1	LINC02693	4280	0	0	-1	0	3.6762123e-07	0	3.6762128e-07
lncRNA	ENST00000647872.1	LINC02693	4281	0	0	-1	0	2.571638e-07	0	2.5716385e-07
lncRNA	ENST00000647872.1	LINC02693	4282	0	0	-1	0	1.4539619e-06	0	1.4539621e-06
lncRNA	ENST00000647872.1	LINC02693	4283	0	0	-1	0	2.864557e-06	0	2.8645575e-06
lncRNA	ENST00000647872.1	LINC02693	4284	0	0	-1	0	2.7223425e-07	0	2.7223429e-07
lncRNA	ENST00000647872.1	LINC02693	4285	0	0	-1	0	3.7847437e-06	0	3.7847443e-06
lncRNA	ENST00000647872.1	LINC02693	4286	0	0	-1	0	1.8409106e-05	0	1.8409109e-05
lncRNA	ENST00000647872.1	LINC02693	4287	0	0	-1	0	1.810026e-05	0	1.8100263e-05
lncRNA	ENST00000647872.1	LINC02693	4288	0	0	-1	0	1.9404627e-06	0	1.940463e-06
lncRNA	ENST00000647872.1	LINC02693	4289	0	0	-1	0	8.1674443e-07	0	8.1674456e-07
lncRNA	ENST00000647872.1	LINC02693	4290	0	0	-1	0	1.0300483e-06	0	1.0300485e-06
lncRNA	ENST00000647872.1	LINC02693	4291	0	0	-1	0	2.2332704e-07	0	2.2332707e-07
lncRNA	ENST00000647872.1	LINC02693	4292	0	0	-1	0	7.5751632e-07	0	7.5751644e-07
lncRNA	ENST00000647872.1	LINC02693	4293	0	0	-1	0	2.5958795e-07	0	2.5958799e-07
lncRNA	ENST00000647872.1	LINC02693	4294	0	0	-1	0	2.3547176e-07	0	2.354718e-07
lncRNA	ENST00000647872.1	LINC02693	4295	0	0	-1	0	3.9352611e-07	0	3.9352617e-07
lncRNA	ENST00000647872.1	LINC02693	4296	0	0	-1	0	9.1457132e-06	0	9.1457146e-06
lncRNA	ENST00000647872.1	LINC02693	4297	0	0	-1	0	8.2128445e-06	0	8.2128458e-06
lncRNA	ENST00000647872.1	LINC02693	4298	0	0	-1	0	7.8139482e-07	0	7.8139494e-07
lncRNA	ENST00000647872.1	LINC02693	4299	0	0	-1	0	1.3002119e-06	0	1.3002121e-06
lncRNA	ENST00000647872.1	LINC02693	4300	0	0	-1	0	5.1111925e-07	0	5.1111933e-07
lncRNA	ENST00000647872.1	LINC02693	4301	0	0	-1	0	1.9975987e-06	0	1.997599e-06
lncRNA	ENST00000647872.1	LINC02693	4302	0	0	-1	0	1.494637e-07	0	1.4946373e-07
lncRNA	ENST00000647872.1	LINC02693	4303	0	0	-1	0	1.8639717e-07	0	1.863972e-07
lncRNA	ENST00000647872.1	LINC02693	4304	0	0	-1	0	5.7484829e-07	0	5.7484838e-07
lncRNA	ENST00000647872.1	LINC02693	4305	0	0	-1	0	2.5861179e-06	0	2.5861184e-06
lncRNA	ENST00000647872.1	LINC02693	4306	0	0	-1	0	8.2546308e-07	0	8.2546321e-07
lncRNA	ENST00000647872.1	LINC02693	4307	0	0	-1	0	7.7010654e-08	0	7.7010666e-08
lncRNA	ENST00000647872.1	LINC02693	4308	0	0	-1	0	3.9602261e-07	0	3.9602268e-07
lncRNA	ENST00000647872.1	LINC02693	4309	0	0	-1	0	1.2868791e-06	0	1.2868793e-06
lncRNA	ENST00000647872.1	LINC02693	4310	0	0	-1	0	1.7259153e-07	0	1.7259155e-07
lncRNA	ENST00000647872.1	LINC02693	4311	0	0	-1	0	2.7269537e-06	0	2.7269541e-06
lncRNA	ENST00000647872.1	LINC02693	4312	0	0	-1	0	5.610454e-07	0	5.6104549e-07
lncRNA	ENST00000647872.1	LINC02693	4313	0	0	-1	0	8.4283465e-07	0	8.4283478e-07
lncRNA	ENST00000647872.1	LINC02693	4314	0	0	-1	0	4.7219484e-07	0	4.7219492e-07
lncRNA	ENST00000647872.1	LINC02693	4315	0	0	-1	0	1.7568377e-06	0	1.756838e-06
lncRNA	ENST00000647872.1	LINC02693	4316	0	0	-1	0	2.0300367e-07	0	2.030037e-07
lncRNA	ENST00000647872.1	LINC02693	4317	0	0	-1	0	1.8952834e-07	0	1.8952837e-07
lncRNA	ENST00000647872.1	LINC02693	4318	0	0	-1	0	2.0124683e-07	0	2.0124687e-07
lncRNA	ENST00000647872.1	LINC02693	4319	0	0	-1	0	2.2151978e-07	0	2.2151982e-07
lncRNA	ENST00000647872.1	LINC02693	4320	0	0	-1	0	3.2636038e-07	0	3.2636043e-07
lncRNA	ENST00000647872.1	LINC02693	4321	0	0	-1	0	1.1019701e-07	0	1.1019702e-07
lncRNA	ENST00000647872.1	LINC02693	4322	0	0	-1	0	1.2109516e-07	0	1.2109517e-07
lncRNA	ENST00000647872.1	LINC02693	4323	0	0	-1	0	1.6312713e-06	0	1.6312715e-06
lncRNA	ENST00000647872.1	LINC02693	4324	0	0	-1	0	1.7482613e-05	0	1.7482615e-05
lncRNA	ENST00000647872.1	LINC02693	4325	0	0	-1	0	5.4282759e-06	0	5.4282768e-06
lncRNA	ENST00000647872.1	LINC02693	4326	0	0	-1	0	8.7358467e-07	0	8.7358481e-07
lncRNA	ENST00000647872.1	LINC02693	4327	0	0	-1	0	6.2280111e-07	0	6.2280121e-07
lncRNA	ENST00000647872.1	LINC02693	4328	0	0	-1	0	1.3753344e-06	0	1.3753346e-06
lncRNA	ENST00000647872.1	LINC02693	4329	0	0	-1	0	1.2284054e-06	0	1.2284056e-06
lncRNA	ENST00000647872.1	LINC02693	4330	0	0	-1	0	1.2892578e-07	0	1.289258e-07
lncRNA	ENST00000647872.1	LINC02693	4331	0	0	-1	0	7.9452241e-07	0	7.9452253e-07
lncRNA	ENST00000647872.1	LINC02693	4332	0	0	-1	0	7.735872e-07	0	7.7358732e-07
lncRNA	ENST00000647872.1	LINC02693	4333	0	0	-1	0	9.8102294e-07	0	9.8102309e-07
lncRNA	ENST00000647872.1	LINC02693	4334	0	0	-1	0	2.1147848e-07	0	2.1147851e-07
lncRNA	ENST00000647872.1	LINC02693	4335	0	0	-1	0	1.1652057e-06	0	1.1652059e-06
lncRNA	ENST00000647872.1	LINC02693	4336	0	0	-1	0	6.4210292e-07	0	6.4210302e-07
lncRNA	ENST00000647872.1	LINC02693	4337	0	0	-1	0	1.3009859e-06	0	1.3009861e-06
lncRNA	ENST00000647872.1	LINC02693	4338	0	0	-1	0	4.6186392e-07	0	4.6186399e-07
lncRNA	ENST00000647872.1	LINC02693	4339	0	0	-1	0	3.9947327e-07	0	3.9947333e-07
lncRNA	ENST00000647872.1	LINC02693	4340	0	0	-1	0	2.1839776e-06	0	2.1839779e-06
lncRNA	ENST00000647872.1	LINC02693	4341	0	0	-1	0	7.329354e-07	0	7.3293552e-07
lncRNA	ENST00000647872.1	LINC02693	4342	0	0	-1	0	7.7694935e-08	0	7.7694947e-08
lncRNA	ENST00000647872.1	LINC02693	4343	0	0	-1	0	5.0985932e-07	0	5.098594e-07
lncRNA	ENST00000647872.1	LINC02693	4344	0	0	-1	0	6.4119021e-08	0	6.4119031e-08
lncRNA	ENST00000647872.1	LINC02693	4345	0	0	-1	0	1.5659509e-07	0	1.5659512e-07
lncRNA	ENST00000647872.1	LINC02693	4346	0	0	-1	0	2.0887522e-07	0	2.0887525e-07
lncRNA	ENST00000647872.1	LINC02693	4347	0	0	-1	0	1.8683097e-06	0	1.86831e-06
lncRNA	ENST00000647872.1	LINC02693	4348	0	0	-1	0	2.1722724e-06	0	2.1722727e-06
lncRNA	ENST00000647872.1	LINC02693	4349	0	0	-1	0	1.171653e-06	0	1.1716532e-06
lncRNA	ENST00000647872.1	LINC02693	4350	0	0	-1	0	2.9750043e-07	0	2.9750048e-07
lncRNA	ENST00000647872.1	LINC02693	4351	0	0	-1	0	4.7475822e-07	0	4.747583e-07
lncRNA	ENST00000647872.1	LINC02693	4352	0	0	-1	0	2.0598334e-07	0	2.0598337e-07
lncRNA	ENST00000647872.1	LINC02693	4353	0	0	-1	0	6.6542219e-07	0	6.654223e-07
lncRNA	ENST00000647872.1	LINC02693	4354	0	0	-1	0	1.0106794e-06	0	1.0106796e-06
lncRNA	ENST00000647872.1	LINC02693	4355	0	0	-1	0	1.0175382e-06	0	1.0175384e-06
lncRNA	ENST00000647872.1	LINC02693	4356	0	0	-1	0	5.8010767e-07	0	5.8010776e-07
lncRNA	ENST00000647872.1	LINC02693	4357	0	0	-1	0	1.0517153e-06	0	1.0517155e-06
lncRNA	ENST00000647872.1	LINC02693	4358	0	0	-1	0	2.5090126e-06	0	2.509013e-06
lncRNA	ENST00000647872.1	LINC02693	4359	0	0	-1	0	2.4120229e-07	0	2.4120232e-07
lncRNA	ENST00000647872.1	LINC02693	4360	0	0	-1	0	2.9449805e-07	0	2.944981e-07
lncRNA	ENST00000647872.1	LINC02693	4361	0	0	-1	0	1.6980236e-07	0	1.6980239e-07
lncRNA	ENST00000647872.1	LINC02693	4362	0	0	-1	0	1.5473714e-06	0	1.5473717e-06
lncRNA	ENST00000647872.1	LINC02693	4363	0	0	-1	0	1.1033456e-07	0	1.1033458e-07
lncRNA	ENST00000647872.1	LINC02693	4364	0	0	-1	0	2.1769146e-07	0	2.176915e-07
lncRNA	ENST00000647872.1	LINC02693	4365	0	0	-1	0	1.6196876e-07	0	1.6196878e-07
lncRNA	ENST00000647872.1	LINC02693	4366	0	0	-1	0	1.0550847e-08	0	1.0550849e-08
lncRNA	ENST00000647872.1	LINC02693	4367	0	0	-1	0	7.2279886e-07	0	7.2279897e-07
lncRNA	ENST00000647872.1	LINC02693	4368	0	0	-1	0	6.8435577e-07	0	6.8435588e-07
lncRNA	ENST00000647872.1	LINC02693	4369	0	0	-1	0	3.2351519e-08	0	3.2351524e-08
lncRNA	ENST00000647872.1	LINC02693	4370	0	0	-1	0	1.0718471e-06	0	1.0718473e-06
lncRNA	ENST00000647872.1	LINC02693	4371	0	0	-1	0	3.3505319e-07	0	3.3505324e-07
lncRNA	ENST00000647872.1	LINC02693	4372	0	0	-1	0	1.3149796e-07	0	1.3149798e-07
lncRNA	ENST00000647872.1	LINC02693	4373	0	0	-1	0	6.5294174e-08	0	6.5294184e-08
lncRNA	ENST00000647872.1	LINC02693	4374	0	0	-1	0	4.1046562e-07	0	4.1046568e-07
lncRNA	ENST00000647872.1	LINC02693	4375	0	0	-1	0	6.199507e-07	0	6.1995079e-07
lncRNA	ENST00000647872.1	LINC02693	4376	0	0	-1	0	1.3851433e-06	0	1.3851435e-06
lncRNA	ENST00000647872.1	LINC02693	4377	0	0	-1	0	6.0133891e-07	0	6.0133901e-07
lncRNA	ENST00000647872.1	LINC02693	4378	0	0	-1	0	7.1960687e-07	0	7.1960699e-07
lncRNA	ENST00000647872.1	LINC02693	4379	0	0	-1	0	6.2781095e-07	0	6.2781105e-07
lncRNA	ENST00000647872.1	LINC02693	4380	0	0	-1	0	4.7658187e-07	0	4.7658195e-07
lncRNA	ENST00000647872.1	LINC02693	4381	0	0	-1	0	3.8706094e-07	0	3.87061e-07
lncRNA	ENST00000647872.1	LINC02693	4382	0	0	-1	0	1.7839756e-07	0	1.7839758e-07
lncRNA	ENST00000647872.1	LINC02693	4383	0	0	-1	0	1.5087643e-06	0	1.5087645e-06
lncRNA	ENST00000647872.1	LINC02693	4384	0	0	-1	0	1.3493793e-07	0	1.3493796e-07
lncRNA	ENST00000647872.1	LINC02693	4385	0	0	-1	0	9.8280999e-08	0	9.8281015e-08
lncRNA	ENST00000647872.1	LINC02693	4386	0	0	-1	0	2.2463331e-08	0	2.2463334e-08
lncRNA	ENST00000647872.1	LINC02693	4387	0	0	-1	0	3.4602073e-07	0	3.4602078e-07
lncRNA	ENST00000647872.1	LINC02693	4388	0	0	-1	0	2.169613e-07	0	2.1696133e-07
lncRNA	ENST00000647872.1	LINC02693	4389	0	0	-1	0	1.8163834e-06	0	1.8163836e-06
lncRNA	ENST00000647872.1	LINC02693	4390	0	0	-1	0	6.1223511e-07	0	6.1223521e-07
lncRNA	ENST00000647872.1	LINC02693	4391	0	0	-1	0	5.0925917e-07	0	5.0925925e-07
lncRNA	ENST00000647872.1	LINC02693	4392	0	0	-1	0	6.857781e-07	0	6.8577821e-07
lncRNA	ENST00000647872.1	LINC02693	4393	0	0	-1	0	6.4743153e-07	0	6.4743164e-07
lncRNA	ENST00000647872.1	LINC02693	4394	0	0	-1	0	8.4466524e-07	0	8.4466537e-07
lncRNA	ENST00000647872.1	LINC02693	4395	0	0	-1	0	4.7807998e-07	0	4.7808006e-07
lncRNA	ENST00000647872.1	LINC02693	4396	0	0	-1	0	1.0031241e-06	0	1.0031243e-06
lncRNA	ENST00000647872.1	LINC02693	4397	0	0	-1	0	7.890261e-07	0	7.8902623e-07
lncRNA	ENST00000647872.1	LINC02693	4398	0	0	-1	0	6.5005355e-07	0	6.5005365e-07
lncRNA	ENST00000647872.1	LINC02693	4399	0	0	-1	0	4.9962047e-08	0	4.9962055e-08
lncRNA	ENST00000647872.1	LINC02693	4400	0	0	-1	0	9.2916997e-07	0	9.2917012e-07
lncRNA	ENST00000647872.1	LINC02693	4401	0	0	-1	0	3.0458698e-06	0	3.0458703e-06
lncRNA	ENST00000647872.1	LINC02693	4402	0	0	-1	0	3.0053416e-06	0	3.005342e-06
lncRNA	ENST00000647872.1	LINC02693	4403	0	0	-1	0	5.5875142e-07	0	5.5875151e-07
lncRNA	ENST00000647872.1	LINC02693	4404	0	0	-1	0	3.1342489e-07	0	3.1342494e-07
lncRNA	ENST00000647872.1	LINC02693	4405	0	0	-1	0	7.6581813e-07	0	7.6581825e-07
lncRNA	ENST00000647872.1	LINC02693	4406	0	0	-1	0	2.4783158e-06	0	2.4783162e-06
lncRNA	ENST00000647872.1	LINC02693	4407	0	0	-1	0	2.9021889e-05	0	2.9021893e-05
lncRNA	ENST00000647872.1	LINC02693	4408	0	0	-1	0	9.3260468e-07	0	9.3260482e-07
lncRNA	ENST00000647872.1	LINC02693	4409	0	0	-1	0	1.6437159e-06	0	1.6437162e-06
lncRNA	ENST00000647872.1	LINC02693	4410	0	0	-1	0	8.582827e-07	0	8.5828284e-07
lncRNA	ENST00000647872.1	LINC02693	4411	0	0	-1	0	9.8330126e-08	0	9.8330142e-08
lncRNA	ENST00000647872.1	LINC02693	4412	0	0	-1	0	6.0659994e-07	0	6.0660004e-07
lncRNA	ENST00000647872.1	LINC02693	4413	0	0	-1	0	2.8573362e-07	0	2.8573366e-07
lncRNA	ENST00000647872.1	LINC02693	4414	0	0	-1	0	1.1657025e-06	0	1.1657027e-06
lncRNA	ENST00000647872.1	LINC02693	4415	0	0	-1	0	3.3193276e-06	0	3.3193281e-06
lncRNA	ENST00000647872.1	LINC02693	4416	0	0	-1	0	3.2688212e-07	0	3.2688217e-07
lncRNA	ENST00000647872.1	LINC02693	4417	0	0	-1	0	1.7573757e-06	0	1.757376e-06
lncRNA	ENST00000647872.1	LINC02693	4418	0	0	-1	0	2.4849223e-07	0	2.4849227e-07
lncRNA	ENST00000647872.1	LINC02693	4419	0	0	-1	0	1.978549e-07	0	1.9785493e-07
lncRNA	ENST00000647872.1	LINC02693	4420	0	0	-1	0	3.7543148e-07	0	3.7543154e-07
lncRNA	ENST00000647872.1	LINC02693	4421	0	0	-1	0	2.4794684e-07	0	2.4794688e-07
lncRNA	ENST00000647872.1	LINC02693	4422	0	0	-1	0	1.6590362e-06	0	1.6590365e-06
lncRNA	ENST00000647872.1	LINC02693	4423	0	0	-1	0	6.9559801e-06	0	6.9559812e-06
lncRNA	ENST00000647872.1	LINC02693	4424	0	0	-1	0	1.9914492e-06	0	1.9914495e-06
lncRNA	ENST00000647872.1	LINC02693	4425	0	0	-1	0	4.7153472e-07	0	4.7153479e-07
lncRNA	ENST00000647872.1	LINC02693	4426	0	0	-1	0	7.7430641e-06	0	7.7430653e-06
lncRNA	ENST00000647872.1	LINC02693	4427	0	0	-1	0	8.0357296e-07	0	8.0357309e-07
lncRNA	ENST00000647872.1	LINC02693	4428	0	0	-1	0	5.9834252e-07	0	5.9834262e-07
lncRNA	ENST00000647872.1	LINC02693	4429	0	0	-1	0	4.052103e-07	0	4.0521036e-07
lncRNA	ENST00000647872.1	LINC02693	4430	0	0	-1	0	3.2956561e-07	0	3.2956566e-07
lncRNA	ENST00000647872.1	LINC02693	4431	0	0	-1	0	1.2184124e-06	0	1.2184126e-06
lncRNA	ENST00000647872.1	LINC02693	4432	0	0	-1	0	4.6412063e-07	0	4.641207e-07
lncRNA	ENST00000647872.1	LINC02693	4433	0	0	-1	0	9.3090527e-08	0	9.3090542e-08
lncRNA	ENST00000647872.1	LINC02693	4434	0	0	-1	0	3.1459999e-07	0	3.1460004e-07
lncRNA	ENST00000647872.1	LINC02693	4435	0	0	-1	0	1.3985282e-06	0	1.3985284e-06
lncRNA	ENST00000647872.1	LINC02693	4436	0	0	-1	0	8.3452333e-06	0	8.3452346e-06
lncRNA	ENST00000647872.1	LINC02693	4437	0	0	-1	0	4.2461647e-06	0	4.2461654e-06
lncRNA	ENST00000647872.1	LINC02693	4438	0	0	-1	0	7.4800232e-07	0	7.4800244e-07
lncRNA	ENST00000647872.1	LINC02693	4439	0	0	-1	0	4.0113812e-07	0	4.0113819e-07
lncRNA	ENST00000647872.1	LINC02693	4440	0	0	-1	0	1.2296596e-06	0	1.2296598e-06
lncRNA	ENST00000647872.1	LINC02693	4441	0	0	-1	0	2.5480595e-06	0	2.5480599e-06
lncRNA	ENST00000647872.1	LINC02693	4442	0	0	-1	0	7.6647422e-07	0	7.6647434e-07
lncRNA	ENST00000647872.1	LINC02693	4443	0	0	-1	0	8.1102712e-07	0	8.1102725e-07
lncRNA	ENST00000647872.1	LINC02693	4444	0	0	-1	0	2.9208618e-07	0	2.9208623e-07
lncRNA	ENST00000647872.1	LINC02693	4445	0	0	-1	0	4.9070982e-06	0	4.9070989e-06
lncRNA	ENST00000647872.1	LINC02693	4446	0	0	-1	0	9.3890242e-07	0	9.3890256e-07
lncRNA	ENST00000647872.1	LINC02693	4447	0	0	-1	0	1.1234876e-06	0	1.1234877e-06
lncRNA	ENST00000647872.1	LINC02693	4448	0	0	-1	0	1.1786497e-06	0	1.1786498e-06
lncRNA	ENST00000647872.1	LINC02693	4449	0	0	-1	0	1.939007e-06	0	1.9390073e-06
lncRNA	ENST00000647872.1	LINC02693	4450	0	0	-1	0	1.1516196e-06	0	1.1516198e-06
lncRNA	ENST00000647872.1	LINC02693	4451	0	0	-1	0	6.3716618e-07	0	6.3716628e-07
lncRNA	ENST00000647872.1	LINC02693	4452	0	0	-1	0	8.0150727e-07	0	8.015074e-07
lncRNA	ENST00000647872.1	LINC02693	4453	0	0	-1	0	1.258262e-06	0	1.2582622e-06
lncRNA	ENST00000647872.1	LINC02693	4454	0	0	-1	0	3.686682e-07	0	3.6866825e-07
lncRNA	ENST00000647872.1	LINC02693	4455	0	0	-1	0	6.1057858e-07	0	6.1057868e-07
lncRNA	ENST00000647872.1	LINC02693	4456	0	0	-1	0	1.6981556e-06	0	1.6981559e-06
lncRNA	ENST00000647872.1	LINC02693	4457	0	0	-1	0	3.8811029e-07	0	3.8811036e-07
lncRNA	ENST00000647872.1	LINC02693	4458	0	0	-1	0	2.339103e-06	0	2.3391034e-06
lncRNA	ENST00000647872.1	LINC02693	4459	0	0	-1	0	4.664736e-06	0	4.6647368e-06
lncRNA	ENST00000647872.1	LINC02693	4460	0	0	-1	0	6.1096534e-07	0	6.1096544e-07
lncRNA	ENST00000647872.1	LINC02693	4461	0	0	-1	0	7.0890997e-07	0	7.0891008e-07
lncRNA	ENST00000647872.1	LINC02693	4462	0	0	-1	0	1.3292594e-06	0	1.3292596e-06
lncRNA	ENST00000647872.1	LINC02693	4463	0	0	-1	0	2.1682633e-06	0	2.1682637e-06
lncRNA	ENST00000647872.1	LINC02693	4464	0	0	-1	0	1.8303405e-07	0	1.8303408e-07
lncRNA	ENST00000647872.1	LINC02693	4465	0	0	-1	0	8.532391e-07	0	8.5323923e-07
lncRNA	ENST00000647872.1	LINC02693	4466	0	0	-1	0	5.3728149e-07	0	5.3728158e-07
lncRNA	ENST00000647872.1	LINC02693	4467	0	0	-1	0	7.5360018e-05	0	7.536003e-05
lncRNA	ENST00000647872.1	LINC02693	4468	0	0	-1	0	1.0421649e-05	0	1.042165e-05
lncRNA	ENST00000647872.1	LINC02693	4469	0	0	-1	0	4.2461684e-06	0	4.246169e-06
lncRNA	ENST00000647872.1	LINC02693	4470	0	0	-1	0	2.7591771e-06	0	2.7591775e-06
lncRNA	ENST00000647872.1	LINC02693	4471	0	0	-1	0	6.4856738e-07	0	6.4856748e-07
lncRNA	ENST00000647872.1	LINC02693	4472	0	0	-1	0	1.5592055e-06	0	1.5592058e-06
lncRNA	ENST00000647872.1	LINC02693	4473	0	0	-1	0	1.1156788e-07	0	1.115679e-07
lncRNA	ENST00000647872.1	LINC02693	4474	0	0	-1	0	6.1762682e-07	0	6.1762692e-07
lncRNA	ENST00000647872.1	LINC02693	4475	0	0	-1	0	1.1122861e-06	0	1.1122863e-06
lncRNA	ENST00000647872.1	LINC02693	4476	0	0	-1	0	2.1507724e-06	0	2.1507727e-06
lncRNA	ENST00000647872.1	LINC02693	4477	0	0	-1	0	3.5979193e-07	0	3.5979198e-07
lncRNA	ENST00000647872.1	LINC02693	4478	0	0	-1	0	4.6776435e-07	0	4.6776443e-07
lncRNA	ENST00000647872.1	LINC02693	4479	0	0	-1	0	7.8656079e-08	0	7.8656091e-08
lncRNA	ENST00000647872.1	LINC02693	4480	0	0	-1	0	8.9284475e-07	0	8.9284489e-07
lncRNA	ENST00000647872.1	LINC02693	4481	0	0	-1	0	1.3873458e-06	0	1.3873461e-06
lncRNA	ENST00000647872.1	LINC02693	4482	0	0	-1	0	2.3715218e-06	0	2.3715221e-06
lncRNA	ENST00000647872.1	LINC02693	4483	0	0	-1	0	6.2797142e-07	0	6.2797152e-07
lncRNA	ENST00000647872.1	LINC02693	4484	0	0	-1	0	2.1139158e-07	0	2.1139161e-07
lncRNA	ENST00000647872.1	LINC02693	4485	0	0	-1	0	1.0489312e-07	0	1.0489313e-07
lncRNA	ENST00000647872.1	LINC02693	4486	0	0	-1	0	3.976738e-07	0	3.9767386e-07
lncRNA	ENST00000647872.1	LINC02693	4487	0	0	-1	0	2.6949303e-07	0	2.6949307e-07
lncRNA	ENST00000647872.1	LINC02693	4488	0	0	-1	0	7.9902998e-07	0	7.990301e-07
lncRNA	ENST00000647872.1	LINC02693	4489	0	0	-1	0	2.5011977e-06	0	2.5011981e-06
lncRNA	ENST00000647872.1	LINC02693	4490	0	0	-1	0	7.5275688e-07	0	7.5275699e-07
lncRNA	ENST00000647872.1	LINC02693	4491	0	0	-1	0	1.012425e-07	0	1.0124251e-07
lncRNA	ENST00000647872.1	LINC02693	4492	0	0	-1	0	9.5963131e-08	0	9.5963146e-08
lncRNA	ENST00000647872.1	LINC02693	4493	0	0	-1	0	4.2554703e-07	0	4.255471e-07
lncRNA	ENST00000647872.1	LINC02693	4494	0	0	-1	0	4.5797998e-07	0	4.5798005e-07
lncRNA	ENST00000647872.1	LINC02693	4495	0	0	-1	0	7.6613293e-07	0	7.6613305e-07
lncRNA	ENST00000647872.1	LINC02693	4496	0	0	-1	0	3.6564748e-07	0	3.6564754e-07
lncRNA	ENST00000647872.1	LINC02693	4497	0	0	-1	0	2.5160702e-07	0	2.5160706e-07
lncRNA	ENST00000647872.1	LINC02693	4498	0	0	-1	0	5.7612209e-07	0	5.7612218e-07
lncRNA	ENST00000647872.1	LINC02693	4499	0	0	-1	0	3.441672e-07	0	3.4416726e-07
lncRNA	ENST00000647872.1	LINC02693	4500	0	0	-1	0	4.3211895e-07	0	4.3211902e-07
lncRNA	ENST00000647872.1	LINC02693	4501	0	0	-1	0	1.0437776e-06	0	1.0437778e-06
lncRNA	ENST00000647872.1	LINC02693	4502	0	0	-1	0	1.5158413e-06	0	1.5158415e-06
lncRNA	ENST00000647872.1	LINC02693	4503	0	0	-1	0	1.5997296e-07	0	1.5997298e-07
lncRNA	ENST00000647872.1	LINC02693	4504	0	0	-1	0	1.186305e-07	0	1.1863051e-07
lncRNA	ENST00000647872.1	LINC02693	4505	0	0	-1	0	8.2673773e-07	0	8.2673786e-07
lncRNA	ENST00000647872.1	LINC02693	4506	0	0	-1	0	7.4659971e-07	0	7.4659983e-07
lncRNA	ENST00000647872.1	LINC02693	4507	0	0	-1	0	1.406559e-06	0	1.4065592e-06
lncRNA	ENST00000647872.1	LINC02693	4508	0	0	-1	0	2.230983e-06	0	2.2309834e-06
lncRNA	ENST00000647872.1	LINC02693	4509	0	0	-1	0	1.5932817e-07	0	1.5932819e-07
lncRNA	ENST00000647872.1	LINC02693	4510	0	0	-1	0	1.2239582e-06	0	1.2239584e-06
lncRNA	ENST00000647872.1	LINC02693	4511	0	0	-1	0	7.5478113e-07	0	7.5478125e-07
lncRNA	ENST00000647872.1	LINC02693	4512	0	0	-1	0	7.2518645e-07	0	7.2518657e-07
lncRNA	ENST00000647872.1	LINC02693	4513	0	0	-1	0	1.5619337e-06	0	1.5619339e-06
lncRNA	ENST00000647872.1	LINC02693	4514	0	0	-1	0	8.7552888e-07	0	8.7552902e-07
lncRNA	ENST00000647872.1	LINC02693	4515	0	0	-1	0	9.6722424e-08	0	9.6722439e-08
lncRNA	ENST00000647872.1	LINC02693	4516	0	0	-1	0	2.8222433e-07	0	2.8222438e-07
lncRNA	ENST00000647872.1	LINC02693	4517	0	0	-1	0	9.3006622e-07	0	9.3006637e-07
lncRNA	ENST00000647872.1	LINC02693	4518	0	0	-1	0	5.0923779e-07	0	5.0923787e-07
lncRNA	ENST00000647872.1	LINC02693	4519	0	0	-1	0	1.4924186e-06	0	1.4924189e-06
lncRNA	ENST00000647872.1	LINC02693	4520	0	0	-1	0	3.5185073e-07	0	3.5185079e-07
lncRNA	ENST00000647872.1	LINC02693	4521	0	0	-1	0	5.2607938e-08	0	5.2607946e-08
lncRNA	ENST00000647872.1	LINC02693	4522	0	0	-1	0	2.3774309e-07	0	2.3774313e-07
lncRNA	ENST00000647872.1	LINC02693	4523	0	0	-1	0	4.573465e-06	0	4.5734658e-06
lncRNA	ENST00000647872.1	LINC02693	4524	0	0	-1	0	3.6137915e-06	0	3.613792e-06
lncRNA	ENST00000647872.1	LINC02693	4525	0	0	-1	0	1.1995633e-07	0	1.1995634e-07
lncRNA	ENST00000647872.1	LINC02693	4526	0	0	-1	0	1.2208003e-06	0	1.2208005e-06
lncRNA	ENST00000647872.1	LINC02693	4527	0	0	-1	0	1.9370579e-07	0	1.9370582e-07
lncRNA	ENST00000647872.1	LINC02693	4528	0	0	-1	0	1.8142461e-07	0	1.8142464e-07
lncRNA	ENST00000647872.1	LINC02693	4529	0	0	-1	0	1.7021451e-07	0	1.7021453e-07
lncRNA	ENST00000647872.1	LINC02693	4530	0	0	-1	0	2.0210138e-07	0	2.0210141e-07
lncRNA	ENST00000647872.1	LINC02693	4531	0	0	-1	0	5.3655998e-07	0	5.3656006e-07
lncRNA	ENST00000647872.1	LINC02693	4532	0	0	-1	0	1.3765493e-06	0	1.3765496e-06
lncRNA	ENST00000647872.1	LINC02693	4533	0	0	-1	0	1.3485367e-05	0	1.3485369e-05
lncRNA	ENST00000647872.1	LINC02693	4534	0	0	-1	0	1.7962032e-06	0	1.7962034e-06
lncRNA	ENST00000647872.1	LINC02693	4535	0	0	-1	0	1.6732247e-07	0	1.673225e-07
lncRNA	ENST00000647872.1	LINC02693	4536	0	0	-1	0	9.0637464e-08	0	9.0637478e-08
lncRNA	ENST00000647872.1	LINC02693	4537	0	0	-1	0	3.2423607e-08	0	3.2423612e-08
lncRNA	ENST00000647872.1	LINC02693	4538	0	0	-1	0	6.4337449e-08	0	6.4337459e-08
lncRNA	ENST00000647872.1	LINC02693	4539	0	0	-1	0	6.3584412e-07	0	6.3584422e-07
lncRNA	ENST00000647872.1	LINC02693	4540	0	0	-1	0	3.7716515e-07	0	3.7716521e-07
lncRNA	ENST00000647872.1	LINC02693	4541	0	0	-1	0	3.8195003e-07	0	3.8195009e-07
lncRNA	ENST00000647872.1	LINC02693	4542	0	0	-1	0	1.3277175e-06	0	1.3277178e-06
lncRNA	ENST00000647872.1	LINC02693	4543	0	0	-1	0	3.1767186e-07	0	3.1767191e-07
lncRNA	ENST00000647872.1	LINC02693	4544	0	0	-1	0	4.1141561e-07	0	4.1141568e-07
lncRNA	ENST00000647872.1	LINC02693	4545	0	0	-1	0	7.3956352e-07	0	7.3956363e-07
lncRNA	ENST00000647872.1	LINC02693	4546	0	0	-1	0	3.9873029e-07	0	3.9873036e-07
lncRNA	ENST00000647872.1	LINC02693	4547	0	0	-1	0	1.3959618e-06	0	1.395962e-06
lncRNA	ENST00000647872.1	LINC02693	4548	0	0	-1	0	1.0513459e-05	0	1.051346e-05
lncRNA	ENST00000647872.1	LINC02693	4549	0	0	-1	0	4.8031148e-07	0	4.8031156e-07
lncRNA	ENST00000647872.1	LINC02693	4550	0	0	-1	0	4.6323802e-07	0	4.632381e-07
lncRNA	ENST00000647872.1	LINC02693	4551	0	0	-1	0	8.8588735e-07	0	8.8588749e-07
lncRNA	ENST00000647872.1	LINC02693	4552	0	0	-1	0	1.2380795e-05	0	1.2380797e-05
lncRNA	ENST00000647872.1	LINC02693	4553	0	0	-1	0	1.8377751e-06	0	1.8377754e-06
lncRNA	ENST00000647872.1	LINC02693	4554	0	0	-1	0	5.1948496e-06	0	5.1948504e-06
lncRNA	ENST00000647872.1	LINC02693	4555	0	0	-1	0	5.3734095e-07	0	5.3734104e-07
lncRNA	ENST00000647872.1	LINC02693	4556	0	0	-1	0	7.34521e-07	0	7.3452111e-07
lncRNA	ENST00000647872.1	LINC02693	4557	0	0	-1	0	6.9060557e-06	0	6.9060567e-06
lncRNA	ENST00000647872.1	LINC02693	4558	0	0	-1	0	3.8053083e-06	0	3.8053089e-06
lncRNA	ENST00000647872.1	LINC02693	4559	0	0	-1	0	4.2024026e-06	0	4.2024032e-06
lncRNA	ENST00000647872.1	LINC02693	4560	0	0	-1	0	4.7209019e-06	0	4.7209026e-06
lncRNA	ENST00000647872.1	LINC02693	4561	0	0	-1	0	1.3251365e-07	0	1.3251367e-07
lncRNA	ENST00000647872.1	LINC02693	4562	0	0	-1	0	1.3004092e-06	0	1.3004094e-06
lncRNA	ENST00000647872.1	LINC02693	4563	0	0	-1	0	1.3437662e-05	0	1.3437664e-05
lncRNA	ENST00000647872.1	LINC02693	4564	0	0	-1	0	2.9895791e-06	0	2.9895796e-06
lncRNA	ENST00000647872.1	LINC02693	4565	0	0	-1	0	1.5609434e-06	0	1.5609436e-06
lncRNA	ENST00000647872.1	LINC02693	4566	0	0	-1	0	2.082181e-05	0	2.0821813e-05
lncRNA	ENST00000647872.1	LINC02693	4567	0	0	-1	0	3.8871763e-06	0	3.8871769e-06
lncRNA	ENST00000647872.1	LINC02693	4568	0	0	-1	0	1.4791314e-05	0	1.4791317e-05
lncRNA	ENST00000647872.1	LINC02693	4569	0	0	-1	0	1.5946445e-06	0	1.5946447e-06
lncRNA	ENST00000647872.1	LINC02693	4570	0	0	-1	0	2.5571677e-07	0	2.5571681e-07
lncRNA	ENST00000647872.1	LINC02693	4571	0	0	-1	0	1.8242918e-07	0	1.824292e-07
lncRNA	ENST00000647872.1	LINC02693	4572	0	0	-1	0	7.9174498e-07	0	7.9174511e-07
lncRNA	ENST00000647872.1	LINC02693	4573	0	0	-1	0	5.4901182e-07	0	5.490119e-07
lncRNA	ENST00000647872.1	LINC02693	4574	0	0	-1	0	7.8228135e-07	0	7.8228147e-07
lncRNA	ENST00000647872.1	LINC02693	4575	0	0	-1	0	1.5171155e-06	0	1.5171157e-06
lncRNA	ENST00000647872.1	LINC02693	4576	0	0	-1	0	8.0575927e-07	0	8.057594e-07
lncRNA	ENST00000647872.1	LINC02693	4577	0	0	-1	0	7.5349305e-07	0	7.5349317e-07
lncRNA	ENST00000647872.1	LINC02693	4578	0	0	-1	0	1.0688207e-06	0	1.0688208e-06
lncRNA	ENST00000647872.1	LINC02693	4579	0	0	-1	0	1.3727791e-06	0	1.3727794e-06
lncRNA	ENST00000647872.1	LINC02693	4580	0	0	-1	0	2.8211724e-07	0	2.8211729e-07
lncRNA	ENST00000647872.1	LINC02693	4581	0	0	-1	0	3.3598561e-05	0	3.3598566e-05
lncRNA	ENST00000647872.1	LINC02693	4582	0	0	-1	0	1.5594949e-05	0	1.5594952e-05
lncRNA	ENST00000647872.1	LINC02693	4583	0	0	-1	0	0.00013550231	0	0.00013550233
lncRNA	ENST00000647872.1	LINC02693	4584	0	0	-1	0	6.0377511e-06	0	6.037752e-06
lncRNA	ENST00000647872.1	LINC02693	4585	0	0	-1	0	3.0059792e-07	0	3.0059797e-07
lncRNA	ENST00000647872.1	LINC02693	4586	0	0	-1	0	1.4757716e-06	0	1.4757718e-06
lncRNA	ENST00000647872.1	LINC02693	4587	0	0	-1	0	7.9122983e-06	0	7.9122996e-06
lncRNA	ENST00000647872.1	LINC02693	4588	0	0	-1	0	1.1217605e-06	0	1.1217607e-06
lncRNA	ENST00000647872.1	LINC02693	4589	0	0	-1	0	2.3522118e-06	0	2.3522122e-06
lncRNA	ENST00000647872.1	LINC02693	4590	0	0	-1	0	2.8993632e-06	0	2.8993636e-06
lncRNA	ENST00000647872.1	LINC02693	4591	0	0	-1	0	1.4525026e-06	0	1.4525028e-06
lncRNA	ENST00000647872.1	LINC02693	4592	0	0	-1	0	9.4844681e-06	0	9.4844696e-06
lncRNA	ENST00000647872.1	LINC02693	4593	0	0	-1	0	3.6484181e-07	0	3.6484187e-07
lncRNA	ENST00000647872.1	LINC02693	4594	0	0	-1	0	2.9223494e-07	0	2.9223499e-07
lncRNA	ENST00000647872.1	LINC02693	4595	0	0	-1	0	1.1301744e-05	0	1.1301746e-05
lncRNA	ENST00000647872.1	LINC02693	4596	0	0	-1	0	1.740978e-06	0	1.7409782e-06
lncRNA	ENST00000647872.1	LINC02693	4597	0	0	-1	0	1.2885413e-07	0	1.2885415e-07
lncRNA	ENST00000647872.1	LINC02693	4598	0	0	-1	0	2.9788171e-07	0	2.9788176e-07
lncRNA	ENST00000647872.1	LINC02693	4599	0	0	-1	0	1.1758854e-06	0	1.1758855e-06
lncRNA	ENST00000647872.1	LINC02693	4600	0	0	-1	0	9.5266294e-08	0	9.5266309e-08
lncRNA	ENST00000647872.1	LINC02693	4601	0	0	-1	0	3.4081104e-06	0	3.4081109e-06
lncRNA	ENST00000647872.1	LINC02693	4602	0	0	-1	0	3.6850456e-06	0	3.6850462e-06
lncRNA	ENST00000647872.1	LINC02693	4603	0	0	-1	0	5.6463739e-07	0	5.6463748e-07
lncRNA	ENST00000647872.1	LINC02693	4604	0	0	-1	0	8.2241263e-07	0	8.2241276e-07
lncRNA	ENST00000647872.1	LINC02693	4605	0	0	-1	0	1.4083643e-06	0	1.4083645e-06
lncRNA	ENST00000647872.1	LINC02693	4606	0	0	-1	0	7.3207648e-06	0	7.3207659e-06
lncRNA	ENST00000647872.1	LINC02693	4607	0	0	-1	0	1.0606365e-06	0	1.0606366e-06
lncRNA	ENST00000647872.1	LINC02693	4608	0	0	-1	0	7.125015e-07	0	7.1250162e-07
lncRNA	ENST00000647872.1	LINC02693	4609	0	0	-1	0	3.9750623e-07	0	3.9750629e-07
lncRNA	ENST00000647872.1	LINC02693	4610	0	0	-1	0	8.3766696e-07	0	8.3766709e-07
lncRNA	ENST00000647872.1	LINC02693	4611	0	0	-1	0	8.1213699e-07	0	8.1213712e-07
lncRNA	ENST00000647872.1	LINC02693	4612	0	0	-1	0	3.2690193e-06	0	3.2690198e-06
lncRNA	ENST00000647872.1	LINC02693	4613	0	0	-1	0	9.1548804e-07	0	9.1548819e-07
lncRNA	ENST00000647872.1	LINC02693	4614	0	0	-1	0	1.5922283e-06	0	1.5922285e-06
lncRNA	ENST00000647872.1	LINC02693	4615	0	0	-1	0	9.7442319e-07	0	9.7442334e-07
lncRNA	ENST00000647872.1	LINC02693	4616	0	0	-1	0	7.891029e-07	0	7.8910302e-07
lncRNA	ENST00000647872.1	LINC02693	4617	0	0	-1	0	1.9856896e-06	0	1.9856899e-06
lncRNA	ENST00000647872.1	LINC02693	4618	0	0	-1	0	9.9580909e-08	0	9.9580925e-08
lncRNA	ENST00000647872.1	LINC02693	4619	0	0	-1	0	2.1951303e-06	0	2.1951306e-06
lncRNA	ENST00000647872.1	LINC02693	4620	0	0	-1	0	3.183105e-07	0	3.1831055e-07
lncRNA	ENST00000647872.1	LINC02693	4621	0	0	-1	0	4.2210395e-06	0	4.2210402e-06
lncRNA	ENST00000647872.1	LINC02693	4622	0	0	-1	0	1.0574524e-07	0	1.0574526e-07
lncRNA	ENST00000647872.1	LINC02693	4623	0	0	-1	0	5.5467189e-07	0	5.5467197e-07
lncRNA	ENST00000647872.1	LINC02693	4624	0	0	-1	0	7.2501734e-08	0	7.2501746e-08
lncRNA	ENST00000647872.1	LINC02693	4625	0	0	-1	0	3.9206071e-07	0	3.9206077e-07
lncRNA	ENST00000647872.1	LINC02693	4626	0	0	-1	0	2.7533375e-07	0	2.7533379e-07
lncRNA	ENST00000647872.1	LINC02693	4627	0	0	-1	0	7.6999748e-07	0	7.6999761e-07
lncRNA	ENST00000647872.1	LINC02693	4628	0	0	-1	0	2.8446931e-07	0	2.8446935e-07
lncRNA	ENST00000647872.1	LINC02693	4629	0	0	-1	0	7.4301704e-07	0	7.4301716e-07
lncRNA	ENST00000647872.1	LINC02693	4630	0	0	-1	0	2.7761209e-07	0	2.7761213e-07
lncRNA	ENST00000647872.1	LINC02693	4631	0	0	-1	0	3.9050391e-07	0	3.9050398e-07
lncRNA	ENST00000647872.1	LINC02693	4632	0	0	-1	0	7.211471e-07	0	7.2114722e-07
lncRNA	ENST00000647872.1	LINC02693	4633	0	0	-1	0	1.4602457e-06	0	1.4602459e-06
lncRNA	ENST00000647872.1	LINC02693	4634	0	0	-1	0	7.452723e-07	0	7.4527242e-07
lncRNA	ENST00000647872.1	LINC02693	4635	0	0	-1	0	1.5450489e-06	0	1.5450492e-06
lncRNA	ENST00000647872.1	LINC02693	4636	0	0	-1	0	1.1541446e-05	0	1.1541448e-05
lncRNA	ENST00000647872.1	LINC02693	4637	0	0	-1	0	1.5660205e-06	0	1.5660207e-06
lncRNA	ENST00000647872.1	LINC02693	4638	0	0	-1	0	9.0500826e-06	0	9.050084e-06
lncRNA	ENST00000647872.1	LINC02693	4639	0	0	-1	0	8.2920733e-06	0	8.2920746e-06
lncRNA	ENST00000647872.1	LINC02693	4640	0	0	-1	0	1.4681351e-06	0	1.4681353e-06
lncRNA	ENST00000647872.1	LINC02693	4641	0	0	-1	0	9.084637e-06	0	9.0846384e-06
lncRNA	ENST00000647872.1	LINC02693	4642	0	0	-1	0	2.9217965e-06	0	2.921797e-06
lncRNA	ENST00000647872.1	LINC02693	4643	0	0	-1	0	4.6484797e-07	0	4.6484804e-07
lncRNA	ENST00000647872.1	LINC02693	4644	0	0	-1	0	1.3437323e-06	0	1.3437325e-06
lncRNA	ENST00000647872.1	LINC02693	4645	0	0	-1	0	1.159006e-06	0	1.1590062e-06
lncRNA	ENST00000647872.1	LINC02693	4646	0	0	-1	0	1.7330002e-06	0	1.7330005e-06
lncRNA	ENST00000647872.1	LINC02693	4647	0	0	-1	0	2.1269825e-06	0	2.1269828e-06
lncRNA	ENST00000647872.1	LINC02693	4648	0	0	-1	0	4.1258122e-06	0	4.1258129e-06
lncRNA	ENST00000647872.1	LINC02693	4649	0	0	-1	0	2.8186191e-06	0	2.8186196e-06
lncRNA	ENST00000647872.1	LINC02693	4650	0	0	-1	0	2.3360578e-06	0	2.3360582e-06
lncRNA	ENST00000647872.1	LINC02693	4651	0	0	-1	0	1.1820458e-06	0	1.182046e-06
lncRNA	ENST00000647872.1	LINC02693	4652	0	0	-1	0	3.3013862e-06	0	3.3013867e-06
lncRNA	ENST00000647872.1	LINC02693	4653	0	0	-1	0	1.3450182e-06	0	1.3450184e-06
lncRNA	ENST00000647872.1	LINC02693	4654	0	0	-1	0	4.0419236e-06	0	4.0419242e-06
lncRNA	ENST00000647872.1	LINC02693	4655	0	0	-1	0	2.5765642e-06	0	2.5765646e-06
lncRNA	ENST00000647872.1	LINC02693	4656	0	0	-1	0	3.9665247e-06	0	3.9665253e-06
lncRNA	ENST00000647872.1	LINC02693	4657	0	0	-1	0	1.2452108e-06	0	1.245211e-06
lncRNA	ENST00000647872.1	LINC02693	4658	0	0	-1	0	1.9890927e-05	0	1.9890931e-05
lncRNA	ENST00000647872.1	LINC02693	4659	0	0	-1	0	1.6066717e-06	0	1.606672e-06
lncRNA	ENST00000647872.1	LINC02693	4660	0	0	-1	0	1.5282585e-05	0	1.5282587e-05
lncRNA	ENST00000647872.1	LINC02693	4661	0	0	-1	0	3.1026225e-06	0	3.102623e-06
lncRNA	ENST00000647872.1	LINC02693	4662	0	0	-1	0	1.9399909e-06	0	1.9399912e-06
lncRNA	ENST00000647872.1	LINC02693	4663	0	0	-1	0	1.6727301e-05	0	1.6727304e-05
lncRNA	ENST00000647872.1	LINC02693	4664	0	0	-1	0	2.8252393e-06	0	2.8252398e-06
lncRNA	ENST00000647872.1	LINC02693	4665	0	0	-1	0	1.6406229e-06	0	1.6406232e-06
lncRNA	ENST00000647872.1	LINC02693	4666	0	0	-1	0	9.0497633e-06	0	9.0497647e-06
lncRNA	ENST00000647872.1	LINC02693	4667	0	0	-1	0	1.6163687e-05	0	1.616369e-05
lncRNA	ENST00000647872.1	LINC02693	4668	0	0	-1	0	1.114694e-05	0	1.1146942e-05
lncRNA	ENST00000647872.1	LINC02693	4669	0	0	-1	0	1.6586724e-06	0	1.6586727e-06
lncRNA	ENST00000647872.1	LINC02693	4670	0	0	-1	0	1.4518939e-05	0	1.4518941e-05
lncRNA	ENST00000647872.1	LINC02693	4671	0	0	-1	0	1.6875071e-06	0	1.6875073e-06
lncRNA	ENST00000647872.1	LINC02693	4672	0	0	-1	0	4.0835903e-06	0	4.0835909e-06
lncRNA	ENST00000647872.1	LINC02693	4673	0	0	-1	0	4.0342561e-06	0	4.0342567e-06
lncRNA	ENST00000647872.1	LINC02693	4674	0	0	-1	0	3.3579116e-07	0	3.3579121e-07
lncRNA	ENST00000647872.1	LINC02693	4675	0	0	-1	0	3.415081e-07	0	3.4150815e-07
lncRNA	ENST00000647872.1	LINC02693	4676	0	0	-1	0	8.4007297e-06	0	8.400731e-06
lncRNA	ENST00000647872.1	LINC02693	4677	0	0	-1	0	7.1692034e-07	0	7.1692045e-07
lncRNA	ENST00000647872.1	LINC02693	4678	0	0	-1	0	1.1455617e-05	0	1.1455619e-05
lncRNA	ENST00000647872.1	LINC02693	4679	0	0	-1	0	1.0886297e-06	0	1.0886299e-06
lncRNA	ENST00000647872.1	LINC02693	4680	0	0	-1	0	2.1702576e-06	0	2.170258e-06
lncRNA	ENST00000647872.1	LINC02693	4681	0	0	-1	0	4.9583667e-07	0	4.9583675e-07
lncRNA	ENST00000647872.1	LINC02693	4682	0	0	-1	0	2.2575577e-07	0	2.2575581e-07
lncRNA	ENST00000647872.1	LINC02693	4683	0	0	-1	0	1.4154293e-06	0	1.4154295e-06
lncRNA	ENST00000647872.1	LINC02693	4684	0	0	-1	0	4.9905498e-07	0	4.9905506e-07
lncRNA	ENST00000647872.1	LINC02693	4685	0	0	-1	0	4.780444e-07	0	4.7804447e-07
lncRNA	ENST00000647872.1	LINC02693	4686	0	0	-1	0	1.7404318e-06	0	1.7404321e-06
lncRNA	ENST00000647872.1	LINC02693	4687	0	0	-1	0	1.2998952e-07	0	1.2998954e-07
lncRNA	ENST00000647872.1	LINC02693	4688	0	0	-1	0	1.4548759e-06	0	1.4548762e-06
lncRNA	ENST00000647872.1	LINC02693	4689	0	0	-1	0	1.8178555e-07	0	1.8178558e-07
lncRNA	ENST00000647872.1	LINC02693	4690	0	0	-1	0	1.7689358e-06	0	1.7689361e-06
lncRNA	ENST00000647872.1	LINC02693	4691	0	0	-1	0	1.86866e-05	0	1.8686603e-05
lncRNA	ENST00000647872.1	LINC02693	4692	0	0	-1	0	2.9491795e-07	0	2.94918e-07
lncRNA	ENST00000647872.1	LINC02693	4693	0	0	-1	0	9.1040431e-07	0	9.1040445e-07
lncRNA	ENST00000647872.1	LINC02693	4694	0	0	-1	0	1.22224e-06	0	1.2222402e-06
lncRNA	ENST00000647872.1	LINC02693	4695	0	0	-1	0	2.2141525e-07	0	2.2141528e-07
lncRNA	ENST00000647872.1	LINC02693	4696	0	0	-1	0	8.9950606e-07	0	8.995062e-07
lncRNA	ENST00000647872.1	LINC02693	4697	0	0	-1	0	7.3241936e-06	0	7.3241947e-06
lncRNA	ENST00000647872.1	LINC02693	4698	0	0	-1	0	2.0654534e-07	0	2.0654537e-07
lncRNA	ENST00000647872.1	LINC02693	4699	0	0	-1	0	1.8384947e-07	0	1.8384949e-07
lncRNA	ENST00000647872.1	LINC02693	4700	0	0	-1	0	1.1192803e-06	0	1.1192805e-06
lncRNA	ENST00000647872.1	LINC02693	4701	0	0	-1	0	3.1849347e-06	0	3.1849352e-06
lncRNA	ENST00000647872.1	LINC02693	4702	0	0	-1	0	2.7989686e-06	0	2.798969e-06
lncRNA	ENST00000647872.1	LINC02693	4703	0	0	-1	0	2.2628594e-06	0	2.2628598e-06
lncRNA	ENST00000647872.1	LINC02693	4704	0	0	-1	0	3.1538613e-07	0	3.1538618e-07
lncRNA	ENST00000647872.1	LINC02693	4705	0	0	-1	0	5.0879464e-07	0	5.0879472e-07
lncRNA	ENST00000647872.1	LINC02693	4706	0	0	-1	0	7.9951701e-07	0	7.9951714e-07
lncRNA	ENST00000647872.1	LINC02693	4707	0	0	-1	0	5.3913641e-07	0	5.3913649e-07
lncRNA	ENST00000647872.1	LINC02693	4708	0	0	-1	0	1.5539609e-06	0	1.5539612e-06
lncRNA	ENST00000647872.1	LINC02693	4709	0	0	-1	0	2.1543708e-06	0	2.1543711e-06
lncRNA	ENST00000647872.1	LINC02693	4710	0	0	-1	0	2.8404318e-07	0	2.8404323e-07
lncRNA	ENST00000647872.1	LINC02693	4711	0	0	-1	0	5.7856562e-07	0	5.7856571e-07
lncRNA	ENST00000647872.1	LINC02693	4712	0	0	-1	0	3.4627556e-07	0	3.4627561e-07
lncRNA	ENST00000647872.1	LINC02693	4713	0	0	-1	0	2.5387913e-06	0	2.5387916e-06
lncRNA	ENST00000647872.1	LINC02693	4714	0	0	-1	0	2.1444682e-06	0	2.1444686e-06
lncRNA	ENST00000647872.1	LINC02693	4715	0	0	-1	0	7.1324494e-06	0	7.1324505e-06
lncRNA	ENST00000647872.1	LINC02693	4716	0	0	-1	0	1.2925714e-06	0	1.2925716e-06
lncRNA	ENST00000647872.1	LINC02693	4717	0	0	-1	0	6.8266485e-07	0	6.8266495e-07
lncRNA	ENST00000647872.1	LINC02693	4718	0	0	-1	0	1.2617973e-06	0	1.2617975e-06
lncRNA	ENST00000647872.1	LINC02693	4719	0	0	-1	0	4.9156483e-07	0	4.9156491e-07
lncRNA	ENST00000647872.1	LINC02693	4720	0	0	-1	0	6.3088447e-07	0	6.3088457e-07
lncRNA	ENST00000647872.1	LINC02693	4721	0	0	-1	0	6.3382836e-06	0	6.3382846e-06
lncRNA	ENST00000647872.1	LINC02693	4722	0	0	-1	0	2.6517469e-06	0	2.6517473e-06
lncRNA	ENST00000647872.1	LINC02693	4723	0	0	-1	0	2.4762119e-07	0	2.4762123e-07
lncRNA	ENST00000647872.1	LINC02693	4724	0	0	-1	0	8.4415717e-07	0	8.441573e-07
lncRNA	ENST00000647872.1	LINC02693	4725	0	0	-1	0	7.9281563e-07	0	7.9281575e-07
lncRNA	ENST00000647872.1	LINC02693	4726	0	0	-1	0	1.3042381e-06	0	1.3042383e-06
lncRNA	ENST00000647872.1	LINC02693	4727	0	0	-1	0	4.8715515e-07	0	4.8715522e-07
lncRNA	ENST00000647872.1	LINC02693	4728	0	0	-1	0	6.3877081e-08	0	6.3877091e-08
lncRNA	ENST00000647872.1	LINC02693	4729	0	0	-1	0	2.542638e-07	0	2.5426384e-07
lncRNA	ENST00000647872.1	LINC02693	4730	0	0	-1	0	9.4205143e-07	0	9.4205158e-07
lncRNA	ENST00000647872.1	LINC02693	4731	0	0	-1	0	6.3269204e-07	0	6.3269214e-07
lncRNA	ENST00000647872.1	LINC02693	4732	0	0	-1	0	5.7269176e-07	0	5.7269185e-07
lncRNA	ENST00000647872.1	LINC02693	4733	0	0	-1	0	4.4050987e-05	0	4.4050994e-05
lncRNA	ENST00000647872.1	LINC02693	4734	0	0	-1	0	3.1173722e-06	0	3.1173727e-06
lncRNA	ENST00000647872.1	LINC02693	4735	0	0	-1	0	3.404019e-07	0	3.4040195e-07
lncRNA	ENST00000647872.1	LINC02693	4736	0	0	-1	0	3.4933908e-07	0	3.4933913e-07
lncRNA	ENST00000647872.1	LINC02693	4737	0	0	-1	0	1.7845874e-06	0	1.7845877e-06
lncRNA	ENST00000647872.1	LINC02693	4738	0	0	-1	0	2.2863956e-06	0	2.2863959e-06
lncRNA	ENST00000647872.1	LINC02693	4739	0	0	-1	0	1.0681318e-06	0	1.068132e-06
lncRNA	ENST00000647872.1	LINC02693	4740	0	0	-1	0	3.1785746e-06	0	3.1785751e-06
lncRNA	ENST00000647872.1	LINC02693	4741	0	0	-1	0	1.2315232e-06	0	1.2315234e-06
lncRNA	ENST00000647872.1	LINC02693	4742	0	0	-1	0	1.0323623e-06	0	1.0323625e-06
lncRNA	ENST00000647872.1	LINC02693	4743	0	0	-1	0	3.11284e-07	0	3.1128405e-07
lncRNA	ENST00000647872.1	LINC02693	4744	0	0	-1	0	3.4494434e-07	0	3.4494439e-07
lncRNA	ENST00000647872.1	LINC02693	4745	0	0	-1	0	1.7055876e-06	0	1.7055878e-06
lncRNA	ENST00000647872.1	LINC02693	4746	0	0	-1	0	4.222622e-06	0	4.2226227e-06
lncRNA	ENST00000647872.1	LINC02693	4747	0	0	-1	0	5.7732444e-07	0	5.7732453e-07
lncRNA	ENST00000647872.1	LINC02693	4748	0	0	-1	0	1.3380173e-06	0	1.3380176e-06
lncRNA	ENST00000647872.1	LINC02693	4749	0	0	-1	0	6.6925344e-07	0	6.6925354e-07
lncRNA	ENST00000647872.1	LINC02693	4750	0	0	-1	0	2.9457135e-07	0	2.945714e-07
lncRNA	ENST00000647872.1	LINC02693	4751	0	0	-1	0	1.0561524e-07	0	1.0561525e-07
lncRNA	ENST00000647872.1	LINC02693	4752	0	0	-1	0	2.9311053e-07	0	2.9311058e-07
lncRNA	ENST00000647872.1	LINC02693	4753	0	0	-1	0	3.2422633e-07	0	3.2422639e-07
lncRNA	ENST00000647872.1	LINC02693	4754	0	0	-1	0	2.3130632e-07	0	2.3130635e-07
lncRNA	ENST00000647872.1	LINC02693	4755	0	0	-1	0	2.4873123e-07	0	2.4873126e-07
lncRNA	ENST00000647872.1	LINC02693	4756	0	0	-1	0	1.3776545e-07	0	1.3776548e-07
lncRNA	ENST00000647872.1	LINC02693	4757	0	0	-1	0	1.3157761e-07	0	1.3157763e-07
lncRNA	ENST00000647872.1	LINC02693	4758	0	0	-1	0	1.5917029e-06	0	1.5917032e-06
lncRNA	ENST00000647872.1	LINC02693	4759	0	0	-1	0	1.516803e-06	0	1.5168032e-06
lncRNA	ENST00000647872.1	LINC02693	4760	0	0	-1	0	2.5508908e-07	0	2.5508912e-07
lncRNA	ENST00000647872.1	LINC02693	4761	0	0	-1	0	1.3115078e-07	0	1.3115081e-07
lncRNA	ENST00000647872.1	LINC02693	4762	0	0	-1	0	4.2659985e-07	0	4.2659992e-07
lncRNA	ENST00000647872.1	LINC02693	4763	0	0	-1	0	2.1535627e-07	0	2.153563e-07
lncRNA	ENST00000647872.1	LINC02693	4764	0	0	-1	0	2.7782528e-07	0	2.7782532e-07
lncRNA	ENST00000647872.1	LINC02693	4765	0	0	-1	0	2.6020933e-07	0	2.6020937e-07
lncRNA	ENST00000647872.1	LINC02693	4766	0	0	-1	0	1.3321001e-07	0	1.3321003e-07
lncRNA	ENST00000647872.1	LINC02693	4767	0	0	-1	0	2.1482886e-07	0	2.1482889e-07
lncRNA	ENST00000647872.1	LINC02693	4768	0	0	-1	0	4.9759836e-07	0	4.9759844e-07
lncRNA	ENST00000647872.1	LINC02693	4769	0	0	-1	0	3.0788286e-07	0	3.0788291e-07
lncRNA	ENST00000647872.1	LINC02693	4770	0	0	-1	0	9.268976e-08	0	9.2689774e-08
lncRNA	ENST00000647872.1	LINC02693	4771	0	0	-1	0	1.9956536e-07	0	1.9956539e-07
lncRNA	ENST00000647872.1	LINC02693	4772	0	0	-1	0	4.5937847e-07	0	4.5937854e-07
lncRNA	ENST00000647872.1	LINC02693	4773	0	0	-1	0	4.9094831e-07	0	4.9094839e-07
lncRNA	ENST00000647872.1	LINC02693	4774	0	0	-1	0	2.5174865e-07	0	2.5174868e-07
lncRNA	ENST00000647872.1	LINC02693	4775	0	0	-1	0	7.6668988e-07	0	7.6669e-07
lncRNA	ENST00000647872.1	LINC02693	4776	0	0	-1	0	2.3488927e-07	0	2.3488931e-07
lncRNA	ENST00000647872.1	LINC02693	4777	0	0	-1	0	1.514257e-07	0	1.5142572e-07
lncRNA	ENST00000647872.1	LINC02693	4778	0	0	-1	0	3.5546545e-06	0	3.5546551e-06
lncRNA	ENST00000647872.1	LINC02693	4779	0	0	-1	0	1.9423549e-06	0	1.9423552e-06
lncRNA	ENST00000647872.1	LINC02693	4780	0	0	-1	0	1.0432353e-06	0	1.0432355e-06
lncRNA	ENST00000647872.1	LINC02693	4781	0	0	-1	0	1.2743628e-05	0	1.274363e-05
lncRNA	ENST00000647872.1	LINC02693	4782	0	0	-1	0	2.4812445e-07	0	2.4812449e-07
lncRNA	ENST00000647872.1	LINC02693	4783	0	0	-1	0	1.3018758e-06	0	1.301876e-06
lncRNA	ENST00000647872.1	LINC02693	4784	0	0	-1	0	3.0010668e-05	0	3.0010672e-05
lncRNA	ENST00000647872.1	LINC02693	4785	0	0	-1	0	4.8159484e-07	0	4.8159491e-07
lncRNA	ENST00000647872.1	LINC02693	4786	0	0	-1	0	4.8150991e-07	0	4.8150999e-07
lncRNA	ENST00000647872.1	LINC02693	4787	0	0	-1	0	1.8851983e-06	0	1.8851986e-06
lncRNA	ENST00000647872.1	LINC02693	4788	0	0	-1	0	1.5375656e-06	0	1.5375658e-06
lncRNA	ENST00000647872.1	LINC02693	4789	0	0	-1	0	1.3561259e-06	0	1.3561262e-06
lncRNA	ENST00000647872.1	LINC02693	4790	0	0	-1	0	6.8092199e-06	0	6.809221e-06
lncRNA	ENST00000647872.1	LINC02693	4791	0	0	-1	0	4.0559325e-06	0	4.0559332e-06
lncRNA	ENST00000647872.1	LINC02693	4792	0	0	-1	0	1.7164402e-06	0	1.7164405e-06
lncRNA	ENST00000647872.1	LINC02693	4793	0	0	-1	0	1.6435184e-06	0	1.6435187e-06
lncRNA	ENST00000647872.1	LINC02693	4794	0	0	-1	0	4.8785137e-06	0	4.8785144e-06
lncRNA	ENST00000647872.1	LINC02693	4795	0	0	-1	0	5.1912468e-07	0	5.1912476e-07
lncRNA	ENST00000647872.1	LINC02693	4796	0	0	-1	0	3.1023742e-06	0	3.1023747e-06
lncRNA	ENST00000647872.1	LINC02693	4797	0	0	-1	0	2.3516924e-07	0	2.3516928e-07
lncRNA	ENST00000647872.1	LINC02693	4798	0	0	-1	0	2.1145873e-07	0	2.1145876e-07
lncRNA	ENST00000647872.1	LINC02693	4799	0	0	-1	0	3.4452316e-07	0	3.4452321e-07
lncRNA	ENST00000647872.1	LINC02693	4800	0	0	-1	0	6.831292e-07	0	6.8312931e-07
lncRNA	ENST00000647872.1	LINC02693	4801	0	0	-1	0	2.3271834e-06	0	2.3271838e-06
lncRNA	ENST00000647872.1	LINC02693	4802	0	0	-1	0	9.3094036e-07	0	9.3094051e-07
lncRNA	ENST00000647872.1	LINC02693	4803	0	0	-1	0	5.4448958e-07	0	5.4448967e-07
lncRNA	ENST00000647872.1	LINC02693	4804	0	0	-1	0	8.3950715e-07	0	8.3950728e-07
lncRNA	ENST00000647872.1	LINC02693	4805	0	0	-1	0	2.938595e-07	0	2.9385955e-07
lncRNA	ENST00000647872.1	LINC02693	4806	0	0	-1	0	1.6952018e-07	0	1.695202e-07
lncRNA	ENST00000647872.1	LINC02693	4807	0	0	-1	0	4.2280516e-07	0	4.2280522e-07
lncRNA	ENST00000647872.1	LINC02693	4808	0	0	-1	0	2.2854888e-06	0	2.2854891e-06
lncRNA	ENST00000647872.1	LINC02693	4809	0	0	-1	0	4.2660389e-07	0	4.2660396e-07
lncRNA	ENST00000647872.1	LINC02693	4810	0	0	-1	0	4.4727281e-07	0	4.4727288e-07
lncRNA	ENST00000647872.1	LINC02693	4811	0	0	-1	0	5.1155062e-06	0	5.115507e-06
lncRNA	ENST00000647872.1	LINC02693	4812	0	0	-1	0	1.2325055e-06	0	1.2325057e-06
lncRNA	ENST00000647872.1	LINC02693	4813	0	0	-1	0	1.0112242e-06	0	1.0112243e-06
lncRNA	ENST00000647872.1	LINC02693	4814	0	0	-1	0	7.4486729e-07	0	7.4486741e-07
lncRNA	ENST00000647872.1	LINC02693	4815	0	0	-1	0	2.5447216e-07	0	2.544722e-07
lncRNA	ENST00000647872.1	LINC02693	4816	0	0	-1	0	8.4243808e-08	0	8.4243822e-08
lncRNA	ENST00000647872.1	LINC02693	4817	0	0	-1	0	2.6401705e-07	0	2.6401709e-07
lncRNA	ENST00000647872.1	LINC02693	4818	0	0	-1	0	2.454511e-07	0	2.4545114e-07
lncRNA	ENST00000647872.1	LINC02693	4819	0	0	-1	0	1.4890911e-07	0	1.4890913e-07
lncRNA	ENST00000647872.1	LINC02693	4820	0	0	-1	0	1.8098204e-07	0	1.8098207e-07
lncRNA	ENST00000647872.1	LINC02693	4821	0	0	-1	0	4.241775e-07	0	4.2417757e-07
lncRNA	ENST00000647872.1	LINC02693	4822	0	0	-1	0	1.0959354e-07	0	1.0959356e-07
lncRNA	ENST00000647872.1	LINC02693	4823	0	0	-1	0	2.8626167e-07	0	2.8626171e-07
lncRNA	ENST00000647872.1	LINC02693	4824	0	0	-1	0	5.3019153e-07	0	5.3019161e-07
lncRNA	ENST00000647872.1	LINC02693	4825	0	0	-1	0	9.8468502e-07	0	9.8468517e-07
lncRNA	ENST00000647872.1	LINC02693	4826	0	0	-1	0	2.3516689e-06	0	2.3516692e-06
lncRNA	ENST00000647872.1	LINC02693	4827	0	0	-1	0	1.3609729e-06	0	1.3609731e-06
lncRNA	ENST00000647872.1	LINC02693	4828	0	0	-1	0	8.8332399e-08	0	8.8332413e-08
lncRNA	ENST00000647872.1	LINC02693	4829	0	0	-1	0	1.0313738e-07	0	1.031374e-07
lncRNA	ENST00000647872.1	LINC02693	4830	0	0	-1	0	6.3150594e-08	0	6.3150604e-08
lncRNA	ENST00000647872.1	LINC02693	4831	0	0	-1	0	6.5616526e-08	0	6.5616536e-08
lncRNA	ENST00000647872.1	LINC02693	4832	0	0	-1	0	1.3517491e-07	0	1.3517494e-07
lncRNA	ENST00000647872.1	LINC02693	4833	0	0	-1	0	1.9776991e-08	0	1.9776994e-08
lncRNA	ENST00000647872.1	LINC02693	4834	0	0	-1	0	8.7591182e-08	0	8.7591196e-08
lncRNA	ENST00000647872.1	LINC02693	4835	0	0	-1	0	2.2463547e-08	0	2.2463551e-08
lncRNA	ENST00000647872.1	LINC02693	4836	0	0	-1	0	2.3409071e-07	0	2.3409074e-07
lncRNA	ENST00000647872.1	LINC02693	4837	0	0	-1	0	1.87705e-08	0	1.8770503e-08
lncRNA	ENST00000647872.1	LINC02693	4838	0	0	-1	0	4.4478949e-07	0	4.4478956e-07
lncRNA	ENST00000647872.1	LINC02693	4839	0	0	-1	0	8.7188141e-08	0	8.7188155e-08
lncRNA	ENST00000647872.1	LINC02693	4840	0	0	-1	0	1.4047519e-08	0	1.4047521e-08
lncRNA	ENST00000647872.1	LINC02693	4841	0	0	-1	0	4.3465775e-08	0	4.3465782e-08
lncRNA	ENST00000647872.1	LINC02693	4842	0	0	-1	0	1.4220035e-06	0	1.4220037e-06
lncRNA	ENST00000647872.1	LINC02693	4843	0	0	-1	0	1.5716827e-07	0	1.571683e-07
lncRNA	ENST00000647872.1	LINC02693	4844	0	0	-1	0	1.4370226e-08	0	1.4370228e-08
lncRNA	ENST00000647872.1	LINC02693	4845	0	0	-1	0	2.1798398e-07	0	2.1798402e-07
lncRNA	ENST00000647872.1	LINC02693	4846	0	0	-1	0	7.5037366e-07	0	7.5037378e-07
lncRNA	ENST00000647872.1	LINC02693	4847	0	0	-1	0	1.0822706e-06	0	1.0822708e-06
lncRNA	ENST00000647872.1	LINC02693	4848	0	0	-1	0	1.2275084e-06	0	1.2275086e-06
lncRNA	ENST00000647872.1	LINC02693	4849	0	0	-1	0	1.5734913e-07	0	1.5734916e-07
lncRNA	ENST00000647872.1	LINC02693	4850	0	0	-1	0	7.8477747e-08	0	7.8477759e-08
lncRNA	ENST00000647872.1	LINC02693	4851	0	0	-1	0	4.5370581e-07	0	4.5370588e-07
lncRNA	ENST00000647872.1	LINC02693	4852	0	0	-1	0	3.3094636e-07	0	3.3094642e-07
lncRNA	ENST00000647872.1	LINC02693	4853	0	0	-1	0	1.4082602e-07	0	1.4082604e-07
lncRNA	ENST00000647872.1	LINC02693	4854	0	0	-1	0	1.2625327e-06	0	1.2625329e-06
lncRNA	ENST00000647872.1	LINC02693	4855	0	0	-1	0	2.0762145e-07	0	2.0762149e-07
lncRNA	ENST00000647872.1	LINC02693	4856	0	0	-1	0	2.6859297e-07	0	2.6859301e-07
lncRNA	ENST00000647872.1	LINC02693	4857	0	0	-1	0	8.5669052e-07	0	8.5669065e-07
lncRNA	ENST00000647872.1	LINC02693	4858	0	0	-1	0	1.588441e-06	0	1.5884413e-06
lncRNA	ENST00000647872.1	LINC02693	4859	0	0	-1	0	5.8979066e-07	0	5.8979075e-07
lncRNA	ENST00000647872.1	LINC02693	4860	0	0	-1	0	4.8573185e-07	0	4.8573192e-07
lncRNA	ENST00000647872.1	LINC02693	4861	0	0	-1	0	6.703704e-06	0	6.7037051e-06
lncRNA	ENST00000647872.1	LINC02693	4862	0	0	-1	0	6.1252977e-06	0	6.1252986e-06
lncRNA	ENST00000647872.1	LINC02693	4863	0	0	-1	0	2.4121151e-05	0	2.4121155e-05
lncRNA	ENST00000647872.1	LINC02693	4864	0	0	-1	0	6.2418862e-06	0	6.2418872e-06
lncRNA	ENST00000647872.1	LINC02693	4865	0	0	-1	0	5.0900428e-07	0	5.0900436e-07
lncRNA	ENST00000647872.1	LINC02693	4866	0	0	-1	0	1.327315e-06	0	1.3273152e-06
lncRNA	ENST00000647872.1	LINC02693	4867	0	0	-1	0	3.2389411e-07	0	3.2389416e-07
lncRNA	ENST00000647872.1	LINC02693	4868	0	0	-1	0	1.0092915e-06	0	1.0092917e-06
lncRNA	ENST00000647872.1	LINC02693	4869	0	0	-1	0	5.9258088e-07	0	5.9258097e-07
lncRNA	ENST00000647872.1	LINC02693	4870	0	0	-1	0	7.8933698e-07	0	7.893371e-07
lncRNA	ENST00000647872.1	LINC02693	4871	0	0	-1	0	4.5549285e-07	0	4.5549292e-07
lncRNA	ENST00000647872.1	LINC02693	4872	0	0	-1	0	5.9281996e-07	0	5.9282005e-07
lncRNA	ENST00000647872.1	LINC02693	4873	0	0	-1	0	5.8661732e-07	0	5.8661741e-07
lncRNA	ENST00000647872.1	LINC02693	4874	0	0	-1	0	7.967023e-07	0	7.9670242e-07
lncRNA	ENST00000647872.1	LINC02693	4875	0	0	-1	0	1.6852306e-07	0	1.6852309e-07
lncRNA	ENST00000647872.1	LINC02693	4876	0	0	-1	0	2.0083223e-06	0	2.0083226e-06
lncRNA	ENST00000647872.1	LINC02693	4877	0	0	-1	0	4.117785e-06	0	4.1177857e-06
lncRNA	ENST00000647872.1	LINC02693	4878	0	0	-1	0	3.4512465e-07	0	3.451247e-07
lncRNA	ENST00000647872.1	LINC02693	4879	0	0	-1	0	1.3656286e-06	0	1.3656288e-06
lncRNA	ENST00000647872.1	LINC02693	4880	0	0	-1	0	4.7875046e-06	0	4.7875054e-06
lncRNA	ENST00000647872.1	LINC02693	4881	0	0	-1	0	2.2966165e-06	0	2.2966168e-06
lncRNA	ENST00000647872.1	LINC02693	4882	0	0	-1	0	1.7713068e-05	0	1.7713071e-05
lncRNA	ENST00000647872.1	LINC02693	4883	0	0	-1	0	6.9452876e-06	0	6.9452887e-06
lncRNA	ENST00000647872.1	LINC02693	4884	0	0	-1	0	6.7834202e-07	0	6.7834213e-07
lncRNA	ENST00000647872.1	LINC02693	4885	0	0	-1	0	3.6793341e-07	0	3.6793347e-07
lncRNA	ENST00000647872.1	LINC02693	4886	0	0	-1	0	6.6480311e-07	0	6.6480321e-07
lncRNA	ENST00000647872.1	LINC02693	4887	0	0	-1	0	2.2784398e-06	0	2.2784401e-06
lncRNA	ENST00000647872.1	LINC02693	4888	0	0	-1	0	6.4090291e-06	0	6.4090301e-06
lncRNA	ENST00000647872.1	LINC02693	4889	0	0	-1	0	1.4158863e-05	0	1.4158866e-05
lncRNA	ENST00000647872.1	LINC02693	4890	0	0	-1	0	2.1739138e-06	0	2.1739141e-06
lncRNA	ENST00000647872.1	LINC02693	4891	0	0	-1	0	2.3440111e-06	0	2.3440115e-06
lncRNA	ENST00000647872.1	LINC02693	4892	0	0	-1	0	3.5781943e-06	0	3.5781949e-06
lncRNA	ENST00000647872.1	LINC02693	4893	0	0	-1	0	4.3261093e-07	0	4.32611e-07
lncRNA	ENST00000647872.1	LINC02693	4894	0	0	-1	0	3.8990979e-06	0	3.8990985e-06
lncRNA	ENST00000647872.1	LINC02693	4895	0	0	-1	0	3.0713022e-06	0	3.0713027e-06
lncRNA	ENST00000647872.1	LINC02693	4896	0	0	-1	0	3.3035323e-07	0	3.3035328e-07
lncRNA	ENST00000647872.1	LINC02693	4897	0	0	-1	0	3.5162901e-07	0	3.5162907e-07
lncRNA	ENST00000647872.1	LINC02693	4898	0	0	-1	0	8.6870551e-07	0	8.6870565e-07
lncRNA	ENST00000647872.1	LINC02693	4899	0	0	-1	0	4.441776e-08	0	4.4417767e-08
lncRNA	ENST00000647872.1	LINC02693	4900	0	0	-1	0	1.1306988e-06	0	1.130699e-06
lncRNA	ENST00000647872.1	LINC02693	4901	0	0	-1	0	4.5320594e-05	0	4.5320601e-05
lncRNA	ENST00000647872.1	LINC02693	4902	0	0	-1	0	4.9049881e-06	0	4.9049889e-06
lncRNA	ENST00000647872.1	LINC02693	4903	0	0	-1	0	1.8853214e-07	0	1.8853217e-07
lncRNA	ENST00000647872.1	LINC02693	4904	0	0	-1	0	1.6351308e-06	0	1.6351311e-06
lncRNA	ENST00000647872.1	LINC02693	4905	0	0	-1	0	3.1280247e-06	0	3.1280252e-06
lncRNA	ENST00000647872.1	LINC02693	4906	0	0	-1	0	8.0818813e-07	0	8.0818826e-07
lncRNA	ENST00000647872.1	LINC02693	4907	0	0	-1	0	1.9724328e-06	0	1.9724331e-06
lncRNA	ENST00000647872.1	LINC02693	4908	0	0	-1	0	2.8880982e-06	0	2.8880986e-06
lncRNA	ENST00000647872.1	LINC02693	4909	0	0	-1	0	6.3219926e-07	0	6.3219936e-07
lncRNA	ENST00000647872.1	LINC02693	4910	0	0	-1	0	5.5352888e-07	0	5.5352896e-07
lncRNA	ENST00000647872.1	LINC02693	4911	0	0	-1	0	1.4981591e-05	0	1.4981593e-05
lncRNA	ENST00000647872.1	LINC02693	4912	0	0	-1	0	6.3454745e-06	0	6.3454755e-06
lncRNA	ENST00000647872.1	LINC02693	4913	0	0	-1	0	7.7444719e-07	0	7.7444731e-07
lncRNA	ENST00000647872.1	LINC02693	4914	0	0	-1	0	7.6573048e-07	0	7.657306e-07
lncRNA	ENST00000647872.1	LINC02693	4915	0	0	-1	0	7.0629096e-07	0	7.0629107e-07
lncRNA	ENST00000647872.1	LINC02693	4916	0	0	-1	0	3.0428098e-06	0	3.0428103e-06
lncRNA	ENST00000647872.1	LINC02693	4917	0	0	-1	0	2.7620848e-07	0	2.7620853e-07
lncRNA	ENST00000647872.1	LINC02693	4918	0	0	-1	0	2.5935622e-06	0	2.5935626e-06
lncRNA	ENST00000647872.1	LINC02693	4919	0	0	-1	0	5.6508911e-06	0	5.650892e-06
lncRNA	ENST00000647872.1	LINC02693	4920	0	0	-1	0	9.3144212e-07	0	9.3144226e-07
lncRNA	ENST00000647872.1	LINC02693	4921	0	0	-1	0	4.6437478e-07	0	4.6437485e-07
lncRNA	ENST00000647872.1	LINC02693	4922	0	0	-1	0	8.3191071e-06	0	8.3191084e-06
lncRNA	ENST00000647872.1	LINC02693	4923	0	0	-1	0	1.7739143e-06	0	1.7739146e-06
lncRNA	ENST00000647872.1	LINC02693	4924	0	0	-1	0	2.2945925e-07	0	2.2945928e-07
lncRNA	ENST00000647872.1	LINC02693	4925	0	0	-1	0	4.7633105e-07	0	4.7633113e-07
lncRNA	ENST00000647872.1	LINC02693	4926	0	0	-1	0	7.842239e-06	0	7.8422403e-06
lncRNA	ENST00000647872.1	LINC02693	4927	0	0	-1	0	2.1027165e-07	0	2.1027168e-07
lncRNA	ENST00000647872.1	LINC02693	4928	0	0	-1	0	1.4403774e-06	0	1.4403777e-06
lncRNA	ENST00000647872.1	LINC02693	4929	0	0	-1	0	3.773913e-06	0	3.7739136e-06
lncRNA	ENST00000647872.1	LINC02693	4930	0	0	-1	0	1.1489008e-05	0	1.148901e-05
lncRNA	ENST00000647872.1	LINC02693	4931	0	0	-1	0	4.640525e-07	0	4.6405258e-07
lncRNA	ENST00000647872.1	LINC02693	4932	0	0	-1	0	1.1722231e-06	0	1.1722232e-06
lncRNA	ENST00000647872.1	LINC02693	4933	0	0	-1	0	5.2000519e-07	0	5.2000527e-07
lncRNA	ENST00000647872.1	LINC02693	4934	0	0	-1	0	4.8401586e-07	0	4.8401593e-07
lncRNA	ENST00000647872.1	LINC02693	4935	0	0	-1	0	1.8297121e-07	0	1.8297123e-07
lncRNA	ENST00000647872.1	LINC02693	4936	0	0	-1	0	1.7728725e-06	0	1.7728727e-06
lncRNA	ENST00000647872.1	LINC02693	4937	0	0	-1	0	2.0025055e-07	0	2.0025059e-07
lncRNA	ENST00000647872.1	LINC02693	4938	0	0	-1	0	1.305152e-07	0	1.3051522e-07
lncRNA	ENST00000647872.1	LINC02693	4939	0	0	-1	0	4.6476734e-07	0	4.6476741e-07
lncRNA	ENST00000647872.1	LINC02693	4940	0	0	-1	0	4.1638973e-06	0	4.163898e-06
lncRNA	ENST00000647872.1	LINC02693	4941	0	0	-1	0	4.3340524e-06	0	4.3340531e-06
lncRNA	ENST00000647872.1	LINC02693	4942	0	0	-1	0	2.2854035e-06	0	2.2854039e-06
lncRNA	ENST00000647872.1	LINC02693	4943	0	0	-1	0	4.3570338e-07	0	4.3570345e-07
lncRNA	ENST00000647872.1	LINC02693	4944	0	0	-1	0	1.4845347e-06	0	1.4845349e-06
lncRNA	ENST00000647872.1	LINC02693	4945	0	0	-1	0	3.9312962e-07	0	3.9312969e-07
lncRNA	ENST00000647872.1	LINC02693	4946	0	0	-1	0	2.5551955e-07	0	2.5551959e-07
lncRNA	ENST00000647872.1	LINC02693	4947	0	0	-1	0	6.9817168e-07	0	6.9817179e-07
lncRNA	ENST00000647872.1	LINC02693	4948	0	0	-1	0	1.9938454e-06	0	1.9938458e-06
lncRNA	ENST00000647872.1	LINC02693	4949	0	0	-1	0	3.0685619e-06	0	3.0685624e-06
lncRNA	ENST00000647872.1	LINC02693	4950	0	0	-1	0	2.1434705e-06	0	2.1434708e-06
lncRNA	ENST00000647872.1	LINC02693	4951	0	0	-1	0	6.0320131e-06	0	6.032014e-06
lncRNA	ENST00000647872.1	LINC02693	4952	0	0	-1	0	1.3951899e-06	0	1.3951901e-06
lncRNA	ENST00000647872.1	LINC02693	4953	0	0	-1	0	2.8349731e-07	0	2.8349736e-07
lncRNA	ENST00000647872.1	LINC02693	4954	0	0	-1	0	1.3795675e-07	0	1.3795677e-07
lncRNA	ENST00000647872.1	LINC02693	4955	0	0	-1	0	3.3183333e-08	0	3.3183339e-08
lncRNA	ENST00000647872.1	LINC02693	4956	0	0	-1	0	9.9507432e-08	0	9.9507447e-08
lncRNA	ENST00000647872.1	LINC02693	4957	0	0	-1	0	2.8313607e-07	0	2.8313612e-07
lncRNA	ENST00000647872.1	LINC02693	4958	0	0	-1	0	1.938041e-07	0	1.9380413e-07
lncRNA	ENST00000647872.1	LINC02693	4959	0	0	-1	0	4.4809551e-07	0	4.4809558e-07
lncRNA	ENST00000647872.1	LINC02693	4960	0	0	-1	0	2.4562241e-06	0	2.4562245e-06
lncRNA	ENST00000647872.1	LINC02693	4961	0	0	-1	0	3.1538841e-06	0	3.1538846e-06
lncRNA	ENST00000647872.1	LINC02693	4962	0	0	-1	0	2.1295582e-06	0	2.1295585e-06
lncRNA	ENST00000647872.1	LINC02693	4963	0	0	-1	0	3.8337862e-06	0	3.8337868e-06
lncRNA	ENST00000647872.1	LINC02693	4964	0	0	-1	0	3.6224017e-07	0	3.6224023e-07
lncRNA	ENST00000647872.1	LINC02693	4965	0	0	-1	0	5.1876168e-06	0	5.1876176e-06
lncRNA	ENST00000647872.1	LINC02693	4966	0	0	-1	0	1.1496828e-06	0	1.149683e-06
lncRNA	ENST00000647872.1	LINC02693	4967	0	0	-1	0	5.9867017e-07	0	5.9867026e-07
lncRNA	ENST00000647872.1	LINC02693	4968	0	0	-1	0	4.1120771e-07	0	4.1120777e-07
lncRNA	ENST00000647872.1	LINC02693	4969	0	0	-1	0	1.3497456e-06	0	1.3497458e-06
lncRNA	ENST00000647872.1	LINC02693	4970	0	0	-1	0	4.1427461e-06	0	4.1427467e-06
lncRNA	ENST00000647872.1	LINC02693	4971	0	0	-1	0	6.0719901e-07	0	6.0719911e-07
lncRNA	ENST00000647872.1	LINC02693	4972	0	0	-1	0	4.458132e-06	0	4.4581327e-06
lncRNA	ENST00000647872.1	LINC02693	4973	0	0	-1	0	2.1472586e-05	0	2.1472589e-05
lncRNA	ENST00000647872.1	LINC02693	4974	0	0	-1	0	2.9943271e-06	0	2.9943276e-06
lncRNA	ENST00000647872.1	LINC02693	4975	0	0	-1	0	1.779545e-06	0	1.7795452e-06
lncRNA	ENST00000647872.1	LINC02693	4976	0	0	-1	0	4.8337261e-06	0	4.8337268e-06
lncRNA	ENST00000647872.1	LINC02693	4977	0	0	-1	0	4.2671763e-06	0	4.267177e-06
lncRNA	ENST00000647872.1	LINC02693	4978	0	0	-1	0	3.1106958e-06	0	3.1106963e-06
lncRNA	ENST00000647872.1	LINC02693	4979	0	0	-1	0	1.5546755e-06	0	1.5546757e-06
lncRNA	ENST00000647872.1	LINC02693	4980	0	0	-1	0	8.7281656e-08	0	8.7281669e-08
lncRNA	ENST00000647872.1	LINC02693	4981	0	0	-1	0	2.8086267e-06	0	2.8086272e-06
lncRNA	ENST00000647872.1	LINC02693	4982	0	0	-1	0	1.8403954e-06	0	1.8403957e-06
lncRNA	ENST00000647872.1	LINC02693	4983	0	0	-1	0	1.9342178e-06	0	1.9342181e-06
lncRNA	ENST00000647872.1	LINC02693	4984	0	0	-1	0	6.0591134e-07	0	6.0591143e-07
lncRNA	ENST00000647872.1	LINC02693	4985	0	0	-1	0	7.6802362e-06	0	7.6802374e-06
lncRNA	ENST00000647872.1	LINC02693	4986	0	0	-1	0	9.3952036e-07	0	9.3952051e-07
lncRNA	ENST00000647872.1	LINC02693	4987	0	0	-1	0	4.4980254e-07	0	4.4980261e-07
lncRNA	ENST00000647872.1	LINC02693	4988	0	0	-1	0	3.0286701e-06	0	3.0286706e-06
lncRNA	ENST00000647872.1	LINC02693	4989	0	0	-1	0	2.3988589e-06	0	2.3988593e-06
lncRNA	ENST00000647872.1	LINC02693	4990	0	0	-1	0	3.3331528e-07	0	3.3331534e-07
lncRNA	ENST00000647872.1	LINC02693	4991	0	0	-1	0	5.8190739e-07	0	5.8190748e-07
lncRNA	ENST00000647872.1	LINC02693	4992	0	0	-1	0	1.4964178e-06	0	1.496418e-06
lncRNA	ENST00000647872.1	LINC02693	4993	0	0	-1	0	1.1316957e-06	0	1.1316959e-06
lncRNA	ENST00000647872.1	LINC02693	4994	0	0	-1	0	1.429486e-06	0	1.4294862e-06
lncRNA	ENST00000647872.1	LINC02693	4995	0	0	-1	0	2.9475768e-07	0	2.9475773e-07
lncRNA	ENST00000647872.1	LINC02693	4996	0	0	-1	0	2.5531932e-07	0	2.5531936e-07
lncRNA	ENST00000647872.1	LINC02693	4997	0	0	-1	0	1.4823519e-06	0	1.4823521e-06
lncRNA	ENST00000647872.1	LINC02693	4998	0	0	-1	0	2.8135793e-07	0	2.8135797e-07
lncRNA	ENST00000647872.1	LINC02693	4999	0	0	-1	0	4.9349063e-07	0	4.9349071e-07
lncRNA	ENST00000647872.1	LINC02693	5000	0	0	-1	0	6.2635976e-08	0	6.2635986e-08
lncRNA	ENST00000647872.1	LINC02693	5001	0	0	-1	0	8.1704434e-07	0	8.1704447e-07
lncRNA	ENST00000647872.1	LINC02693	5002	0	0	-1	0	2.866928e-07	0	2.8669284e-07
lncRNA	ENST00000647872.1	LINC02693	5003	0	0	-1	0	8.245491e-08	0	8.2454923e-08
lncRNA	ENST00000647872.1	LINC02693	5004	0	0	-1	0	7.950955e-07	0	7.9509563e-07
lncRNA	ENST00000647872.1	LINC02693	5005	0	0	-1	0	4.1893634e-07	0	4.189364e-07
lncRNA	ENST00000647872.1	LINC02693	5006	0	0	-1	0	7.7834324e-07	0	7.7834336e-07
lncRNA	ENST00000647872.1	LINC02693	5007	0	0	-1	0	4.8233164e-07	0	4.8233172e-07
lncRNA	ENST00000647872.1	LINC02693	5008	0	0	-1	0	1.0785078e-06	0	1.078508e-06
lncRNA	ENST00000647872.1	LINC02693	5009	0	0	-1	0	5.7782125e-07	0	5.7782134e-07
lncRNA	ENST00000647872.1	LINC02693	5010	0	0	-1	0	4.0504324e-06	0	4.050433e-06
lncRNA	ENST00000647872.1	LINC02693	5011	0	0	-1	0	6.3602545e-07	0	6.3602555e-07
lncRNA	ENST00000647872.1	LINC02693	5012	0	0	-1	0	1.4593576e-06	0	1.4593578e-06
lncRNA	ENST00000647872.1	LINC02693	5013	0	0	-1	0	3.6866081e-07	0	3.6866086e-07
lncRNA	ENST00000647872.1	LINC02693	5014	0	0	-1	0	1.2057855e-07	0	1.2057857e-07
lncRNA	ENST00000647872.1	LINC02693	5015	0	0	-1	0	1.5789118e-07	0	1.578912e-07
lncRNA	ENST00000647872.1	LINC02693	5016	0	0	-1	0	2.1436655e-07	0	2.1436658e-07
lncRNA	ENST00000647872.1	LINC02693	5017	0	0	-1	0	2.9633918e-07	0	2.9633923e-07
lncRNA	ENST00000647872.1	LINC02693	5018	0	0	-1	0	1.1085975e-06	0	1.1085977e-06
lncRNA	ENST00000647872.1	LINC02693	5019	0	0	-1	0	5.369792e-07	0	5.3697929e-07
lncRNA	ENST00000647872.1	LINC02693	5020	0	0	-1	0	2.0566583e-06	0	2.0566587e-06
lncRNA	ENST00000647872.1	LINC02693	5021	0	0	-1	0	9.3551189e-06	0	9.3551204e-06
lncRNA	ENST00000647872.1	LINC02693	5022	0	0	-1	0	9.5105764e-07	0	9.5105779e-07
lncRNA	ENST00000647872.1	LINC02693	5023	0	0	-1	0	5.0095616e-07	0	5.0095624e-07
lncRNA	ENST00000647872.1	LINC02693	5024	0	0	-1	0	6.7397806e-08	0	6.7397817e-08
lncRNA	ENST00000647872.1	LINC02693	5025	0	0	-1	0	2.5166569e-08	0	2.5166573e-08
lncRNA	ENST00000647872.1	LINC02693	5026	0	0	-1	0	4.3825651e-08	0	4.3825658e-08
lncRNA	ENST00000647872.1	LINC02693	5027	0	0	-1	0	2.9310844e-08	0	2.9310848e-08
lncRNA	ENST00000647872.1	LINC02693	5028	0	0	-1	0	2.237326e-06	0	2.2373264e-06
lncRNA	ENST00000647872.1	LINC02693	5029	0	0	-1	0	7.121883e-07	0	7.1218841e-07
lncRNA	ENST00000647872.1	LINC02693	5030	0	0	-1	0	8.1912833e-05	0	8.1912846e-05
lncRNA	ENST00000647872.1	LINC02693	5031	0	0	-1	0	9.7732363e-06	0	9.7732379e-06
lncRNA	ENST00000647872.1	LINC02693	5032	0	0	-1	0	3.7919442e-06	0	3.7919448e-06
lncRNA	ENST00000647872.1	LINC02693	5033	0	0	-1	0	1.5327219e-05	0	1.5327222e-05
lncRNA	ENST00000647872.1	LINC02693	5034	0	0	-1	0	1.2815234e-06	0	1.2815236e-06
lncRNA	ENST00000647872.1	LINC02693	5035	0	0	-1	0	4.347844e-07	0	4.3478447e-07
lncRNA	ENST00000647872.1	LINC02693	5036	0	0	-1	0	1.6101552e-06	0	1.6101555e-06
lncRNA	ENST00000647872.1	LINC02693	5037	0	0	-1	0	2.4625083e-07	0	2.4625087e-07
lncRNA	ENST00000647872.1	LINC02693	5038	0	0	-1	0	1.6682851e-07	0	1.6682854e-07
lncRNA	ENST00000647872.1	LINC02693	5039	0	0	-1	0	6.0580938e-08	0	6.0580947e-08
lncRNA	ENST00000647872.1	LINC02693	5040	0	0	-1	0	4.4448015e-08	0	4.4448022e-08
lncRNA	ENST00000647872.1	LINC02693	5041	0	0	-1	0	1.3559765e-07	0	1.3559767e-07
lncRNA	ENST00000647872.1	LINC02693	5042	0	0	-1	0	3.1508087e-06	0	3.1508091e-06
lncRNA	ENST00000647872.1	LINC02693	5043	0	0	-1	0	1.0505169e-05	0	1.0505171e-05
lncRNA	ENST00000647872.1	LINC02693	5044	0	0	-1	0	6.8903483e-07	0	6.8903494e-07
lncRNA	ENST00000647872.1	LINC02693	5045	0	0	-1	0	2.2860978e-07	0	2.2860981e-07
lncRNA	ENST00000647872.1	LINC02693	5046	0	0	-1	0	6.3298535e-07	0	6.3298545e-07
lncRNA	ENST00000647872.1	LINC02693	5047	0	0	-1	0	2.361202e-06	0	2.3612023e-06
lncRNA	ENST00000647872.1	LINC02693	5048	0	0	-1	0	2.5922591e-06	0	2.5922595e-06
lncRNA	ENST00000647872.1	LINC02693	5049	0	0	-1	0	3.4528121e-06	0	3.4528126e-06
lncRNA	ENST00000647872.1	LINC02693	5050	0	0	-1	0	1.4369789e-06	0	1.4369791e-06
lncRNA	ENST00000647872.1	LINC02693	5051	0	0	-1	0	1.7113904e-07	0	1.7113906e-07
lncRNA	ENST00000647872.1	LINC02693	5052	0	0	-1	0	4.9159439e-07	0	4.9159447e-07
lncRNA	ENST00000647872.1	LINC02693	5053	0	0	-1	0	2.9022983e-06	0	2.9022988e-06
lncRNA	ENST00000647872.1	LINC02693	5054	0	0	-1	0	1.7347553e-07	0	1.7347555e-07
lncRNA	ENST00000647872.1	LINC02693	5055	0	0	-1	0	2.8319846e-07	0	2.831985e-07
lncRNA	ENST00000647872.1	LINC02693	5056	0	0	-1	0	1.2325137e-06	0	1.2325139e-06
lncRNA	ENST00000647872.1	LINC02693	5057	0	0	-1	0	1.0337534e-06	0	1.0337536e-06
lncRNA	ENST00000647872.1	LINC02693	5058	0	0	-1	0	2.203562e-06	0	2.2035623e-06
lncRNA	ENST00000647872.1	LINC02693	5059	0	0	-1	0	1.8392906e-07	0	1.8392909e-07
lncRNA	ENST00000647872.1	LINC02693	5060	0	0	-1	0	3.0388091e-07	0	3.0388096e-07
lncRNA	ENST00000647872.1	LINC02693	5061	0	0	-1	0	1.7402177e-06	0	1.740218e-06
lncRNA	ENST00000647872.1	LINC02693	5062	0	0	-1	0	1.8028275e-06	0	1.8028277e-06
lncRNA	ENST00000647872.1	LINC02693	5063	0	0	-1	0	2.4082601e-07	0	2.4082605e-07
lncRNA	ENST00000647872.1	LINC02693	5064	0	0	-1	0	1.0820111e-07	0	1.0820113e-07
lncRNA	ENST00000647872.1	LINC02693	5065	0	0	-1	0	1.6842857e-07	0	1.684286e-07
lncRNA	ENST00000647872.1	LINC02693	5066	0	0	-1	0	2.6183271e-08	0	2.6183275e-08
lncRNA	ENST00000647872.1	LINC02693	5067	0	0	-1	0	1.3241252e-06	0	1.3241254e-06
lncRNA	ENST00000647872.1	LINC02693	5068	0	0	-1	0	6.6384581e-07	0	6.6384591e-07
lncRNA	ENST00000647872.1	LINC02693	5069	0	0	-1	0	2.2078689e-07	0	2.2078692e-07
lncRNA	ENST00000647872.1	LINC02693	5070	0	0	-1	0	9.4280232e-08	0	9.4280246e-08
lncRNA	ENST00000647872.1	LINC02693	5071	0	0	-1	0	1.7108479e-06	0	1.7108481e-06
lncRNA	ENST00000647872.1	LINC02693	5072	0	0	-1	0	7.7299279e-07	0	7.7299291e-07
lncRNA	ENST00000647872.1	LINC02693	5073	0	0	-1	0	2.5757055e-07	0	2.5757059e-07
lncRNA	ENST00000647872.1	LINC02693	5074	0	0	-1	0	5.8743575e-07	0	5.8743584e-07
lncRNA	ENST00000647872.1	LINC02693	5075	0	0	-1	0	2.759065e-07	0	2.7590654e-07
lncRNA	ENST00000647872.1	LINC02693	5076	0	0	-1	0	1.8239315e-07	0	1.8239318e-07
lncRNA	ENST00000647872.1	LINC02693	5077	0	0	-1	0	3.7630505e-07	0	3.7630511e-07
lncRNA	ENST00000647872.1	LINC02693	5078	0	0	-1	0	7.1877864e-08	0	7.1877875e-08
lncRNA	ENST00000647872.1	LINC02693	5079	0	0	-1	0	4.0628214e-07	0	4.062822e-07
lncRNA	ENST00000647872.1	LINC02693	5080	0	0	-1	0	1.3669113e-07	0	1.3669115e-07
lncRNA	ENST00000647872.1	LINC02693	5081	0	0	-1	0	2.687832e-08	0	2.6878324e-08
lncRNA	ENST00000647872.1	LINC02693	5082	0	0	-1	0	4.9121945e-07	0	4.9121953e-07
lncRNA	ENST00000647872.1	LINC02693	5083	0	0	-1	0	2.0429939e-06	0	2.0429942e-06
lncRNA	ENST00000647872.1	LINC02693	5084	0	0	-1	0	1.2660871e-06	0	1.2660873e-06
lncRNA	ENST00000647872.1	LINC02693	5085	0	0	-1	0	2.4117066e-06	0	2.411707e-06
lncRNA	ENST00000647872.1	LINC02693	5086	0	0	-1	0	1.5732355e-06	0	1.5732358e-06
lncRNA	ENST00000647872.1	LINC02693	5087	0	0	-1	0	4.4198459e-06	0	4.4198466e-06
lncRNA	ENST00000647872.1	LINC02693	5088	0	0	-1	0	3.704148e-07	0	3.7041485e-07
lncRNA	ENST00000647872.1	LINC02693	5089	0	0	-1	0	3.5568894e-06	0	3.55689e-06
lncRNA	ENST00000647872.1	LINC02693	5090	0	0	-1	0	7.6000019e-06	0	7.6000031e-06
lncRNA	ENST00000647872.1	LINC02693	5091	0	0	-1	0	1.6491809e-05	0	1.6491812e-05
lncRNA	ENST00000647872.1	LINC02693	5092	0	0	-1	0	9.7764564e-07	0	9.7764579e-07
lncRNA	ENST00000647872.1	LINC02693	5093	0	0	-1	0	5.5637616e-07	0	5.5637625e-07
lncRNA	ENST00000647872.1	LINC02693	5094	0	0	-1	0	7.482584e-07	0	7.4825852e-07
lncRNA	ENST00000647872.1	LINC02693	5095	0	0	-1	0	2.7893061e-06	0	2.7893065e-06
lncRNA	ENST00000647872.1	LINC02693	5096	0	0	-1	0	5.0660059e-08	0	5.0660067e-08
lncRNA	ENST00000647872.1	LINC02693	5097	0	0	-1	0	2.1751714e-07	0	2.1751717e-07
lncRNA	ENST00000647872.1	LINC02693	5098	0	0	-1	0	1.127988e-06	0	1.1279881e-06
lncRNA	ENST00000647872.1	LINC02693	5099	0	0	-1	0	3.0114352e-06	0	3.0114357e-06
lncRNA	ENST00000647872.1	LINC02693	5100	0	0	-1	0	6.5472977e-07	0	6.5472988e-07
lncRNA	ENST00000647872.1	LINC02693	5101	0	0	-1	0	1.5385036e-05	0	1.5385038e-05
lncRNA	ENST00000647872.1	LINC02693	5102	0	0	-1	0	3.5202577e-06	0	3.5202582e-06
lncRNA	ENST00000647872.1	LINC02693	5103	0	0	-1	0	3.3741112e-06	0	3.3741117e-06
lncRNA	ENST00000647872.1	LINC02693	5104	0	0	-1	0	4.4768567e-06	0	4.4768574e-06
lncRNA	ENST00000647872.1	LINC02693	5105	0	0	-1	0	6.0106885e-07	0	6.0106894e-07
lncRNA	ENST00000647872.1	LINC02693	5106	0	0	-1	0	2.7936537e-06	0	2.7936542e-06
lncRNA	ENST00000647872.1	LINC02693	5107	0	0	-1	0	3.3274061e-06	0	3.3274067e-06
lncRNA	ENST00000647872.1	LINC02693	5108	0	0	-1	0	2.5644588e-06	0	2.5644592e-06
lncRNA	ENST00000647872.1	LINC02693	5109	0	0	-1	0	5.3763823e-05	0	5.3763831e-05
lncRNA	ENST00000647872.1	LINC02693	5110	0	0	-1	0	2.7685752e-05	0	2.7685756e-05
lncRNA	ENST00000647872.1	LINC02693	5111	0	0	-1	0	4.2728325e-06	0	4.2728332e-06
lncRNA	ENST00000647872.1	LINC02693	5112	0	0	-1	0	1.1532121e-06	0	1.1532123e-06
lncRNA	ENST00000647872.1	LINC02693	5113	0	0	-1	0	5.0784369e-08	0	5.0784377e-08
lncRNA	ENST00000647872.1	LINC02693	5114	0	0	-1	0	5.2523919e-06	0	5.2523928e-06
lncRNA	ENST00000647872.1	LINC02693	5115	0	0	-1	0	5.2368714e-06	0	5.2368722e-06
lncRNA	ENST00000647872.1	LINC02693	5116	0	0	-1	0	1.6502736e-06	0	1.6502738e-06
lncRNA	ENST00000647872.1	LINC02693	5117	0	0	-1	0	2.3107716e-06	0	2.310772e-06
lncRNA	ENST00000647872.1	LINC02693	5118	0	0	-1	0	7.2336502e-07	0	7.2336513e-07
lncRNA	ENST00000647872.1	LINC02693	5119	0	0	-1	0	3.5566959e-06	0	3.5566965e-06
lncRNA	ENST00000647872.1	LINC02693	5120	0	0	-1	0	1.4124655e-06	0	1.4124657e-06
lncRNA	ENST00000647872.1	LINC02693	5121	0	0	-1	0	1.7988739e-06	0	1.7988742e-06
lncRNA	ENST00000647872.1	LINC02693	5122	0	0	-1	0	5.9684621e-06	0	5.9684631e-06
lncRNA	ENST00000647872.1	LINC02693	5123	0	0	-1	0	8.2618017e-06	0	8.261803e-06
lncRNA	ENST00000647872.1	LINC02693	5124	0	0	-1	0	1.9315028e-06	0	1.9315031e-06
lncRNA	ENST00000647872.1	LINC02693	5125	0	0	-1	0	7.6016863e-07	0	7.6016875e-07
lncRNA	ENST00000647872.1	LINC02693	5126	0	0	-1	0	1.2284557e-06	0	1.2284559e-06
lncRNA	ENST00000647872.1	LINC02693	5127	0	0	-1	0	3.4980948e-07	0	3.4980954e-07
lncRNA	ENST00000647872.1	LINC02693	5128	0	0	-1	0	5.0445783e-07	0	5.0445791e-07
lncRNA	ENST00000647872.1	LINC02693	5129	0	0	-1	0	2.1631784e-06	0	2.1631787e-06
lncRNA	ENST00000647872.1	LINC02693	5130	0	0	-1	0	2.3452132e-05	0	2.3452136e-05
lncRNA	ENST00000647872.1	LINC02693	5131	0	0	-1	0	5.2103446e-06	0	5.2103454e-06
lncRNA	ENST00000647872.1	LINC02693	5132	0	0	-1	0	1.4689853e-06	0	1.4689855e-06
lncRNA	ENST00000647872.1	LINC02693	5133	0	0	-1	0	4.6705739e-07	0	4.6705746e-07
lncRNA	ENST00000647872.1	LINC02693	5134	0	0	-1	0	7.0962631e-07	0	7.0962642e-07
lncRNA	ENST00000647872.1	LINC02693	5135	0	0	-1	0	7.0470446e-07	0	7.0470457e-07
lncRNA	ENST00000647872.1	LINC02693	5136	0	0	-1	0	1.1932359e-06	0	1.1932361e-06
lncRNA	ENST00000647872.1	LINC02693	5137	0	0	-1	0	4.5920965e-06	0	4.5920972e-06
lncRNA	ENST00000647872.1	LINC02693	5138	0	0	-1	0	1.1063781e-05	0	1.1063783e-05
lncRNA	ENST00000647872.1	LINC02693	5139	0	0	-1	0	1.0055766e-05	0	1.0055768e-05
lncRNA	ENST00000647872.1	LINC02693	5140	0	0	-1	0	2.4764329e-06	0	2.4764333e-06
lncRNA	ENST00000647872.1	LINC02693	5141	0	0	-1	0	2.5349591e-06	0	2.5349595e-06
lncRNA	ENST00000647872.1	LINC02693	5142	0	0	-1	0	7.3221963e-06	0	7.3221975e-06
lncRNA	ENST00000647872.1	LINC02693	5143	0	0	-1	0	7.5842064e-07	0	7.5842076e-07
lncRNA	ENST00000647872.1	LINC02693	5144	0	0	-1	0	1.314233e-06	0	1.3142332e-06
lncRNA	ENST00000647872.1	LINC02693	5145	0	0	-1	0	1.023927e-06	0	1.0239271e-06
lncRNA	ENST00000647872.1	LINC02693	5146	0	0	-1	0	4.3293717e-06	0	4.3293724e-06
lncRNA	ENST00000647872.1	LINC02693	5147	0	0	-1	0	2.3177015e-06	0	2.3177019e-06
lncRNA	ENST00000647872.1	LINC02693	5148	0	0	-1	0	2.2168326e-06	0	2.216833e-06
lncRNA	ENST00000647872.1	LINC02693	5149	0	0	-1	0	8.6505469e-07	0	8.6505482e-07
lncRNA	ENST00000647872.1	LINC02693	5150	0	0	-1	0	4.6270534e-06	0	4.6270541e-06
lncRNA	ENST00000647872.1	LINC02693	5151	0	0	-1	0	6.0856541e-07	0	6.0856551e-07
lncRNA	ENST00000647872.1	LINC02693	5152	0	0	-1	0	8.478475e-07	0	8.4784764e-07
lncRNA	ENST00000647872.1	LINC02693	5153	0	0	-1	0	4.8024212e-06	0	4.802422e-06
lncRNA	ENST00000647872.1	LINC02693	5154	0	0	-1	0	1.0532707e-05	0	1.0532709e-05
lncRNA	ENST00000647872.1	LINC02693	5155	0	0	-1	0	7.7894365e-06	0	7.7894377e-06
lncRNA	ENST00000647872.1	LINC02693	5156	0	0	-1	0	1.4820725e-05	0	1.4820728e-05
lncRNA	ENST00000647872.1	LINC02693	5157	0	0	-1	0	2.891666e-05	0	2.8916665e-05
lncRNA	ENST00000647872.1	LINC02693	5158	0	0	-1	0	3.525482e-06	0	3.5254826e-06
lncRNA	ENST00000647872.1	LINC02693	5159	0	0	-1	0	1.9435445e-06	0	1.9435448e-06
lncRNA	ENST00000647872.1	LINC02693	5160	0	0	-1	0	2.4828178e-06	0	2.4828182e-06
lncRNA	ENST00000647872.1	LINC02693	5161	0	0	-1	0	8.5098045e-06	0	8.5098058e-06
lncRNA	ENST00000647872.1	LINC02693	5162	0	0	-1	0	1.3610844e-06	0	1.3610846e-06
lncRNA	ENST00000647872.1	LINC02693	5163	0	0	-1	0	7.2176152e-07	0	7.2176164e-07
lncRNA	ENST00000647872.1	LINC02693	5164	0	0	-1	0	7.2411598e-07	0	7.2411609e-07
lncRNA	ENST00000647872.1	LINC02693	5165	0	0	-1	0	1.0742417e-06	0	1.0742419e-06
lncRNA	ENST00000647872.1	LINC02693	5166	0	0	-1	0	1.598537e-05	0	1.5985372e-05
lncRNA	ENST00000647872.1	LINC02693	5167	0	0	-1	0	3.4661028e-07	0	3.4661033e-07
lncRNA	ENST00000647872.1	LINC02693	5168	0	0	-1	0	2.9148637e-06	0	2.9148641e-06
lncRNA	ENST00000647872.1	LINC02693	5169	0	0	-1	0	5.9875833e-06	0	5.9875843e-06
lncRNA	ENST00000647872.1	LINC02693	5170	0	0	-1	0	5.2508864e-07	0	5.2508872e-07
lncRNA	ENST00000647872.1	LINC02693	5171	0	0	-1	0	1.1169516e-06	0	1.1169518e-06
lncRNA	ENST00000647872.1	LINC02693	5172	0	0	-1	0	1.2472883e-06	0	1.2472885e-06
lncRNA	ENST00000647872.1	LINC02693	5173	0	0	-1	0	3.9930892e-06	0	3.9930898e-06
lncRNA	ENST00000647872.1	LINC02693	5174	0	0	-1	0	4.6424925e-06	0	4.6424932e-06
lncRNA	ENST00000647872.1	LINC02693	5175	0	0	-1	0	1.1910895e-06	0	1.1910897e-06
lncRNA	ENST00000647872.1	LINC02693	5176	0	0	-1	0	2.8692924e-08	0	2.8692928e-08
lncRNA	ENST00000647872.1	LINC02693	5177	0	0	-1	0	5.0211082e-07	0	5.021109e-07
lncRNA	ENST00000647872.1	LINC02693	5178	0	0	-1	0	2.4011363e-06	0	2.4011366e-06
lncRNA	ENST00000647872.1	LINC02693	5179	0	0	-1	0	1.0095956e-06	0	1.0095958e-06
lncRNA	ENST00000647872.1	LINC02693	5180	0	0	-1	0	4.4319529e-07	0	4.4319536e-07
lncRNA	ENST00000647872.1	LINC02693	5181	0	0	-1	0	5.7647111e-07	0	5.764712e-07
lncRNA	ENST00000647872.1	LINC02693	5182	0	0	-1	0	1.3798135e-07	0	1.3798137e-07
lncRNA	ENST00000647872.1	LINC02693	5183	0	0	-1	0	6.9945452e-07	0	6.9945463e-07
lncRNA	ENST00000647872.1	LINC02693	5184	0	0	-1	0	1.8793069e-06	0	1.8793072e-06
lncRNA	ENST00000647872.1	LINC02693	5185	0	0	-1	0	4.5675696e-07	0	4.5675704e-07
lncRNA	ENST00000647872.1	LINC02693	5186	0	0	-1	0	3.4426796e-07	0	3.4426801e-07
lncRNA	ENST00000647872.1	LINC02693	5187	0	0	-1	0	1.8136268e-07	0	1.8136271e-07
lncRNA	ENST00000647872.1	LINC02693	5188	0	0	-1	0	5.910012e-07	0	5.9100129e-07
lncRNA	ENST00000647872.1	LINC02693	5189	0	0	-1	0	1.740172e-07	0	1.7401723e-07
lncRNA	ENST00000647872.1	LINC02693	5190	0	0	-1	0	1.9968358e-07	0	1.9968361e-07
lncRNA	ENST00000647872.1	LINC02693	5191	0	0	-1	0	1.0290983e-07	0	1.0290985e-07
lncRNA	ENST00000647872.1	LINC02693	5192	0	0	-1	0	1.8191397e-06	0	1.81914e-06
lncRNA	ENST00000647872.1	LINC02693	5193	0	0	-1	0	4.8179885e-07	0	4.8179893e-07
lncRNA	ENST00000647872.1	LINC02693	5194	0	0	-1	0	6.5254206e-08	0	6.5254216e-08
lncRNA	ENST00000647872.1	LINC02693	5195	0	0	-1	0	1.5093804e-06	0	1.5093806e-06
lncRNA	ENST00000647872.1	LINC02693	5196	0	0	-1	0	1.446755e-07	0	1.4467552e-07
lncRNA	ENST00000647872.1	LINC02693	5197	0	0	-1	0	1.9111724e-07	0	1.9111727e-07
lncRNA	ENST00000647872.1	LINC02693	5198	0	0	-1	0	7.5416629e-08	0	7.5416641e-08
lncRNA	ENST00000647872.1	LINC02693	5199	0	0	-1	0	1.0829656e-06	0	1.0829658e-06
lncRNA	ENST00000647872.1	LINC02693	5200	0	0	-1	0	2.2518307e-06	0	2.251831e-06
lncRNA	ENST00000647872.1	LINC02693	5201	0	0	-1	0	8.8006357e-07	0	8.8006371e-07
lncRNA	ENST00000647872.1	LINC02693	5202	0	0	-1	0	2.7957975e-07	0	2.795798e-07
lncRNA	ENST00000647872.1	LINC02693	5203	0	0	-1	0	1.1229885e-06	0	1.1229886e-06
lncRNA	ENST00000647872.1	LINC02693	5204	0	0	-1	0	5.3147232e-07	0	5.3147241e-07
lncRNA	ENST00000647872.1	LINC02693	5205	0	0	-1	0	1.7734711e-06	0	1.7734714e-06
lncRNA	ENST00000647872.1	LINC02693	5206	0	0	-1	0	3.4097795e-07	0	3.40978e-07
lncRNA	ENST00000647872.1	LINC02693	5207	0	0	-1	0	3.1948825e-06	0	3.194883e-06
lncRNA	ENST00000647872.1	LINC02693	5208	0	0	-1	0	2.5645054e-06	0	2.5645058e-06
lncRNA	ENST00000647872.1	LINC02693	5209	0	0	-1	0	2.6458849e-07	0	2.6458853e-07
lncRNA	ENST00000647872.1	LINC02693	5210	0	0	-1	0	1.1171539e-06	0	1.1171541e-06
lncRNA	ENST00000647872.1	LINC02693	5211	0	0	-1	0	4.3921068e-07	0	4.3921075e-07
lncRNA	ENST00000647872.1	LINC02693	5212	0	0	-1	0	1.2828771e-06	0	1.2828773e-06
lncRNA	ENST00000647872.1	LINC02693	5213	0	0	-1	0	4.4940853e-07	0	4.494086e-07
lncRNA	ENST00000647872.1	LINC02693	5214	0	0	-1	0	8.242705e-07	0	8.2427063e-07
lncRNA	ENST00000647872.1	LINC02693	5215	0	0	-1	0	6.6556281e-06	0	6.6556292e-06
lncRNA	ENST00000647872.1	LINC02693	5216	0	0	-1	0	8.4182568e-07	0	8.4182581e-07
lncRNA	ENST00000647872.1	LINC02693	5217	0	0	-1	0	9.7478198e-07	0	9.7478214e-07
lncRNA	ENST00000647872.1	LINC02693	5218	0	0	-1	0	3.6718535e-07	0	3.6718541e-07
lncRNA	ENST00000647872.1	LINC02693	5219	0	0	-1	0	0.00014635193	0	0.00014635195
lncRNA	ENST00000647872.1	LINC02693	5220	0	0	-1	0	3.9606543e-06	0	3.960655e-06
lncRNA	ENST00000647872.1	LINC02693	5221	0	0	-1	0	2.2558349e-06	0	2.2558353e-06
lncRNA	ENST00000647872.1	LINC02693	5222	0	0	-1	0	1.1078029e-06	0	1.107803e-06
lncRNA	ENST00000647872.1	LINC02693	5223	0	0	-1	0	5.6426757e-07	0	5.6426765e-07
lncRNA	ENST00000647872.1	LINC02693	5224	0	0	-1	0	2.0296244e-07	0	2.0296247e-07
lncRNA	ENST00000647872.1	LINC02693	5225	0	0	-1	0	1.4397814e-06	0	1.4397816e-06
lncRNA	ENST00000647872.1	LINC02693	5226	0	0	-1	0	4.5623565e-06	0	4.5623572e-06
lncRNA	ENST00000647872.1	LINC02693	5227	0	0	-1	0	5.2907677e-07	0	5.2907685e-07
lncRNA	ENST00000647872.1	LINC02693	5228	0	0	-1	0	5.2759748e-07	0	5.2759756e-07
lncRNA	ENST00000647872.1	LINC02693	5229	0	0	-1	0	1.8865544e-06	0	1.8865547e-06
lncRNA	ENST00000647872.1	LINC02693	5230	0	0	-1	0	3.8653712e-07	0	3.8653718e-07
lncRNA	ENST00000647872.1	LINC02693	5231	0	0	-1	0	1.8206445e-06	0	1.8206447e-06
lncRNA	ENST00000647872.1	LINC02693	5232	0	0	-1	0	1.9671447e-06	0	1.967145e-06
lncRNA	ENST00000647872.1	LINC02693	5233	0	0	-1	0	2.9910279e-06	0	2.9910284e-06
lncRNA	ENST00000647872.1	LINC02693	5234	0	0	-1	0	6.4686691e-07	0	6.4686701e-07
lncRNA	ENST00000647872.1	LINC02693	5235	0	0	-1	0	4.0431532e-06	0	4.0431539e-06
lncRNA	ENST00000647872.1	LINC02693	5236	0	0	-1	0	1.0388926e-06	0	1.0388928e-06
lncRNA	ENST00000647872.1	LINC02693	5237	0	0	-1	0	3.8288988e-07	0	3.8288994e-07
lncRNA	ENST00000647872.1	LINC02693	5238	0	0	-1	0	1.8392986e-06	0	1.8392989e-06
lncRNA	ENST00000647872.1	LINC02693	5239	0	0	-1	0	4.0497036e-07	0	4.0497043e-07
lncRNA	ENST00000647872.1	LINC02693	5240	0	0	-1	0	5.6367861e-07	0	5.636787e-07
lncRNA	ENST00000647872.1	LINC02693	5241	0	0	-1	0	4.3479458e-06	0	4.3479465e-06
lncRNA	ENST00000647872.1	LINC02693	5242	0	0	-1	0	1.4034812e-06	0	1.4034814e-06
lncRNA	ENST00000647872.1	LINC02693	5243	0	0	-1	0	9.0261544e-08	0	9.0261558e-08
lncRNA	ENST00000647872.1	LINC02693	5244	0	0	-1	0	1.2858535e-06	0	1.2858537e-06
lncRNA	ENST00000647872.1	LINC02693	5245	0	0	-1	0	1.2178286e-07	0	1.2178288e-07
lncRNA	ENST00000647872.1	LINC02693	5246	0	0	-1	0	2.7203805e-07	0	2.7203809e-07
lncRNA	ENST00000647872.1	LINC02693	5247	0	0	-1	0	6.6320704e-06	0	6.6320714e-06
lncRNA	ENST00000647872.1	LINC02693	5248	0	0	-1	0	8.7688477e-06	0	8.7688491e-06
lncRNA	ENST00000647872.1	LINC02693	5249	0	0	-1	0	1.1052998e-06	0	1.1053e-06
lncRNA	ENST00000647872.1	LINC02693	5250	0	0	-1	0	1.4025687e-06	0	1.4025689e-06
lncRNA	ENST00000647872.1	LINC02693	5251	0	0	-1	0	2.4823905e-07	0	2.4823909e-07
lncRNA	ENST00000647872.1	LINC02693	5252	0	0	-1	0	1.0682856e-08	0	1.0682858e-08
lncRNA	ENST00000647872.1	LINC02693	5253	0	0	-1	0	5.2348321e-07	0	5.2348329e-07
lncRNA	ENST00000647872.1	LINC02693	5254	0	0	-1	0	4.2074248e-07	0	4.2074255e-07
lncRNA	ENST00000647872.1	LINC02693	5255	0	0	-1	0	1.3385293e-06	0	1.3385295e-06
lncRNA	ENST00000647872.1	LINC02693	5256	0	0	-1	0	9.9426188e-07	0	9.9426204e-07
lncRNA	ENST00000647872.1	LINC02693	5257	0	0	-1	0	2.2610635e-07	0	2.2610639e-07
lncRNA	ENST00000647872.1	LINC02693	5258	0	0	-1	0	2.8411603e-07	0	2.8411607e-07
lncRNA	ENST00000647872.1	LINC02693	5259	0	0	-1	0	5.6878434e-07	0	5.6878443e-07
lncRNA	ENST00000647872.1	LINC02693	5260	0	0	-1	0	6.4711861e-07	0	6.4711871e-07
lncRNA	ENST00000647872.1	LINC02693	5261	0	0	-1	0	5.7270489e-07	0	5.7270498e-07
lncRNA	ENST00000647872.1	LINC02693	5262	0	0	-1	0	4.9901644e-07	0	4.9901652e-07
lncRNA	ENST00000647872.1	LINC02693	5263	0	0	-1	0	6.5196275e-07	0	6.5196285e-07
lncRNA	ENST00000647872.1	LINC02693	5264	0	0	-1	0	2.8158476e-07	0	2.8158481e-07
lncRNA	ENST00000647872.1	LINC02693	5265	0	0	-1	0	2.4194824e-07	0	2.4194828e-07
lncRNA	ENST00000647872.1	LINC02693	5266	0	0	-1	0	1.2050394e-07	0	1.2050396e-07
lncRNA	ENST00000647872.1	LINC02693	5267	0	0	-1	0	3.9269943e-07	0	3.926995e-07
lncRNA	ENST00000647872.1	LINC02693	5268	0	0	-1	0	6.3639311e-07	0	6.3639321e-07
lncRNA	ENST00000647872.1	LINC02693	5269	0	0	-1	0	8.133353e-07	0	8.1333543e-07
lncRNA	ENST00000647872.1	LINC02693	5270	0	0	-1	0	1.7485555e-06	0	1.7485558e-06
lncRNA	ENST00000647872.1	LINC02693	5271	0	0	-1	0	2.4010608e-06	0	2.4010612e-06
lncRNA	ENST00000647872.1	LINC02693	5272	0	0	-1	0	1.9355223e-06	0	1.9355226e-06
lncRNA	ENST00000647872.1	LINC02693	5273	0	0	-1	0	1.8814526e-07	0	1.8814529e-07
lncRNA	ENST00000647872.1	LINC02693	5274	0	0	-1	0	1.2151393e-07	0	1.2151395e-07
lncRNA	ENST00000647872.1	LINC02693	5275	0	0	-1	0	1.4898817e-06	0	1.4898819e-06
lncRNA	ENST00000647872.1	LINC02693	5276	0	0	-1	0	1.54366e-06	0	1.5436602e-06
lncRNA	ENST00000647872.1	LINC02693	5277	0	0	-1	0	3.7903208e-06	0	3.7903214e-06
lncRNA	ENST00000647872.1	LINC02693	5278	0	0	-1	0	8.684338e-07	0	8.6843394e-07
lncRNA	ENST00000647872.1	LINC02693	5279	0	0	-1	0	1.4946663e-06	0	1.4946666e-06
lncRNA	ENST00000647872.1	LINC02693	5280	0	0	-1	0	3.6917166e-07	0	3.6917172e-07
lncRNA	ENST00000647872.1	LINC02693	5281	0	0	-1	0	4.0600323e-09	0	4.0600329e-09
lncRNA	ENST00000647872.1	LINC02693	5282	0	0	-1	0	1.4036598e-07	0	1.4036601e-07
lncRNA	ENST00000647872.1	LINC02693	5283	0	0	-1	0	5.362362e-07	0	5.3623628e-07
lncRNA	ENST00000647872.1	LINC02693	5284	0	0	-1	0	3.861298e-06	0	3.8612986e-06
lncRNA	ENST00000647872.1	LINC02693	5285	0	0	-1	0	1.9805937e-07	0	1.980594e-07
lncRNA	ENST00000647872.1	LINC02693	5286	0	0	-1	0	1.6062833e-07	0	1.6062836e-07
lncRNA	ENST00000647872.1	LINC02693	5287	0	0	-1	0	4.1867573e-08	0	4.1867579e-08
lncRNA	ENST00000647872.1	LINC02693	5288	0	0	-1	0	4.3847703e-07	0	4.384771e-07
lncRNA	ENST00000647872.1	LINC02693	5289	0	0	-1	0	3.8392466e-07	0	3.8392472e-07
lncRNA	ENST00000647872.1	LINC02693	5290	0	0	-1	0	1.0384775e-06	0	1.0384777e-06
lncRNA	ENST00000647872.1	LINC02693	5291	0	0	-1	0	2.056925e-06	0	2.0569254e-06
lncRNA	ENST00000647872.1	LINC02693	5292	0	0	-1	0	2.4753052e-07	0	2.4753056e-07
lncRNA	ENST00000647872.1	LINC02693	5293	0	0	-1	0	1.342018e-07	0	1.3420182e-07
lncRNA	ENST00000647872.1	LINC02693	5294	0	0	-1	0	7.7283283e-07	0	7.7283296e-07
lncRNA	ENST00000647872.1	LINC02693	5295	0	0	-1	0	2.4977427e-07	0	2.4977431e-07
lncRNA	ENST00000647872.1	LINC02693	5296	0	0	-1	0	1.8601901e-06	0	1.8601904e-06
lncRNA	ENST00000647872.1	LINC02693	5297	0	0	-1	0	3.0003886e-07	0	3.0003891e-07
lncRNA	ENST00000647872.1	LINC02693	5298	0	0	-1	0	2.8738262e-07	0	2.8738266e-07
lncRNA	ENST00000647872.1	LINC02693	5299	0	0	-1	0	8.7589302e-07	0	8.7589316e-07
lncRNA	ENST00000647872.1	LINC02693	5300	0	0	-1	0	6.1173671e-07	0	6.1173681e-07
lncRNA	ENST00000647872.1	LINC02693	5301	0	0	-1	0	8.2595479e-06	0	8.2595492e-06
lncRNA	ENST00000647872.1	LINC02693	5302	0	0	-1	0	1.3926821e-05	0	1.3926824e-05
lncRNA	ENST00000647872.1	LINC02693	5303	0	0	-1	0	7.843858e-07	0	7.8438593e-07
lncRNA	ENST00000647872.1	LINC02693	5304	0	0	-1	0	1.8514612e-06	0	1.8514615e-06
lncRNA	ENST00000647872.1	LINC02693	5305	0	0	-1	0	5.2267052e-07	0	5.226706e-07
lncRNA	ENST00000647872.1	LINC02693	5306	0	0	-1	0	2.1870937e-06	0	2.1870941e-06
lncRNA	ENST00000647872.1	LINC02693	5307	0	0	-1	0	2.8387274e-06	0	2.8387278e-06
lncRNA	ENST00000647872.1	LINC02693	5308	0	0	-1	0	2.8421402e-06	0	2.8421407e-06
lncRNA	ENST00000647872.1	LINC02693	5309	0	0	-1	0	9.0672609e-07	0	9.0672623e-07
lncRNA	ENST00000647872.1	LINC02693	5310	0	0	-1	0	9.832732e-08	0	9.8327335e-08
lncRNA	ENST00000647872.1	LINC02693	5311	0	0	-1	0	8.8534932e-07	0	8.8534946e-07
lncRNA	ENST00000647872.1	LINC02693	5312	0	0	-1	0	8.233611e-06	0	8.2336123e-06
lncRNA	ENST00000647872.1	LINC02693	5313	0	0	-1	0	9.5215302e-07	0	9.5215317e-07
lncRNA	ENST00000647872.1	LINC02693	5314	0	0	-1	0	8.3536145e-07	0	8.3536158e-07
lncRNA	ENST00000647872.1	LINC02693	5315	0	0	-1	0	8.6748111e-07	0	8.6748124e-07
lncRNA	ENST00000647872.1	LINC02693	5316	0	0	-1	0	5.9339345e-07	0	5.9339355e-07
lncRNA	ENST00000647872.1	LINC02693	5317	0	0	-1	0	6.4074374e-07	0	6.4074384e-07
lncRNA	ENST00000647872.1	LINC02693	5318	0	0	-1	0	2.6925181e-07	0	2.6925186e-07
lncRNA	ENST00000647872.1	LINC02693	5319	0	0	-1	0	1.0303475e-07	0	1.0303477e-07
lncRNA	ENST00000647872.1	LINC02693	5320	0	0	-1	0	1.6990653e-07	0	1.6990655e-07
lncRNA	ENST00000647872.1	LINC02693	5321	0	0	-1	0	3.7893105e-07	0	3.7893111e-07
lncRNA	ENST00000647872.1	LINC02693	5322	0	0	-1	0	2.1619336e-07	0	2.1619339e-07
lncRNA	ENST00000647872.1	LINC02693	5323	0	0	-1	0	7.459176e-08	0	7.4591772e-08
lncRNA	ENST00000647872.1	LINC02693	5324	0	0	-1	0	1.5622726e-07	0	1.5622728e-07
lncRNA	ENST00000647872.1	LINC02693	5325	0	0	-1	0	5.2342207e-06	0	5.2342215e-06
lncRNA	ENST00000647872.1	LINC02693	5326	0	0	-1	0	6.679266e-07	0	6.679267e-07
lncRNA	ENST00000647872.1	LINC02693	5327	0	0	-1	0	7.5527799e-07	0	7.5527811e-07
lncRNA	ENST00000647872.1	LINC02693	5328	0	0	-1	0	4.67966e-07	0	4.6796608e-07
lncRNA	ENST00000647872.1	LINC02693	5329	0	0	-1	0	2.0759036e-07	0	2.0759039e-07
lncRNA	ENST00000647872.1	LINC02693	5330	0	0	-1	0	4.2694965e-06	0	4.2694971e-06
lncRNA	ENST00000647872.1	LINC02693	5331	0	0	-1	0	3.6305935e-06	0	3.6305941e-06
lncRNA	ENST00000647872.1	LINC02693	5332	0	0	-1	0	1.4551035e-06	0	1.4551038e-06
lncRNA	ENST00000647872.1	LINC02693	5333	0	0	-1	0	5.7077932e-06	0	5.7077941e-06
lncRNA	ENST00000647872.1	LINC02693	5334	0	0	-1	0	1.0621396e-06	0	1.0621398e-06
lncRNA	ENST00000647872.1	LINC02693	5335	0	0	-1	0	1.1904796e-06	0	1.1904798e-06
lncRNA	ENST00000647872.1	LINC02693	5336	0	0	-1	0	2.5422003e-06	0	2.5422007e-06
lncRNA	ENST00000647872.1	LINC02693	5337	0	0	-1	0	1.6104639e-06	0	1.6104641e-06
lncRNA	ENST00000647872.1	LINC02693	5338	0	0	-1	0	3.2304641e-07	0	3.2304646e-07
lncRNA	ENST00000647872.1	LINC02693	5339	0	0	-1	0	9.3147406e-07	0	9.3147421e-07
lncRNA	ENST00000647872.1	LINC02693	5340	0	0	-1	0	3.4711837e-07	0	3.4711843e-07
lncRNA	ENST00000647872.1	LINC02693	5341	0	0	-1	0	1.1371831e-06	0	1.1371832e-06
lncRNA	ENST00000647872.1	LINC02693	5342	0	0	-1	0	3.4608016e-07	0	3.4608021e-07
lncRNA	ENST00000647872.1	LINC02693	5343	0	0	-1	0	4.2867444e-07	0	4.2867451e-07
lncRNA	ENST00000647872.1	LINC02693	5344	0	0	-1	0	7.9911757e-07	0	7.991177e-07
lncRNA	ENST00000647872.1	LINC02693	5345	0	0	-1	0	3.1354836e-07	0	3.135484e-07
lncRNA	ENST00000647872.1	LINC02693	5346	0	0	-1	0	2.4823191e-07	0	2.4823195e-07
lncRNA	ENST00000647872.1	LINC02693	5347	0	0	-1	0	6.5348092e-07	0	6.5348103e-07
lncRNA	ENST00000647872.1	LINC02693	5348	0	0	-1	0	1.3775664e-07	0	1.3775667e-07
lncRNA	ENST00000647872.1	LINC02693	5349	0	0	-1	0	3.1865798e-07	0	3.1865803e-07
lncRNA	ENST00000647872.1	LINC02693	5350	0	0	-1	0	5.0074789e-07	0	5.0074797e-07
lncRNA	ENST00000647872.1	LINC02693	5351	0	0	-1	0	1.2632854e-06	0	1.2632856e-06
lncRNA	ENST00000647872.1	LINC02693	5352	0	0	-1	0	2.1741843e-07	0	2.1741847e-07
lncRNA	ENST00000647872.1	LINC02693	5353	0	0	-1	0	3.0336523e-07	0	3.0336527e-07
lncRNA	ENST00000647872.1	LINC02693	5354	0	0	-1	0	2.6573375e-07	0	2.6573379e-07
lncRNA	ENST00000647872.1	LINC02693	5355	0	0	-1	0	2.2213625e-07	0	2.2213629e-07
lncRNA	ENST00000647872.1	LINC02693	5356	0	0	-1	0	5.8799679e-07	0	5.8799689e-07
lncRNA	ENST00000647872.1	LINC02693	5357	0	0	-1	0	4.3244094e-07	0	4.3244101e-07
lncRNA	ENST00000647872.1	LINC02693	5358	0	0	-1	0	1.3021906e-07	0	1.3021908e-07
lncRNA	ENST00000647872.1	LINC02693	5359	0	0	-1	0	6.9110393e-07	0	6.9110404e-07
lncRNA	ENST00000647872.1	LINC02693	5360	0	0	-1	0	1.2633349e-06	0	1.2633351e-06
lncRNA	ENST00000647872.1	LINC02693	5361	0	0	-1	0	2.6844313e-07	0	2.6844317e-07
lncRNA	ENST00000647872.1	LINC02693	5362	0	0	-1	0	8.9340567e-08	0	8.9340581e-08
lncRNA	ENST00000647872.1	LINC02693	5363	0	0	-1	0	7.6078732e-07	0	7.6078744e-07
lncRNA	ENST00000647872.1	LINC02693	5364	0	0	-1	0	2.5974322e-07	0	2.5974326e-07
lncRNA	ENST00000647872.1	LINC02693	5365	0	0	-1	0	3.9538142e-07	0	3.9538148e-07
lncRNA	ENST00000647872.1	LINC02693	5366	0	0	-1	0	6.9028448e-07	0	6.9028459e-07
lncRNA	ENST00000647872.1	LINC02693	5367	0	0	-1	0	8.1720026e-07	0	8.1720039e-07
lncRNA	ENST00000647872.1	LINC02693	5368	0	0	-1	0	5.4356445e-07	0	5.4356454e-07
lncRNA	ENST00000647872.1	LINC02693	5369	0	0	-1	0	5.8536716e-07	0	5.8536725e-07
lncRNA	ENST00000647872.1	LINC02693	5370	0	0	-1	0	4.1968053e-07	0	4.196806e-07
lncRNA	ENST00000647872.1	LINC02693	5371	0	0	-1	0	5.4128731e-07	0	5.4128739e-07
lncRNA	ENST00000647872.1	LINC02693	5372	0	0	-1	0	8.7468472e-08	0	8.7468485e-08
lncRNA	ENST00000647872.1	LINC02693	5373	0	0	-1	0	1.5405547e-07	0	1.5405549e-07
lncRNA	ENST00000647872.1	LINC02693	5374	0	0	-1	0	1.7662816e-07	0	1.7662819e-07
lncRNA	ENST00000647872.1	LINC02693	5375	0	0	-1	0	7.743792e-07	0	7.7437932e-07
lncRNA	ENST00000647872.1	LINC02693	5376	0	0	-1	0	9.6246481e-07	0	9.6246496e-07
lncRNA	ENST00000647872.1	LINC02693	5377	0	0	-1	0	1.5760256e-06	0	1.5760259e-06
lncRNA	ENST00000647872.1	LINC02693	5378	0	0	-1	0	3.1734908e-07	0	3.1734913e-07
lncRNA	ENST00000647872.1	LINC02693	5379	0	0	-1	0	1.3917035e-07	0	1.3917038e-07
lncRNA	ENST00000647872.1	LINC02693	5380	0	0	-1	0	1.3542635e-06	0	1.3542637e-06
lncRNA	ENST00000647872.1	LINC02693	5381	0	0	-1	0	7.3133089e-07	0	7.31331e-07
lncRNA	ENST00000647872.1	LINC02693	5382	0	0	-1	0	4.33797e-07	0	4.3379707e-07
lncRNA	ENST00000647872.1	LINC02693	5383	0	0	-1	0	1.2229956e-06	0	1.2229958e-06
lncRNA	ENST00000647872.1	LINC02693	5384	0	0	-1	0	8.3525867e-07	0	8.3525881e-07
lncRNA	ENST00000647872.1	LINC02693	5385	0	0	-1	0	1.5641986e-07	0	1.5641988e-07
lncRNA	ENST00000647872.1	LINC02693	5386	0	0	-1	0	2.8217388e-08	0	2.8217392e-08
lncRNA	ENST00000647872.1	LINC02693	5387	0	0	-1	0	6.5724282e-07	0	6.5724293e-07
lncRNA	ENST00000647872.1	LINC02693	5388	0	0	-1	0	7.5531503e-08	0	7.5531515e-08
lncRNA	ENST00000647872.1	LINC02693	5389	0	0	-1	0	8.266435e-08	0	8.2664363e-08
lncRNA	ENST00000647872.1	LINC02693	5390	0	0	-1	0	2.6618093e-07	0	2.6618098e-07
lncRNA	ENST00000647872.1	LINC02693	5391	0	0	-1	0	4.3659517e-07	0	4.3659524e-07
lncRNA	ENST00000647872.1	LINC02693	5392	0	0	-1	0	2.0248432e-07	0	2.0248435e-07
lncRNA	ENST00000647872.1	LINC02693	5393	0	0	-1	0	1.1924852e-06	0	1.1924854e-06
lncRNA	ENST00000647872.1	LINC02693	5394	0	0	-1	0	3.098159e-07	0	3.0981595e-07
lncRNA	ENST00000647872.1	LINC02693	5395	0	0	-1	0	1.1113334e-07	0	1.1113336e-07
lncRNA	ENST00000647872.1	LINC02693	5396	0	0	-1	0	3.6313825e-08	0	3.6313831e-08
lncRNA	ENST00000647872.1	LINC02693	5397	0	0	-1	0	3.4841148e-07	0	3.4841153e-07
lncRNA	ENST00000647872.1	LINC02693	5398	0	0	-1	0	2.0810772e-07	0	2.0810775e-07
lncRNA	ENST00000647872.1	LINC02693	5399	0	0	-1	0	9.8795034e-08	0	9.879505e-08
lncRNA	ENST00000647872.1	LINC02693	5400	0	0	-1	0	4.0296761e-08	0	4.0296768e-08
lncRNA	ENST00000647872.1	LINC02693	5401	0	0	-1	0	3.987396e-08	0	3.9873966e-08
lncRNA	ENST00000647872.1	LINC02693	5402	0	0	-1	0	3.2390847e-08	0	3.2390852e-08
lncRNA	ENST00000647872.1	LINC02693	5403	0	0	-1	0	1.0045348e-07	0	1.0045349e-07
lncRNA	ENST00000647872.1	LINC02693	5404	0	0	-1	0	1.6071229e-07	0	1.6071231e-07
lncRNA	ENST00000647872.1	LINC02693	5405	0	0	-1	0	1.9210837e-07	0	1.921084e-07
lncRNA	ENST00000647872.1	LINC02693	5406	0	0	-1	0	1.5827789e-07	0	1.5827791e-07
lncRNA	ENST00000647872.1	LINC02693	5407	0	0	-1	0	6.7653303e-07	0	6.7653314e-07
lncRNA	ENST00000647872.1	LINC02693	5408	0	0	-1	0	3.8769116e-07	0	3.8769122e-07
lncRNA	ENST00000647872.1	LINC02693	5409	0	0	-1	0	5.9407637e-07	0	5.9407646e-07
lncRNA	ENST00000647872.1	LINC02693	5410	0	0	-1	0	3.1414189e-07	0	3.1414194e-07
lncRNA	ENST00000647872.1	LINC02693	5411	0	0	-1	0	1.0504413e-06	0	1.0504414e-06
lncRNA	ENST00000647872.1	LINC02693	5412	0	0	-1	0	6.6765779e-07	0	6.6765789e-07
lncRNA	ENST00000647872.1	LINC02693	5413	0	0	-1	0	5.3219837e-06	0	5.3219846e-06
lncRNA	ENST00000647872.1	LINC02693	5414	0	0	-1	0	2.3579569e-06	0	2.3579572e-06
lncRNA	ENST00000647872.1	LINC02693	5415	0	0	-1	0	5.2865465e-07	0	5.2865474e-07
lncRNA	ENST00000647872.1	LINC02693	5416	0	0	-1	0	3.6225089e-07	0	3.6225094e-07
lncRNA	ENST00000647872.1	LINC02693	5417	0	0	-1	0	6.5501268e-07	0	6.5501279e-07
lncRNA	ENST00000647872.1	LINC02693	5418	0	0	-1	0	1.6335209e-06	0	1.6335212e-06
lncRNA	ENST00000647872.1	LINC02693	5419	0	0	-1	0	1.114041e-06	0	1.1140411e-06
lncRNA	ENST00000647872.1	LINC02693	5420	0	0	-1	0	4.6745353e-07	0	4.6745361e-07
lncRNA	ENST00000647872.1	LINC02693	5421	0	0	-1	0	9.7294401e-07	0	9.7294416e-07
lncRNA	ENST00000647872.1	LINC02693	5422	0	0	-1	0	9.8854935e-07	0	9.885495e-07
lncRNA	ENST00000647872.1	LINC02693	5423	0	0	-1	0	1.3956903e-06	0	1.3956906e-06
lncRNA	ENST00000647872.1	LINC02693	5424	0	0	-1	0	2.9667442e-06	0	2.9667447e-06
lncRNA	ENST00000647872.1	LINC02693	5425	0	0	-1	0	7.9086652e-07	0	7.9086665e-07
lncRNA	ENST00000647872.1	LINC02693	5426	0	0	-1	0	5.0652545e-07	0	5.0652553e-07
lncRNA	ENST00000647872.1	LINC02693	5427	0	0	-1	0	2.5790507e-07	0	2.5790511e-07
lncRNA	ENST00000647872.1	LINC02693	5428	0	0	-1	0	1.0667713e-07	0	1.0667714e-07
lncRNA	ENST00000647872.1	LINC02693	5429	0	0	-1	0	3.8648221e-07	0	3.8648227e-07
lncRNA	ENST00000647872.1	LINC02693	5430	0	0	-1	0	1.5871412e-05	0	1.5871414e-05
lncRNA	ENST00000647872.1	LINC02693	5431	0	0	-1	0	0.00015732701	0	0.00015732704
lncRNA	ENST00000647872.1	LINC02693	5432	0	0	-1	0	0.00011740826	0	0.00011740828
lncRNA	ENST00000647872.1	LINC02693	5433	0	0	-1	0	7.0115925e-06	0	7.0115936e-06
lncRNA	ENST00000647872.1	LINC02693	5434	0	0	-1	0	4.5654966e-07	0	4.5654973e-07
lncRNA	ENST00000647872.1	LINC02693	5435	0	0	-1	0	1.476974e-06	0	1.4769743e-06
lncRNA	ENST00000647872.1	LINC02693	5436	0	0	-1	0	1.5583181e-06	0	1.5583183e-06
lncRNA	ENST00000647872.1	LINC02693	5437	0	0	-1	0	5.6873578e-06	0	5.6873587e-06
lncRNA	ENST00000647872.1	LINC02693	5438	0	0	-1	0	1.9962124e-06	0	1.9962127e-06
lncRNA	ENST00000647872.1	LINC02693	5439	0	0	-1	0	4.079003e-07	0	4.0790037e-07
lncRNA	ENST00000647872.1	LINC02693	5440	0	0	-1	0	1.6329461e-06	0	1.6329464e-06
lncRNA	ENST00000647872.1	LINC02693	5441	0	0	-1	0	2.761396e-06	0	2.7613964e-06
lncRNA	ENST00000647872.1	LINC02693	5442	0	0	-1	0	6.6071942e-07	0	6.6071953e-07
lncRNA	ENST00000647872.1	LINC02693	5443	0	0	-1	0	2.3352759e-06	0	2.3352763e-06
lncRNA	ENST00000647872.1	LINC02693	5444	0	0	-1	0	1.9362675e-07	0	1.9362678e-07
lncRNA	ENST00000647872.1	LINC02693	5445	0	0	-1	0	2.9493103e-08	0	2.9493108e-08
lncRNA	ENST00000647872.1	LINC02693	5446	0	0	-1	0	7.4587774e-08	0	7.4587786e-08
lncRNA	ENST00000647872.1	LINC02693	5447	0	0	-1	0	6.4337939e-08	0	6.433795e-08
lncRNA	ENST00000647872.1	LINC02693	5448	0	0	-1	0	3.3893109e-08	0	3.3893114e-08
lncRNA	ENST00000647872.1	LINC02693	5449	0	0	-1	0	2.2324272e-07	0	2.2324276e-07
lncRNA	ENST00000647872.1	LINC02693	5450	0	0	-1	0	3.3919754e-08	0	3.3919759e-08
lncRNA	ENST00000647872.1	LINC02693	5451	0	0	-1	0	3.1927487e-07	0	3.1927493e-07
lncRNA	ENST00000647872.1	LINC02693	5452	0	0	-1	0	3.5321639e-07	0	3.5321645e-07
lncRNA	ENST00000647872.1	LINC02693	5453	0	0	-1	0	3.486827e-07	0	3.4868276e-07
lncRNA	ENST00000647872.1	LINC02693	5454	0	0	-1	0	5.0933056e-07	0	5.0933064e-07
lncRNA	ENST00000647872.1	LINC02693	5455	0	0	-1	0	2.645678e-07	0	2.6456784e-07
lncRNA	ENST00000647872.1	LINC02693	5456	0	0	-1	0	5.9488567e-08	0	5.9488576e-08
lncRNA	ENST00000647872.1	LINC02693	5457	0	0	-1	0	9.3433663e-08	0	9.3433677e-08
lncRNA	ENST00000647872.1	LINC02693	5458	0	0	-1	0	8.9228685e-08	0	8.9228699e-08
lncRNA	ENST00000647872.1	LINC02693	5459	0	0	-1	0	2.7157833e-08	0	2.7157838e-08
lncRNA	ENST00000647872.1	LINC02693	5460	0	0	-1	0	4.0914779e-07	0	4.0914785e-07
lncRNA	ENST00000647872.1	LINC02693	5461	0	0	-1	0	6.8682266e-07	0	6.8682277e-07
lncRNA	ENST00000647872.1	LINC02693	5462	0	0	-1	0	1.1186193e-07	0	1.1186195e-07
lncRNA	ENST00000647872.1	LINC02693	5463	0	0	-1	0	2.2180771e-07	0	2.2180774e-07
lncRNA	ENST00000647872.1	LINC02693	5464	0	0	-1	0	8.1717451e-07	0	8.1717464e-07
lncRNA	ENST00000647872.1	LINC02693	5465	0	0	-1	0	2.4849223e-07	0	2.4849227e-07
lncRNA	ENST00000647872.1	LINC02693	5466	0	0	-1	0	1.1004972e-06	0	1.1004974e-06
lncRNA	ENST00000647872.1	LINC02693	5467	0	0	-1	0	1.1499066e-06	0	1.1499067e-06
lncRNA	ENST00000647872.1	LINC02693	5468	0	0	-1	0	4.1849469e-07	0	4.1849476e-07
lncRNA	ENST00000647872.1	LINC02693	5469	0	0	-1	0	1.648375e-06	0	1.6483753e-06
lncRNA	ENST00000647872.1	LINC02693	5470	0	0	-1	0	4.2061997e-06	0	4.2062004e-06
lncRNA	ENST00000647872.1	LINC02693	5471	0	0	-1	0	7.9478917e-07	0	7.947893e-07
lncRNA	ENST00000647872.1	LINC02693	5472	0	0	-1	0	1.1748049e-06	0	1.1748051e-06
lncRNA	ENST00000647872.1	LINC02693	5473	0	0	-1	0	4.4824833e-06	0	4.482484e-06
lncRNA	ENST00000647872.1	LINC02693	5474	0	0	-1	0	6.1029971e-07	0	6.102998e-07
lncRNA	ENST00000647872.1	LINC02693	5475	0	0	-1	0	1.314747e-06	0	1.3147472e-06
lncRNA	ENST00000647872.1	LINC02693	5476	0	0	-1	0	2.7894142e-05	0	2.7894147e-05
lncRNA	ENST00000647872.1	LINC02693	5477	0	0	-1	0	1.7342401e-06	0	1.7342403e-06
lncRNA	ENST00000647872.1	LINC02693	5478	0	0	-1	0	2.108728e-06	0	2.1087284e-06
lncRNA	ENST00000647872.1	LINC02693	5479	0	0	-1	0	3.6166944e-06	0	3.6166949e-06
lncRNA	ENST00000647872.1	LINC02693	5480	0	0	-1	0	1.5305673e-07	0	1.5305676e-07
lncRNA	ENST00000647872.1	LINC02693	5481	0	0	-1	0	8.6466422e-08	0	8.6466435e-08
lncRNA	ENST00000647872.1	LINC02693	5482	0	0	-1	0	6.7536951e-07	0	6.7536961e-07
lncRNA	ENST00000647872.1	LINC02693	5483	0	0	-1	0	1.0036667e-06	0	1.0036669e-06
lncRNA	ENST00000647872.1	LINC02693	5484	0	0	-1	0	3.8007144e-07	0	3.800715e-07
lncRNA	ENST00000647872.1	LINC02693	5485	0	0	-1	0	1.8165713e-07	0	1.8165716e-07
lncRNA	ENST00000647872.1	LINC02693	5486	0	0	-1	0	8.4943736e-08	0	8.4943749e-08
lncRNA	ENST00000647872.1	LINC02693	5487	0	0	-1	0	7.7129249e-07	0	7.7129261e-07
lncRNA	ENST00000647872.1	LINC02693	5488	0	0	-1	0	2.6157701e-07	0	2.6157706e-07
lncRNA	ENST00000647872.1	LINC02693	5489	0	0	-1	0	2.1817594e-07	0	2.1817598e-07
lncRNA	ENST00000647872.1	LINC02693	5490	0	0	-1	0	4.7819447e-07	0	4.7819454e-07
lncRNA	ENST00000647872.1	LINC02693	5491	0	0	-1	0	1.9768781e-07	0	1.9768784e-07
lncRNA	ENST00000647872.1	LINC02693	5492	0	0	-1	0	2.2826733e-07	0	2.2826736e-07
lncRNA	ENST00000647872.1	LINC02693	5493	0	0	-1	0	2.7413219e-07	0	2.7413223e-07
lncRNA	ENST00000647872.1	LINC02693	5494	0	0	-1	0	3.1448448e-07	0	3.1448453e-07
lncRNA	ENST00000647872.1	LINC02693	5495	0	0	-1	0	2.6922754e-08	0	2.6922758e-08
lncRNA	ENST00000647872.1	LINC02693	5496	0	0	-1	0	1.2406856e-07	0	1.2406858e-07
lncRNA	ENST00000647872.1	LINC02693	5497	0	0	-1	0	8.2725229e-08	0	8.2725242e-08
lncRNA	ENST00000647872.1	LINC02693	5498	0	0	-1	0	7.5680184e-08	0	7.5680196e-08
lncRNA	ENST00000647872.1	LINC02693	5499	0	0	-1	0	6.0518079e-07	0	6.0518088e-07
lncRNA	ENST00000647872.1	LINC02693	5500	0	0	-1	0	3.6911024e-06	0	3.691103e-06
lncRNA	ENST00000647872.1	LINC02693	5501	0	0	-1	0	4.6587763e-07	0	4.6587771e-07
lncRNA	ENST00000647872.1	LINC02693	5502	0	0	-1	0	1.0386836e-06	0	1.0386838e-06
lncRNA	ENST00000647872.1	LINC02693	5503	0	0	-1	0	1.1355412e-06	0	1.1355414e-06
lncRNA	ENST00000647872.1	LINC02693	5504	0	0	-1	0	5.2061648e-07	0	5.2061656e-07
lncRNA	ENST00000647872.1	LINC02693	5505	0	0	-1	0	9.0355591e-08	0	9.0355606e-08
lncRNA	ENST00000647872.1	LINC02693	5506	0	0	-1	0	7.8631734e-07	0	7.8631747e-07
lncRNA	ENST00000647872.1	LINC02693	5507	0	0	-1	0	2.5217562e-07	0	2.5217566e-07
lncRNA	ENST00000647872.1	LINC02693	5508	0	0	-1	0	2.5100405e-07	0	2.5100409e-07
lncRNA	ENST00000647872.1	LINC02693	5509	0	0	-1	0	6.1941705e-07	0	6.1941715e-07
lncRNA	ENST00000647872.1	LINC02693	5510	0	0	-1	0	2.6319751e-07	0	2.6319755e-07
lncRNA	ENST00000647872.1	LINC02693	5511	0	0	-1	0	8.1703311e-06	0	8.1703323e-06
lncRNA	ENST00000647872.1	LINC02693	5512	0	0	-1	0	4.1017021e-05	0	4.1017028e-05
lncRNA	ENST00000647872.1	LINC02693	5513	0	0	-1	0	8.3644682e-06	0	8.3644695e-06
lncRNA	ENST00000647872.1	LINC02693	5514	0	0	-1	0	4.5545139e-06	0	4.5545146e-06
lncRNA	ENST00000647872.1	LINC02693	5515	0	0	-1	0	9.7267025e-07	0	9.726704e-07
lncRNA	ENST00000647872.1	LINC02693	5516	0	0	-1	0	9.2908317e-07	0	9.2908332e-07
lncRNA	ENST00000647872.1	LINC02693	5517	0	0	-1	0	9.1629948e-07	0	9.1629963e-07
lncRNA	ENST00000647872.1	LINC02693	5518	0	0	-1	0	1.5318956e-06	0	1.5318958e-06
lncRNA	ENST00000647872.1	LINC02693	5519	0	0	-1	0	2.2995994e-06	0	2.2995997e-06
lncRNA	ENST00000647872.1	LINC02693	5520	0	0	-1	0	1.9157296e-06	0	1.9157299e-06
lncRNA	ENST00000647872.1	LINC02693	5521	0	0	-1	0	4.6186242e-06	0	4.6186249e-06
lncRNA	ENST00000647872.1	LINC02693	5522	0	0	-1	0	2.3769435e-07	0	2.3769439e-07
lncRNA	ENST00000647872.1	LINC02693	5523	0	0	-1	0	1.0852805e-06	0	1.0852806e-06
lncRNA	ENST00000647872.1	LINC02693	5524	0	0	-1	0	2.8281402e-06	0	2.8281406e-06
lncRNA	ENST00000647872.1	LINC02693	5525	0	0	-1	0	2.1658607e-07	0	2.1658611e-07
lncRNA	ENST00000647872.1	LINC02693	5526	0	0	-1	0	2.2734434e-06	0	2.2734438e-06
lncRNA	ENST00000647872.1	LINC02693	5527	0	0	-1	0	7.7091738e-07	0	7.709175e-07
lncRNA	ENST00000647872.1	LINC02693	5528	0	0	-1	0	9.4044731e-07	0	9.4044746e-07
lncRNA	ENST00000647872.1	LINC02693	5529	0	0	-1	0	4.1809258e-07	0	4.1809265e-07
lncRNA	ENST00000647872.1	LINC02693	5530	0	0	-1	0	4.3711284e-06	0	4.3711291e-06
lncRNA	ENST00000647872.1	LINC02693	5531	0	0	-1	0	3.7386189e-07	0	3.7386195e-07
lncRNA	ENST00000647872.1	LINC02693	5532	0	0	-1	0	1.0618642e-06	0	1.0618643e-06
lncRNA	ENST00000647872.1	LINC02693	5533	0	0	-1	0	6.5531947e-07	0	6.5531957e-07
lncRNA	ENST00000647872.1	LINC02693	5534	0	0	-1	0	1.7407297e-07	0	1.7407299e-07
lncRNA	ENST00000647872.1	LINC02693	5535	0	0	-1	0	4.3392691e-07	0	4.3392698e-07
lncRNA	ENST00000647872.1	LINC02693	5536	0	0	-1	0	2.9196502e-07	0	2.9196507e-07
lncRNA	ENST00000647872.1	LINC02693	5537	0	0	-1	0	9.5659956e-08	0	9.5659971e-08
lncRNA	ENST00000647872.1	LINC02693	5538	0	0	-1	0	4.7002281e-06	0	4.7002289e-06
lncRNA	ENST00000647872.1	LINC02693	5539	0	0	-1	0	4.9290082e-07	0	4.929009e-07
lncRNA	ENST00000647872.1	LINC02693	5540	0	0	-1	0	8.5110784e-08	0	8.5110798e-08
lncRNA	ENST00000647872.1	LINC02693	5541	0	0	-1	0	1.5847704e-06	0	1.5847707e-06
lncRNA	ENST00000647872.1	LINC02693	5542	0	0	-1	0	6.9020457e-06	0	6.9020468e-06
lncRNA	ENST00000647872.1	LINC02693	5543	0	0	-1	0	4.6267243e-07	0	4.626725e-07
lncRNA	ENST00000647872.1	LINC02693	5544	0	0	-1	0	5.0293602e-07	0	5.029361e-07
lncRNA	ENST00000647872.1	LINC02693	5545	0	0	-1	0	9.0096643e-07	0	9.0096657e-07
lncRNA	ENST00000647872.1	LINC02693	5546	0	0	-1	0	1.1506503e-06	0	1.1506505e-06
lncRNA	ENST00000647872.1	LINC02693	5547	0	0	-1	0	1.1076613e-06	0	1.1076615e-06
lncRNA	ENST00000647872.1	LINC02693	5548	0	0	-1	0	1.0177973e-06	0	1.0177975e-06
lncRNA	ENST00000647872.1	LINC02693	5549	0	0	-1	0	2.2492852e-06	0	2.2492856e-06
lncRNA	ENST00000647872.1	LINC02693	5550	0	0	-1	0	8.3608946e-08	0	8.3608959e-08
lncRNA	ENST00000647872.1	LINC02693	5551	0	0	-1	0	5.7732058e-07	0	5.7732067e-07
lncRNA	ENST00000647872.1	LINC02693	5552	0	0	-1	0	2.2639667e-06	0	2.2639671e-06
lncRNA	ENST00000647872.1	LINC02693	5553	0	0	-1	0	4.0093983e-06	0	4.0093989e-06
lncRNA	ENST00000647872.1	LINC02693	5554	0	0	-1	0	1.4205804e-06	0	1.4205806e-06
lncRNA	ENST00000647872.1	LINC02693	5555	0	0	-1	0	3.5042203e-06	0	3.5042209e-06
lncRNA	ENST00000647872.1	LINC02693	5556	0	0	-1	0	6.0395364e-06	0	6.0395374e-06
lncRNA	ENST00000647872.1	LINC02693	5557	0	0	-1	0	1.1730148e-06	0	1.173015e-06
lncRNA	ENST00000647872.1	LINC02693	5558	0	0	-1	0	4.1120165e-06	0	4.1120172e-06
lncRNA	ENST00000647872.1	LINC02693	5559	0	0	-1	0	2.3770752e-05	0	2.3770756e-05
lncRNA	ENST00000647872.1	LINC02693	5560	0	0	-1	0	3.839677e-06	0	3.8396776e-06
lncRNA	ENST00000647872.1	LINC02693	5561	0	0	-1	0	5.0085705e-06	0	5.0085713e-06
lncRNA	ENST00000647872.1	LINC02693	5562	0	0	-1	0	3.1154892e-07	0	3.1154897e-07
lncRNA	ENST00000647872.1	LINC02693	5563	0	0	-1	0	2.3665696e-06	0	2.3665699e-06
lncRNA	ENST00000647872.1	LINC02693	5564	0	0	-1	0	2.168436e-05	0	2.1684363e-05
lncRNA	ENST00000647872.1	LINC02693	5565	0	0	-1	0	4.823029e-06	0	4.8230298e-06
lncRNA	ENST00000647872.1	LINC02693	5566	0	0	-1	0	1.2991838e-05	0	1.299184e-05
lncRNA	ENST00000647872.1	LINC02693	5567	0	0	-1	0	9.5245496e-06	0	9.5245511e-06
lncRNA	ENST00000647872.1	LINC02693	5568	0	0	-1	0	2.0490311e-06	0	2.0490314e-06
lncRNA	ENST00000647872.1	LINC02693	5569	0	0	-1	0	7.8819062e-07	0	7.8819074e-07
lncRNA	ENST00000647872.1	LINC02693	5570	0	0	-1	0	7.7208324e-06	0	7.7208336e-06
lncRNA	ENST00000647872.1	LINC02693	5571	0	0	-1	0	2.3698411e-05	0	2.3698414e-05
lncRNA	ENST00000647872.1	LINC02693	5572	0	0	-1	0	1.3349069e-05	0	1.3349071e-05
lncRNA	ENST00000647872.1	LINC02693	5573	0	0	-1	0	1.5059345e-05	0	1.5059347e-05
lncRNA	ENST00000647872.1	LINC02693	5574	0	0	-1	0	3.6561505e-05	0	3.6561511e-05
lncRNA	ENST00000647872.1	LINC02693	5575	0	0	-1	0	3.0513881e-06	0	3.0513886e-06
lncRNA	ENST00000647872.1	LINC02693	5576	0	0	-1	0	8.6646492e-07	0	8.6646505e-07
lncRNA	ENST00000647872.1	LINC02693	5577	0	0	-1	0	8.14168e-07	0	8.1416813e-07
lncRNA	ENST00000647872.1	LINC02693	5578	0	0	-1	0	8.660403e-07	0	8.6604043e-07
lncRNA	ENST00000647872.1	LINC02693	5579	0	0	-1	0	7.577288e-07	0	7.5772892e-07
lncRNA	ENST00000647872.1	LINC02693	5580	0	0	-1	0	7.101276e-06	0	7.1012771e-06
lncRNA	ENST00000647872.1	LINC02693	5581	0	0	-1	0	2.375748e-06	0	2.3757483e-06
lncRNA	ENST00000647872.1	LINC02693	5582	0	0	-1	0	6.1954938e-07	0	6.1954948e-07
lncRNA	ENST00000647872.1	LINC02693	5583	0	0	-1	0	9.4024824e-07	0	9.4024839e-07
lncRNA	ENST00000647872.1	LINC02693	5584	0	0	-1	0	3.3878584e-07	0	3.3878589e-07
lncRNA	ENST00000647872.1	LINC02693	5585	0	0	-1	0	6.1652401e-07	0	6.165241e-07
lncRNA	ENST00000647872.1	LINC02693	5586	0	0	-1	0	4.6577634e-07	0	4.6577641e-07
lncRNA	ENST00000647872.1	LINC02693	5587	0	0	-1	0	3.5780081e-07	0	3.5780087e-07
lncRNA	ENST00000647872.1	LINC02693	5588	0	0	-1	0	5.6860478e-07	0	5.6860487e-07
lncRNA	ENST00000647872.1	LINC02693	5589	0	0	-1	0	1.5183717e-06	0	1.518372e-06
lncRNA	ENST00000647872.1	LINC02693	5590	0	0	-1	0	6.0477697e-07	0	6.0477707e-07
lncRNA	ENST00000647872.1	LINC02693	5591	0	0	-1	0	9.7918155e-07	0	9.791817e-07
lncRNA	ENST00000647872.1	LINC02693	5592	0	0	-1	0	2.6735286e-06	0	2.673529e-06
lncRNA	ENST00000647872.1	LINC02693	5593	0	0	-1	0	1.8547979e-06	0	1.8547982e-06
lncRNA	ENST00000647872.1	LINC02693	5594	0	0	-1	0	2.5017418e-06	0	2.5017422e-06
lncRNA	ENST00000647872.1	LINC02693	5595	0	0	-1	0	3.3940512e-07	0	3.3940517e-07
lncRNA	ENST00000647872.1	LINC02693	5596	0	0	-1	0	7.3825853e-05	0	7.3825865e-05
lncRNA	ENST00000647872.1	LINC02693	5597	0	0	-1	0	1.1264851e-06	0	1.1264853e-06
lncRNA	ENST00000647872.1	LINC02693	5598	0	0	-1	0	1.8705606e-07	0	1.8705609e-07
lncRNA	ENST00000647872.1	LINC02693	5599	0	0	-1	0	2.2162882e-07	0	2.2162886e-07
lncRNA	ENST00000647872.1	LINC02693	5600	0	0	-1	0	4.6685875e-07	0	4.6685882e-07
lncRNA	ENST00000647872.1	LINC02693	5601	0	0	-1	0	9.4718536e-07	0	9.471855e-07
lncRNA	ENST00000647872.1	LINC02693	5602	0	0	-1	0	3.7140029e-07	0	3.7140035e-07
lncRNA	ENST00000647872.1	LINC02693	5603	0	0	-1	0	1.1218237e-06	0	1.1218239e-06
lncRNA	ENST00000647872.1	LINC02693	5604	0	0	-1	0	7.4678028e-06	0	7.467804e-06
lncRNA	ENST00000647872.1	LINC02693	5605	0	0	-1	0	4.4488962e-07	0	4.4488969e-07
lncRNA	ENST00000647872.1	LINC02693	5606	0	0	-1	0	1.0518658e-06	0	1.0518659e-06
lncRNA	ENST00000647872.1	LINC02693	5607	0	0	-1	0	5.8620494e-06	0	5.8620503e-06
lncRNA	ENST00000647872.1	LINC02693	5608	0	0	-1	0	3.5360551e-06	0	3.5360557e-06
lncRNA	ENST00000647872.1	LINC02693	5609	0	0	-1	0	5.6413575e-07	0	5.6413583e-07
lncRNA	ENST00000647872.1	LINC02693	5610	0	0	-1	0	3.9602145e-07	0	3.9602151e-07
lncRNA	ENST00000647872.1	LINC02693	5611	0	0	-1	0	8.8689751e-07	0	8.8689765e-07
lncRNA	ENST00000647872.1	LINC02693	5612	0	0	-1	0	1.4217134e-06	0	1.4217136e-06
lncRNA	ENST00000647872.1	LINC02693	5613	0	0	-1	0	3.9561282e-06	0	3.9561289e-06
lncRNA	ENST00000647872.1	LINC02693	5614	0	0	-1	0	1.5490887e-06	0	1.5490889e-06
lncRNA	ENST00000647872.1	LINC02693	5615	0	0	-1	0	6.176769e-07	0	6.17677e-07
lncRNA	ENST00000647872.1	LINC02693	5616	0	0	-1	0	5.9871752e-07	0	5.9871761e-07
lncRNA	ENST00000647872.1	LINC02693	5617	0	0	-1	0	3.3885948e-07	0	3.3885953e-07
lncRNA	ENST00000647872.1	LINC02693	5618	0	0	-1	0	9.2738878e-07	0	9.2738893e-07
lncRNA	ENST00000647872.1	LINC02693	5619	0	0	-1	0	3.0000365e-07	0	3.000037e-07
lncRNA	ENST00000647872.1	LINC02693	5620	0	0	-1	0	5.1675595e-08	0	5.1675603e-08
lncRNA	ENST00000647872.1	LINC02693	5621	0	0	-1	0	4.5237465e-07	0	4.5237472e-07
lncRNA	ENST00000647872.1	LINC02693	5622	0	0	-1	0	1.11843e-06	0	1.1184301e-06
lncRNA	ENST00000647872.1	LINC02693	5623	0	0	-1	0	1.1193936e-06	0	1.1193937e-06
lncRNA	ENST00000647872.1	LINC02693	5624	0	0	-1	0	9.4558612e-07	0	9.4558627e-07
lncRNA	ENST00000647872.1	LINC02693	5625	0	0	-1	0	3.8033687e-07	0	3.8033693e-07
lncRNA	ENST00000647872.1	LINC02693	5626	0	0	-1	0	3.3874159e-07	0	3.3874164e-07
lncRNA	ENST00000647872.1	LINC02693	5627	0	0	-1	0	4.0298244e-07	0	4.029825e-07
lncRNA	ENST00000647872.1	LINC02693	5628	0	0	-1	0	1.0409584e-06	0	1.0409586e-06
lncRNA	ENST00000647872.1	LINC02693	5629	0	0	-1	0	2.9153307e-06	0	2.9153312e-06
lncRNA	ENST00000647872.1	LINC02693	5630	0	0	-1	0	1.2879871e-05	0	1.2879873e-05
lncRNA	ENST00000647872.1	LINC02693	5631	0	0	-1	0	1.0690414e-05	0	1.0690415e-05
lncRNA	ENST00000647872.1	LINC02693	5632	0	0	-1	0	3.5265748e-06	0	3.5265754e-06
lncRNA	ENST00000647872.1	LINC02693	5633	0	0	-1	0	2.7441289e-05	0	2.7441293e-05
lncRNA	ENST00000647872.1	LINC02693	5634	0	0	-1	0	0.00018163315	0	0.00018163318
lncRNA	ENST00000647872.1	LINC02693	5635	0	0	-1	0	7.3771621e-06	0	7.3771633e-06
lncRNA	ENST00000647872.1	LINC02693	5636	0	0	-1	0	1.2788808e-05	0	1.278881e-05
lncRNA	ENST00000647872.1	LINC02693	5637	0	0	-1	0	1.1991115e-05	0	1.1991117e-05
lncRNA	ENST00000647872.1	LINC02693	5638	0	0	-1	0	2.5437706e-07	0	2.543771e-07
lncRNA	ENST00000647872.1	LINC02693	5639	0	0	-1	0	7.2630979e-07	0	7.2630991e-07
lncRNA	ENST00000647872.1	LINC02693	5640	0	0	-1	0	6.6705894e-07	0	6.6705905e-07
lncRNA	ENST00000647872.1	LINC02693	5641	0	0	-1	0	5.7280761e-07	0	5.728077e-07
lncRNA	ENST00000647872.1	LINC02693	5642	0	0	-1	0	3.921753e-06	0	3.9217536e-06
lncRNA	ENST00000647872.1	LINC02693	5643	0	0	-1	0	1.14748e-06	0	1.1474802e-06
lncRNA	ENST00000647872.1	LINC02693	5644	0	0	-1	0	2.922432e-06	0	2.9224325e-06
lncRNA	ENST00000647872.1	LINC02693	5645	0	0	-1	0	1.5609181e-06	0	1.5609184e-06
lncRNA	ENST00000647872.1	LINC02693	5646	0	0	-1	0	4.3931541e-07	0	4.3931548e-07
lncRNA	ENST00000647872.1	LINC02693	5647	0	0	-1	0	9.9531644e-06	0	9.953166e-06
lncRNA	ENST00000647872.1	LINC02693	5648	0	0	-1	0	3.4070652e-07	0	3.4070657e-07
lncRNA	ENST00000647872.1	LINC02693	5649	0	0	-1	0	2.0065572e-06	0	2.0065575e-06
lncRNA	ENST00000647872.1	LINC02693	5650	0	0	-1	0	1.7623436e-06	0	1.7623438e-06
lncRNA	ENST00000647872.1	LINC02693	5651	0	0	-1	0	2.0888367e-06	0	2.088837e-06
lncRNA	ENST00000647872.1	LINC02693	5652	0	0	-1	0	1.0746701e-06	0	1.0746703e-06
lncRNA	ENST00000647872.1	LINC02693	5653	0	0	-1	0	7.3332274e-07	0	7.3332285e-07
lncRNA	ENST00000647872.1	LINC02693	5654	0	0	-1	0	7.6236374e-06	0	7.6236386e-06
lncRNA	ENST00000647872.1	LINC02693	5655	0	0	-1	0	1.4363327e-07	0	1.4363329e-07
lncRNA	ENST00000647872.1	LINC02693	5656	0	0	-1	0	2.4014352e-07	0	2.4014356e-07
lncRNA	ENST00000647872.1	LINC02693	5657	0	0	-1	0	4.6879668e-06	0	4.6879675e-06
lncRNA	ENST00000647872.1	LINC02693	5658	0	0	-1	0	1.0418951e-06	0	1.0418952e-06
lncRNA	ENST00000647872.1	LINC02693	5659	0	0	-1	0	2.041837e-06	0	2.0418373e-06
lncRNA	ENST00000647872.1	LINC02693	5660	0	0	-1	0	4.3572481e-06	0	4.3572488e-06
lncRNA	ENST00000647872.1	LINC02693	5661	0	0	-1	0	5.5628525e-06	0	5.5628534e-06
lncRNA	ENST00000647872.1	LINC02693	5662	0	0	-1	0	5.8579326e-07	0	5.8579335e-07
lncRNA	ENST00000647872.1	LINC02693	5663	0	0	-1	0	6.377677e-06	0	6.377678e-06
lncRNA	ENST00000647872.1	LINC02693	5664	0	0	-1	0	4.7455276e-07	0	4.7455284e-07
lncRNA	ENST00000647872.1	LINC02693	5665	0	0	-1	0	1.8966603e-06	0	1.8966605e-06
lncRNA	ENST00000647872.1	LINC02693	5666	0	0	-1	0	9.9613544e-07	0	9.961356e-07
lncRNA	ENST00000647872.1	LINC02693	5667	0	0	-1	0	6.9999373e-07	0	6.9999384e-07
lncRNA	ENST00000647872.1	LINC02693	5668	0	0	-1	0	2.8406093e-06	0	2.8406098e-06
lncRNA	ENST00000647872.1	LINC02693	5669	0	0	-1	0	5.3065062e-08	0	5.306507e-08
lncRNA	ENST00000647872.1	LINC02693	5670	0	0	-1	0	1.0223019e-07	0	1.022302e-07
lncRNA	ENST00000647872.1	LINC02693	5671	0	0	-1	0	4.3357863e-07	0	4.335787e-07
lncRNA	ENST00000647872.1	LINC02693	5672	0	0	-1	0	2.1079197e-06	0	2.1079201e-06
lncRNA	ENST00000647872.1	LINC02693	5673	0	0	-1	0	1.0829303e-06	0	1.0829305e-06
lncRNA	ENST00000647872.1	LINC02693	5674	0	0	-1	0	3.9200481e-06	0	3.9200487e-06
lncRNA	ENST00000647872.1	LINC02693	5675	0	0	-1	0	3.9544084e-06	0	3.954409e-06
lncRNA	ENST00000647872.1	LINC02693	5676	0	0	-1	0	5.2737541e-06	0	5.273755e-06
lncRNA	ENST00000647872.1	LINC02693	5677	0	0	-1	0	3.7787388e-06	0	3.7787394e-06
lncRNA	ENST00000647872.1	LINC02693	5678	0	0	-1	0	1.4386854e-05	0	1.4386856e-05
lncRNA	ENST00000647872.1	LINC02693	5679	0	0	-1	0	4.09123e-06	0	4.0912307e-06
lncRNA	ENST00000647872.1	LINC02693	5680	0	0	-1	0	2.119252e-06	0	2.1192524e-06
lncRNA	ENST00000647872.1	LINC02693	5681	0	0	-1	0	6.2600029e-06	0	6.2600039e-06
lncRNA	ENST00000647872.1	LINC02693	5682	0	0	-1	0	5.3743138e-06	0	5.3743146e-06
lncRNA	ENST00000647872.1	LINC02693	5683	0	0	-1	0	8.8233099e-07	0	8.8233113e-07
lncRNA	ENST00000647872.1	LINC02693	5684	0	0	-1	0	1.4531746e-06	0	1.4531748e-06
lncRNA	ENST00000647872.1	LINC02693	5685	0	0	-1	0	3.7684015e-07	0	3.7684021e-07
lncRNA	ENST00000647872.1	LINC02693	5686	0	0	-1	0	8.2073052e-07	0	8.2073065e-07
lncRNA	ENST00000647872.1	LINC02693	5687	0	0	-1	0	4.4970477e-07	0	4.4970484e-07
lncRNA	ENST00000647872.1	LINC02693	5688	0	0	-1	0	2.4169779e-07	0	2.4169783e-07
lncRNA	ENST00000647872.1	LINC02693	5689	0	0	-1	0	1.5611525e-07	0	1.5611527e-07
lncRNA	ENST00000647872.1	LINC02693	5690	0	0	-1	0	7.8358505e-07	0	7.8358517e-07
lncRNA	ENST00000647872.1	LINC02693	5691	0	0	-1	0	2.3437319e-06	0	2.3437323e-06
lncRNA	ENST00000647872.1	LINC02693	5692	0	0	-1	0	2.4353599e-06	0	2.4353603e-06
lncRNA	ENST00000647872.1	LINC02693	5693	0	0	-1	0	6.1595542e-06	0	6.1595552e-06
lncRNA	ENST00000647872.1	LINC02693	5694	0	0	-1	0	3.9766646e-06	0	3.9766653e-06
lncRNA	ENST00000647872.1	LINC02693	5695	0	0	-1	0	6.3086765e-07	0	6.3086775e-07
lncRNA	ENST00000647872.1	LINC02693	5696	0	0	-1	0	1.2388762e-06	0	1.2388764e-06
lncRNA	ENST00000647872.1	LINC02693	5697	0	0	-1	0	1.447051e-06	0	1.4470512e-06
lncRNA	ENST00000647872.1	LINC02693	5698	0	0	-1	0	6.5979471e-08	0	6.5979481e-08
lncRNA	ENST00000647872.1	LINC02693	5699	0	0	-1	0	3.5336902e-07	0	3.5336907e-07
lncRNA	ENST00000647872.1	LINC02693	5700	0	0	-1	0	4.144463e-07	0	4.1444637e-07
lncRNA	ENST00000647872.1	LINC02693	5701	0	0	-1	0	3.1307775e-07	0	3.130778e-07
lncRNA	ENST00000647872.1	LINC02693	5702	0	0	-1	0	1.4426553e-06	0	1.4426555e-06
lncRNA	ENST00000647872.1	LINC02693	5703	0	0	-1	0	8.3757674e-05	0	8.3757687e-05
lncRNA	ENST00000647872.1	LINC02693	5704	0	0	-1	0	3.2205976e-06	0	3.2205981e-06
lncRNA	ENST00000647872.1	LINC02693	5705	0	0	-1	0	1.1570447e-06	0	1.1570449e-06
lncRNA	ENST00000647872.1	LINC02693	5706	0	0	-1	0	1.2123018e-06	0	1.2123019e-06
lncRNA	ENST00000647872.1	LINC02693	5707	0	0	-1	0	1.0504854e-06	0	1.0504855e-06
lncRNA	ENST00000647872.1	LINC02693	5708	0	0	-1	0	2.8745458e-06	0	2.8745462e-06
lncRNA	ENST00000647872.1	LINC02693	5709	0	0	-1	0	1.9634692e-06	0	1.9634695e-06
lncRNA	ENST00000647872.1	LINC02693	5710	0	0	-1	0	1.0667713e-07	0	1.0667714e-07
lncRNA	ENST00000647872.1	LINC02693	5711	0	0	-1	0	2.6575606e-07	0	2.657561e-07
lncRNA	ENST00000647872.1	LINC02693	5712	0	0	-1	0	2.006967e-06	0	2.0069673e-06
lncRNA	ENST00000647872.1	LINC02693	5713	0	0	-1	0	8.3649741e-07	0	8.3649754e-07
lncRNA	ENST00000647872.1	LINC02693	5714	0	0	-1	0	1.7808198e-06	0	1.7808201e-06
lncRNA	ENST00000647872.1	LINC02693	5715	0	0	-1	0	8.2021643e-07	0	8.2021656e-07
lncRNA	ENST00000647872.1	LINC02693	5716	0	0	-1	0	6.4104381e-07	0	6.4104391e-07
lncRNA	ENST00000647872.1	LINC02693	5717	0	0	-1	0	1.287903e-06	0	1.2879032e-06
lncRNA	ENST00000647872.1	LINC02693	5718	0	0	-1	0	6.0950201e-06	0	6.0950211e-06
lncRNA	ENST00000647872.1	LINC02693	5719	0	0	-1	0	3.9051284e-07	0	3.905129e-07
lncRNA	ENST00000647872.1	LINC02693	5720	0	0	-1	0	1.0609278e-06	0	1.060928e-06
lncRNA	ENST00000647872.1	LINC02693	5721	0	0	-1	0	3.8902099e-06	0	3.8902105e-06
lncRNA	ENST00000647872.1	LINC02693	5722	0	0	-1	0	7.356735e-07	0	7.3567361e-07
lncRNA	ENST00000647872.1	LINC02693	5723	0	0	-1	0	3.9061324e-06	0	3.906133e-06
lncRNA	ENST00000647872.1	LINC02693	5724	0	0	-1	0	5.9107306e-06	0	5.9107315e-06
lncRNA	ENST00000647872.1	LINC02693	5725	0	0	-1	0	2.2318131e-06	0	2.2318135e-06
lncRNA	ENST00000647872.1	LINC02693	5726	0	0	-1	0	1.3789119e-06	0	1.3789121e-06
lncRNA	ENST00000647872.1	LINC02693	5727	0	0	-1	0	7.9111629e-07	0	7.9111642e-07
lncRNA	ENST00000647872.1	LINC02693	5728	0	0	-1	0	9.1408691e-07	0	9.1408705e-07
lncRNA	ENST00000647872.1	LINC02693	5729	0	0	-1	0	6.9679334e-07	0	6.9679345e-07
lncRNA	ENST00000647872.1	LINC02693	5730	0	0	-1	0	1.3035026e-07	0	1.3035028e-07
lncRNA	ENST00000647872.1	LINC02693	5731	0	0	-1	0	8.8558288e-08	0	8.8558302e-08
lncRNA	ENST00000647872.1	LINC02693	5732	0	0	-1	0	1.0681389e-06	0	1.0681391e-06
lncRNA	ENST00000647872.1	LINC02693	5733	0	0	-1	0	1.8674892e-07	0	1.8674895e-07
lncRNA	ENST00000647872.1	LINC02693	5734	0	0	-1	0	1.3437239e-07	0	1.3437241e-07
lncRNA	ENST00000647872.1	LINC02693	5735	0	0	-1	0	1.0926153e-06	0	1.0926155e-06
lncRNA	ENST00000647872.1	LINC02693	5736	0	0	-1	0	8.0061346e-07	0	8.0061359e-07
lncRNA	ENST00000647872.1	LINC02693	5737	0	0	-1	0	2.586593e-07	0	2.5865934e-07
lncRNA	ENST00000647872.1	LINC02693	5738	0	0	-1	0	3.0382034e-07	0	3.0382039e-07
lncRNA	ENST00000647872.1	LINC02693	5739	0	0	-1	0	3.4933277e-07	0	3.4933282e-07
lncRNA	ENST00000647872.1	LINC02693	5740	0	0	-1	0	3.850746e-07	0	3.8507466e-07
lncRNA	ENST00000647872.1	LINC02693	5741	0	0	-1	0	7.9451786e-07	0	7.9451798e-07
lncRNA	ENST00000647872.1	LINC02693	5742	0	0	-1	0	6.8451374e-07	0	6.8451384e-07
lncRNA	ENST00000647872.1	LINC02693	5743	0	0	-1	0	8.8360667e-07	0	8.8360681e-07
lncRNA	ENST00000647872.1	LINC02693	5744	0	0	-1	0	3.7550237e-07	0	3.7550243e-07
lncRNA	ENST00000647872.1	LINC02693	5745	0	0	-1	0	7.082869e-07	0	7.0828702e-07
lncRNA	ENST00000647872.1	LINC02693	5746	0	0	-1	0	2.4103226e-06	0	2.410323e-06
lncRNA	ENST00000647872.1	LINC02693	5747	0	0	-1	0	2.5179787e-07	0	2.5179791e-07
lncRNA	ENST00000647872.1	LINC02693	5748	0	0	-1	0	6.7630339e-07	0	6.7630349e-07
lncRNA	ENST00000647872.1	LINC02693	5749	0	0	-1	0	1.3916989e-06	0	1.3916991e-06
lncRNA	ENST00000647872.1	LINC02693	5750	0	0	-1	0	4.7614938e-07	0	4.7614946e-07
lncRNA	ENST00000647872.1	LINC02693	5751	0	0	-1	0	1.0683896e-06	0	1.0683897e-06
lncRNA	ENST00000647872.1	LINC02693	5752	0	0	-1	0	1.6339711e-06	0	1.6339714e-06
lncRNA	ENST00000647872.1	LINC02693	5753	0	0	-1	0	4.3415793e-07	0	4.3415799e-07
lncRNA	ENST00000647872.1	LINC02693	5754	0	0	-1	0	2.6354426e-06	0	2.635443e-06
lncRNA	ENST00000647872.1	LINC02693	5755	0	0	-1	0	1.1912791e-06	0	1.1912793e-06
lncRNA	ENST00000647872.1	LINC02693	5756	0	0	-1	0	4.7547056e-07	0	4.7547063e-07
lncRNA	ENST00000647872.1	LINC02693	5757	0	0	-1	0	7.5284805e-07	0	7.5284817e-07
lncRNA	ENST00000647872.1	LINC02693	5758	0	0	-1	0	1.1691461e-06	0	1.1691463e-06
lncRNA	ENST00000647872.1	LINC02693	5759	0	0	-1	0	5.4016908e-08	0	5.4016917e-08
lncRNA	ENST00000647872.1	LINC02693	5760	0	0	-1	0	2.2788267e-06	0	2.2788271e-06
lncRNA	ENST00000647872.1	LINC02693	5761	0	0	-1	0	7.5789501e-07	0	7.5789513e-07
lncRNA	ENST00000647872.1	LINC02693	5762	0	0	-1	0	7.2367172e-08	0	7.2367183e-08
lncRNA	ENST00000647872.1	LINC02693	5763	0	0	-1	0	3.721228e-07	0	3.7212286e-07
lncRNA	ENST00000647872.1	LINC02693	5764	0	0	-1	0	1.9857996e-06	0	1.9857999e-06
lncRNA	ENST00000647872.1	LINC02693	5765	0	0	-1	0	5.1838285e-08	0	5.1838293e-08
lncRNA	ENST00000647872.1	LINC02693	5766	0	0	-1	0	7.993745e-07	0	7.9937463e-07
lncRNA	ENST00000647872.1	LINC02693	5767	0	0	-1	0	3.051762e-07	0	3.0517625e-07
lncRNA	ENST00000647872.1	LINC02693	5768	0	0	-1	0	2.5652744e-07	0	2.5652748e-07
lncRNA	ENST00000647872.1	LINC02693	5769	0	0	-1	0	8.9582062e-07	0	8.9582076e-07
lncRNA	ENST00000647872.1	LINC02693	5770	0	0	-1	0	3.8071573e-07	0	3.8071579e-07
lncRNA	ENST00000647872.1	LINC02693	5771	0	0	-1	0	8.4960232e-07	0	8.4960245e-07
lncRNA	ENST00000647872.1	LINC02693	5772	0	0	-1	0	4.4114464e-07	0	4.411447e-07
lncRNA	ENST00000647872.1	LINC02693	5773	0	0	-1	0	7.3088813e-07	0	7.3088825e-07
lncRNA	ENST00000647872.1	LINC02693	5774	0	0	-1	0	1.3795938e-07	0	1.379594e-07
lncRNA	ENST00000647872.1	LINC02693	5775	0	0	-1	0	5.0754574e-07	0	5.0754582e-07
lncRNA	ENST00000647872.1	LINC02693	5776	0	0	-1	0	8.3629482e-07	0	8.3629495e-07
lncRNA	ENST00000647872.1	LINC02693	5777	0	0	-1	0	1.8010523e-06	0	1.8010526e-06
lncRNA	ENST00000647872.1	LINC02693	5778	0	0	-1	0	2.342246e-06	0	2.3422464e-06
lncRNA	ENST00000647872.1	LINC02693	5779	0	0	-1	0	8.8137307e-07	0	8.8137321e-07
lncRNA	ENST00000647872.1	LINC02693	5780	0	0	-1	0	1.0681327e-06	0	1.0681329e-06
lncRNA	ENST00000647872.1	LINC02693	5781	0	0	-1	0	6.9960259e-07	0	6.996027e-07
lncRNA	ENST00000647872.1	LINC02693	5782	0	0	-1	0	8.0087386e-07	0	8.0087399e-07
lncRNA	ENST00000647872.1	LINC02693	5783	0	0	-1	0	1.3438212e-07	0	1.3438214e-07
lncRNA	ENST00000647872.1	LINC02693	5784	0	0	-1	0	2.3141466e-07	0	2.314147e-07
lncRNA	ENST00000647872.1	LINC02693	5785	0	0	-1	0	3.0909908e-07	0	3.0909913e-07
lncRNA	ENST00000647872.1	LINC02693	5786	0	0	-1	0	7.9374161e-07	0	7.9374173e-07
lncRNA	ENST00000647872.1	LINC02693	5787	0	0	-1	0	8.556454e-07	0	8.5564553e-07
lncRNA	ENST00000647872.1	LINC02693	5788	0	0	-1	0	2.0988709e-06	0	2.0988713e-06
lncRNA	ENST00000647872.1	LINC02693	5789	0	0	-1	0	1.4958813e-06	0	1.4958815e-06
lncRNA	ENST00000647872.1	LINC02693	5790	0	0	-1	0	4.7627495e-06	0	4.7627503e-06
lncRNA	ENST00000647872.1	LINC02693	5791	0	0	-1	0	4.9246108e-07	0	4.9246116e-07
lncRNA	ENST00000647872.1	LINC02693	5792	0	0	-1	0	3.1579785e-07	0	3.157979e-07
lncRNA	ENST00000647872.1	LINC02693	5793	0	0	-1	0	1.0866527e-06	0	1.0866528e-06
lncRNA	ENST00000647872.1	LINC02693	5794	0	0	-1	0	6.710801e-07	0	6.7108021e-07
lncRNA	ENST00000647872.1	LINC02693	5795	0	0	-1	0	2.8306479e-07	0	2.8306484e-07
lncRNA	ENST00000647872.1	LINC02693	5796	0	0	-1	0	2.0023117e-06	0	2.002312e-06
lncRNA	ENST00000647872.1	LINC02693	5797	0	0	-1	0	5.0533561e-07	0	5.0533569e-07
lncRNA	ENST00000647872.1	LINC02693	5798	0	0	-1	0	4.0931562e-07	0	4.0931568e-07
lncRNA	ENST00000647872.1	LINC02693	5799	0	0	-1	0	8.6716096e-07	0	8.671611e-07
lncRNA	ENST00000647872.1	LINC02693	5800	0	0	-1	0	1.7601985e-06	0	1.7601988e-06
lncRNA	ENST00000647872.1	LINC02693	5801	0	0	-1	0	3.86174e-06	0	3.8617406e-06
lncRNA	ENST00000647872.1	LINC02693	5802	0	0	-1	0	7.328812e-06	0	7.3288131e-06
lncRNA	ENST00000647872.1	LINC02693	5803	0	0	-1	0	1.4239699e-06	0	1.4239702e-06
lncRNA	ENST00000647872.1	LINC02693	5804	0	0	-1	0	5.5656409e-07	0	5.5656418e-07
lncRNA	ENST00000647872.1	LINC02693	5805	0	0	-1	0	1.1986873e-07	0	1.1986875e-07
lncRNA	ENST00000647872.1	LINC02693	5806	0	0	-1	0	5.3599075e-07	0	5.3599083e-07
lncRNA	ENST00000647872.1	LINC02693	5807	0	0	-1	0	6.3038834e-07	0	6.3038844e-07
lncRNA	ENST00000647872.1	LINC02693	5808	0	0	-1	0	9.0049912e-07	0	9.0049926e-07
lncRNA	ENST00000647872.1	LINC02693	5809	0	0	-1	0	4.044754e-06	0	4.0447546e-06
lncRNA	ENST00000647872.1	LINC02693	5810	0	0	-1	0	5.4986276e-07	0	5.4986285e-07
lncRNA	ENST00000647872.1	LINC02693	5811	0	0	-1	0	8.0685044e-07	0	8.0685056e-07
lncRNA	ENST00000647872.1	LINC02693	5812	0	0	-1	0	6.5200311e-07	0	6.5200321e-07
lncRNA	ENST00000647872.1	LINC02693	5813	0	0	-1	0	1.1505515e-06	0	1.1505517e-06
lncRNA	ENST00000647872.1	LINC02693	5814	0	0	-1	0	5.2971797e-07	0	5.2971805e-07
lncRNA	ENST00000647872.1	LINC02693	5815	0	0	-1	0	8.5603961e-07	0	8.5603974e-07
lncRNA	ENST00000647872.1	LINC02693	5816	0	0	-1	0	1.8012705e-06	0	1.8012708e-06
lncRNA	ENST00000647872.1	LINC02693	5817	0	0	-1	0	1.2208789e-05	0	1.220879e-05
lncRNA	ENST00000647872.1	LINC02693	5818	0	0	-1	0	1.9887846e-06	0	1.9887849e-06
lncRNA	ENST00000647872.1	LINC02693	5819	0	0	-1	0	7.7700673e-07	0	7.7700686e-07
lncRNA	ENST00000647872.1	LINC02693	5820	0	0	-1	0	9.950511e-07	0	9.9505125e-07
lncRNA	ENST00000647872.1	LINC02693	5821	0	0	-1	0	3.0867532e-06	0	3.0867537e-06
lncRNA	ENST00000647872.1	LINC02693	5822	0	0	-1	0	1.104244e-06	0	1.1042442e-06
lncRNA	ENST00000647872.1	LINC02693	5823	0	0	-1	0	2.944558e-06	0	2.9445585e-06
lncRNA	ENST00000647872.1	LINC02693	5824	0	0	-1	0	1.3176981e-06	0	1.3176983e-06
lncRNA	ENST00000647872.1	LINC02693	5825	0	0	-1	0	1.0129905e-06	0	1.0129907e-06
lncRNA	ENST00000647872.1	LINC02693	5826	0	0	-1	0	5.4214337e-07	0	5.4214345e-07
lncRNA	ENST00000647872.1	LINC02693	5827	0	0	-1	0	4.2099694e-07	0	4.2099701e-07
lncRNA	ENST00000647872.1	LINC02693	5828	0	0	-1	0	2.5811963e-07	0	2.5811967e-07
lncRNA	ENST00000647872.1	LINC02693	5829	0	0	-1	0	2.8262835e-07	0	2.8262839e-07
lncRNA	ENST00000647872.1	LINC02693	5830	0	0	-1	0	1.8272318e-06	0	1.8272321e-06
lncRNA	ENST00000647872.1	LINC02693	5831	0	0	-1	0	2.0154136e-08	0	2.0154139e-08
lncRNA	ENST00000647872.1	LINC02693	5832	0	0	-1	0	2.3041687e-07	0	2.3041691e-07
lncRNA	ENST00000647872.1	LINC02693	5833	0	0	-1	0	2.2599446e-07	0	2.2599449e-07
lncRNA	ENST00000647872.1	LINC02693	5834	0	0	-1	0	1.3888629e-06	0	1.3888631e-06
lncRNA	ENST00000647872.1	LINC02693	5835	0	0	-1	0	1.675739e-06	0	1.6757392e-06
lncRNA	ENST00000647872.1	LINC02693	5836	0	0	-1	0	2.1086768e-07	0	2.1086772e-07
lncRNA	ENST00000647872.1	LINC02693	5837	0	0	-1	0	9.8462397e-07	0	9.8462412e-07
lncRNA	ENST00000647872.1	LINC02693	5838	0	0	-1	0	4.6427601e-07	0	4.6427609e-07
lncRNA	ENST00000647872.1	LINC02693	5839	0	0	-1	0	5.5302421e-06	0	5.530243e-06
lncRNA	ENST00000647872.1	LINC02693	5840	0	0	-1	0	1.3447386e-06	0	1.3447388e-06
lncRNA	ENST00000647872.1	LINC02693	5841	0	0	-1	0	5.8259036e-07	0	5.8259045e-07
lncRNA	ENST00000647872.1	LINC02693	5842	0	0	-1	0	5.5565187e-07	0	5.5565195e-07
lncRNA	ENST00000647872.1	LINC02693	5843	0	0	-1	0	1.1315716e-06	0	1.1315718e-06
lncRNA	ENST00000647872.1	LINC02693	5844	0	0	-1	0	4.8385596e-06	0	4.8385603e-06
lncRNA	ENST00000647872.1	LINC02693	5845	0	0	-1	0	2.2097636e-06	0	2.2097639e-06
lncRNA	ENST00000647872.1	LINC02693	5846	0	0	-1	0	1.122839e-07	0	1.1228392e-07
lncRNA	ENST00000647872.1	LINC02693	5847	0	0	-1	0	2.6572513e-07	0	2.6572518e-07
lncRNA	ENST00000647872.1	LINC02693	5848	0	0	-1	0	1.8704634e-06	0	1.8704637e-06
lncRNA	ENST00000647872.1	LINC02693	5849	0	0	-1	0	2.2583815e-06	0	2.2583819e-06
lncRNA	ENST00000647872.1	LINC02693	5850	0	0	-1	0	1.6662e-06	0	1.6662002e-06
lncRNA	ENST00000647872.1	LINC02693	5851	0	0	-1	0	2.7114979e-06	0	2.7114984e-06
lncRNA	ENST00000647872.1	LINC02693	5852	0	0	-1	0	1.6972102e-06	0	1.6972105e-06
lncRNA	ENST00000647872.1	LINC02693	5853	0	0	-1	0	3.1288582e-07	0	3.1288587e-07
lncRNA	ENST00000647872.1	LINC02693	5854	0	0	-1	0	5.7639991e-06	0	5.764e-06
lncRNA	ENST00000647872.1	LINC02693	5855	0	0	-1	0	9.1368738e-06	0	9.1368753e-06
lncRNA	ENST00000647872.1	LINC02693	5856	0	0	-1	0	7.0019173e-06	0	7.0019184e-06
lncRNA	ENST00000647872.1	LINC02693	5857	0	0	-1	0	1.5095198e-06	0	1.5095201e-06
lncRNA	ENST00000647872.1	LINC02693	5858	0	0	-1	0	6.0993955e-07	0	6.0993964e-07
lncRNA	ENST00000647872.1	LINC02693	5859	0	0	-1	0	2.8971064e-07	0	2.8971069e-07
lncRNA	ENST00000647872.1	LINC02693	5860	0	0	-1	0	2.2721655e-07	0	2.2721658e-07
lncRNA	ENST00000647872.1	LINC02693	5861	0	0	-1	0	3.1131606e-07	0	3.1131611e-07
lncRNA	ENST00000647872.1	LINC02693	5862	0	0	-1	0	6.31136e-07	0	6.311361e-07
lncRNA	ENST00000647872.1	LINC02693	5863	0	0	-1	0	2.2851771e-06	0	2.2851774e-06
lncRNA	ENST00000647872.1	LINC02693	5864	0	0	-1	0	3.2730181e-08	0	3.2730186e-08
lncRNA	ENST00000647872.1	LINC02693	5865	0	0	-1	0	5.2522893e-07	0	5.2522901e-07
lncRNA	ENST00000647872.1	LINC02693	5866	0	0	-1	0	4.3535491e-07	0	4.3535497e-07
lncRNA	ENST00000647872.1	LINC02693	5867	0	0	-1	0	2.5122952e-06	0	2.5122956e-06
lncRNA	ENST00000647872.1	LINC02693	5868	0	0	-1	0	1.439202e-06	0	1.4392023e-06
lncRNA	ENST00000647872.1	LINC02693	5869	0	0	-1	0	1.1975955e-06	0	1.1975956e-06
lncRNA	ENST00000647872.1	LINC02693	5870	0	0	-1	0	9.3544578e-08	0	9.3544593e-08
lncRNA	ENST00000647872.1	LINC02693	5871	0	0	-1	0	3.6651768e-06	0	3.6651774e-06
lncRNA	ENST00000647872.1	LINC02693	5872	0	0	-1	0	3.7599582e-07	0	3.7599588e-07
lncRNA	ENST00000647872.1	LINC02693	5873	0	0	-1	0	7.738111e-08	0	7.7381122e-08
lncRNA	ENST00000647872.1	LINC02693	5874	0	0	-1	0	4.4588054e-07	0	4.4588062e-07
lncRNA	ENST00000647872.1	LINC02693	5875	0	0	-1	0	1.3682436e-06	0	1.3682438e-06
lncRNA	ENST00000647872.1	LINC02693	5876	0	0	-1	0	9.9482816e-07	0	9.9482831e-07
lncRNA	ENST00000647872.1	LINC02693	5877	0	0	-1	0	8.9079509e-07	0	8.9079523e-07
lncRNA	ENST00000647872.1	LINC02693	5878	0	0	-1	0	1.1790235e-07	0	1.1790236e-07
lncRNA	ENST00000647872.1	LINC02693	5879	0	0	-1	0	2.1727998e-07	0	2.1728001e-07
lncRNA	ENST00000647872.1	LINC02693	5880	0	0	-1	0	4.9965934e-07	0	4.9965941e-07
lncRNA	ENST00000647872.1	LINC02693	5881	0	0	-1	0	1.9010741e-07	0	1.9010744e-07
lncRNA	ENST00000647872.1	LINC02693	5882	0	0	-1	0	8.1023006e-07	0	8.1023019e-07
lncRNA	ENST00000647872.1	LINC02693	5883	0	0	-1	0	6.9602265e-08	0	6.9602276e-08
lncRNA	ENST00000647872.1	LINC02693	5884	0	0	-1	0	9.7328075e-07	0	9.732809e-07
lncRNA	ENST00000647872.1	LINC02693	5885	0	0	-1	0	5.4131651e-06	0	5.413166e-06
lncRNA	ENST00000647872.1	LINC02693	5886	0	0	-1	0	2.8380612e-06	0	2.8380616e-06
lncRNA	ENST00000647872.1	LINC02693	5887	0	0	-1	0	2.7590243e-06	0	2.7590247e-06
lncRNA	ENST00000647872.1	LINC02693	5888	0	0	-1	0	1.5046547e-06	0	1.504655e-06
lncRNA	ENST00000647872.1	LINC02693	5889	0	0	-1	0	4.6750015e-06	0	4.6750022e-06
lncRNA	ENST00000647872.1	LINC02693	5890	0	0	-1	0	4.4341135e-07	0	4.4341142e-07
lncRNA	ENST00000647872.1	LINC02693	5891	0	0	-1	0	2.9028656e-06	0	2.9028661e-06
lncRNA	ENST00000647872.1	LINC02693	5892	0	0	-1	0	1.0228169e-05	0	1.0228171e-05
lncRNA	ENST00000647872.1	LINC02693	5893	0	0	-1	0	1.1043541e-05	0	1.1043543e-05
lncRNA	ENST00000647872.1	LINC02693	5894	0	0	-1	0	6.0896372e-07	0	6.0896381e-07
lncRNA	ENST00000647872.1	LINC02693	5895	0	0	-1	0	9.6363306e-07	0	9.6363321e-07
lncRNA	ENST00000647872.1	LINC02693	5896	0	0	-1	0	1.3303056e-06	0	1.3303058e-06
lncRNA	ENST00000647872.1	LINC02693	5897	0	0	-1	0	3.9880524e-07	0	3.988053e-07
lncRNA	ENST00000647872.1	LINC02693	5898	0	0	-1	0	2.3684595e-06	0	2.3684599e-06
lncRNA	ENST00000647872.1	LINC02693	5899	0	0	-1	0	1.9887409e-06	0	1.9887412e-06
lncRNA	ENST00000647872.1	LINC02693	5900	0	0	-1	0	4.8625606e-07	0	4.8625613e-07
lncRNA	ENST00000647872.1	LINC02693	5901	0	0	-1	0	1.4598976e-06	0	1.4598978e-06
lncRNA	ENST00000647872.1	LINC02693	5902	0	0	-1	0	2.0760284e-07	0	2.0760287e-07
lncRNA	ENST00000647872.1	LINC02693	5903	0	0	-1	0	2.1215835e-06	0	2.1215839e-06
lncRNA	ENST00000647872.1	LINC02693	5904	0	0	-1	0	1.394469e-06	0	1.3944692e-06
lncRNA	ENST00000647872.1	LINC02693	5905	0	0	-1	0	5.8115256e-07	0	5.8115265e-07
lncRNA	ENST00000647872.1	LINC02693	5906	0	0	-1	0	2.419657e-06	0	2.4196574e-06
lncRNA	ENST00000647872.1	LINC02693	5907	0	0	-1	0	1.8676632e-06	0	1.8676635e-06
lncRNA	ENST00000647872.1	LINC02693	5908	0	0	-1	0	9.7312216e-07	0	9.7312231e-07
lncRNA	ENST00000647872.1	LINC02693	5909	0	0	-1	0	3.4066397e-05	0	3.4066403e-05
lncRNA	ENST00000647872.1	LINC02693	5910	0	0	-1	0	3.5317414e-06	0	3.531742e-06
lncRNA	ENST00000647872.1	LINC02693	5911	0	0	-1	0	1.8097816e-06	0	1.8097819e-06
lncRNA	ENST00000647872.1	LINC02693	5912	0	0	-1	0	8.7800976e-07	0	8.780099e-07
lncRNA	ENST00000647872.1	LINC02693	5913	0	0	-1	0	1.7337631e-07	0	1.7337633e-07
lncRNA	ENST00000647872.1	LINC02693	5914	0	0	-1	0	4.5713128e-07	0	4.5713135e-07
lncRNA	ENST00000647872.1	LINC02693	5915	0	0	-1	0	1.8097143e-06	0	1.8097145e-06
lncRNA	ENST00000647872.1	LINC02693	5916	0	0	-1	0	1.6857683e-06	0	1.6857686e-06
lncRNA	ENST00000647872.1	LINC02693	5917	0	0	-1	0	9.626466e-07	0	9.6264675e-07
lncRNA	ENST00000647872.1	LINC02693	5918	0	0	-1	0	6.8360561e-07	0	6.8360571e-07
lncRNA	ENST00000647872.1	LINC02693	5919	0	0	-1	0	2.2153426e-06	0	2.215343e-06
lncRNA	ENST00000647872.1	LINC02693	5920	0	0	-1	0	3.5053716e-07	0	3.5053722e-07
lncRNA	ENST00000647872.1	LINC02693	5921	0	0	-1	0	1.5864185e-06	0	1.5864188e-06
lncRNA	ENST00000647872.1	LINC02693	5922	0	0	-1	0	5.0091126e-07	0	5.0091133e-07
lncRNA	ENST00000647872.1	LINC02693	5923	0	0	-1	0	1.0386187e-07	0	1.0386189e-07
lncRNA	ENST00000647872.1	LINC02693	5924	0	0	-1	0	4.0553346e-07	0	4.0553352e-07
lncRNA	ENST00000647872.1	LINC02693	5925	0	0	-1	0	8.9938039e-06	0	8.9938053e-06
lncRNA	ENST00000647872.1	LINC02693	5926	0	0	-1	0	7.8109605e-07	0	7.8109617e-07
lncRNA	ENST00000647872.1	LINC02693	5927	0	0	-1	0	1.7228714e-07	0	1.7228717e-07
lncRNA	ENST00000647872.1	LINC02693	5928	0	0	-1	0	8.3112997e-07	0	8.311301e-07
lncRNA	ENST00000647872.1	LINC02693	5929	0	0	-1	0	6.40412e-07	0	6.404121e-07
lncRNA	ENST00000647872.1	LINC02693	5930	0	0	-1	0	2.9444457e-06	0	2.9444461e-06
lncRNA	ENST00000647872.1	LINC02693	5931	0	0	-1	0	9.7102642e-08	0	9.7102658e-08
lncRNA	ENST00000647872.1	LINC02693	5932	0	0	-1	0	6.1888034e-07	0	6.1888043e-07
lncRNA	ENST00000647872.1	LINC02693	5933	0	0	-1	0	2.8878887e-06	0	2.8878892e-06
lncRNA	ENST00000647872.1	LINC02693	5934	0	0	-1	0	6.644982e-07	0	6.6449831e-07
lncRNA	ENST00000647872.1	LINC02693	5935	0	0	-1	0	8.5644757e-08	0	8.5644771e-08
lncRNA	ENST00000647872.1	LINC02693	5936	0	0	-1	0	2.6496625e-07	0	2.6496629e-07
lncRNA	ENST00000647872.1	LINC02693	5937	0	0	-1	0	5.2606033e-06	0	5.2606041e-06
lncRNA	ENST00000647872.1	LINC02693	5938	0	0	-1	0	1.0956111e-06	0	1.0956113e-06
lncRNA	ENST00000647872.1	LINC02693	5939	0	0	-1	0	2.863141e-07	0	2.8631415e-07
lncRNA	ENST00000647872.1	LINC02693	5940	0	0	-1	0	1.1926035e-06	0	1.1926037e-06
lncRNA	ENST00000647872.1	LINC02693	5941	0	0	-1	0	1.9792736e-07	0	1.9792739e-07
lncRNA	ENST00000647872.1	LINC02693	5942	0	0	-1	0	2.0685825e-08	0	2.0685828e-08
lncRNA	ENST00000647872.1	LINC02693	5943	0	0	-1	0	1.9594334e-07	0	1.9594337e-07
lncRNA	ENST00000647872.1	LINC02693	5944	0	0	-1	0	4.6192273e-08	0	4.619228e-08
lncRNA	ENST00000647872.1	LINC02693	5945	0	0	-1	0	9.3711009e-08	0	9.3711023e-08
lncRNA	ENST00000647872.1	LINC02693	5946	0	0	-1	0	2.4597648e-07	0	2.4597652e-07
lncRNA	ENST00000647872.1	LINC02693	5947	0	0	-1	0	3.7590189e-07	0	3.7590195e-07
lncRNA	ENST00000647872.1	LINC02693	5948	0	0	-1	0	9.1276583e-08	0	9.1276597e-08
lncRNA	ENST00000647872.1	LINC02693	5949	0	0	-1	0	8.9353983e-07	0	8.9353997e-07
lncRNA	ENST00000647872.1	LINC02693	5950	0	0	-1	0	1.1064873e-06	0	1.1064874e-06
lncRNA	ENST00000647872.1	LINC02693	5951	0	0	-1	0	2.2609265e-06	0	2.2609269e-06
lncRNA	ENST00000647872.1	LINC02693	5952	0	0	-1	0	2.9802932e-06	0	2.9802936e-06
lncRNA	ENST00000647872.1	LINC02693	5953	0	0	-1	0	4.5337794e-07	0	4.5337801e-07
lncRNA	ENST00000647872.1	LINC02693	5954	0	0	-1	0	9.1009957e-07	0	9.1009972e-07
lncRNA	ENST00000647872.1	LINC02693	5955	0	0	-1	0	5.0637618e-07	0	5.0637626e-07
lncRNA	ENST00000647872.1	LINC02693	5956	0	0	-1	0	2.2459616e-07	0	2.245962e-07
lncRNA	ENST00000647872.1	LINC02693	5957	0	0	-1	0	6.7112165e-07	0	6.7112176e-07
lncRNA	ENST00000647872.1	LINC02693	5958	0	0	-1	0	1.6771075e-06	0	1.6771078e-06
lncRNA	ENST00000647872.1	LINC02693	5959	0	0	-1	0	1.4336417e-06	0	1.433642e-06
lncRNA	ENST00000647872.1	LINC02693	5960	0	0	-1	0	4.795819e-07	0	4.7958197e-07
lncRNA	ENST00000647872.1	LINC02693	5961	0	0	-1	0	8.0031646e-07	0	8.0031658e-07
lncRNA	ENST00000647872.1	LINC02693	5962	0	0	-1	0	1.1403367e-06	0	1.1403369e-06
lncRNA	ENST00000647872.1	LINC02693	5963	0	0	-1	0	1.9904381e-07	0	1.9904384e-07
lncRNA	ENST00000647872.1	LINC02693	5964	0	0	-1	0	4.106661e-07	0	4.1066617e-07
lncRNA	ENST00000647872.1	LINC02693	5965	0	0	-1	0	1.2017738e-06	0	1.201774e-06
lncRNA	ENST00000647872.1	LINC02693	5966	0	0	-1	0	7.6912011e-06	0	7.6912023e-06
lncRNA	ENST00000647872.1	LINC02693	5967	0	0	-1	0	1.9665697e-07	0	1.96657e-07
lncRNA	ENST00000647872.1	LINC02693	5968	0	0	-1	0	2.8372858e-07	0	2.8372863e-07
lncRNA	ENST00000647872.1	LINC02693	5969	0	0	-1	0	2.2746696e-07	0	2.2746699e-07
lncRNA	ENST00000647872.1	LINC02693	5970	0	0	-1	0	3.5105305e-07	0	3.510531e-07
lncRNA	ENST00000647872.1	LINC02693	5971	0	0	-1	0	1.0747531e-06	0	1.0747532e-06
lncRNA	ENST00000647872.1	LINC02693	5972	0	0	-1	0	1.0130972e-07	0	1.0130974e-07
lncRNA	ENST00000647872.1	LINC02693	5973	0	0	-1	0	3.4829206e-06	0	3.4829212e-06
lncRNA	ENST00000647872.1	LINC02693	5974	0	0	-1	0	6.3782761e-07	0	6.3782771e-07
lncRNA	ENST00000647872.1	LINC02693	5975	0	0	-1	0	1.6685231e-06	0	1.6685233e-06
lncRNA	ENST00000647872.1	LINC02693	5976	0	0	-1	0	3.5046714e-06	0	3.504672e-06
lncRNA	ENST00000647872.1	LINC02693	5977	0	0	-1	0	7.277381e-07	0	7.2773821e-07
lncRNA	ENST00000647872.1	LINC02693	5978	0	0	-1	0	3.4030549e-07	0	3.4030554e-07
lncRNA	ENST00000647872.1	LINC02693	5979	0	0	-1	0	8.2297129e-07	0	8.2297142e-07
lncRNA	ENST00000647872.1	LINC02693	5980	0	0	-1	0	5.3278291e-06	0	5.3278299e-06
lncRNA	ENST00000647872.1	LINC02693	5981	0	0	-1	0	4.810177e-06	0	4.8101777e-06
lncRNA	ENST00000647872.1	LINC02693	5982	0	0	-1	0	6.8355672e-07	0	6.8355683e-07
lncRNA	ENST00000647872.1	LINC02693	5983	0	0	-1	0	1.052759e-06	0	1.0527592e-06
lncRNA	ENST00000647872.1	LINC02693	5984	0	0	-1	0	8.9863185e-08	0	8.9863199e-08
lncRNA	ENST00000647872.1	LINC02693	5985	0	0	-1	0	7.5896146e-08	0	7.5896158e-08
lncRNA	ENST00000647872.1	LINC02693	5986	0	0	-1	0	2.7209643e-07	0	2.7209647e-07
lncRNA	ENST00000647872.1	LINC02693	5987	0	0	-1	0	2.2456447e-07	0	2.2456451e-07
lncRNA	ENST00000647872.1	LINC02693	5988	0	0	-1	0	7.2056139e-07	0	7.205615e-07
lncRNA	ENST00000647872.1	LINC02693	5989	0	0	-1	0	6.6096334e-07	0	6.6096344e-07
lncRNA	ENST00000647872.1	LINC02693	5990	0	0	-1	0	4.8922692e-07	0	4.89227e-07
lncRNA	ENST00000647872.1	LINC02693	5991	0	0	-1	0	1.841389e-06	0	1.8413893e-06
lncRNA	ENST00000647872.1	LINC02693	5992	0	0	-1	0	4.0015711e-06	0	4.0015718e-06
lncRNA	ENST00000647872.1	LINC02693	5993	0	0	-1	0	1.8522684e-06	0	1.8522687e-06
lncRNA	ENST00000647872.1	LINC02693	5994	0	0	-1	0	1.0101027e-07	0	1.0101029e-07
lncRNA	ENST00000647872.1	LINC02693	5995	0	0	-1	0	3.7548588e-07	0	3.7548594e-07
lncRNA	ENST00000647872.1	LINC02693	5996	0	0	-1	0	2.7157097e-07	0	2.7157101e-07
lncRNA	ENST00000647872.1	LINC02693	5997	0	0	-1	0	2.7796838e-07	0	2.7796843e-07
lncRNA	ENST00000647872.1	LINC02693	5998	0	0	-1	0	3.3973316e-07	0	3.3973322e-07
lncRNA	ENST00000647872.1	LINC02693	5999	0	0	-1	0	6.4592463e-08	0	6.4592473e-08
lncRNA	ENST00000647872.1	LINC02693	6000	0	0	-1	0	3.3146392e-08	0	3.3146398e-08
lncRNA	ENST00000647872.1	LINC02693	6001	0	0	-1	0	4.4679719e-08	0	4.4679727e-08
lncRNA	ENST00000647872.1	LINC02693	6002	0	0	-1	0	2.2719714e-08	0	2.2719718e-08
lncRNA	ENST00000647872.1	LINC02693	6003	0	0	-1	0	9.3748325e-09	0	9.3748339e-09
lncRNA	ENST00000647872.1	LINC02693	6004	0	0	-1	0	1.5431624e-08	0	1.5431626e-08
lncRNA	ENST00000647872.1	LINC02693	6005	0	0	-1	0	1.5851965e-08	0	1.5851968e-08
lncRNA	ENST00000647872.1	LINC02693	6006	0	0	-1	0	5.6202563e-08	0	5.6202571e-08
lncRNA	ENST00000647872.1	LINC02693	6007	0	0	-1	0	2.6218553e-08	0	2.6218557e-08
lncRNA	ENST00000647872.1	LINC02693	6008	0	0	-1	0	1.0990608e-07	0	1.0990609e-07
lncRNA	ENST00000647872.1	LINC02693	6009	0	0	-1	0	5.2160321e-08	0	5.2160329e-08
lncRNA	ENST00000647872.1	LINC02693	6010	0	0	-1	0	2.9211182e-07	0	2.9211187e-07
lncRNA	ENST00000647872.1	LINC02693	6011	0	0	-1	0	2.2844938e-07	0	2.2844942e-07
lncRNA	ENST00000647872.1	LINC02693	6012	0	0	-1	0	3.1056405e-07	0	3.105641e-07
lncRNA	ENST00000647872.1	LINC02693	6013	0	0	-1	0	6.257427e-07	0	6.257428e-07
lncRNA	ENST00000647872.1	LINC02693	6014	0	0	-1	0	4.0234534e-07	0	4.023454e-07
lncRNA	ENST00000647872.1	LINC02693	6015	0	0	-1	0	4.9102886e-07	0	4.9102893e-07
lncRNA	ENST00000647872.1	LINC02693	6016	0	0	-1	0	1.6340491e-06	0	1.6340494e-06
lncRNA	ENST00000647872.1	LINC02693	6017	0	0	-1	0	2.4600931e-07	0	2.4600935e-07
lncRNA	ENST00000647872.1	LINC02693	6018	0	0	-1	0	7.1411512e-07	0	7.1411523e-07
lncRNA	ENST00000647872.1	LINC02693	6019	0	0	-1	0	1.3707644e-06	0	1.3707646e-06
lncRNA	ENST00000647872.1	LINC02693	6020	0	0	-1	0	6.9690477e-06	0	6.9690488e-06
lncRNA	ENST00000647872.1	LINC02693	6021	0	0	-1	0	1.5378179e-06	0	1.5378181e-06
lncRNA	ENST00000647872.1	LINC02693	6022	0	0	-1	0	8.1091343e-07	0	8.1091356e-07
lncRNA	ENST00000647872.1	LINC02693	6023	0	0	-1	0	6.56292e-07	0	6.5629211e-07
lncRNA	ENST00000647872.1	LINC02693	6024	0	0	-1	0	2.3247399e-07	0	2.3247403e-07
lncRNA	ENST00000647872.1	LINC02693	6025	0	0	-1	0	2.2497517e-07	0	2.249752e-07
lncRNA	ENST00000647872.1	LINC02693	6026	0	0	-1	0	8.179066e-07	0	8.1790672e-07
lncRNA	ENST00000647872.1	LINC02693	6027	0	0	-1	0	5.0876014e-07	0	5.0876022e-07
lncRNA	ENST00000647872.1	LINC02693	6028	0	0	-1	0	1.187319e-07	0	1.1873192e-07
lncRNA	ENST00000647872.1	LINC02693	6029	0	0	-1	0	4.6815796e-07	0	4.6815804e-07
lncRNA	ENST00000647872.1	LINC02693	6030	0	0	-1	0	7.7475664e-07	0	7.7475676e-07
lncRNA	ENST00000647872.1	LINC02693	6031	0	0	-1	0	1.1056223e-06	0	1.1056225e-06
lncRNA	ENST00000647872.1	LINC02693	6032	0	0	-1	0	5.2528048e-07	0	5.2528057e-07
lncRNA	ENST00000647872.1	LINC02693	6033	0	0	-1	0	6.4112635e-07	0	6.4112645e-07
lncRNA	ENST00000647872.1	LINC02693	6034	0	0	-1	0	4.0745044e-07	0	4.0745051e-07
lncRNA	ENST00000647872.1	LINC02693	6035	0	0	-1	0	2.0501049e-07	0	2.0501053e-07
lncRNA	ENST00000647872.1	LINC02693	6036	0	0	-1	0	1.2787149e-07	0	1.2787151e-07
lncRNA	ENST00000647872.1	LINC02693	6037	0	0	-1	0	3.4851982e-07	0	3.4851987e-07
lncRNA	ENST00000647872.1	LINC02693	6038	0	0	-1	0	3.8974861e-07	0	3.8974867e-07
lncRNA	ENST00000647872.1	LINC02693	6039	0	0	-1	0	1.1885007e-07	0	1.1885009e-07
lncRNA	ENST00000647872.1	LINC02693	6040	0	0	-1	0	6.017267e-07	0	6.0172679e-07
lncRNA	ENST00000647872.1	LINC02693	6041	0	0	-1	0	1.4889968e-06	0	1.488997e-06
lncRNA	ENST00000647872.1	LINC02693	6042	0	0	-1	0	2.3441373e-07	0	2.3441377e-07
lncRNA	ENST00000647872.1	LINC02693	6043	0	0	-1	0	4.1310702e-07	0	4.1310708e-07
lncRNA	ENST00000647872.1	LINC02693	6044	0	0	-1	0	2.3807288e-06	0	2.3807292e-06
lncRNA	ENST00000647872.1	LINC02693	6045	0	0	-1	0	3.4377817e-07	0	3.4377822e-07
lncRNA	ENST00000647872.1	LINC02693	6046	0	0	-1	0	1.2606678e-06	0	1.260668e-06
lncRNA	ENST00000647872.1	LINC02693	6047	0	0	-1	0	1.0132659e-06	0	1.013266e-06
lncRNA	ENST00000647872.1	LINC02693	6048	0	0	-1	0	9.0830468e-07	0	9.0830483e-07
lncRNA	ENST00000647872.1	LINC02693	6049	0	0	-1	0	1.5744438e-06	0	1.574444e-06
lncRNA	ENST00000647872.1	LINC02693	6050	0	0	-1	0	3.4756008e-06	0	3.4756014e-06
lncRNA	ENST00000647872.1	LINC02693	6051	0	0	-1	0	7.8078995e-07	0	7.8079007e-07
lncRNA	ENST00000647872.1	LINC02693	6052	0	0	-1	0	1.6556702e-07	0	1.6556704e-07
lncRNA	ENST00000647872.1	LINC02693	6053	0	0	-1	0	3.8859789e-06	0	3.8859795e-06
lncRNA	ENST00000647872.1	LINC02693	6054	0	0	-1	0	1.0816825e-06	0	1.0816827e-06
lncRNA	ENST00000647872.1	LINC02693	6055	0	0	-1	0	4.2901019e-07	0	4.2901025e-07
lncRNA	ENST00000647872.1	LINC02693	6056	0	0	-1	0	2.1524949e-07	0	2.1524952e-07
lncRNA	ENST00000647872.1	LINC02693	6057	0	0	-1	0	2.7749721e-07	0	2.7749725e-07
lncRNA	ENST00000647872.1	LINC02693	6058	0	0	-1	0	9.6552333e-07	0	9.6552348e-07
lncRNA	ENST00000647872.1	LINC02693	6059	0	0	-1	0	7.94909e-07	0	7.9490912e-07
lncRNA	ENST00000647872.1	LINC02693	6060	0	0	-1	0	1.6078995e-06	0	1.6078998e-06
lncRNA	ENST00000647872.1	LINC02693	6061	0	0	-1	0	1.2774151e-06	0	1.2774153e-06
lncRNA	ENST00000647872.1	LINC02693	6062	0	0	-1	0	5.161952e-07	0	5.1619528e-07
lncRNA	ENST00000647872.1	LINC02693	6063	0	0	-1	0	1.4139803e-06	0	1.4139805e-06
lncRNA	ENST00000647872.1	LINC02693	6064	0	0	-1	0	8.3553431e-07	0	8.3553444e-07
lncRNA	ENST00000647872.1	LINC02693	6065	0	0	-1	0	9.8694602e-07	0	9.8694618e-07
lncRNA	ENST00000647872.1	LINC02693	6066	0	0	-1	0	8.6867817e-07	0	8.6867831e-07
lncRNA	ENST00000647872.1	LINC02693	6067	0	0	-1	0	7.2151579e-07	0	7.215159e-07
lncRNA	ENST00000647872.1	LINC02693	6068	0	0	-1	0	3.4652351e-06	0	3.4652356e-06
lncRNA	ENST00000647872.1	LINC02693	6069	0	0	-1	0	1.6991575e-07	0	1.6991578e-07
lncRNA	ENST00000647872.1	LINC02693	6070	0	0	-1	0	6.9467944e-07	0	6.9467955e-07
lncRNA	ENST00000647872.1	LINC02693	6071	0	0	-1	0	3.9233973e-07	0	3.9233979e-07
lncRNA	ENST00000647872.1	LINC02693	6072	0	0	-1	0	2.0191142e-07	0	2.0191145e-07
lncRNA	ENST00000647872.1	LINC02693	6073	0	0	-1	0	1.6762473e-06	0	1.6762475e-06
lncRNA	ENST00000647872.1	LINC02693	6074	0	0	-1	0	6.0715325e-07	0	6.0715335e-07
lncRNA	ENST00000647872.1	LINC02693	6075	0	0	-1	0	9.8980252e-08	0	9.8980267e-08
lncRNA	ENST00000647872.1	LINC02693	6076	0	0	-1	0	1.1702878e-07	0	1.170288e-07
lncRNA	ENST00000647872.1	LINC02693	6077	0	0	-1	0	1.3035101e-07	0	1.3035103e-07
lncRNA	ENST00000647872.1	LINC02693	6078	0	0	-1	0	1.7395074e-08	0	1.7395077e-08
lncRNA	ENST00000647872.1	LINC02693	6079	0	0	-1	0	4.714866e-07	0	4.7148668e-07
lncRNA	ENST00000647872.1	LINC02693	6080	0	0	-1	0	2.8306005e-08	0	2.8306009e-08
lncRNA	ENST00000647872.1	LINC02693	6081	0	0	-1	0	5.1956075e-08	0	5.1956083e-08
lncRNA	ENST00000647872.1	LINC02693	6082	0	0	-1	0	1.3542886e-07	0	1.3542888e-07
lncRNA	ENST00000647872.1	LINC02693	6083	0	0	-1	0	6.1396257e-08	0	6.1396267e-08
lncRNA	ENST00000647872.1	LINC02693	6084	0	0	-1	0	2.3637746e-08	0	2.363775e-08
lncRNA	ENST00000647872.1	LINC02693	6085	0	0	-1	0	9.1371867e-08	0	9.1371881e-08
lncRNA	ENST00000647872.1	LINC02693	6086	0	0	-1	0	3.7260577e-07	0	3.7260583e-07
lncRNA	ENST00000647872.1	LINC02693	6087	0	0	-1	0	6.6657492e-07	0	6.6657502e-07
lncRNA	ENST00000647872.1	LINC02693	6088	0	0	-1	0	5.2481886e-07	0	5.2481894e-07
lncRNA	ENST00000647872.1	LINC02693	6089	0	0	-1	0	2.7683927e-07	0	2.7683932e-07
lncRNA	ENST00000647872.1	LINC02693	6090	0	0	-1	0	1.3194504e-07	0	1.3194506e-07
lncRNA	ENST00000647872.1	LINC02693	6091	0	0	-1	0	2.2262041e-07	0	2.2262045e-07
lncRNA	ENST00000647872.1	LINC02693	6092	0	0	-1	0	1.5769434e-07	0	1.5769437e-07
lncRNA	ENST00000647872.1	LINC02693	6093	0	0	-1	0	7.8610663e-07	0	7.8610675e-07
lncRNA	ENST00000647872.1	LINC02693	6094	0	0	-1	0	1.0595264e-06	0	1.0595266e-06
lncRNA	ENST00000647872.1	LINC02693	6095	0	0	-1	0	2.7422425e-07	0	2.7422429e-07
lncRNA	ENST00000647872.1	LINC02693	6096	0	0	-1	0	5.7714797e-06	0	5.7714806e-06
lncRNA	ENST00000647872.1	LINC02693	6097	0	0	-1	0	5.127431e-07	0	5.1274318e-07
lncRNA	ENST00000647872.1	LINC02693	6098	0	0	-1	0	3.3981596e-06	0	3.3981601e-06
lncRNA	ENST00000647872.1	LINC02693	6099	0	0	-1	0	6.6257388e-07	0	6.6257399e-07
lncRNA	ENST00000647872.1	LINC02693	6100	0	0	-1	0	2.4154033e-06	0	2.4154037e-06
lncRNA	ENST00000647872.1	LINC02693	6101	0	0	-1	0	1.8402277e-07	0	1.840228e-07
lncRNA	ENST00000647872.1	LINC02693	6102	0	0	-1	0	1.6587236e-07	0	1.6587239e-07
lncRNA	ENST00000647872.1	LINC02693	6103	0	0	-1	0	1.9195382e-07	0	1.9195385e-07
lncRNA	ENST00000647872.1	LINC02693	6104	0	0	-1	0	1.3850323e-06	0	1.3850325e-06
lncRNA	ENST00000647872.1	LINC02693	6105	0	0	-1	0	9.7989903e-07	0	9.7989918e-07
lncRNA	ENST00000647872.1	LINC02693	6106	0	0	-1	0	2.6646451e-06	0	2.6646455e-06
lncRNA	ENST00000647872.1	LINC02693	6107	0	0	-1	0	6.9205797e-08	0	6.9205808e-08
lncRNA	ENST00000647872.1	LINC02693	6108	0	0	-1	0	9.1825729e-07	0	9.1825743e-07
lncRNA	ENST00000647872.1	LINC02693	6109	0	0	-1	0	4.175686e-07	0	4.1756867e-07
lncRNA	ENST00000647872.1	LINC02693	6110	0	0	-1	0	1.1083227e-06	0	1.1083229e-06
lncRNA	ENST00000647872.1	LINC02693	6111	0	0	-1	0	3.5078531e-07	0	3.5078537e-07
lncRNA	ENST00000647872.1	LINC02693	6112	0	0	-1	0	1.1333298e-06	0	1.1333299e-06
lncRNA	ENST00000647872.1	LINC02693	6113	0	0	-1	0	9.6544329e-07	0	9.6544344e-07
lncRNA	ENST00000647872.1	LINC02693	6114	0	0	-1	0	9.8571988e-08	0	9.8572003e-08
lncRNA	ENST00000647872.1	LINC02693	6115	0	0	-1	0	3.5153849e-07	0	3.5153854e-07
lncRNA	ENST00000647872.1	LINC02693	6116	0	0	-1	0	1.6516174e-07	0	1.6516176e-07
lncRNA	ENST00000647872.1	LINC02693	6117	0	0	-1	0	1.8165505e-07	0	1.8165508e-07
lncRNA	ENST00000647872.1	LINC02693	6118	0	0	-1	0	1.3167132e-06	0	1.3167134e-06
lncRNA	ENST00000647872.1	LINC02693	6119	0	0	-1	0	3.240259e-06	0	3.2402596e-06
lncRNA	ENST00000647872.1	LINC02693	6120	0	0	-1	0	5.2038223e-07	0	5.2038231e-07
lncRNA	ENST00000647872.1	LINC02693	6121	0	0	-1	0	1.8335543e-06	0	1.8335546e-06
lncRNA	ENST00000647872.1	LINC02693	6122	0	0	-1	0	1.0665875e-06	0	1.0665877e-06
lncRNA	ENST00000647872.1	LINC02693	6123	0	0	-1	0	7.4912668e-07	0	7.491268e-07
lncRNA	ENST00000647872.1	LINC02693	6124	0	0	-1	0	6.2886733e-07	0	6.2886743e-07
lncRNA	ENST00000647872.1	LINC02693	6125	0	0	-1	0	4.4024819e-07	0	4.4024826e-07
lncRNA	ENST00000647872.1	LINC02693	6126	0	0	-1	0	5.7986705e-07	0	5.7986714e-07
lncRNA	ENST00000647872.1	LINC02693	6127	0	0	-1	0	1.1547667e-07	0	1.1547668e-07
lncRNA	ENST00000647872.1	LINC02693	6128	0	0	-1	0	3.1710641e-07	0	3.1710646e-07
lncRNA	ENST00000647872.1	LINC02693	6129	0	0	-1	0	3.216164e-07	0	3.2161645e-07
lncRNA	ENST00000647872.1	LINC02693	6130	0	0	-1	0	4.1955244e-07	0	4.195525e-07
lncRNA	ENST00000647872.1	LINC02693	6131	0	0	-1	0	1.3355174e-06	0	1.3355176e-06
lncRNA	ENST00000647872.1	LINC02693	6132	0	0	-1	0	1.6528605e-07	0	1.6528608e-07
lncRNA	ENST00000647872.1	LINC02693	6133	0	0	-1	0	3.7960237e-07	0	3.7960243e-07
lncRNA	ENST00000647872.1	LINC02693	6134	0	0	-1	0	5.5211228e-07	0	5.5211237e-07
lncRNA	ENST00000647872.1	LINC02693	6135	0	0	-1	0	9.8819487e-07	0	9.8819503e-07
lncRNA	ENST00000647872.1	LINC02693	6136	0	0	-1	0	5.2960081e-07	0	5.2960089e-07
lncRNA	ENST00000647872.1	LINC02693	6137	0	0	-1	0	2.3018646e-07	0	2.3018649e-07
lncRNA	ENST00000647872.1	LINC02693	6138	0	0	-1	0	2.1794426e-07	0	2.179443e-07
lncRNA	ENST00000647872.1	LINC02693	6139	0	0	-1	0	1.2764555e-06	0	1.2764557e-06
lncRNA	ENST00000647872.1	LINC02693	6140	0	0	-1	0	7.8290114e-08	0	7.8290126e-08
lncRNA	ENST00000647872.1	LINC02693	6141	0	0	-1	0	3.1033608e-07	0	3.1033613e-07
lncRNA	ENST00000647872.1	LINC02693	6142	0	0	-1	0	4.1566625e-07	0	4.1566632e-07
lncRNA	ENST00000647872.1	LINC02693	6143	0	0	-1	0	3.3871913e-06	0	3.3871919e-06
lncRNA	ENST00000647872.1	LINC02693	6144	0	0	-1	0	2.6578851e-07	0	2.6578856e-07
lncRNA	ENST00000647872.1	LINC02693	6145	0	0	-1	0	3.9202482e-07	0	3.9202488e-07
lncRNA	ENST00000647872.1	LINC02693	6146	0	0	-1	0	3.2272139e-06	0	3.2272144e-06
lncRNA	ENST00000647872.1	LINC02693	6147	0	0	-1	0	2.6811398e-08	0	2.6811402e-08
lncRNA	ENST00000647872.1	LINC02693	6148	0	0	-1	0	1.9770947e-09	0	1.977095e-09
lncRNA	ENST00000647872.1	LINC02693	6149	0	0	-1	0	3.0818248e-09	0	3.0818253e-09
lncRNA	ENST00000647872.1	LINC02693	6150	0	0	-1	0	5.8434031e-09	0	5.843404e-09
lncRNA	ENST00000647872.1	LINC02693	6151	0	0	-1	0	9.5025969e-09	0	9.5025984e-09
lncRNA	ENST00000647872.1	LINC02693	6152	0	0	-1	0	5.1488933e-09	0	5.1488941e-09
lncRNA	ENST00000647872.1	LINC02693	6153	0	0	-1	0	3.4885502e-07	0	3.4885508e-07
lncRNA	ENST00000647872.1	LINC02693	6154	0	0	-1	0	1.6563621e-07	0	1.6563623e-07
lncRNA	ENST00000647872.1	LINC02693	6155	0	0	-1	0	1.1983473e-06	0	1.1983475e-06
lncRNA	ENST00000647872.1	LINC02693	6156	0	0	-1	0	1.5935757e-06	0	1.5935759e-06
lncRNA	ENST00000647872.1	LINC02693	6157	0	0	-1	0	3.9126809e-07	0	3.9126815e-07
lncRNA	ENST00000647872.1	LINC02693	6158	0	0	-1	0	8.9963214e-07	0	8.9963228e-07
lncRNA	ENST00000647872.1	LINC02693	6159	0	0	-1	0	4.2713619e-08	0	4.2713626e-08
lncRNA	ENST00000647872.1	LINC02693	6160	0	0	-1	0	7.1312378e-08	0	7.1312389e-08
lncRNA	ENST00000647872.1	LINC02693	6161	0	0	-1	0	1.2994185e-08	0	1.2994187e-08
lncRNA	ENST00000647872.1	LINC02693	6162	0	0	-1	0	1.083516e-08	0	1.0835162e-08
lncRNA	ENST00000647872.1	LINC02693	6163	0	0	-1	0	3.9786517e-08	0	3.9786523e-08
lncRNA	ENST00000647872.1	LINC02693	6164	0	0	-1	0	2.8491596e-07	0	2.84916e-07
lncRNA	ENST00000647872.1	LINC02693	6165	0	0	-1	0	6.8905058e-07	0	6.8905069e-07
lncRNA	ENST00000647872.1	LINC02693	6166	0	0	-1	0	1.7313918e-07	0	1.7313921e-07
lncRNA	ENST00000647872.1	LINC02693	6167	0	0	-1	0	1.6268963e-06	0	1.6268965e-06
lncRNA	ENST00000647872.1	LINC02693	6168	0	0	-1	0	8.2873885e-07	0	8.2873898e-07
lncRNA	ENST00000647872.1	LINC02693	6169	0	0	-1	0	1.0230588e-07	0	1.0230589e-07
lncRNA	ENST00000647872.1	LINC02693	6170	0	0	-1	0	2.9451055e-08	0	2.945106e-08
lncRNA	ENST00000647872.1	LINC02693	6171	0	0	-1	0	7.7409446e-08	0	7.7409458e-08
lncRNA	ENST00000647872.1	LINC02693	6172	0	0	-1	0	2.9902878e-07	0	2.9902883e-07
lncRNA	ENST00000647872.1	LINC02693	6173	0	0	-1	0	1.1205434e-07	0	1.1205435e-07
lncRNA	ENST00000647872.1	LINC02693	6174	0	0	-1	0	3.7057168e-07	0	3.7057174e-07
lncRNA	ENST00000647872.1	LINC02693	6175	0	0	-1	0	4.2928934e-07	0	4.2928941e-07
lncRNA	ENST00000647872.1	LINC02693	6176	0	0	-1	0	4.9439132e-07	0	4.9439139e-07
lncRNA	ENST00000647872.1	LINC02693	6177	0	0	-1	0	3.4025845e-07	0	3.4025851e-07
lncRNA	ENST00000647872.1	LINC02693	6178	0	0	-1	0	2.0727294e-08	0	2.0727297e-08
lncRNA	ENST00000647872.1	LINC02693	6179	0	0	-1	0	4.2908695e-08	0	4.2908702e-08
lncRNA	ENST00000647872.1	LINC02693	6180	0	0	-1	0	7.904017e-08	0	7.9040182e-08
lncRNA	ENST00000647872.1	LINC02693	6181	0	0	-1	0	7.7822783e-08	0	7.7822795e-08
lncRNA	ENST00000647872.1	LINC02693	6182	0	0	-1	0	5.5500311e-07	0	5.550032e-07
lncRNA	ENST00000647872.1	LINC02693	6183	0	0	-1	0	3.3512381e-07	0	3.3512387e-07
lncRNA	ENST00000647872.1	LINC02693	6184	0	0	-1	0	1.1284502e-07	0	1.1284503e-07
lncRNA	ENST00000647872.1	LINC02693	6185	0	0	-1	0	1.2111964e-07	0	1.2111966e-07
lncRNA	ENST00000647872.1	LINC02693	6186	0	0	-1	0	8.2423625e-08	0	8.2423638e-08
lncRNA	ENST00000647872.1	LINC02693	6187	0	0	-1	0	1.4598008e-07	0	1.459801e-07
lncRNA	ENST00000647872.1	LINC02693	6188	0	0	-1	0	1.7013271e-07	0	1.7013273e-07
lncRNA	ENST00000647872.1	LINC02693	6189	0	0	-1	0	1.3049348e-06	0	1.304935e-06
lncRNA	ENST00000647872.1	LINC02693	6190	0	0	-1	0	1.5162814e-07	0	1.5162817e-07
lncRNA	ENST00000647872.1	LINC02693	6191	0	0	-1	0	5.2317728e-07	0	5.2317736e-07
lncRNA	ENST00000647872.1	LINC02693	6192	0	0	-1	0	2.2385713e-07	0	2.2385716e-07
lncRNA	ENST00000647872.1	LINC02693	6193	0	0	-1	0	1.6927737e-07	0	1.692774e-07
lncRNA	ENST00000647872.1	LINC02693	6194	0	0	-1	0	5.4988135e-08	0	5.4988144e-08
lncRNA	ENST00000647872.1	LINC02693	6195	0	0	-1	0	1.5314448e-07	0	1.5314451e-07
lncRNA	ENST00000647872.1	LINC02693	6196	0	0	-1	0	2.7899696e-07	0	2.7899701e-07
lncRNA	ENST00000647872.1	LINC02693	6197	0	0	-1	0	4.597727e-08	0	4.5977277e-08
lncRNA	ENST00000647872.1	LINC02693	6198	0	0	-1	0	2.6127347e-08	0	2.6127352e-08
lncRNA	ENST00000647872.1	LINC02693	6199	0	0	-1	0	2.1876326e-07	0	2.187633e-07
lncRNA	ENST00000647872.1	LINC02693	6200	0	0	-1	0	2.1747762e-06	0	2.1747766e-06
lncRNA	ENST00000647872.1	LINC02693	6201	0	0	-1	0	2.161242e-06	0	2.1612424e-06
lncRNA	ENST00000647872.1	LINC02693	6202	0	0	-1	0	3.4874191e-07	0	3.4874196e-07
lncRNA	ENST00000647872.1	LINC02693	6203	0	0	-1	0	5.9956085e-07	0	5.9956094e-07
lncRNA	ENST00000647872.1	LINC02693	6204	0	0	-1	0	2.8492545e-07	0	2.8492549e-07
lncRNA	ENST00000647872.1	LINC02693	6205	0	0	-1	0	1.3242256e-07	0	1.3242258e-07
lncRNA	ENST00000647872.1	LINC02693	6206	0	0	-1	0	9.9035719e-07	0	9.9035735e-07
lncRNA	ENST00000647872.1	LINC02693	6207	0	0	-1	0	2.8209868e-07	0	2.8209873e-07
lncRNA	ENST00000647872.1	LINC02693	6208	0	0	-1	0	1.5109507e-07	0	1.5109509e-07
lncRNA	ENST00000647872.1	LINC02693	6209	0	0	-1	0	3.6539021e-07	0	3.6539026e-07
lncRNA	ENST00000647872.1	LINC02693	6210	0	0	-1	0	2.7730873e-06	0	2.7730878e-06
lncRNA	ENST00000647872.1	LINC02693	6211	0	0	-1	0	2.1581187e-07	0	2.158119e-07
lncRNA	ENST00000647872.1	LINC02693	6212	0	0	-1	0	8.2409947e-08	0	8.240996e-08
lncRNA	ENST00000647872.1	LINC02693	6213	0	0	-1	0	2.9835536e-07	0	2.9835541e-07
lncRNA	ENST00000647872.1	LINC02693	6214	0	0	-1	0	1.6183312e-08	0	1.6183315e-08
lncRNA	ENST00000647872.1	LINC02693	6215	0	0	-1	0	2.1400898e-10	0	2.1400901e-10
lncRNA	ENST00000647872.1	LINC02693	6216	0	0	-1	0	1.6109698e-09	0	1.6109701e-09
lncRNA	ENST00000647872.1	LINC02693	6217	0	0	-1	0	7.5152666e-09	0	7.5152678e-09
lncRNA	ENST00000647872.1	LINC02693	6218	0	0	-1	0	2.4506328e-09	0	2.4506332e-09
lncRNA	ENST00000647872.1	LINC02693	6219	0	0	-1	0	4.9920779e-09	0	4.9920786e-09
lncRNA	ENST00000647872.1	LINC02693	6220	0	0	-1	0	7.5315683e-09	0	7.5315694e-09
lncRNA	ENST00000647872.1	LINC02693	6221	0	0	-1	0	2.444537e-08	0	2.4445374e-08
lncRNA	ENST00000647872.1	LINC02693	6222	0	0	-1	0	1.5194735e-07	0	1.5194737e-07
lncRNA	ENST00000647872.1	LINC02693	6223	0	0	-1	0	2.8196152e-07	0	2.8196156e-07
lncRNA	ENST00000647872.1	LINC02693	6224	0	0	-1	0	1.6512258e-08	0	1.6512261e-08
lncRNA	ENST00000647872.1	LINC02693	6225	0	0	-1	0	1.3405253e-07	0	1.3405255e-07
lncRNA	ENST00000647872.1	LINC02693	6226	0	0	-1	0	4.8176668e-07	0	4.8176675e-07
lncRNA	ENST00000647872.1	LINC02693	6227	0	0	-1	0	1.8657163e-07	0	1.8657166e-07
lncRNA	ENST00000647872.1	LINC02693	6228	0	0	-1	0	5.2649767e-07	0	5.2649775e-07
lncRNA	ENST00000647872.1	LINC02693	6229	0	0	-1	0	2.8028786e-08	0	2.8028791e-08
lncRNA	ENST00000647872.1	LINC02693	6230	0	0	-1	0	1.1485393e-07	0	1.1485395e-07
lncRNA	ENST00000647872.1	LINC02693	6231	0	0	-1	0	3.7492018e-07	0	3.7492024e-07
lncRNA	ENST00000647872.1	LINC02693	6232	0	0	-1	0	9.5596668e-08	0	9.5596683e-08
lncRNA	ENST00000647872.1	LINC02693	6233	0	0	-1	0	5.4617198e-07	0	5.4617206e-07
lncRNA	ENST00000647872.1	LINC02693	6234	0	0	-1	0	1.2916036e-07	0	1.2916038e-07
lncRNA	ENST00000647872.1	LINC02693	6235	0	0	-1	0	1.4150278e-07	0	1.415028e-07
lncRNA	ENST00000647872.1	LINC02693	6236	0	0	-1	0	3.5531647e-07	0	3.5531653e-07
lncRNA	ENST00000647872.1	LINC02693	6237	0	0	-1	0	4.2009293e-07	0	4.20093e-07
lncRNA	ENST00000647872.1	LINC02693	6238	0	0	-1	0	7.4881989e-08	0	7.4882e-08
lncRNA	ENST00000647872.1	LINC02693	6239	0	0	-1	0	2.2705343e-07	0	2.2705347e-07
lncRNA	ENST00000647872.1	LINC02693	6240	0	0	-1	0	3.239318e-07	0	3.2393185e-07
lncRNA	ENST00000647872.1	LINC02693	6241	0	0	-1	0	1.9404359e-07	0	1.9404362e-07
lncRNA	ENST00000647872.1	LINC02693	6242	0	0	-1	0	6.320883e-07	0	6.320884e-07
lncRNA	ENST00000647872.1	LINC02693	6243	0	0	-1	0	6.1179996e-08	0	6.1180006e-08
lncRNA	ENST00000647872.1	LINC02693	6244	0	0	-1	0	9.3131014e-08	0	9.3131029e-08
lncRNA	ENST00000647872.1	LINC02693	6245	0	0	-1	0	2.8757918e-07	0	2.8757923e-07
lncRNA	ENST00000647872.1	LINC02693	6246	0	0	-1	0	1.7258347e-07	0	1.725835e-07
lncRNA	ENST00000647872.1	LINC02693	6247	0	0	-1	0	7.9814157e-08	0	7.981417e-08
lncRNA	ENST00000647872.1	LINC02693	6248	0	0	-1	0	1.2409602e-07	0	1.2409604e-07
lncRNA	ENST00000647872.1	LINC02693	6249	0	0	-1	0	1.2897295e-06	0	1.2897297e-06
lncRNA	ENST00000647872.1	LINC02693	6250	0	0	-1	0	5.0595791e-06	0	5.0595798e-06
lncRNA	ENST00000647872.1	LINC02693	6251	0	0	-1	0	9.1281851e-07	0	9.1281865e-07
lncRNA	ENST00000647872.1	LINC02693	6252	0	0	-1	0	1.7626645e-06	0	1.7626648e-06
lncRNA	ENST00000647872.1	LINC02693	6253	0	0	-1	0	8.0499394e-06	0	8.0499407e-06
lncRNA	ENST00000647872.1	LINC02693	6254	0	0	-1	0	3.8335156e-06	0	3.8335162e-06
lncRNA	ENST00000647872.1	LINC02693	6255	0	0	-1	0	5.3254566e-06	0	5.3254575e-06
lncRNA	ENST00000647872.1	LINC02693	6256	0	0	-1	0	2.0629641e-06	0	2.0629644e-06
lncRNA	ENST00000647872.1	LINC02693	6257	0	0	-1	0	1.2940997e-06	0	1.2940999e-06
lncRNA	ENST00000647872.1	LINC02693	6258	0	0	-1	0	3.4243203e-07	0	3.4243209e-07
lncRNA	ENST00000647872.1	LINC02693	6259	0	0	-1	0	7.5592362e-07	0	7.5592374e-07
lncRNA	ENST00000647872.1	LINC02693	6260	0	0	-1	0	1.5316093e-06	0	1.5316096e-06
lncRNA	ENST00000647872.1	LINC02693	6261	0	0	-1	0	9.4524074e-07	0	9.4524089e-07
lncRNA	ENST00000647872.1	LINC02693	6262	0	0	-1	0	2.1633753e-07	0	2.1633756e-07
lncRNA	ENST00000647872.1	LINC02693	6263	0	0	-1	0	3.9936128e-07	0	3.9936135e-07
lncRNA	ENST00000647872.1	LINC02693	6264	0	0	-1	0	7.5041122e-08	0	7.5041134e-08
lncRNA	ENST00000647872.1	LINC02693	6265	0	0	-1	0	5.7171826e-07	0	5.7171835e-07
lncRNA	ENST00000647872.1	LINC02693	6266	0	0	-1	0	3.7247466e-07	0	3.7247472e-07
lncRNA	ENST00000647872.1	LINC02693	6267	0	0	-1	0	4.0312887e-07	0	4.0312893e-07
lncRNA	ENST00000647872.1	LINC02693	6268	0	0	-1	0	4.6076715e-07	0	4.6076723e-07
lncRNA	ENST00000647872.1	LINC02693	6269	0	0	-1	0	6.6838726e-07	0	6.6838736e-07
lncRNA	ENST00000647872.1	LINC02693	6270	0	0	-1	0	2.7436331e-06	0	2.7436335e-06
lncRNA	ENST00000647872.1	LINC02693	6271	0	0	-1	0	3.4019049e-06	0	3.4019054e-06
lncRNA	ENST00000647872.1	LINC02693	6272	0	0	-1	0	7.012091e-07	0	7.0120921e-07
lncRNA	ENST00000647872.1	LINC02693	6273	0	0	-1	0	4.0590803e-07	0	4.0590809e-07
lncRNA	ENST00000647872.1	LINC02693	6274	0	0	-1	0	3.7501567e-07	0	3.7501573e-07
lncRNA	ENST00000647872.1	LINC02693	6275	0	0	-1	0	1.0512466e-07	0	1.0512467e-07
lncRNA	ENST00000647872.1	LINC02693	6276	0	0	-1	0	3.5983791e-07	0	3.5983797e-07
lncRNA	ENST00000647872.1	LINC02693	6277	0	0	-1	0	1.277939e-06	0	1.2779392e-06
lncRNA	ENST00000647872.1	LINC02693	6278	0	0	-1	0	7.0558244e-06	0	7.0558255e-06
lncRNA	ENST00000647872.1	LINC02693	6279	0	0	-1	0	2.5775962e-06	0	2.5775966e-06
lncRNA	ENST00000647872.1	LINC02693	6280	0	0	-1	0	2.194566e-07	0	2.1945663e-07
lncRNA	ENST00000647872.1	LINC02693	6281	0	0	-1	0	1.6571837e-05	0	1.657184e-05
lncRNA	ENST00000647872.1	LINC02693	6282	0	0	-1	0	1.4935705e-06	0	1.4935707e-06
lncRNA	ENST00000647872.1	LINC02693	6283	0	0	-1	0	1.4452249e-06	0	1.4452252e-06
lncRNA	ENST00000647872.1	LINC02693	6284	0	0	-1	0	1.4235442e-07	0	1.4235445e-07
lncRNA	ENST00000647872.1	LINC02693	6285	0	0	-1	0	5.6051425e-07	0	5.6051434e-07
lncRNA	ENST00000647872.1	LINC02693	6286	0	0	-1	0	2.935808e-07	0	2.9358084e-07
lncRNA	ENST00000647872.1	LINC02693	6287	0	0	-1	0	7.3813737e-07	0	7.3813749e-07
lncRNA	ENST00000647872.1	LINC02693	6288	0	0	-1	0	1.7658243e-06	0	1.7658246e-06
lncRNA	ENST00000647872.1	LINC02693	6289	0	0	-1	0	1.7512073e-06	0	1.7512075e-06
lncRNA	ENST00000647872.1	LINC02693	6290	0	0	-1	0	3.3887986e-07	0	3.3887991e-07
lncRNA	ENST00000647872.1	LINC02693	6291	0	0	-1	0	1.5502685e-07	0	1.5502688e-07
lncRNA	ENST00000647872.1	LINC02693	6292	0	0	-1	0	1.5891872e-07	0	1.5891875e-07
lncRNA	ENST00000647872.1	LINC02693	6293	0	0	-1	0	1.3511021e-07	0	1.3511023e-07
lncRNA	ENST00000647872.1	LINC02693	6294	0	0	-1	0	7.3032163e-07	0	7.3032175e-07
lncRNA	ENST00000647872.1	LINC02693	6295	0	0	-1	0	3.9966682e-07	0	3.9966688e-07
lncRNA	ENST00000647872.1	LINC02693	6296	0	0	-1	0	2.3706195e-06	0	2.3706199e-06
lncRNA	ENST00000647872.1	LINC02693	6297	0	0	-1	0	4.4425153e-07	0	4.442516e-07
lncRNA	ENST00000647872.1	LINC02693	6298	0	0	-1	0	1.465891e-06	0	1.4658913e-06
lncRNA	ENST00000647872.1	LINC02693	6299	0	0	-1	0	1.0401695e-06	0	1.0401697e-06
lncRNA	ENST00000647872.1	LINC02693	6300	0	0	-1	0	7.1797746e-07	0	7.1797757e-07
lncRNA	ENST00000647872.1	LINC02693	6301	0	0	-1	0	2.0639628e-07	0	2.0639631e-07
lncRNA	ENST00000647872.1	LINC02693	6302	0	0	-1	0	1.3243107e-06	0	1.3243109e-06
lncRNA	ENST00000647872.1	LINC02693	6303	0	0	-1	0	2.2857437e-06	0	2.285744e-06
lncRNA	ENST00000647872.1	LINC02693	6304	0	0	-1	0	3.7433053e-06	0	3.7433059e-06
lncRNA	ENST00000647872.1	LINC02693	6305	0	0	-1	0	5.3341791e-06	0	5.33418e-06
lncRNA	ENST00000647872.1	LINC02693	6306	0	0	-1	0	1.7190738e-05	0	1.719074e-05
lncRNA	ENST00000647872.1	LINC02693	6307	0	0	-1	0	0.00018417877	0	0.0001841788
lncRNA	ENST00000647872.1	LINC02693	6308	0	0	-1	0	4.4716212e-06	0	4.4716219e-06
lncRNA	ENST00000647872.1	LINC02693	6309	0	0	-1	0	2.6686353e-06	0	2.6686357e-06
lncRNA	ENST00000647872.1	LINC02693	6310	0	0	-1	0	1.1956686e-05	0	1.1956688e-05
lncRNA	ENST00000647872.1	LINC02693	6311	0	0	-1	0	2.5210581e-06	0	2.5210585e-06
lncRNA	ENST00000647872.1	LINC02693	6312	0	0	-1	0	1.4267199e-06	0	1.4267201e-06
lncRNA	ENST00000647872.1	LINC02693	6313	0	0	-1	0	1.7413084e-06	0	1.7413087e-06
lncRNA	ENST00000647872.1	LINC02693	6314	0	0	-1	0	3.7163662e-07	0	3.7163668e-07
lncRNA	ENST00000647872.1	LINC02693	6315	0	0	-1	0	3.8092932e-07	0	3.8092938e-07
lncRNA	ENST00000647872.1	LINC02693	6316	0	0	-1	0	3.9920533e-08	0	3.9920539e-08
lncRNA	ENST00000647872.1	LINC02693	6317	0	0	-1	0	4.5346724e-08	0	4.5346731e-08
lncRNA	ENST00000647872.1	LINC02693	6318	0	0	-1	0	2.8072756e-07	0	2.8072761e-07
lncRNA	ENST00000647872.1	LINC02693	6319	0	0	-1	0	4.2363538e-07	0	4.2363545e-07
lncRNA	ENST00000647872.1	LINC02693	6320	0	0	-1	0	2.2019003e-06	0	2.2019007e-06
lncRNA	ENST00000647872.1	LINC02693	6321	0	0	-1	0	5.4940568e-07	0	5.4940577e-07
lncRNA	ENST00000647872.1	LINC02693	6322	0	0	-1	0	6.0823118e-07	0	6.0823127e-07
lncRNA	ENST00000647872.1	LINC02693	6323	0	0	-1	0	6.2410913e-07	0	6.2410923e-07
lncRNA	ENST00000647872.1	LINC02693	6324	0	0	-1	0	2.7077146e-08	0	2.707715e-08
lncRNA	ENST00000647872.1	LINC02693	6325	0	0	-1	0	7.2244703e-08	0	7.2244714e-08
lncRNA	ENST00000647872.1	LINC02693	6326	0	0	-1	0	9.8493992e-08	0	9.8494007e-08
lncRNA	ENST00000647872.1	LINC02693	6327	0	0	-1	0	1.3198392e-07	0	1.3198395e-07
lncRNA	ENST00000647872.1	LINC02693	6328	0	0	-1	0	7.5562451e-07	0	7.5562463e-07
lncRNA	ENST00000647872.1	LINC02693	6329	0	0	-1	0	2.874998e-06	0	2.8749985e-06
lncRNA	ENST00000647872.1	LINC02693	6330	0	0	-1	0	3.6627463e-07	0	3.6627469e-07
lncRNA	ENST00000647872.1	LINC02693	6331	0	0	-1	0	6.2810739e-07	0	6.2810749e-07
lncRNA	ENST00000647872.1	LINC02693	6332	0	0	-1	0	3.9451663e-07	0	3.9451669e-07
lncRNA	ENST00000647872.1	LINC02693	6333	0	0	-1	0	9.6683732e-07	0	9.6683747e-07
lncRNA	ENST00000647872.1	LINC02693	6334	0	0	-1	0	3.7058405e-07	0	3.7058411e-07
lncRNA	ENST00000647872.1	LINC02693	6335	0	0	-1	0	4.3617317e-07	0	4.3617324e-07
lncRNA	ENST00000647872.1	LINC02693	6336	0	0	-1	0	1.3907295e-07	0	1.3907297e-07
lncRNA	ENST00000647872.1	LINC02693	6337	0	0	-1	0	1.3660721e-07	0	1.3660723e-07
lncRNA	ENST00000647872.1	LINC02693	6338	0	0	-1	0	2.2114978e-07	0	2.2114981e-07
lncRNA	ENST00000647872.1	LINC02693	6339	0	0	-1	0	4.6416756e-07	0	4.6416763e-07
lncRNA	ENST00000647872.1	LINC02693	6340	0	0	-1	0	1.7540955e-06	0	1.7540958e-06
lncRNA	ENST00000647872.1	LINC02693	6341	0	0	-1	0	2.2899394e-06	0	2.2899398e-06
lncRNA	ENST00000647872.1	LINC02693	6342	0	0	-1	0	6.1889921e-07	0	6.188993e-07
lncRNA	ENST00000647872.1	LINC02693	6343	0	0	-1	0	6.7680088e-07	0	6.7680099e-07
lncRNA	ENST00000647872.1	LINC02693	6344	0	0	-1	0	9.9642227e-07	0	9.9642243e-07
lncRNA	ENST00000647872.1	LINC02693	6345	0	0	-1	0	1.5478103e-07	0	1.5478106e-07
lncRNA	ENST00000647872.1	LINC02693	6346	0	0	-1	0	1.1187393e-06	0	1.1187395e-06
lncRNA	ENST00000647872.1	LINC02693	6347	0	0	-1	0	3.9908335e-07	0	3.9908341e-07
lncRNA	ENST00000647872.1	LINC02693	6348	0	0	-1	0	5.2151938e-07	0	5.2151946e-07
lncRNA	ENST00000647872.1	LINC02693	6349	0	0	-1	0	4.5591073e-06	0	4.559108e-06
lncRNA	ENST00000647872.1	LINC02693	6350	0	0	-1	0	4.2053387e-07	0	4.2053393e-07
lncRNA	ENST00000647872.1	LINC02693	6351	0	0	-1	0	2.0297966e-07	0	2.029797e-07
lncRNA	ENST00000647872.1	LINC02693	6352	0	0	-1	0	2.7292665e-06	0	2.7292669e-06
lncRNA	ENST00000647872.1	LINC02693	6353	0	0	-1	0	5.8549085e-06	0	5.8549094e-06
lncRNA	ENST00000647872.1	LINC02693	6354	0	0	-1	0	1.9180111e-06	0	1.9180114e-06
lncRNA	ENST00000647872.1	LINC02693	6355	0	0	-1	0	1.3577214e-06	0	1.3577216e-06
lncRNA	ENST00000647872.1	LINC02693	6356	0	0	-1	0	1.4367514e-06	0	1.4367516e-06
lncRNA	ENST00000647872.1	LINC02693	6357	0	0	-1	0	5.8295382e-07	0	5.8295391e-07
lncRNA	ENST00000647872.1	LINC02693	6358	0	0	-1	0	1.1968374e-06	0	1.1968376e-06
lncRNA	ENST00000647872.1	LINC02693	6359	0	0	-1	0	2.9849397e-07	0	2.9849402e-07
lncRNA	ENST00000647872.1	LINC02693	6360	0	0	-1	0	1.7887507e-07	0	1.788751e-07
lncRNA	ENST00000647872.1	LINC02693	6361	0	0	-1	0	4.8019791e-07	0	4.8019799e-07
lncRNA	ENST00000647872.1	LINC02693	6362	0	0	-1	0	7.6686541e-07	0	7.6686553e-07
lncRNA	ENST00000647872.1	LINC02693	6363	0	0	-1	0	1.4752939e-07	0	1.4752941e-07
lncRNA	ENST00000647872.1	LINC02693	6364	0	0	-1	0	3.7896106e-07	0	3.7896112e-07
lncRNA	ENST00000647872.1	LINC02693	6365	0	0	-1	0	5.953931e-08	0	5.953932e-08
lncRNA	ENST00000647872.1	LINC02693	6366	0	0	-1	0	3.2765787e-08	0	3.2765792e-08
lncRNA	ENST00000647872.1	LINC02693	6367	0	0	-1	0	1.7245448e-07	0	1.724545e-07
lncRNA	ENST00000647872.1	LINC02693	6368	0	0	-1	0	1.2261283e-07	0	1.2261285e-07
lncRNA	ENST00000647872.1	LINC02693	6369	0	0	-1	0	8.0836806e-08	0	8.0836818e-08
lncRNA	ENST00000647872.1	LINC02693	6370	0	0	-1	0	2.0958028e-06	0	2.0958031e-06
lncRNA	ENST00000647872.1	LINC02693	6371	0	0	-1	0	3.8464589e-07	0	3.8464595e-07
lncRNA	ENST00000647872.1	LINC02693	6372	0	0	-1	0	2.7381855e-06	0	2.7381859e-06
lncRNA	ENST00000647872.1	LINC02693	6373	0	0	-1	0	4.7354368e-07	0	4.7354375e-07
lncRNA	ENST00000647872.1	LINC02693	6374	0	0	-1	0	1.7743922e-07	0	1.7743925e-07
lncRNA	ENST00000647872.1	LINC02693	6375	0	0	-1	0	4.9831164e-07	0	4.9831171e-07
lncRNA	ENST00000647872.1	LINC02693	6376	0	0	-1	0	1.2601612e-07	0	1.2601614e-07
lncRNA	ENST00000647872.1	LINC02693	6377	0	0	-1	0	2.0339696e-08	0	2.0339699e-08
lncRNA	ENST00000647872.1	LINC02693	6378	0	0	-1	0	1.2506037e-07	0	1.2506039e-07
lncRNA	ENST00000647872.1	LINC02693	6379	0	0	-1	0	3.7256206e-07	0	3.7256211e-07
lncRNA	ENST00000647872.1	LINC02693	6380	0	0	-1	0	4.2767971e-07	0	4.2767978e-07
lncRNA	ENST00000647872.1	LINC02693	6381	0	0	-1	0	5.4653827e-07	0	5.4653836e-07
lncRNA	ENST00000647872.1	LINC02693	6382	0	0	-1	0	9.1716192e-06	0	9.1716207e-06
lncRNA	ENST00000647872.1	LINC02693	6383	0	0	-1	0	1.9488789e-06	0	1.9488792e-06
lncRNA	ENST00000647872.1	LINC02693	6384	0	0	-1	0	4.6251319e-07	0	4.6251326e-07
lncRNA	ENST00000647872.1	LINC02693	6385	0	0	-1	0	4.8070655e-07	0	4.8070662e-07
lncRNA	ENST00000647872.1	LINC02693	6386	0	0	-1	0	8.4664117e-07	0	8.466413e-07
lncRNA	ENST00000647872.1	LINC02693	6387	0	0	-1	0	5.7581997e-07	0	5.7582006e-07
lncRNA	ENST00000647872.1	LINC02693	6388	0	0	-1	0	2.783099e-06	0	2.7830995e-06
lncRNA	ENST00000647872.1	LINC02693	6389	0	0	-1	0	1.2734206e-06	0	1.2734208e-06
lncRNA	ENST00000647872.1	LINC02693	6390	0	0	-1	0	1.4851747e-06	0	1.485175e-06
lncRNA	ENST00000647872.1	LINC02693	6391	0	0	-1	0	6.8193581e-06	0	6.8193592e-06
lncRNA	ENST00000647872.1	LINC02693	6392	0	0	-1	0	1.6657567e-06	0	1.665757e-06
lncRNA	ENST00000647872.1	LINC02693	6393	0	0	-1	0	1.0659805e-06	0	1.0659807e-06
lncRNA	ENST00000647872.1	LINC02693	6394	0	0	-1	0	5.1695139e-07	0	5.1695147e-07
lncRNA	ENST00000647872.1	LINC02693	6395	0	0	-1	0	2.1858925e-06	0	2.1858929e-06
lncRNA	ENST00000647872.1	LINC02693	6396	0	0	-1	0	1.5350801e-05	0	1.5350803e-05
lncRNA	ENST00000647872.1	LINC02693	6397	0	0	-1	0	2.5053674e-07	0	2.5053678e-07
lncRNA	ENST00000647872.1	LINC02693	6398	0	0	-1	0	1.2406887e-06	0	1.2406889e-06
lncRNA	ENST00000647872.1	LINC02693	6399	0	0	-1	0	1.4699452e-06	0	1.4699455e-06
lncRNA	ENST00000647872.1	LINC02693	6400	0	0	-1	0	3.1788325e-06	0	3.178833e-06
lncRNA	ENST00000647872.1	LINC02693	6401	0	0	-1	0	2.8310097e-07	0	2.8310102e-07
lncRNA	ENST00000647872.1	LINC02693	6402	0	0	-1	0	1.1703882e-07	0	1.1703884e-07
lncRNA	ENST00000647872.1	LINC02693	6403	0	0	-1	0	1.8358962e-07	0	1.8358965e-07
lncRNA	ENST00000647872.1	LINC02693	6404	0	0	-1	0	3.5450822e-07	0	3.5450827e-07
lncRNA	ENST00000647872.1	LINC02693	6405	0	0	-1	0	1.4829124e-07	0	1.4829126e-07
lncRNA	ENST00000647872.1	LINC02693	6406	0	0	-1	0	1.4593547e-06	0	1.459355e-06
lncRNA	ENST00000647872.1	LINC02693	6407	0	0	-1	0	2.7703393e-07	0	2.7703398e-07
lncRNA	ENST00000647872.1	LINC02693	6408	0	0	-1	0	7.2874413e-06	0	7.2874425e-06
lncRNA	ENST00000647872.1	LINC02693	6409	0	0	-1	0	1.103555e-05	0	1.1035552e-05
lncRNA	ENST00000647872.1	LINC02693	6410	0	0	-1	0	1.7536664e-07	0	1.7536666e-07
lncRNA	ENST00000647872.1	LINC02693	6411	0	0	-1	0	3.4891957e-07	0	3.4891963e-07
lncRNA	ENST00000647872.1	LINC02693	6412	0	0	-1	0	1.0182193e-07	0	1.0182194e-07
lncRNA	ENST00000647872.1	LINC02693	6413	0	0	-1	0	3.824151e-07	0	3.8241516e-07
lncRNA	ENST00000647872.1	LINC02693	6414	0	0	-1	0	8.7429646e-07	0	8.742966e-07
lncRNA	ENST00000647872.1	LINC02693	6415	0	0	-1	0	2.4901033e-07	0	2.4901037e-07
lncRNA	ENST00000647872.1	LINC02693	6416	0	0	-1	0	2.3896523e-06	0	2.3896527e-06
lncRNA	ENST00000647872.1	LINC02693	6417	0	0	-1	0	1.4475975e-06	0	1.4475977e-06
lncRNA	ENST00000647872.1	LINC02693	6418	0	0	-1	0	7.578509e-07	0	7.5785102e-07
lncRNA	ENST00000647872.1	LINC02693	6419	0	0	-1	0	1.8260124e-06	0	1.8260127e-06
lncRNA	ENST00000647872.1	LINC02693	6420	0	0	-1	0	1.5910639e-06	0	1.5910641e-06
lncRNA	ENST00000647872.1	LINC02693	6421	0	0	-1	0	2.4783029e-07	0	2.4783033e-07
lncRNA	ENST00000647872.1	LINC02693	6422	0	0	-1	0	1.3767043e-06	0	1.3767045e-06
lncRNA	ENST00000647872.1	LINC02693	6423	0	0	-1	0	7.3676739e-07	0	7.3676751e-07
lncRNA	ENST00000647872.1	LINC02693	6424	0	0	-1	0	3.1885818e-06	0	3.1885823e-06
lncRNA	ENST00000647872.1	LINC02693	6425	0	0	-1	0	6.9539732e-07	0	6.9539743e-07
lncRNA	ENST00000647872.1	LINC02693	6426	0	0	-1	0	6.7721987e-07	0	6.7721998e-07
lncRNA	ENST00000647872.1	LINC02693	6427	0	0	-1	0	5.3660681e-08	0	5.366069e-08
lncRNA	ENST00000647872.1	LINC02693	6428	0	0	-1	0	5.6408192e-07	0	5.64082e-07
lncRNA	ENST00000647872.1	LINC02693	6429	0	0	-1	0	2.5029042e-06	0	2.5029046e-06
lncRNA	ENST00000647872.1	LINC02693	6430	0	0	-1	0	2.0106536e-07	0	2.0106539e-07
lncRNA	ENST00000647872.1	LINC02693	6431	0	0	-1	0	6.5070361e-07	0	6.5070371e-07
lncRNA	ENST00000647872.1	LINC02693	6432	0	0	-1	0	1.3808311e-07	0	1.3808313e-07
lncRNA	ENST00000647872.1	LINC02693	6433	0	0	-1	0	1.9452273e-07	0	1.9452276e-07
lncRNA	ENST00000647872.1	LINC02693	6434	0	0	-1	0	2.9326711e-07	0	2.9326715e-07
lncRNA	ENST00000647872.1	LINC02693	6435	0	0	-1	0	2.7225764e-07	0	2.7225768e-07
lncRNA	ENST00000647872.1	LINC02693	6436	0	0	-1	0	4.1805251e-06	0	4.1805258e-06
lncRNA	ENST00000647872.1	LINC02693	6437	0	0	-1	0	5.5140976e-07	0	5.5140984e-07
lncRNA	ENST00000647872.1	LINC02693	6438	0	0	-1	0	9.7881559e-07	0	9.7881575e-07
lncRNA	ENST00000647872.1	LINC02693	6439	0	0	-1	0	2.610954e-06	0	2.6109544e-06
lncRNA	ENST00000647872.1	LINC02693	6440	0	0	-1	0	2.8556036e-07	0	2.8556041e-07
lncRNA	ENST00000647872.1	LINC02693	6441	0	0	-1	0	3.6212171e-07	0	3.6212177e-07
lncRNA	ENST00000647872.1	LINC02693	6442	0	0	-1	0	1.3852872e-06	0	1.3852874e-06
lncRNA	ENST00000647872.1	LINC02693	6443	0	0	-1	0	6.6490196e-07	0	6.6490207e-07
lncRNA	ENST00000647872.1	LINC02693	6444	0	0	-1	0	4.1917751e-08	0	4.1917758e-08
lncRNA	ENST00000647872.1	LINC02693	6445	0	0	-1	0	3.8239559e-08	0	3.8239565e-08
lncRNA	ENST00000647872.1	LINC02693	6446	0	0	-1	0	9.4309956e-07	0	9.4309971e-07
lncRNA	ENST00000647872.1	LINC02693	6447	0	0	-1	0	3.9133189e-07	0	3.9133196e-07
lncRNA	ENST00000647872.1	LINC02693	6448	0	0	-1	0	1.8055003e-07	0	1.8055006e-07
lncRNA	ENST00000647872.1	LINC02693	6449	0	0	-1	0	2.6666444e-07	0	2.6666449e-07
lncRNA	ENST00000647872.1	LINC02693	6450	0	0	-1	0	1.3919437e-07	0	1.3919439e-07
lncRNA	ENST00000647872.1	LINC02693	6451	0	0	-1	0	3.1661948e-08	0	3.1661953e-08
lncRNA	ENST00000647872.1	LINC02693	6452	0	0	-1	0	4.9275985e-07	0	4.9275993e-07
lncRNA	ENST00000647872.1	LINC02693	6453	0	0	-1	0	1.1295845e-06	0	1.1295846e-06
lncRNA	ENST00000647872.1	LINC02693	6454	0	0	-1	0	3.8661014e-07	0	3.866102e-07
lncRNA	ENST00000647872.1	LINC02693	6455	0	0	-1	0	1.0887045e-06	0	1.0887047e-06
lncRNA	ENST00000647872.1	LINC02693	6456	0	0	-1	0	2.2026259e-07	0	2.2026263e-07
lncRNA	ENST00000647872.1	LINC02693	6457	0	0	-1	0	9.7460622e-07	0	9.7460638e-07
lncRNA	ENST00000647872.1	LINC02693	6458	0	0	-1	0	5.8836315e-07	0	5.8836324e-07
lncRNA	ENST00000647872.1	LINC02693	6459	0	0	-1	0	1.7877865e-06	0	1.7877867e-06
lncRNA	ENST00000647872.1	LINC02693	6460	0	0	-1	0	5.7226703e-07	0	5.7226712e-07
lncRNA	ENST00000647872.1	LINC02693	6461	0	0	-1	0	7.0382731e-07	0	7.0382742e-07
lncRNA	ENST00000647872.1	LINC02693	6462	0	0	-1	0	1.0832336e-07	0	1.0832337e-07
lncRNA	ENST00000647872.1	LINC02693	6463	0	0	-1	0	1.2213161e-06	0	1.2213163e-06
lncRNA	ENST00000647872.1	LINC02693	6464	0	0	-1	0	2.2443592e-06	0	2.2443595e-06
lncRNA	ENST00000647872.1	LINC02693	6465	0	0	-1	0	8.2279234e-07	0	8.2279247e-07
lncRNA	ENST00000647872.1	LINC02693	6466	0	0	-1	0	2.3122075e-07	0	2.3122079e-07
lncRNA	ENST00000647872.1	LINC02693	6467	0	0	-1	0	2.9749475e-07	0	2.974948e-07
lncRNA	ENST00000647872.1	LINC02693	6468	0	0	-1	0	4.0280031e-07	0	4.0280037e-07
lncRNA	ENST00000647872.1	LINC02693	6469	0	0	-1	0	1.2320488e-07	0	1.232049e-07
lncRNA	ENST00000647872.1	LINC02693	6470	0	0	-1	0	6.0772123e-08	0	6.0772133e-08
lncRNA	ENST00000647872.1	LINC02693	6471	0	0	-1	0	3.5992201e-07	0	3.5992207e-07
lncRNA	ENST00000647872.1	LINC02693	6472	0	0	-1	0	1.6273037e-07	0	1.627304e-07
lncRNA	ENST00000647872.1	LINC02693	6473	0	0	-1	0	9.1080587e-08	0	9.1080601e-08
lncRNA	ENST00000647872.1	LINC02693	6474	0	0	-1	0	4.2843124e-07	0	4.284313e-07
lncRNA	ENST00000647872.1	LINC02693	6475	0	0	-1	0	3.7167453e-07	0	3.7167459e-07
lncRNA	ENST00000647872.1	LINC02693	6476	0	0	-1	0	5.8600006e-07	0	5.8600015e-07
lncRNA	ENST00000647872.1	LINC02693	6477	0	0	-1	0	5.0088926e-07	0	5.0088934e-07
lncRNA	ENST00000647872.1	LINC02693	6478	0	0	-1	0	2.1257658e-06	0	2.1257662e-06
lncRNA	ENST00000647872.1	LINC02693	6479	0	0	-1	0	3.1581953e-07	0	3.1581958e-07
lncRNA	ENST00000647872.1	LINC02693	6480	0	0	-1	0	3.5248448e-07	0	3.5248453e-07
lncRNA	ENST00000647872.1	LINC02693	6481	0	0	-1	0	5.7730706e-08	0	5.7730715e-08
lncRNA	ENST00000647872.1	LINC02693	6482	0	0	-1	0	1.7910023e-07	0	1.7910025e-07
lncRNA	ENST00000647872.1	LINC02693	6483	0	0	-1	0	4.5324219e-07	0	4.5324227e-07
lncRNA	ENST00000647872.1	LINC02693	6484	0	0	-1	0	1.5396088e-07	0	1.5396091e-07
lncRNA	ENST00000647872.1	LINC02693	6485	0	0	-1	0	5.788267e-07	0	5.7882679e-07
lncRNA	ENST00000647872.1	LINC02693	6486	0	0	-1	0	1.1700306e-06	0	1.1700308e-06
lncRNA	ENST00000647872.1	LINC02693	6487	0	0	-1	0	4.8152873e-07	0	4.8152881e-07
lncRNA	ENST00000647872.1	LINC02693	6488	0	0	-1	0	2.6395226e-06	0	2.639523e-06
lncRNA	ENST00000647872.1	LINC02693	6489	0	0	-1	0	3.8972576e-06	0	3.8972582e-06
lncRNA	ENST00000647872.1	LINC02693	6490	0	0	-1	0	2.5946472e-05	0	2.5946476e-05
lncRNA	ENST00000647872.1	LINC02693	6491	0	0	-1	0	6.2283078e-07	0	6.2283088e-07
lncRNA	ENST00000647872.1	LINC02693	6492	0	0	-1	0	7.2721946e-08	0	7.2721957e-08
lncRNA	ENST00000647872.1	LINC02693	6493	0	0	-1	0	6.2212314e-07	0	6.2212324e-07
lncRNA	ENST00000647872.1	LINC02693	6494	0	0	-1	0	1.9387009e-07	0	1.9387012e-07
lncRNA	ENST00000647872.1	LINC02693	6495	0	0	-1	0	4.1679136e-06	0	4.1679143e-06
lncRNA	ENST00000647872.1	LINC02693	6496	0	0	-1	0	2.051207e-06	0	2.0512074e-06
lncRNA	ENST00000647872.1	LINC02693	6497	0	0	-1	0	3.8966709e-06	0	3.8966715e-06
lncRNA	ENST00000647872.1	LINC02693	6498	0	0	-1	0	1.5426519e-06	0	1.5426522e-06
lncRNA	ENST00000647872.1	LINC02693	6499	0	0	-1	0	3.4595539e-07	0	3.4595544e-07
lncRNA	ENST00000647872.1	LINC02693	6500	0	0	-1	0	5.0131172e-07	0	5.013118e-07
lncRNA	ENST00000647872.1	LINC02693	6501	0	0	-1	0	1.1903916e-07	0	1.1903918e-07
lncRNA	ENST00000647872.1	LINC02693	6502	0	0	-1	0	6.4137038e-07	0	6.4137048e-07
lncRNA	ENST00000647872.1	LINC02693	6503	0	0	-1	0	3.1781124e-07	0	3.1781129e-07
lncRNA	ENST00000647872.1	LINC02693	6504	0	0	-1	0	6.018409e-07	0	6.0184099e-07
lncRNA	ENST00000647872.1	LINC02693	6505	0	0	-1	0	2.616641e-07	0	2.6166414e-07
lncRNA	ENST00000647872.1	LINC02693	6506	0	0	-1	0	1.6409568e-07	0	1.6409571e-07
lncRNA	ENST00000647872.1	LINC02693	6507	0	0	-1	0	9.423506e-07	0	9.4235074e-07
lncRNA	ENST00000647872.1	LINC02693	6508	0	0	-1	0	1.813932e-06	0	1.8139323e-06
lncRNA	ENST00000647872.1	LINC02693	6509	0	0	-1	0	6.6799475e-07	0	6.6799486e-07
lncRNA	ENST00000647872.1	LINC02693	6510	0	0	-1	0	1.2581912e-06	0	1.2581914e-06
lncRNA	ENST00000647872.1	LINC02693	6511	0	0	-1	0	1.0751252e-06	0	1.0751253e-06
lncRNA	ENST00000647872.1	LINC02693	6512	0	0	-1	0	5.1530344e-07	0	5.1530352e-07
lncRNA	ENST00000647872.1	LINC02693	6513	0	0	-1	0	2.012863e-06	0	2.0128633e-06
lncRNA	ENST00000647872.1	LINC02693	6514	0	0	-1	0	1.5037223e-06	0	1.5037225e-06
lncRNA	ENST00000647872.1	LINC02693	6515	0	0	-1	0	6.6890635e-07	0	6.6890646e-07
lncRNA	ENST00000647872.1	LINC02693	6516	0	0	-1	0	1.3991557e-07	0	1.3991559e-07
lncRNA	ENST00000647872.1	LINC02693	6517	0	0	-1	0	4.021158e-06	0	4.0211587e-06
lncRNA	ENST00000647872.1	LINC02693	6518	0	0	-1	0	1.4750518e-07	0	1.475052e-07
lncRNA	ENST00000647872.1	LINC02693	6519	0	0	-1	0	1.0307086e-06	0	1.0307088e-06
lncRNA	ENST00000647872.1	LINC02693	6520	0	0	-1	0	5.546724e-07	0	5.5467248e-07
lncRNA	ENST00000647872.1	LINC02693	6521	0	0	-1	0	1.0734271e-07	0	1.0734272e-07
lncRNA	ENST00000647872.1	LINC02693	6522	0	0	-1	0	3.6606721e-07	0	3.6606727e-07
lncRNA	ENST00000647872.1	LINC02693	6523	0	0	-1	0	3.5313084e-07	0	3.531309e-07
lncRNA	ENST00000647872.1	LINC02693	6524	0	0	-1	0	4.4764576e-07	0	4.4764583e-07
lncRNA	ENST00000647872.1	LINC02693	6525	0	0	-1	0	3.5128144e-07	0	3.512815e-07
lncRNA	ENST00000647872.1	LINC02693	6526	0	0	-1	0	6.2284323e-07	0	6.2284333e-07
lncRNA	ENST00000647872.1	LINC02693	6527	0	0	-1	0	6.5882989e-07	0	6.5882999e-07
lncRNA	ENST00000647872.1	LINC02693	6528	0	0	-1	0	5.8610198e-08	0	5.8610207e-08
lncRNA	ENST00000647872.1	LINC02693	6529	0	0	-1	0	4.0918721e-07	0	4.0918727e-07
lncRNA	ENST00000647872.1	LINC02693	6530	0	0	-1	0	2.8608877e-06	0	2.8608881e-06
lncRNA	ENST00000647872.1	LINC02693	6531	0	0	-1	0	3.8206316e-08	0	3.8206322e-08
lncRNA	ENST00000647872.1	LINC02693	6532	0	0	-1	0	5.7515287e-08	0	5.7515296e-08
lncRNA	ENST00000647872.1	LINC02693	6533	0	0	-1	0	6.6787912e-08	0	6.6787923e-08
lncRNA	ENST00000647872.1	LINC02693	6534	0	0	-1	0	3.431139e-07	0	3.4311395e-07
lncRNA	ENST00000647872.1	LINC02693	6535	0	0	-1	0	8.4017231e-08	0	8.4017244e-08
lncRNA	ENST00000647872.1	LINC02693	6536	0	0	-1	0	2.4268985e-07	0	2.4268989e-07
lncRNA	ENST00000647872.1	LINC02693	6537	0	0	-1	0	7.2507027e-07	0	7.2507038e-07
lncRNA	ENST00000647872.1	LINC02693	6538	0	0	-1	0	1.5569894e-07	0	1.5569897e-07
lncRNA	ENST00000647872.1	LINC02693	6539	0	0	-1	0	6.6372898e-08	0	6.6372909e-08
lncRNA	ENST00000647872.1	LINC02693	6540	0	0	-1	0	1.4206161e-07	0	1.4206163e-07
lncRNA	ENST00000647872.1	LINC02693	6541	0	0	-1	0	4.0608614e-07	0	4.0608621e-07
lncRNA	ENST00000647872.1	LINC02693	6542	0	0	-1	0	1.2512861e-07	0	1.2512863e-07
lncRNA	ENST00000647872.1	LINC02693	6543	0	0	-1	0	2.1829811e-07	0	2.1829815e-07
lncRNA	ENST00000647872.1	LINC02693	6544	0	0	-1	0	1.9365758e-07	0	1.9365761e-07
lncRNA	ENST00000647872.1	LINC02693	6545	0	0	-1	0	5.6122678e-07	0	5.6122687e-07
lncRNA	ENST00000647872.1	LINC02693	6546	0	0	-1	0	4.0208681e-07	0	4.0208688e-07
lncRNA	ENST00000647872.1	LINC02693	6547	0	0	-1	0	2.145854e-07	0	2.1458543e-07
lncRNA	ENST00000647872.1	LINC02693	6548	0	0	-1	0	4.2411219e-08	0	4.2411226e-08
lncRNA	ENST00000647872.1	LINC02693	6549	0	0	-1	0	1.925945e-07	0	1.9259453e-07
lncRNA	ENST00000647872.1	LINC02693	6550	0	0	-1	0	1.5676439e-07	0	1.5676441e-07
lncRNA	ENST00000647872.1	LINC02693	6551	0	0	-1	0	3.1930607e-08	0	3.1930613e-08
lncRNA	ENST00000647872.1	LINC02693	6552	0	0	-1	0	2.5384521e-08	0	2.5384525e-08
lncRNA	ENST00000647872.1	LINC02693	6553	0	0	-1	0	2.5220618e-07	0	2.5220622e-07
lncRNA	ENST00000647872.1	LINC02693	6554	0	0	-1	0	2.632197e-08	0	2.6321975e-08
lncRNA	ENST00000647872.1	LINC02693	6555	0	0	-1	0	5.0400723e-07	0	5.0400731e-07
lncRNA	ENST00000647872.1	LINC02693	6556	0	0	-1	0	2.1259826e-08	0	2.1259829e-08
lncRNA	ENST00000647872.1	LINC02693	6557	0	0	-1	0	1.937613e-06	0	1.9376133e-06
lncRNA	ENST00000647872.1	LINC02693	6558	0	0	-1	0	7.0580211e-07	0	7.0580222e-07
lncRNA	ENST00000647872.1	LINC02693	6559	0	0	-1	0	3.1100447e-07	0	3.1100452e-07
lncRNA	ENST00000647872.1	LINC02693	6560	0	0	-1	0	1.0516612e-06	0	1.0516614e-06
lncRNA	ENST00000647872.1	LINC02693	6561	0	0	-1	0	4.5973215e-07	0	4.5973222e-07
lncRNA	ENST00000647872.1	LINC02693	6562	0	0	-1	0	4.1479822e-07	0	4.1479829e-07
lncRNA	ENST00000647872.1	LINC02693	6563	0	0	-1	0	6.551245e-07	0	6.551246e-07
lncRNA	ENST00000647872.1	LINC02693	6564	0	0	-1	0	1.2575667e-07	0	1.2575669e-07
lncRNA	ENST00000647872.1	LINC02693	6565	0	0	-1	0	1.1300639e-06	0	1.1300641e-06
lncRNA	ENST00000647872.1	LINC02693	6566	0	0	-1	0	3.8053299e-06	0	3.8053305e-06
lncRNA	ENST00000647872.1	LINC02693	6567	0	0	-1	0	4.9911046e-06	0	4.9911053e-06
lncRNA	ENST00000647872.1	LINC02693	6568	0	0	-1	0	1.0446061e-06	0	1.0446062e-06
lncRNA	ENST00000647872.1	LINC02693	6569	0	0	-1	0	8.9570278e-07	0	8.9570292e-07
lncRNA	ENST00000647872.1	LINC02693	6570	0	0	-1	0	3.0733556e-08	0	3.0733561e-08
lncRNA	ENST00000647872.1	LINC02693	6571	0	0	-1	0	2.9912405e-07	0	2.991241e-07
lncRNA	ENST00000647872.1	LINC02693	6572	0	0	-1	0	3.5324874e-07	0	3.5324879e-07
lncRNA	ENST00000647872.1	LINC02693	6573	0	0	-1	0	1.4209286e-06	0	1.4209288e-06
lncRNA	ENST00000647872.1	LINC02693	6574	0	0	-1	0	1.3046076e-06	0	1.3046078e-06
lncRNA	ENST00000647872.1	LINC02693	6575	0	0	-1	0	7.35803e-06	0	7.3580311e-06
lncRNA	ENST00000647872.1	LINC02693	6576	0	0	-1	0	4.4883328e-07	0	4.4883335e-07
lncRNA	ENST00000647872.1	LINC02693	6577	0	0	-1	0	6.1006e-07	0	6.1006009e-07
lncRNA	ENST00000647872.1	LINC02693	6578	0	0	-1	0	1.3181858e-06	0	1.318186e-06
lncRNA	ENST00000647872.1	LINC02693	6579	0	0	-1	0	3.2613636e-07	0	3.2613641e-07
lncRNA	ENST00000647872.1	LINC02693	6580	0	0	-1	0	2.867896e-07	0	2.8678965e-07
lncRNA	ENST00000647872.1	LINC02693	6581	0	0	-1	0	1.9348128e-07	0	1.9348131e-07
lncRNA	ENST00000647872.1	LINC02693	6582	0	0	-1	0	2.4999446e-07	0	2.499945e-07
lncRNA	ENST00000647872.1	LINC02693	6583	0	0	-1	0	2.6572654e-06	0	2.6572659e-06
lncRNA	ENST00000647872.1	LINC02693	6584	0	0	-1	0	1.7101332e-06	0	1.7101335e-06
lncRNA	ENST00000647872.1	LINC02693	6585	0	0	-1	0	3.2365574e-07	0	3.2365579e-07
lncRNA	ENST00000647872.1	LINC02693	6586	0	0	-1	0	4.5864635e-08	0	4.5864642e-08
lncRNA	ENST00000647872.1	LINC02693	6587	0	0	-1	0	1.5119309e-07	0	1.5119312e-07
lncRNA	ENST00000647872.1	LINC02693	6588	0	0	-1	0	2.6662349e-07	0	2.6662353e-07
lncRNA	ENST00000647872.1	LINC02693	6589	0	0	-1	0	1.8131927e-07	0	1.8131929e-07
lncRNA	ENST00000647872.1	LINC02693	6590	0	0	-1	0	3.8258161e-08	0	3.8258167e-08
lncRNA	ENST00000647872.1	LINC02693	6591	0	0	-1	0	3.5289048e-07	0	3.5289054e-07
lncRNA	ENST00000647872.1	LINC02693	6592	0	0	-1	0	9.7699363e-08	0	9.7699379e-08
lncRNA	ENST00000647872.1	LINC02693	6593	0	0	-1	0	9.8941562e-08	0	9.8941578e-08
lncRNA	ENST00000647872.1	LINC02693	6594	0	0	-1	0	2.933597e-07	0	2.9335975e-07
lncRNA	ENST00000647872.1	LINC02693	6595	0	0	-1	0	4.1164088e-07	0	4.1164095e-07
lncRNA	ENST00000647872.1	LINC02693	6596	0	0	-1	0	1.6192251e-06	0	1.6192254e-06
lncRNA	ENST00000647872.1	LINC02693	6597	0	0	-1	0	7.9487563e-07	0	7.9487576e-07
lncRNA	ENST00000647872.1	LINC02693	6598	0	0	-1	0	3.7527076e-07	0	3.7527082e-07
lncRNA	ENST00000647872.1	LINC02693	6599	0	0	-1	0	2.1946539e-07	0	2.1946543e-07
lncRNA	ENST00000647872.1	LINC02693	6600	0	0	-1	0	3.5018986e-06	0	3.5018992e-06
lncRNA	ENST00000647872.1	LINC02693	6601	0	0	-1	0	1.7633211e-07	0	1.7633214e-07
lncRNA	ENST00000647872.1	LINC02693	6602	0	0	-1	0	3.4433924e-07	0	3.443393e-07
lncRNA	ENST00000647872.1	LINC02693	6603	0	0	-1	0	4.696108e-07	0	4.6961087e-07
lncRNA	ENST00000647872.1	LINC02693	6604	0	0	-1	0	3.5451396e-07	0	3.5451401e-07
lncRNA	ENST00000647872.1	LINC02693	6605	0	0	-1	0	1.4775621e-07	0	1.4775623e-07
lncRNA	ENST00000647872.1	LINC02693	6606	0	0	-1	0	5.6220011e-07	0	5.622002e-07
lncRNA	ENST00000647872.1	LINC02693	6607	0	0	-1	0	3.3076083e-07	0	3.3076088e-07
lncRNA	ENST00000647872.1	LINC02693	6608	0	0	-1	0	1.7574292e-06	0	1.7574295e-06
lncRNA	ENST00000647872.1	LINC02693	6609	0	0	-1	0	1.3435503e-06	0	1.3435505e-06
lncRNA	ENST00000647872.1	LINC02693	6610	0	0	-1	0	6.6016895e-07	0	6.6016905e-07
lncRNA	ENST00000647872.1	LINC02693	6611	0	0	-1	0	1.6594413e-06	0	1.6594416e-06
lncRNA	ENST00000647872.1	LINC02693	6612	0	0	-1	0	6.2900233e-07	0	6.2900243e-07
lncRNA	ENST00000647872.1	LINC02693	6613	0	0	-1	0	2.0839292e-07	0	2.0839295e-07
lncRNA	ENST00000647872.1	LINC02693	6614	0	0	-1	0	8.4053249e-07	0	8.4053263e-07
lncRNA	ENST00000647872.1	LINC02693	6615	0	0	-1	0	1.1624203e-07	0	1.1624205e-07
lncRNA	ENST00000647872.1	LINC02693	6616	0	0	-1	0	1.1622851e-07	0	1.1622853e-07
lncRNA	ENST00000647872.1	LINC02693	6617	0	0	-1	0	1.754164e-06	0	1.7541643e-06
lncRNA	ENST00000647872.1	LINC02693	6618	0	0	-1	0	6.9930115e-07	0	6.9930126e-07
lncRNA	ENST00000647872.1	LINC02693	6619	0	0	-1	0	1.414652e-06	0	1.4146523e-06
lncRNA	ENST00000647872.1	LINC02693	6620	0	0	-1	0	4.8797023e-07	0	4.879703e-07
lncRNA	ENST00000647872.1	LINC02693	6621	0	0	-1	0	2.7925107e-06	0	2.7925112e-06
lncRNA	ENST00000647872.1	LINC02693	6622	0	0	-1	0	1.3152392e-05	0	1.3152394e-05
lncRNA	ENST00000647872.1	LINC02693	6623	0	0	-1	0	3.5983089e-06	0	3.5983095e-06
lncRNA	ENST00000647872.1	LINC02693	6624	0	0	-1	0	4.3919441e-05	0	4.3919448e-05
lncRNA	ENST00000647872.1	LINC02693	6625	0	0	-1	0	1.5446379e-06	0	1.5446382e-06
lncRNA	ENST00000647872.1	LINC02693	6626	0	0	-1	0	1.1051986e-06	0	1.1051988e-06
lncRNA	ENST00000647872.1	LINC02693	6627	0	0	-1	0	6.8446966e-06	0	6.8446977e-06
lncRNA	ENST00000647872.1	LINC02693	6628	0	0	-1	0	2.6504219e-06	0	2.6504224e-06
lncRNA	ENST00000647872.1	LINC02693	6629	0	0	-1	0	3.692833e-07	0	3.6928336e-07
lncRNA	ENST00000647872.1	LINC02693	6630	0	0	-1	0	9.1242121e-08	0	9.1242136e-08
lncRNA	ENST00000647872.1	LINC02693	6631	0	0	-1	0	5.0338042e-07	0	5.033805e-07
lncRNA	ENST00000647872.1	LINC02693	6632	0	0	-1	0	1.4465224e-06	0	1.4465227e-06
lncRNA	ENST00000647872.1	LINC02693	6633	0	0	-1	0	2.8005491e-06	0	2.8005495e-06
lncRNA	ENST00000647872.1	LINC02693	6634	0	0	-1	0	1.4689545e-06	0	1.4689547e-06
lncRNA	ENST00000647872.1	LINC02693	6635	0	0	-1	0	3.6169254e-06	0	3.6169259e-06
lncRNA	ENST00000647872.1	LINC02693	6636	0	0	-1	0	6.8016393e-06	0	6.8016404e-06
lncRNA	ENST00000647872.1	LINC02693	6637	0	0	-1	0	8.7705399e-07	0	8.7705413e-07
lncRNA	ENST00000647872.1	LINC02693	6638	0	0	-1	0	1.0897779e-07	0	1.0897781e-07
lncRNA	ENST00000647872.1	LINC02693	6639	0	0	-1	0	1.336178e-07	0	1.3361782e-07
lncRNA	ENST00000647872.1	LINC02693	6640	0	0	-1	0	1.6839196e-07	0	1.6839199e-07
lncRNA	ENST00000647872.1	LINC02693	6641	0	0	-1	0	1.6993536e-07	0	1.6993539e-07
lncRNA	ENST00000647872.1	LINC02693	6642	0	0	-1	0	8.1040474e-07	0	8.1040487e-07
lncRNA	ENST00000647872.1	LINC02693	6643	0	0	-1	0	1.1722666e-06	0	1.1722668e-06
lncRNA	ENST00000647872.1	LINC02693	6644	0	0	-1	0	3.6002691e-06	0	3.6002697e-06
lncRNA	ENST00000647872.1	LINC02693	6645	0	0	-1	0	1.9698086e-06	0	1.9698089e-06
lncRNA	ENST00000647872.1	LINC02693	6646	0	0	-1	0	1.1538618e-07	0	1.153862e-07
lncRNA	ENST00000647872.1	LINC02693	6647	0	0	-1	0	2.6886667e-07	0	2.6886671e-07
lncRNA	ENST00000647872.1	LINC02693	6648	0	0	-1	0	1.4826331e-06	0	1.4826334e-06
lncRNA	ENST00000647872.1	LINC02693	6649	0	0	-1	0	1.206772e-06	0	1.2067722e-06
lncRNA	ENST00000647872.1	LINC02693	6650	0	0	-1	0	9.9568433e-07	0	9.9568449e-07
lncRNA	ENST00000647872.1	LINC02693	6651	0	0	-1	0	7.0119171e-07	0	7.0119182e-07
lncRNA	ENST00000647872.1	LINC02693	6652	0	0	-1	0	4.5969972e-07	0	4.5969979e-07
lncRNA	ENST00000647872.1	LINC02693	6653	0	0	-1	0	6.0868672e-07	0	6.0868681e-07
lncRNA	ENST00000647872.1	LINC02693	6654	0	0	-1	0	4.2037027e-07	0	4.2037034e-07
lncRNA	ENST00000647872.1	LINC02693	6655	0	0	-1	0	4.260859e-07	0	4.2608597e-07
lncRNA	ENST00000647872.1	LINC02693	6656	0	0	-1	0	1.8932708e-07	0	1.8932711e-07
lncRNA	ENST00000647872.1	LINC02693	6657	0	0	-1	0	2.8849885e-07	0	2.884989e-07
lncRNA	ENST00000647872.1	LINC02693	6658	0	0	-1	0	8.1674835e-07	0	8.1674848e-07
lncRNA	ENST00000647872.1	LINC02693	6659	0	0	-1	0	1.2292539e-06	0	1.2292541e-06
lncRNA	ENST00000647872.1	LINC02693	6660	0	0	-1	0	3.7279736e-07	0	3.7279742e-07
lncRNA	ENST00000647872.1	LINC02693	6661	0	0	-1	0	7.514511e-08	0	7.5145122e-08
lncRNA	ENST00000647872.1	LINC02693	6662	0	0	-1	0	1.7746386e-06	0	1.7746389e-06
lncRNA	ENST00000647872.1	LINC02693	6663	0	0	-1	0	1.3829396e-07	0	1.3829398e-07
lncRNA	ENST00000647872.1	LINC02693	6664	0	0	-1	0	8.0909771e-08	0	8.0909784e-08
lncRNA	ENST00000647872.1	LINC02693	6665	0	0	-1	0	1.84556e-07	0	1.8455603e-07
lncRNA	ENST00000647872.1	LINC02693	6666	0	0	-1	0	7.3293114e-07	0	7.3293126e-07
lncRNA	ENST00000647872.1	LINC02693	6667	0	0	-1	0	1.7977592e-06	0	1.7977595e-06
lncRNA	ENST00000647872.1	LINC02693	6668	0	0	-1	0	1.8916023e-06	0	1.8916026e-06
lncRNA	ENST00000647872.1	LINC02693	6669	0	0	-1	0	7.2044905e-08	0	7.2044916e-08
lncRNA	ENST00000647872.1	LINC02693	6670	0	0	-1	0	8.1042094e-07	0	8.1042107e-07
lncRNA	ENST00000647872.1	LINC02693	6671	0	0	-1	0	1.8631694e-06	0	1.8631697e-06
lncRNA	ENST00000647872.1	LINC02693	6672	0	0	-1	0	1.4479702e-06	0	1.4479705e-06
lncRNA	ENST00000647872.1	LINC02693	6673	0	0	-1	0	1.6469113e-07	0	1.6469116e-07
lncRNA	ENST00000647872.1	LINC02693	6674	0	0	-1	0	2.7019945e-07	0	2.7019949e-07
lncRNA	ENST00000647872.1	LINC02693	6675	0	0	-1	0	6.7963191e-07	0	6.7963202e-07
lncRNA	ENST00000647872.1	LINC02693	6676	0	0	-1	0	2.3475693e-07	0	2.3475696e-07
lncRNA	ENST00000647872.1	LINC02693	6677	0	0	-1	0	9.6656407e-08	0	9.6656423e-08
lncRNA	ENST00000647872.1	LINC02693	6678	0	0	-1	0	4.541686e-07	0	4.5416867e-07
lncRNA	ENST00000647872.1	LINC02693	6679	0	0	-1	0	1.1794266e-06	0	1.1794268e-06
lncRNA	ENST00000647872.1	LINC02693	6680	0	0	-1	0	4.0553618e-07	0	4.0553625e-07
lncRNA	ENST00000647872.1	LINC02693	6681	0	0	-1	0	1.4786976e-06	0	1.4786979e-06
lncRNA	ENST00000647872.1	LINC02693	6682	0	0	-1	0	1.0243708e-07	0	1.024371e-07
lncRNA	ENST00000647872.1	LINC02693	6683	0	0	-1	0	6.3545008e-07	0	6.3545018e-07
lncRNA	ENST00000647872.1	LINC02693	6684	0	0	-1	0	2.8392861e-07	0	2.8392866e-07
lncRNA	ENST00000647872.1	LINC02693	6685	0	0	-1	0	1.9628374e-07	0	1.9628377e-07
lncRNA	ENST00000647872.1	LINC02693	6686	0	0	-1	0	6.6309248e-08	0	6.6309258e-08
lncRNA	ENST00000647872.1	LINC02693	6687	0	0	-1	0	3.364481e-08	0	3.3644815e-08
lncRNA	ENST00000647872.1	LINC02693	6688	0	0	-1	0	1.4223086e-08	0	1.4223088e-08
lncRNA	ENST00000647872.1	LINC02693	6689	0	0	-1	0	1.632651e-07	0	1.6326512e-07
lncRNA	ENST00000647872.1	LINC02693	6690	0	0	-1	0	4.6561024e-07	0	4.6561032e-07
lncRNA	ENST00000647872.1	LINC02693	6691	0	0	-1	0	1.9792492e-07	0	1.9792495e-07
lncRNA	ENST00000647872.1	LINC02693	6692	0	0	-1	0	1.1797292e-06	0	1.1797294e-06
lncRNA	ENST00000647872.1	LINC02693	6693	0	0	-1	0	3.4929514e-07	0	3.4929519e-07
lncRNA	ENST00000647872.1	LINC02693	6694	0	0	-1	0	2.4484979e-07	0	2.4484983e-07
lncRNA	ENST00000647872.1	LINC02693	6695	0	0	-1	0	3.1349276e-07	0	3.1349281e-07
lncRNA	ENST00000647872.1	LINC02693	6696	0	0	-1	0	3.5394305e-07	0	3.5394311e-07
lncRNA	ENST00000647872.1	LINC02693	6697	0	0	-1	0	1.7118033e-07	0	1.7118036e-07
lncRNA	ENST00000647872.1	LINC02693	6698	0	0	-1	0	6.7356943e-08	0	6.7356954e-08
lncRNA	ENST00000647872.1	LINC02693	6699	0	0	-1	0	1.4995098e-07	0	1.49951e-07
lncRNA	ENST00000647872.1	LINC02693	6700	0	0	-1	0	1.4290504e-07	0	1.4290506e-07
lncRNA	ENST00000647872.1	LINC02693	6701	0	0	-1	0	1.6802893e-07	0	1.6802896e-07
lncRNA	ENST00000647872.1	LINC02693	6702	0	0	-1	0	1.2352453e-07	0	1.2352455e-07
lncRNA	ENST00000647872.1	LINC02693	6703	0	0	-1	0	9.0497366e-08	0	9.049738e-08
lncRNA	ENST00000647872.1	LINC02693	6704	0	0	-1	0	6.2635372e-08	0	6.2635382e-08
lncRNA	ENST00000647872.1	LINC02693	6705	0	0	-1	0	1.240025e-06	0	1.2400252e-06
lncRNA	ENST00000647872.1	LINC02693	6706	0	0	-1	0	3.4575368e-08	0	3.4575374e-08
lncRNA	ENST00000647872.1	LINC02693	6707	0	0	-1	0	1.3390738e-07	0	1.339074e-07
lncRNA	ENST00000647872.1	LINC02693	6708	0	0	-1	0	5.5478716e-07	0	5.5478725e-07
lncRNA	ENST00000647872.1	LINC02693	6709	0	0	-1	0	1.3590862e-07	0	1.3590864e-07
lncRNA	ENST00000647872.1	LINC02693	6710	0	0	-1	0	9.9452745e-07	0	9.9452761e-07
lncRNA	ENST00000647872.1	LINC02693	6711	0	0	-1	0	1.3753389e-07	0	1.3753391e-07
lncRNA	ENST00000647872.1	LINC02693	6712	0	0	-1	0	3.1535757e-07	0	3.1535762e-07
lncRNA	ENST00000647872.1	LINC02693	6713	0	0	-1	0	1.2243055e-07	0	1.2243057e-07
lncRNA	ENST00000647872.1	LINC02693	6714	0	0	-1	0	5.0113101e-07	0	5.0113109e-07
lncRNA	ENST00000647872.1	LINC02693	6715	0	0	-1	0	1.1456819e-07	0	1.1456821e-07
lncRNA	ENST00000647872.1	LINC02693	6716	0	0	-1	0	6.3346539e-07	0	6.3346549e-07
lncRNA	ENST00000647872.1	LINC02693	6717	0	0	-1	0	2.9955567e-07	0	2.9955571e-07
lncRNA	ENST00000647872.1	LINC02693	6718	0	0	-1	0	9.1723884e-08	0	9.1723898e-08
lncRNA	ENST00000647872.1	LINC02693	6719	0	0	-1	0	1.6175188e-07	0	1.6175191e-07
lncRNA	ENST00000647872.1	LINC02693	6720	0	0	-1	0	4.0574932e-07	0	4.0574938e-07
lncRNA	ENST00000647872.1	LINC02693	6721	0	0	-1	0	1.2004972e-07	0	1.2004974e-07
lncRNA	ENST00000647872.1	LINC02693	6722	0	0	-1	0	7.7644936e-06	0	7.7644948e-06
lncRNA	ENST00000647872.1	LINC02693	6723	0	0	-1	0	4.276726e-06	0	4.2767267e-06
lncRNA	ENST00000647872.1	LINC02693	6724	0	0	-1	0	2.2240747e-06	0	2.2240751e-06
lncRNA	ENST00000647872.1	LINC02693	6725	0	0	-1	0	1.1317858e-07	0	1.131786e-07
lncRNA	ENST00000647872.1	LINC02693	6726	0	0	-1	0	2.9980231e-07	0	2.9980236e-07
lncRNA	ENST00000647872.1	LINC02693	6727	0	0	-1	0	3.7153313e-07	0	3.7153319e-07
lncRNA	ENST00000647872.1	LINC02693	6728	0	0	-1	0	9.9369402e-07	0	9.9369417e-07
lncRNA	ENST00000647872.1	LINC02693	6729	0	0	-1	0	9.2227418e-07	0	9.2227433e-07
lncRNA	ENST00000647872.1	LINC02693	6730	0	0	-1	0	8.0579082e-07	0	8.0579095e-07
lncRNA	ENST00000647872.1	LINC02693	6731	0	0	-1	0	1.9664487e-06	0	1.966449e-06
lncRNA	ENST00000647872.1	LINC02693	6732	0	0	-1	0	3.2638465e-07	0	3.263847e-07
lncRNA	ENST00000647872.1	LINC02693	6733	0	0	-1	0	3.556155e-07	0	3.5561555e-07
lncRNA	ENST00000647872.1	LINC02693	6734	0	0	-1	0	1.6066303e-06	0	1.6066306e-06
lncRNA	ENST00000647872.1	LINC02693	6735	0	0	-1	0	4.5155462e-06	0	4.5155469e-06
lncRNA	ENST00000647872.1	LINC02693	6736	0	0	-1	0	1.5586696e-07	0	1.5586698e-07
lncRNA	ENST00000647872.1	LINC02693	6737	0	0	-1	0	5.016073e-07	0	5.0160738e-07
lncRNA	ENST00000647872.1	LINC02693	6738	0	0	-1	0	5.2848026e-07	0	5.2848034e-07
lncRNA	ENST00000647872.1	LINC02693	6739	0	0	-1	0	9.1687377e-07	0	9.1687392e-07
lncRNA	ENST00000647872.1	LINC02693	6740	0	0	-1	0	1.7442061e-07	0	1.7442063e-07
lncRNA	ENST00000647872.1	LINC02693	6741	0	0	-1	0	4.384645e-07	0	4.3846457e-07
lncRNA	ENST00000647872.1	LINC02693	6742	0	0	-1	0	5.4762768e-07	0	5.4762776e-07
lncRNA	ENST00000647872.1	LINC02693	6743	0	0	-1	0	2.2185594e-07	0	2.2185598e-07
lncRNA	ENST00000647872.1	LINC02693	6744	0	0	-1	0	4.3326077e-07	0	4.3326083e-07
lncRNA	ENST00000647872.1	LINC02693	6745	0	0	-1	0	7.3329645e-08	0	7.3329656e-08
lncRNA	ENST00000647872.1	LINC02693	6746	0	0	-1	0	3.8369222e-07	0	3.8369229e-07
lncRNA	ENST00000647872.1	LINC02693	6747	0	0	-1	0	3.5078398e-07	0	3.5078403e-07
lncRNA	ENST00000647872.1	LINC02693	6748	0	0	-1	0	6.894989e-07	0	6.8949901e-07
lncRNA	ENST00000647872.1	LINC02693	6749	0	0	-1	0	3.9118973e-07	0	3.9118979e-07
lncRNA	ENST00000647872.1	LINC02693	6750	0	0	-1	0	7.5378341e-07	0	7.5378353e-07
lncRNA	ENST00000647872.1	LINC02693	6751	0	0	-1	0	3.2438595e-07	0	3.24386e-07
lncRNA	ENST00000647872.1	LINC02693	6752	0	0	-1	0	5.9641039e-08	0	5.9641048e-08
lncRNA	ENST00000647872.1	LINC02693	6753	0	0	-1	0	3.689151e-07	0	3.6891515e-07
lncRNA	ENST00000647872.1	LINC02693	6754	0	0	-1	0	7.3680425e-08	0	7.3680437e-08
lncRNA	ENST00000647872.1	LINC02693	6755	0	0	-1	0	1.1240518e-07	0	1.124052e-07
lncRNA	ENST00000647872.1	LINC02693	6756	0	0	-1	0	1.4483071e-08	0	1.4483073e-08
lncRNA	ENST00000647872.1	LINC02693	6757	0	0	-1	0	1.6589055e-07	0	1.6589058e-07
lncRNA	ENST00000647872.1	LINC02693	6758	0	0	-1	0	4.8264872e-07	0	4.8264879e-07
lncRNA	ENST00000647872.1	LINC02693	6759	0	0	-1	0	1.202874e-07	0	1.2028741e-07
lncRNA	ENST00000647872.1	LINC02693	6760	0	0	-1	0	1.5363644e-07	0	1.5363646e-07
lncRNA	ENST00000647872.1	LINC02693	6761	0	0	-1	0	6.0707742e-07	0	6.0707752e-07
lncRNA	ENST00000647872.1	LINC02693	6762	0	0	-1	0	3.4754816e-08	0	3.4754821e-08
lncRNA	ENST00000647872.1	LINC02693	6763	0	0	-1	0	1.1920502e-07	0	1.1920504e-07
lncRNA	ENST00000647872.1	LINC02693	6764	0	0	-1	0	2.2820018e-06	0	2.2820021e-06
lncRNA	ENST00000647872.1	LINC02693	6765	0	0	-1	0	1.3381992e-07	0	1.3381995e-07
lncRNA	ENST00000647872.1	LINC02693	6766	0	0	-1	0	9.6233362e-07	0	9.6233377e-07
lncRNA	ENST00000647872.1	LINC02693	6767	0	0	-1	0	1.5459185e-06	0	1.5459188e-06
lncRNA	ENST00000647872.1	LINC02693	6768	0	0	-1	0	2.1419012e-06	0	2.1419015e-06
lncRNA	ENST00000647872.1	LINC02693	6769	0	0	-1	0	2.389626e-07	0	2.3896264e-07
lncRNA	ENST00000647872.1	LINC02693	6770	0	0	-1	0	2.621604e-07	0	2.6216044e-07
lncRNA	ENST00000647872.1	LINC02693	6771	0	0	-1	0	4.8236797e-07	0	4.8236804e-07
lncRNA	ENST00000647872.1	LINC02693	6772	0	0	-1	0	8.5268681e-07	0	8.5268694e-07
lncRNA	ENST00000647872.1	LINC02693	6773	0	0	-1	0	6.3572708e-07	0	6.3572718e-07
lncRNA	ENST00000647872.1	LINC02693	6774	0	0	-1	0	1.786066e-07	0	1.7860663e-07
lncRNA	ENST00000647872.1	LINC02693	6775	0	0	-1	0	7.7249683e-07	0	7.7249695e-07
lncRNA	ENST00000647872.1	LINC02693	6776	0	0	-1	0	4.3929782e-07	0	4.3929789e-07
lncRNA	ENST00000647872.1	LINC02693	6777	0	0	-1	0	9.6734732e-07	0	9.6734747e-07
lncRNA	ENST00000647872.1	LINC02693	6778	0	0	-1	0	1.2883987e-07	0	1.2883989e-07
lncRNA	ENST00000647872.1	LINC02693	6779	0	0	-1	0	1.0478593e-07	0	1.0478595e-07
lncRNA	ENST00000647872.1	LINC02693	6780	0	0	-1	0	3.4715046e-07	0	3.4715052e-07
lncRNA	ENST00000647872.1	LINC02693	6781	0	0	-1	0	2.3887342e-06	0	2.3887345e-06
lncRNA	ENST00000647872.1	LINC02693	6782	0	0	-1	0	9.0206083e-07	0	9.0206098e-07
lncRNA	ENST00000647872.1	LINC02693	6783	0	0	-1	0	2.2691142e-07	0	2.2691146e-07
lncRNA	ENST00000647872.1	LINC02693	6784	0	0	-1	0	7.1304873e-07	0	7.1304885e-07
lncRNA	ENST00000647872.1	LINC02693	6785	0	0	-1	0	4.6008918e-07	0	4.6008926e-07
lncRNA	ENST00000647872.1	LINC02693	6786	0	0	-1	0	5.7330493e-07	0	5.7330502e-07
lncRNA	ENST00000647872.1	LINC02693	6787	0	0	-1	0	2.4001733e-07	0	2.4001737e-07
lncRNA	ENST00000647872.1	LINC02693	6788	0	0	-1	0	6.3182193e-07	0	6.3182203e-07
lncRNA	ENST00000647872.1	LINC02693	6789	0	0	-1	0	7.8549633e-08	0	7.8549645e-08
lncRNA	ENST00000647872.1	LINC02693	6790	0	0	-1	0	2.4820375e-07	0	2.4820379e-07
lncRNA	ENST00000647872.1	LINC02693	6791	0	0	-1	0	2.9730529e-07	0	2.9730534e-07
lncRNA	ENST00000647872.1	LINC02693	6792	0	0	-1	0	1.7046109e-07	0	1.7046112e-07
lncRNA	ENST00000647872.1	LINC02693	6793	0	0	-1	0	5.0219242e-08	0	5.021925e-08
lncRNA	ENST00000647872.1	LINC02693	6794	0	0	-1	0	1.4694069e-08	0	1.4694071e-08
lncRNA	ENST00000647872.1	LINC02693	6795	0	0	-1	0	8.1080628e-08	0	8.1080641e-08
lncRNA	ENST00000647872.1	LINC02693	6796	0	0	-1	0	8.7923439e-08	0	8.7923453e-08
lncRNA	ENST00000647872.1	LINC02693	6797	0	0	-1	0	4.575007e-07	0	4.5750078e-07
lncRNA	ENST00000647872.1	LINC02693	6798	0	0	-1	0	1.2075122e-06	0	1.2075124e-06
lncRNA	ENST00000647872.1	LINC02693	6799	0	0	-1	0	2.0757678e-08	0	2.0757682e-08
lncRNA	ENST00000647872.1	LINC02693	6800	0	0	-1	0	2.961448e-07	0	2.9614485e-07
lncRNA	ENST00000647872.1	LINC02693	6801	0	0	-1	0	1.0468086e-07	0	1.0468087e-07
lncRNA	ENST00000647872.1	LINC02693	6802	0	0	-1	0	4.6496061e-07	0	4.6496068e-07
lncRNA	ENST00000647872.1	LINC02693	6803	0	0	-1	0	1.434493e-07	0	1.4344932e-07
lncRNA	ENST00000647872.1	LINC02693	6804	0	0	-1	0	1.408287e-07	0	1.4082873e-07
lncRNA	ENST00000647872.1	LINC02693	6805	0	0	-1	0	1.1497289e-06	0	1.149729e-06
lncRNA	ENST00000647872.1	LINC02693	6806	0	0	-1	0	1.3945213e-07	0	1.3945215e-07
lncRNA	ENST00000647872.1	LINC02693	6807	0	0	-1	0	8.4647326e-07	0	8.4647339e-07
lncRNA	ENST00000647872.1	LINC02693	6808	0	0	-1	0	1.0961775e-06	0	1.0961776e-06
lncRNA	ENST00000647872.1	LINC02693	6809	0	0	-1	0	6.7360702e-07	0	6.7360713e-07
lncRNA	ENST00000647872.1	LINC02693	6810	0	0	-1	0	3.5769915e-07	0	3.5769921e-07
lncRNA	ENST00000647872.1	LINC02693	6811	0	0	-1	0	1.678987e-07	0	1.6789873e-07
lncRNA	ENST00000647872.1	LINC02693	6812	0	0	-1	0	1.1030936e-06	0	1.1030938e-06
lncRNA	ENST00000647872.1	LINC02693	6813	0	0	-1	0	3.3119326e-07	0	3.3119332e-07
lncRNA	ENST00000647872.1	LINC02693	6814	0	0	-1	0	1.4482383e-06	0	1.4482386e-06
lncRNA	ENST00000647872.1	LINC02693	6815	0	0	-1	0	1.6998634e-06	0	1.6998637e-06
lncRNA	ENST00000647872.1	LINC02693	6816	0	0	-1	0	2.348212e-07	0	2.3482124e-07
lncRNA	ENST00000647872.1	LINC02693	6817	0	0	-1	0	4.2922218e-07	0	4.2922225e-07
lncRNA	ENST00000647872.1	LINC02693	6818	0	0	-1	0	2.7422294e-07	0	2.7422298e-07
lncRNA	ENST00000647872.1	LINC02693	6819	0	0	-1	0	1.7239594e-07	0	1.7239597e-07
lncRNA	ENST00000647872.1	LINC02693	6820	0	0	-1	0	5.2990902e-07	0	5.299091e-07
lncRNA	ENST00000647872.1	LINC02693	6821	0	0	-1	0	3.7868648e-07	0	3.7868654e-07
lncRNA	ENST00000647872.1	LINC02693	6822	0	0	-1	0	2.5104292e-08	0	2.5104296e-08
lncRNA	ENST00000647872.1	LINC02693	6823	0	0	-1	0	3.2593316e-08	0	3.2593322e-08
lncRNA	ENST00000647872.1	LINC02693	6824	0	0	-1	0	6.9627355e-08	0	6.9627366e-08
lncRNA	ENST00000647872.1	LINC02693	6825	0	0	-1	0	2.1634084e-07	0	2.1634087e-07
lncRNA	ENST00000647872.1	LINC02693	6826	0	0	-1	0	1.5914533e-07	0	1.5914535e-07
lncRNA	ENST00000647872.1	LINC02693	6827	0	0	-1	0	9.0891905e-07	0	9.0891919e-07
lncRNA	ENST00000647872.1	LINC02693	6828	0	0	-1	0	7.6402284e-07	0	7.6402296e-07
lncRNA	ENST00000647872.1	LINC02693	6829	0	0	-1	0	4.0249617e-07	0	4.0249623e-07
lncRNA	ENST00000647872.1	LINC02693	6830	0	0	-1	0	1.5479411e-06	0	1.5479414e-06
lncRNA	ENST00000647872.1	LINC02693	6831	0	0	-1	0	6.0292408e-08	0	6.0292417e-08
lncRNA	ENST00000647872.1	LINC02693	6832	0	0	-1	0	2.6033681e-06	0	2.6033685e-06
lncRNA	ENST00000647872.1	LINC02693	6833	0	0	-1	0	2.917179e-07	0	2.9171794e-07
lncRNA	ENST00000647872.1	LINC02693	6834	0	0	-1	0	2.1183537e-07	0	2.118354e-07
lncRNA	ENST00000647872.1	LINC02693	6835	0	0	-1	0	6.983874e-07	0	6.9838751e-07
lncRNA	ENST00000647872.1	LINC02693	6836	0	0	-1	0	8.5120968e-07	0	8.5120981e-07
lncRNA	ENST00000647872.1	LINC02693	6837	0	0	-1	0	5.2408109e-07	0	5.2408117e-07
lncRNA	ENST00000647872.1	LINC02693	6838	0	0	-1	0	6.0614485e-07	0	6.0614495e-07
lncRNA	ENST00000647872.1	LINC02693	6839	0	0	-1	0	1.4078769e-06	0	1.4078771e-06
lncRNA	ENST00000647872.1	LINC02693	6840	0	0	-1	0	8.4247625e-07	0	8.4247639e-07
lncRNA	ENST00000647872.1	LINC02693	6841	0	0	-1	0	3.2124688e-06	0	3.2124693e-06
lncRNA	ENST00000647872.1	LINC02693	6842	0	0	-1	0	4.1917173e-07	0	4.1917179e-07
lncRNA	ENST00000647872.1	LINC02693	6843	0	0	-1	0	2.1124629e-07	0	2.1124632e-07
lncRNA	ENST00000647872.1	LINC02693	6844	0	0	-1	0	7.6011577e-07	0	7.6011589e-07
lncRNA	ENST00000647872.1	LINC02693	6845	0	0	-1	0	5.4920451e-07	0	5.492046e-07
lncRNA	ENST00000647872.1	LINC02693	6846	0	0	-1	0	3.1338541e-07	0	3.1338546e-07
lncRNA	ENST00000647872.1	LINC02693	6847	0	0	-1	0	8.1118991e-08	0	8.1119003e-08
lncRNA	ENST00000647872.1	LINC02693	6848	0	0	-1	0	5.9534852e-07	0	5.9534862e-07
lncRNA	ENST00000647872.1	LINC02693	6849	0	0	-1	0	1.4062572e-06	0	1.4062574e-06
lncRNA	ENST00000647872.1	LINC02693	6850	0	0	-1	0	9.656809e-07	0	9.6568105e-07
lncRNA	ENST00000647872.1	LINC02693	6851	0	0	-1	0	6.6441009e-07	0	6.644102e-07
lncRNA	ENST00000647872.1	LINC02693	6852	0	0	-1	0	1.3244787e-06	0	1.3244789e-06
lncRNA	ENST00000647872.1	LINC02693	6853	0	0	-1	0	5.1998779e-07	0	5.1998788e-07
lncRNA	ENST00000647872.1	LINC02693	6854	0	0	-1	0	1.8341323e-07	0	1.8341326e-07
lncRNA	ENST00000647872.1	LINC02693	6855	0	0	-1	0	2.0681181e-07	0	2.0681184e-07
lncRNA	ENST00000647872.1	LINC02693	6856	0	0	-1	0	4.8975022e-07	0	4.897503e-07
lncRNA	ENST00000647872.1	LINC02693	6857	0	0	-1	0	6.8503027e-07	0	6.8503038e-07
lncRNA	ENST00000647872.1	LINC02693	6858	0	0	-1	0	1.1801545e-06	0	1.1801547e-06
lncRNA	ENST00000647872.1	LINC02693	6859	0	0	-1	0	6.8266746e-07	0	6.8266757e-07
lncRNA	ENST00000647872.1	LINC02693	6860	0	0	-1	0	1.6732645e-07	0	1.6732647e-07
lncRNA	ENST00000647872.1	LINC02693	6861	0	0	-1	0	2.5244032e-07	0	2.5244036e-07
lncRNA	ENST00000647872.1	LINC02693	6862	0	0	-1	0	1.0799519e-06	0	1.079952e-06
lncRNA	ENST00000647872.1	LINC02693	6863	0	0	-1	0	1.5126485e-06	0	1.5126487e-06
lncRNA	ENST00000647872.1	LINC02693	6864	0	0	-1	0	2.8092225e-07	0	2.809223e-07
lncRNA	ENST00000647872.1	LINC02693	6865	0	0	-1	0	7.0925111e-08	0	7.0925122e-08
lncRNA	ENST00000647872.1	LINC02693	6866	0	0	-1	0	5.430764e-07	0	5.4307648e-07
lncRNA	ENST00000647872.1	LINC02693	6867	0	0	-1	0	4.9927252e-07	0	4.992726e-07
lncRNA	ENST00000647872.1	LINC02693	6868	0	0	-1	0	2.4086646e-07	0	2.4086649e-07
lncRNA	ENST00000647872.1	LINC02693	6869	0	0	-1	0	1.1081411e-06	0	1.1081413e-06
lncRNA	ENST00000647872.1	LINC02693	6870	0	0	-1	0	4.5182001e-06	0	4.5182008e-06
lncRNA	ENST00000647872.1	LINC02693	6871	0	0	-1	0	5.252985e-07	0	5.2529859e-07
lncRNA	ENST00000647872.1	LINC02693	6872	0	0	-1	0	1.7415549e-07	0	1.7415552e-07
lncRNA	ENST00000647872.1	LINC02693	6873	0	0	-1	0	5.151752e-07	0	5.1517528e-07
lncRNA	ENST00000647872.1	LINC02693	6874	0	0	-1	0	5.2641838e-07	0	5.2641846e-07
lncRNA	ENST00000647872.1	LINC02693	6875	0	0	-1	0	4.0608551e-08	0	4.0608558e-08
lncRNA	ENST00000647872.1	LINC02693	6876	0	0	-1	0	6.9977112e-08	0	6.9977123e-08
lncRNA	ENST00000647872.1	LINC02693	6877	0	0	-1	0	1.9180295e-06	0	1.9180298e-06
lncRNA	ENST00000647872.1	LINC02693	6878	0	0	-1	0	2.6135897e-06	0	2.6135901e-06
lncRNA	ENST00000647872.1	LINC02693	6879	0	0	-1	0	1.1759006e-07	0	1.1759008e-07
lncRNA	ENST00000647872.1	LINC02693	6880	0	0	-1	0	3.555229e-07	0	3.5552296e-07
lncRNA	ENST00000647872.1	LINC02693	6881	0	0	-1	0	8.0542202e-07	0	8.0542215e-07
lncRNA	ENST00000647872.1	LINC02693	6882	0	0	-1	0	1.8175009e-06	0	1.8175012e-06
lncRNA	ENST00000647872.1	LINC02693	6883	0	0	-1	0	1.2379018e-06	0	1.237902e-06
lncRNA	ENST00000647872.1	LINC02693	6884	0	0	-1	0	8.4102805e-07	0	8.4102819e-07
lncRNA	ENST00000647872.1	LINC02693	6885	0	0	-1	0	1.4561697e-06	0	1.4561699e-06
lncRNA	ENST00000647872.1	LINC02693	6886	0	0	-1	0	3.6969416e-07	0	3.6969422e-07
lncRNA	ENST00000647872.1	LINC02693	6887	0	0	-1	0	3.1195623e-07	0	3.1195628e-07
lncRNA	ENST00000647872.1	LINC02693	6888	0	0	-1	0	1.6556639e-07	0	1.6556642e-07
lncRNA	ENST00000647872.1	LINC02693	6889	0	0	-1	0	7.6340012e-07	0	7.6340024e-07
lncRNA	ENST00000647872.1	LINC02693	6890	0	0	-1	0	1.2121318e-06	0	1.212132e-06
lncRNA	ENST00000647872.1	LINC02693	6891	0	0	-1	0	1.1655069e-06	0	1.1655071e-06
lncRNA	ENST00000647872.1	LINC02693	6892	0	0	-1	0	2.0857813e-06	0	2.0857816e-06
lncRNA	ENST00000647872.1	LINC02693	6893	0	0	-1	0	6.8535336e-08	0	6.8535346e-08
lncRNA	ENST00000647872.1	LINC02693	6894	0	0	-1	0	4.7610239e-08	0	4.7610247e-08
lncRNA	ENST00000647872.1	LINC02693	6895	0	0	-1	0	2.3673559e-07	0	2.3673562e-07
lncRNA	ENST00000647872.1	LINC02693	6896	0	0	-1	0	2.5147799e-07	0	2.5147802e-07
lncRNA	ENST00000647872.1	LINC02693	6897	0	0	-1	0	2.5013136e-07	0	2.501314e-07
lncRNA	ENST00000647872.1	LINC02693	6898	0	0	-1	0	5.2102454e-08	0	5.2102462e-08
lncRNA	ENST00000647872.1	LINC02693	6899	0	0	-1	0	1.1394877e-06	0	1.1394879e-06
lncRNA	ENST00000647872.1	LINC02693	6900	0	0	-1	0	6.8554328e-07	0	6.8554339e-07
lncRNA	ENST00000647872.1	LINC02693	6901	0	0	-1	0	2.105843e-07	0	2.1058434e-07
lncRNA	ENST00000647872.1	LINC02693	6902	0	0	-1	0	1.4467839e-05	0	1.4467841e-05
lncRNA	ENST00000647872.1	LINC02693	6903	0	0	-1	0	6.6446523e-07	0	6.6446534e-07
lncRNA	ENST00000647872.1	LINC02693	6904	0	0	-1	0	5.3795208e-07	0	5.3795216e-07
lncRNA	ENST00000647872.1	LINC02693	6905	0	0	-1	0	4.3550688e-07	0	4.3550695e-07
lncRNA	ENST00000647872.1	LINC02693	6906	0	0	-1	0	1.1477707e-07	0	1.1477708e-07
lncRNA	ENST00000647872.1	LINC02693	6907	0	0	-1	0	6.2811034e-07	0	6.2811044e-07
lncRNA	ENST00000647872.1	LINC02693	6908	0	0	-1	0	1.0589758e-06	0	1.058976e-06
lncRNA	ENST00000647872.1	LINC02693	6909	0	0	-1	0	5.441874e-07	0	5.4418749e-07
lncRNA	ENST00000647872.1	LINC02693	6910	0	0	-1	0	4.8211714e-08	0	4.8211721e-08
lncRNA	ENST00000647872.1	LINC02693	6911	0	0	-1	0	2.8620009e-08	0	2.8620014e-08
lncRNA	ENST00000647872.1	LINC02693	6912	0	0	-1	0	1.9440367e-07	0	1.944037e-07
lncRNA	ENST00000647872.1	LINC02693	6913	0	0	-1	0	1.044507e-07	0	1.0445072e-07
lncRNA	ENST00000647872.1	LINC02693	6914	0	0	-1	0	2.4020613e-08	0	2.4020617e-08
lncRNA	ENST00000647872.1	LINC02693	6915	0	0	-1	0	5.6001181e-08	0	5.6001189e-08
lncRNA	ENST00000647872.1	LINC02693	6916	0	0	-1	0	2.4791538e-07	0	2.4791542e-07
lncRNA	ENST00000647872.1	LINC02693	6917	0	0	-1	0	2.6129825e-07	0	2.612983e-07
lncRNA	ENST00000647872.1	LINC02693	6918	0	0	-1	0	9.7136694e-07	0	9.713671e-07
lncRNA	ENST00000647872.1	LINC02693	6919	0	0	-1	0	8.9628463e-07	0	8.9628477e-07
lncRNA	ENST00000647872.1	LINC02693	6920	0	0	-1	0	5.2339078e-07	0	5.2339086e-07
lncRNA	ENST00000647872.1	LINC02693	6921	0	0	-1	0	1.5724457e-07	0	1.572446e-07
lncRNA	ENST00000647872.1	LINC02693	6922	0	0	-1	0	8.3931417e-07	0	8.393143e-07
lncRNA	ENST00000647872.1	LINC02693	6923	0	0	-1	0	7.3115551e-08	0	7.3115562e-08
lncRNA	ENST00000647872.1	LINC02693	6924	0	0	-1	0	1.0473319e-07	0	1.0473321e-07
lncRNA	ENST00000647872.1	LINC02693	6925	0	0	-1	0	2.0058428e-07	0	2.0058431e-07
lncRNA	ENST00000647872.1	LINC02693	6926	0	0	-1	0	1.5167362e-08	0	1.5167365e-08
lncRNA	ENST00000647872.1	LINC02693	6927	0	0	-1	0	1.0633381e-07	0	1.0633382e-07
lncRNA	ENST00000647872.1	LINC02693	6928	0	0	-1	0	9.3357592e-08	0	9.3357607e-08
lncRNA	ENST00000647872.1	LINC02693	6929	0	0	-1	0	5.0980219e-08	0	5.0980227e-08
lncRNA	ENST00000647872.1	LINC02693	6930	0	0	-1	0	1.0394366e-06	0	1.0394368e-06
lncRNA	ENST00000647872.1	LINC02693	6931	0	0	-1	0	1.8509871e-07	0	1.8509874e-07
lncRNA	ENST00000647872.1	LINC02693	6932	0	0	-1	0	5.0124862e-07	0	5.012487e-07
lncRNA	ENST00000647872.1	LINC02693	6933	0	0	-1	0	2.6265704e-06	0	2.6265709e-06
lncRNA	ENST00000647872.1	LINC02693	6934	0	0	-1	0	7.728287e-08	0	7.7282882e-08
lncRNA	ENST00000647872.1	LINC02693	6935	0	0	-1	0	2.2338433e-07	0	2.2338437e-07
lncRNA	ENST00000647872.1	LINC02693	6936	0	0	-1	0	5.8063296e-07	0	5.8063305e-07
lncRNA	ENST00000647872.1	LINC02693	6937	0	0	-1	0	3.0545658e-07	0	3.0545663e-07
lncRNA	ENST00000647872.1	LINC02693	6938	0	0	-1	0	2.432073e-08	0	2.4320734e-08
lncRNA	ENST00000647872.1	LINC02693	6939	0	0	-1	0	3.600868e-07	0	3.6008686e-07
lncRNA	ENST00000647872.1	LINC02693	6940	0	0	-1	0	1.9114293e-07	0	1.9114296e-07
lncRNA	ENST00000647872.1	LINC02693	6941	0	0	-1	0	5.7296194e-08	0	5.7296203e-08
lncRNA	ENST00000647872.1	LINC02693	6942	0	0	-1	0	8.8914895e-08	0	8.8914909e-08
lncRNA	ENST00000647872.1	LINC02693	6943	0	0	-1	0	2.1983259e-07	0	2.1983262e-07
lncRNA	ENST00000647872.1	LINC02693	6944	0	0	-1	0	2.8735437e-07	0	2.8735441e-07
lncRNA	ENST00000647872.1	LINC02693	6945	0	0	-1	0	6.8920508e-07	0	6.8920519e-07
lncRNA	ENST00000647872.1	LINC02693	6946	0	0	-1	0	6.3236149e-07	0	6.3236159e-07
lncRNA	ENST00000647872.1	LINC02693	6947	0	0	-1	0	1.2620926e-07	0	1.2620928e-07
lncRNA	ENST00000647872.1	LINC02693	6948	0	0	-1	0	3.4156639e-07	0	3.4156644e-07
lncRNA	ENST00000647872.1	LINC02693	6949	0	0	-1	0	2.0652524e-07	0	2.0652528e-07
lncRNA	ENST00000647872.1	LINC02693	6950	0	0	-1	0	1.3616057e-07	0	1.3616059e-07
lncRNA	ENST00000647872.1	LINC02693	6951	0	0	-1	0	4.1848469e-07	0	4.1848475e-07
lncRNA	ENST00000647872.1	LINC02693	6952	0	0	-1	0	3.9685889e-07	0	3.9685896e-07
lncRNA	ENST00000647872.1	LINC02693	6953	0	0	-1	0	2.2909431e-07	0	2.2909435e-07
lncRNA	ENST00000647872.1	LINC02693	6954	0	0	-1	0	9.3642576e-08	0	9.3642591e-08
lncRNA	ENST00000647872.1	LINC02693	6955	0	0	-1	0	2.476539e-08	0	2.4765394e-08
lncRNA	ENST00000647872.1	LINC02693	6956	0	0	-1	0	2.7542043e-07	0	2.7542048e-07
lncRNA	ENST00000647872.1	LINC02693	6957	0	0	-1	0	5.7017297e-07	0	5.7017306e-07
lncRNA	ENST00000647872.1	LINC02693	6958	0	0	-1	0	3.7084249e-07	0	3.7084254e-07
lncRNA	ENST00000647872.1	LINC02693	6959	0	0	-1	0	1.8948424e-07	0	1.8948427e-07
lncRNA	ENST00000647872.1	LINC02693	6960	0	0	-1	0	2.8049206e-07	0	2.804921e-07
lncRNA	ENST00000647872.1	LINC02693	6961	0	0	-1	0	3.9644129e-07	0	3.9644136e-07
lncRNA	ENST00000647872.1	LINC02693	6962	0	0	-1	0	2.4121448e-07	0	2.4121452e-07
lncRNA	ENST00000647872.1	LINC02693	6963	0	0	-1	0	2.5381036e-08	0	2.538104e-08
lncRNA	ENST00000647872.1	LINC02693	6964	0	0	-1	0	5.1855981e-08	0	5.1855989e-08
lncRNA	ENST00000647872.1	LINC02693	6965	0	0	-1	0	9.7398136e-08	0	9.7398151e-08
lncRNA	ENST00000647872.1	LINC02693	6966	0	0	-1	0	8.3858097e-08	0	8.3858111e-08
lncRNA	ENST00000647872.1	LINC02693	6967	0	0	-1	0	2.0370988e-08	0	2.0370992e-08
lncRNA	ENST00000647872.1	LINC02693	6968	0	0	-1	0	1.6403843e-07	0	1.6403845e-07
lncRNA	ENST00000647872.1	LINC02693	6969	0	0	-1	0	1.4723142e-07	0	1.4723144e-07
lncRNA	ENST00000647872.1	LINC02693	6970	0	0	-1	0	1.0245858e-07	0	1.0245859e-07
lncRNA	ENST00000647872.1	LINC02693	6971	0	0	-1	0	2.2714872e-07	0	2.2714875e-07
lncRNA	ENST00000647872.1	LINC02693	6972	0	0	-1	0	2.9983806e-07	0	2.9983811e-07
lncRNA	ENST00000647872.1	LINC02693	6973	0	0	-1	0	1.1742089e-06	0	1.1742091e-06
lncRNA	ENST00000647872.1	LINC02693	6974	0	0	-1	0	6.5301185e-07	0	6.5301196e-07
lncRNA	ENST00000647872.1	LINC02693	6975	0	0	-1	0	2.6959378e-07	0	2.6959383e-07
lncRNA	ENST00000647872.1	LINC02693	6976	0	0	-1	0	2.315597e-07	0	2.3155973e-07
lncRNA	ENST00000647872.1	LINC02693	6977	0	0	-1	0	1.6499368e-06	0	1.6499371e-06
lncRNA	ENST00000647872.1	LINC02693	6978	0	0	-1	0	1.4335768e-07	0	1.433577e-07
lncRNA	ENST00000647872.1	LINC02693	6979	0	0	-1	0	7.7309079e-07	0	7.7309091e-07
lncRNA	ENST00000647872.1	LINC02693	6980	0	0	-1	0	4.0236092e-08	0	4.0236098e-08
lncRNA	ENST00000647872.1	LINC02693	6981	0	0	-1	0	6.4823752e-08	0	6.4823762e-08
lncRNA	ENST00000647872.1	LINC02693	6982	0	0	-1	0	2.0687127e-08	0	2.068713e-08
lncRNA	ENST00000647872.1	LINC02693	6983	0	0	-1	0	2.7183743e-08	0	2.7183748e-08
lncRNA	ENST00000647872.1	LINC02693	6984	0	0	-1	0	9.204701e-09	0	9.2047024e-09
lncRNA	ENST00000647872.1	LINC02693	6985	0	0	-1	0	1.0562244e-08	0	1.0562245e-08
lncRNA	ENST00000647872.1	LINC02693	6986	0	0	-1	0	1.0416123e-07	0	1.0416125e-07
lncRNA	ENST00000647872.1	LINC02693	6987	0	0	-1	0	5.0573332e-09	0	5.057334e-09
lncRNA	ENST00000647872.1	LINC02693	6988	0	0	-1	0	2.564356e-08	0	2.5643564e-08
lncRNA	ENST00000647872.1	LINC02693	6989	0	0	-1	0	7.6284955e-08	0	7.6284967e-08
lncRNA	ENST00000647872.1	LINC02693	6990	0	0	-1	0	5.4889636e-08	0	5.4889645e-08
lncRNA	ENST00000647872.1	LINC02693	6991	0	0	-1	0	4.0434422e-08	0	4.0434428e-08
lncRNA	ENST00000647872.1	LINC02693	6992	0	0	-1	0	2.8825164e-07	0	2.8825169e-07
lncRNA	ENST00000647872.1	LINC02693	6993	0	0	-1	0	9.070439e-08	0	9.0704404e-08
lncRNA	ENST00000647872.1	LINC02693	6994	0	0	-1	0	8.8727647e-09	0	8.8727661e-09
lncRNA	ENST00000647872.1	LINC02693	6995	0	0	-1	0	7.4599402e-09	0	7.4599414e-09
lncRNA	ENST00000647872.1	LINC02693	6996	0	0	-1	0	6.8535861e-08	0	6.8535872e-08
lncRNA	ENST00000647872.1	LINC02693	6997	0	0	-1	0	1.5184825e-07	0	1.5184828e-07
lncRNA	ENST00000647872.1	LINC02693	6998	0	0	-1	0	3.1319391e-07	0	3.1319396e-07
lncRNA	ENST00000647872.1	LINC02693	6999	0	0	-1	0	1.8111353e-06	0	1.8111356e-06
lncRNA	ENST00000647872.1	LINC02693	7000	0	0	-1	0	2.1230164e-06	0	2.1230168e-06
lncRNA	ENST00000647872.1	LINC02693	7001	0	0	-1	0	1.3306756e-07	0	1.3306758e-07
lncRNA	ENST00000647872.1	LINC02693	7002	0	0	-1	0	4.6867012e-08	0	4.6867019e-08
lncRNA	ENST00000647872.1	LINC02693	7003	0	0	-1	0	1.1573972e-07	0	1.1573974e-07
lncRNA	ENST00000647872.1	LINC02693	7004	0	0	-1	0	1.136972e-07	0	1.1369722e-07
lncRNA	ENST00000647872.1	LINC02693	7005	0	0	-1	0	1.6649189e-07	0	1.6649191e-07
lncRNA	ENST00000647872.1	LINC02693	7006	0	0	-1	0	2.1659517e-07	0	2.165952e-07
lncRNA	ENST00000647872.1	LINC02693	7007	0	0	-1	0	4.3713342e-07	0	4.3713349e-07
lncRNA	ENST00000647872.1	LINC02693	7008	0	0	-1	0	8.7187101e-07	0	8.7187115e-07
lncRNA	ENST00000647872.1	LINC02693	7009	0	0	-1	0	5.8451782e-08	0	5.8451791e-08
lncRNA	ENST00000647872.1	LINC02693	7010	0	0	-1	0	3.1948016e-07	0	3.1948022e-07
lncRNA	ENST00000647872.1	LINC02693	7011	0	0	-1	0	7.6929945e-07	0	7.6929957e-07
lncRNA	ENST00000647872.1	LINC02693	7012	0	0	-1	0	3.8575863e-07	0	3.8575869e-07
lncRNA	ENST00000647872.1	LINC02693	7013	0	0	-1	0	8.7237333e-07	0	8.7237347e-07
lncRNA	ENST00000647872.1	LINC02693	7014	0	0	-1	0	4.5022742e-07	0	4.5022749e-07
lncRNA	ENST00000647872.1	LINC02693	7015	0	0	-1	0	7.8630092e-07	0	7.8630104e-07
lncRNA	ENST00000647872.1	LINC02693	7016	0	0	-1	0	2.7513269e-07	0	2.7513274e-07
lncRNA	ENST00000647872.1	LINC02693	7017	0	0	-1	0	4.1225061e-07	0	4.1225068e-07
lncRNA	ENST00000647872.1	LINC02693	7018	0	0	-1	0	2.6246485e-07	0	2.6246489e-07
lncRNA	ENST00000647872.1	LINC02693	7019	0	0	-1	0	2.4215049e-07	0	2.4215053e-07
lncRNA	ENST00000647872.1	LINC02693	7020	0	0	-1	0	6.4542462e-08	0	6.4542472e-08
lncRNA	ENST00000647872.1	LINC02693	7021	0	0	-1	0	2.8941488e-07	0	2.8941493e-07
lncRNA	ENST00000647872.1	LINC02693	7022	0	0	-1	0	2.941395e-06	0	2.9413955e-06
lncRNA	ENST00000647872.1	LINC02693	7023	0	0	-1	0	7.2854675e-08	0	7.2854687e-08
lncRNA	ENST00000647872.1	LINC02693	7024	0	0	-1	0	9.3897981e-08	0	9.3897996e-08
lncRNA	ENST00000647872.1	LINC02693	7025	0	0	-1	0	2.0286461e-08	0	2.0286464e-08
lncRNA	ENST00000647872.1	LINC02693	7026	0	0	-1	0	8.7538856e-09	0	8.753887e-09
lncRNA	ENST00000647872.1	LINC02693	7027	0	0	-1	0	1.4928741e-08	0	1.4928743e-08
lncRNA	ENST00000647872.1	LINC02693	7028	0	0	-1	0	2.0793104e-08	0	2.0793107e-08
lncRNA	ENST00000647872.1	LINC02693	7029	0	0	-1	0	9.4186952e-08	0	9.4186966e-08
lncRNA	ENST00000647872.1	LINC02693	7030	0	0	-1	0	1.6786588e-07	0	1.678659e-07
lncRNA	ENST00000647872.1	LINC02693	7031	0	0	-1	0	1.2384892e-07	0	1.2384894e-07
lncRNA	ENST00000647872.1	LINC02693	7032	0	0	-1	0	7.4831298e-08	0	7.483131e-08
lncRNA	ENST00000647872.1	LINC02693	7033	0	0	-1	0	3.9633656e-07	0	3.9633662e-07
lncRNA	ENST00000647872.1	LINC02693	7034	0	0	-1	0	9.1890024e-07	0	9.1890039e-07
lncRNA	ENST00000647872.1	LINC02693	7035	0	0	-1	0	5.717142e-08	0	5.7171429e-08
lncRNA	ENST00000647872.1	LINC02693	7036	0	0	-1	0	2.0089479e-07	0	2.0089482e-07
lncRNA	ENST00000647872.1	LINC02693	7037	0	0	-1	0	7.5352324e-07	0	7.5352336e-07
lncRNA	ENST00000647872.1	LINC02693	7038	0	0	-1	0	4.3239393e-07	0	4.32394e-07
lncRNA	ENST00000647872.1	LINC02693	7039	0	0	-1	0	2.400549e-07	0	2.4005494e-07
lncRNA	ENST00000647872.1	LINC02693	7040	0	0	-1	0	1.3045293e-06	0	1.3045295e-06
lncRNA	ENST00000647872.1	LINC02693	7041	0	0	-1	0	5.2709606e-07	0	5.2709615e-07
lncRNA	ENST00000647872.1	LINC02693	7042	0	0	-1	0	4.695826e-07	0	4.6958268e-07
lncRNA	ENST00000647872.1	LINC02693	7043	0	0	-1	0	7.3401992e-08	0	7.3402004e-08
lncRNA	ENST00000647872.1	LINC02693	7044	0	0	-1	0	2.5466916e-08	0	2.546692e-08
lncRNA	ENST00000647872.1	LINC02693	7045	0	0	-1	0	4.3213507e-07	0	4.3213514e-07
lncRNA	ENST00000647872.1	LINC02693	7046	0	0	-1	0	5.4051949e-08	0	5.4051957e-08
lncRNA	ENST00000647872.1	LINC02693	7047	0	0	-1	0	2.1880855e-07	0	2.1880859e-07
lncRNA	ENST00000647872.1	LINC02693	7048	0	0	-1	0	3.5999548e-07	0	3.5999554e-07
lncRNA	ENST00000647872.1	LINC02693	7049	0	0	-1	0	3.7591585e-07	0	3.7591591e-07
lncRNA	ENST00000647872.1	LINC02693	7050	0	0	-1	0	1.6751854e-07	0	1.6751856e-07
lncRNA	ENST00000647872.1	LINC02693	7051	0	0	-1	0	1.8008006e-07	0	1.8008009e-07
lncRNA	ENST00000647872.1	LINC02693	7052	0	0	-1	0	7.2833551e-08	0	7.2833562e-08
lncRNA	ENST00000647872.1	LINC02693	7053	0	0	-1	0	7.5935347e-09	0	7.5935359e-09
lncRNA	ENST00000647872.1	LINC02693	7054	0	0	-1	0	1.6950329e-08	0	1.6950332e-08
lncRNA	ENST00000647872.1	LINC02693	7055	0	0	-1	0	5.3510639e-08	0	5.3510648e-08
lncRNA	ENST00000647872.1	LINC02693	7056	0	0	-1	0	1.2825466e-08	0	1.2825468e-08
lncRNA	ENST00000647872.1	LINC02693	7057	0	0	-1	0	1.9179049e-08	0	1.9179052e-08
lncRNA	ENST00000647872.1	LINC02693	7058	0	0	-1	0	7.5070325e-08	0	7.5070337e-08
lncRNA	ENST00000647872.1	LINC02693	7059	0	0	-1	0	1.52563e-07	0	1.5256303e-07
lncRNA	ENST00000647872.1	LINC02693	7060	0	0	-1	0	9.2656002e-08	0	9.2656017e-08
lncRNA	ENST00000647872.1	LINC02693	7061	0	0	-1	0	2.3990705e-07	0	2.3990709e-07
lncRNA	ENST00000647872.1	LINC02693	7062	0	0	-1	0	4.0727369e-07	0	4.0727375e-07
lncRNA	ENST00000647872.1	LINC02693	7063	0	0	-1	0	1.75933e-07	0	1.7593302e-07
lncRNA	ENST00000647872.1	LINC02693	7064	0	0	-1	0	2.636378e-06	0	2.6363784e-06
lncRNA	ENST00000647872.1	LINC02693	7065	0	0	-1	0	1.5866924e-06	0	1.5866927e-06
lncRNA	ENST00000647872.1	LINC02693	7066	0	0	-1	0	3.9485238e-07	0	3.9485244e-07
lncRNA	ENST00000647872.1	LINC02693	7067	0	0	-1	0	1.0799292e-06	0	1.0799294e-06
lncRNA	ENST00000647872.1	LINC02693	7068	0	0	-1	0	1.1985798e-05	0	1.19858e-05
lncRNA	ENST00000647872.1	LINC02693	7069	0	0	-1	0	3.2196087e-06	0	3.2196092e-06
lncRNA	ENST00000647872.1	LINC02693	7070	0	0	-1	0	4.6981822e-07	0	4.6981829e-07
lncRNA	ENST00000647872.1	LINC02693	7071	0	0	-1	0	1.2261278e-06	0	1.226128e-06
lncRNA	ENST00000647872.1	LINC02693	7072	0	0	-1	0	6.352289e-07	0	6.35229e-07
lncRNA	ENST00000647872.1	LINC02693	7073	0	0	-1	0	8.915311e-07	0	8.9153124e-07
lncRNA	ENST00000647872.1	LINC02693	7074	0	0	-1	0	7.1649862e-07	0	7.1649873e-07
lncRNA	ENST00000647872.1	LINC02693	7075	0	0	-1	0	1.1079047e-07	0	1.1079049e-07
lncRNA	ENST00000647872.1	LINC02693	7076	0	0	-1	0	1.0145784e-07	0	1.0145786e-07
lncRNA	ENST00000647872.1	LINC02693	7077	0	0	-1	0	6.590313e-08	0	6.590314e-08
lncRNA	ENST00000647872.1	LINC02693	7078	0	0	-1	0	1.5688786e-06	0	1.5688788e-06
lncRNA	ENST00000647872.1	LINC02693	7079	0	0	-1	0	8.9466374e-07	0	8.9466388e-07
lncRNA	ENST00000647872.1	LINC02693	7080	0	0	-1	0	8.8273913e-07	0	8.8273927e-07
lncRNA	ENST00000647872.1	LINC02693	7081	0	0	-1	0	1.3981895e-06	0	1.3981897e-06
lncRNA	ENST00000647872.1	LINC02693	7082	0	0	-1	0	4.8692431e-07	0	4.8692438e-07
lncRNA	ENST00000647872.1	LINC02693	7083	0	0	-1	0	1.27924e-06	0	1.2792402e-06
lncRNA	ENST00000647872.1	LINC02693	7084	0	0	-1	0	8.0979397e-08	0	8.097941e-08
lncRNA	ENST00000647872.1	LINC02693	7085	0	0	-1	0	1.3317153e-07	0	1.3317155e-07
lncRNA	ENST00000647872.1	LINC02693	7086	0	0	-1	0	2.6875719e-07	0	2.6875723e-07
lncRNA	ENST00000647872.1	LINC02693	7087	0	0	-1	0	2.3972066e-07	0	2.397207e-07
lncRNA	ENST00000647872.1	LINC02693	7088	0	0	-1	0	1.6620758e-07	0	1.6620761e-07
lncRNA	ENST00000647872.1	LINC02693	7089	0	0	-1	0	5.7943616e-08	0	5.7943625e-08
lncRNA	ENST00000647872.1	LINC02693	7090	0	0	-1	0	6.2477432e-07	0	6.2477441e-07
lncRNA	ENST00000647872.1	LINC02693	7091	0	0	-1	0	1.5587307e-07	0	1.5587309e-07
lncRNA	ENST00000647872.1	LINC02693	7092	0	0	-1	0	3.114344e-08	0	3.1143445e-08
lncRNA	ENST00000647872.1	LINC02693	7093	0	0	-1	0	1.0105517e-07	0	1.0105519e-07
lncRNA	ENST00000647872.1	LINC02693	7094	0	0	-1	0	1.1663095e-08	0	1.1663097e-08
lncRNA	ENST00000647872.1	LINC02693	7095	0	0	-1	0	5.6569405e-08	0	5.6569414e-08
lncRNA	ENST00000647872.1	LINC02693	7096	0	0	-1	0	9.0189779e-08	0	9.0189793e-08
lncRNA	ENST00000647872.1	LINC02693	7097	0	0	-1	0	5.6204789e-07	0	5.6204798e-07
lncRNA	ENST00000647872.1	LINC02693	7098	0	0	-1	0	7.2649618e-07	0	7.264963e-07
lncRNA	ENST00000647872.1	LINC02693	7099	0	0	-1	0	2.7485916e-07	0	2.748592e-07
lncRNA	ENST00000647872.1	LINC02693	7100	0	0	-1	0	6.8315262e-07	0	6.8315273e-07
lncRNA	ENST00000647872.1	LINC02693	7101	0	0	-1	0	9.4341175e-07	0	9.434119e-07
lncRNA	ENST00000647872.1	LINC02693	7102	0	0	-1	0	2.7748212e-07	0	2.7748216e-07
lncRNA	ENST00000647872.1	LINC02693	7103	0	0	-1	0	2.3352204e-06	0	2.3352208e-06
lncRNA	ENST00000647872.1	LINC02693	7104	0	0	-1	0	6.23115e-08	0	6.231151e-08
lncRNA	ENST00000647872.1	LINC02693	7105	0	0	-1	0	3.5947056e-07	0	3.5947062e-07
lncRNA	ENST00000647872.1	LINC02693	7106	0	0	-1	0	6.9477881e-07	0	6.9477891e-07
lncRNA	ENST00000647872.1	LINC02693	7107	0	0	-1	0	9.3904561e-07	0	9.3904575e-07
lncRNA	ENST00000647872.1	LINC02693	7108	0	0	-1	0	3.335002e-08	0	3.3350025e-08
lncRNA	ENST00000647872.1	LINC02693	7109	0	0	-1	0	1.0743857e-07	0	1.0743858e-07
lncRNA	ENST00000647872.1	LINC02693	7110	0	0	-1	0	7.707726e-07	0	7.7077272e-07
lncRNA	ENST00000647872.1	LINC02693	7111	0	0	-1	0	2.5675874e-07	0	2.5675878e-07
lncRNA	ENST00000647872.1	LINC02693	7112	0	0	-1	0	1.629519e-06	0	1.6295193e-06
lncRNA	ENST00000647872.1	LINC02693	7113	0	0	-1	0	9.2407726e-07	0	9.240774e-07
lncRNA	ENST00000647872.1	LINC02693	7114	0	0	-1	0	4.5442313e-08	0	4.544232e-08
lncRNA	ENST00000647872.1	LINC02693	7115	0	0	-1	0	8.4582439e-07	0	8.4582452e-07
lncRNA	ENST00000647872.1	LINC02693	7116	0	0	-1	0	3.1373381e-07	0	3.1373386e-07
lncRNA	ENST00000647872.1	LINC02693	7117	0	0	-1	0	2.2572091e-07	0	2.2572095e-07
lncRNA	ENST00000647872.1	LINC02693	7118	0	0	-1	0	2.8352583e-08	0	2.8352587e-08
lncRNA	ENST00000647872.1	LINC02693	7119	0	0	-1	0	7.100212e-08	0	7.1002131e-08
lncRNA	ENST00000647872.1	LINC02693	7120	0	0	-1	0	2.0598184e-08	0	2.0598188e-08
lncRNA	ENST00000647872.1	LINC02693	7121	0	0	-1	0	2.8045355e-07	0	2.8045359e-07
lncRNA	ENST00000647872.1	LINC02693	7122	0	0	-1	0	3.894198e-07	0	3.8941986e-07
lncRNA	ENST00000647872.1	LINC02693	7123	0	0	-1	6	7.0320304e-08	0.0023310023	7.0320315e-08
lncRNA	ENST00000647872.1	LINC02693	7124	0	0	-1	0	6.7669333e-08	0	6.7669344e-08
lncRNA	ENST00000647872.1	LINC02693	7125	0	0	-1	0	2.0428301e-08	0	2.0428304e-08
lncRNA	ENST00000647872.1	LINC02693	7126	0	0	-1	0	2.5604509e-08	0	2.5604513e-08
lncRNA	ENST00000647872.1	LINC02693	7127	0	0	-1	0	1.838975e-07	0	1.8389753e-07
lncRNA	ENST00000647872.1	LINC02693	7128	0	0	-1	0	8.2299016e-07	0	8.2299029e-07
lncRNA	ENST00000647872.1	LINC02693	7129	0	0	-1	0	9.9839177e-08	0	9.9839193e-08
lncRNA	ENST00000647872.1	LINC02693	7130	0	0	-1	0	1.7250993e-07	0	1.7250996e-07
lncRNA	ENST00000647872.1	LINC02693	7131	0	0	-1	0	3.2162021e-08	0	3.2162026e-08
lncRNA	ENST00000647872.1	LINC02693	7132	0	0	-1	0	2.267719e-07	0	2.2677194e-07
lncRNA	ENST00000647872.1	LINC02693	7133	0	0	-1	0	2.254407e-08	0	2.2544073e-08
lncRNA	ENST00000647872.1	LINC02693	7134	0	0	-1	0	1.388941e-06	0	1.3889412e-06
lncRNA	ENST00000647872.1	LINC02693	7135	0	0	-1	0	1.7461325e-08	0	1.7461328e-08
lncRNA	ENST00000647872.1	LINC02693	7136	0	0	-1	0	5.4828948e-08	0	5.4828957e-08
lncRNA	ENST00000647872.1	LINC02693	7137	0	0	-1	0	2.91687e-07	0	2.9168705e-07
lncRNA	ENST00000647872.1	LINC02693	7138	0	0	-1	0	6.9310056e-07	0	6.9310067e-07
lncRNA	ENST00000647872.1	LINC02693	7139	0	0	-1	0	1.7580771e-07	0	1.7580774e-07
lncRNA	ENST00000647872.1	LINC02693	7140	0	0	-1	0	1.0555498e-06	0	1.0555499e-06
lncRNA	ENST00000647872.1	LINC02693	7141	0	0	-1	0	2.5731839e-07	0	2.5731843e-07
lncRNA	ENST00000647872.1	LINC02693	7142	0	0	-1	0	6.397326e-07	0	6.3973271e-07
lncRNA	ENST00000647872.1	LINC02693	7143	0	0	-1	0	7.7680818e-07	0	7.768083e-07
lncRNA	ENST00000647872.1	LINC02693	7144	0	0	-1	0	1.4551667e-07	0	1.4551669e-07
lncRNA	ENST00000647872.1	LINC02693	7145	0	0	-1	2	1.255505e-06	0.00077700078	1.2555052e-06
lncRNA	ENST00000647872.1	LINC02693	7146	0	0	-1	0	1.5809844e-06	0	1.5809847e-06
lncRNA	ENST00000647872.1	LINC02693	7147	0	0	-1	0	5.205229e-08	0	5.2052298e-08
lncRNA	ENST00000647872.1	LINC02693	7148	0	0	-1	0	1.1120586e-07	0	1.1120587e-07
lncRNA	ENST00000647872.1	LINC02693	7149	0	0	-1	0	1.2045292e-07	0	1.2045294e-07
lncRNA	ENST00000647872.1	LINC02693	7150	0	0	-1	0	6.9125193e-08	0	6.9125204e-08
lncRNA	ENST00000647872.1	LINC02693	7151	0	0	-1	0	1.122582e-07	0	1.1225822e-07
lncRNA	ENST00000647872.1	LINC02693	7152	0	0	-1	0	1.3375946e-07	0	1.3375948e-07
lncRNA	ENST00000647872.1	LINC02693	7153	0	0	-1	0	4.1058797e-08	0	4.1058804e-08
lncRNA	ENST00000647872.1	LINC02693	7154	0	0	-1	0	7.1990918e-08	0	7.1990929e-08
lncRNA	ENST00000647872.1	LINC02693	7155	0	0	-1	0	2.5235883e-08	0	2.5235887e-08
lncRNA	ENST00000647872.1	LINC02693	7156	0	0	-1	0	2.7795275e-07	0	2.7795279e-07
lncRNA	ENST00000647872.1	LINC02693	7157	0	0	-1	0	5.7655328e-08	0	5.7655337e-08
lncRNA	ENST00000647872.1	LINC02693	7158	0	0	-1	0	1.3486253e-07	0	1.3486255e-07
lncRNA	ENST00000647872.1	LINC02693	7159	0	0	-1	0	4.5071136e-08	0	4.5071143e-08
lncRNA	ENST00000647872.1	LINC02693	7160	0	0	-1	0	5.2479756e-08	0	5.2479764e-08
lncRNA	ENST00000647872.1	LINC02693	7161	0	0	-1	0	9.4416457e-08	0	9.4416472e-08
lncRNA	ENST00000647872.1	LINC02693	7162	0	0	-1	0	1.8154742e-06	0	1.8154745e-06
lncRNA	ENST00000647872.1	LINC02693	7163	0	0	-1	0	3.0640058e-06	0	3.0640063e-06
lncRNA	ENST00000647872.1	LINC02693	7164	0	0	-1	0	3.3095205e-07	0	3.309521e-07
lncRNA	ENST00000647872.1	LINC02693	7165	0	0	-1	0	7.4782648e-08	0	7.4782659e-08
lncRNA	ENST00000647872.1	LINC02693	7166	0	0	-1	0	2.0465077e-06	0	2.046508e-06
lncRNA	ENST00000647872.1	LINC02693	7167	0	0	-1	0	1.5452538e-06	0	1.545254e-06
lncRNA	ENST00000647872.1	LINC02693	7168	0	0	-1	0	3.6982146e-07	0	3.6982152e-07
lncRNA	ENST00000647872.1	LINC02693	7169	0	0	-1	0	2.6735196e-07	0	2.6735201e-07
lncRNA	ENST00000647872.1	LINC02693	7170	0	0	-1	0	2.2334514e-07	0	2.2334517e-07
lncRNA	ENST00000647872.1	LINC02693	7171	0	0	-1	0	3.1635177e-06	0	3.1635182e-06
lncRNA	ENST00000647872.1	LINC02693	7172	0	0	-1	0	1.0842997e-06	0	1.0842999e-06
lncRNA	ENST00000647872.1	LINC02693	7173	0	0	-1	0	1.7876193e-06	0	1.7876196e-06
lncRNA	ENST00000647872.1	LINC02693	7174	0	0	-1	0	3.2322359e-07	0	3.2322364e-07
lncRNA	ENST00000647872.1	LINC02693	7175	0	0	-1	0	3.9700839e-07	0	3.9700845e-07
lncRNA	ENST00000647872.1	LINC02693	7176	0	0	-1	0	3.3339956e-07	0	3.3339961e-07
lncRNA	ENST00000647872.1	LINC02693	7177	0	0	-1	0	1.7443866e-06	0	1.7443869e-06
lncRNA	ENST00000647872.1	LINC02693	7178	0	0	-1	0	2.9245621e-06	0	2.9245625e-06
lncRNA	ENST00000647872.1	LINC02693	7179	0	0	-1	0	1.6556318e-06	0	1.655632e-06
lncRNA	ENST00000647872.1	LINC02693	7180	0	0	-1	0	6.4649436e-07	0	6.4649446e-07
lncRNA	ENST00000647872.1	LINC02693	7181	0	0	-1	55	1.2207164e-06	0.021367521	1.2207166e-06
lncRNA	ENST00000647872.1	LINC02693	7182	0	0	-1	5	1.1242206e-06	0.0019425019	1.1242208e-06
lncRNA	ENST00000647872.1	LINC02693	7183	0	0	-1	0	2.7398531e-07	0	2.7398535e-07
lncRNA	ENST00000647872.1	LINC02693	7184	0	0	-1	0	3.5524161e-07	0	3.5524167e-07
lncRNA	ENST00000647872.1	LINC02693	7185	0	0	-1	0	1.8755996e-07	0	1.8755999e-07
lncRNA	ENST00000647872.1	LINC02693	7186	0	0	-1	0	3.8698934e-07	0	3.869894e-07
lncRNA	ENST00000647872.1	LINC02693	7187	0	0	-1	0	3.4851663e-08	0	3.4851668e-08
lncRNA	ENST00000647872.1	LINC02693	7188	0	0	-1	0	1.2196203e-06	0	1.2196205e-06
lncRNA	ENST00000647872.1	LINC02693	7189	0	0	-1	0	5.983302e-08	0	5.983303e-08
lncRNA	ENST00000647872.1	LINC02693	7190	0	0	-1	0	1.0243083e-07	0	1.0243085e-07
lncRNA	ENST00000647872.1	LINC02693	7191	0	0	-1	0	7.8933249e-07	0	7.8933261e-07
lncRNA	ENST00000647872.1	LINC02693	7192	0	0	-1	0	3.7044236e-07	0	3.7044242e-07
lncRNA	ENST00000647872.1	LINC02693	7193	0	0	-1	0	7.860973e-08	0	7.8609743e-08
lncRNA	ENST00000647872.1	LINC02693	7194	0	0	-1	0	7.2468417e-08	0	7.2468428e-08
lncRNA	ENST00000647872.1	LINC02693	7195	0	0	-1	0	2.0145058e-07	0	2.0145061e-07
lncRNA	ENST00000647872.1	LINC02693	7196	0	0	-1	0	4.3231228e-07	0	4.3231234e-07
lncRNA	ENST00000647872.1	LINC02693	7197	0	0	-1	0	3.3604263e-07	0	3.3604268e-07
lncRNA	ENST00000647872.1	LINC02693	7198	0	0	-1	0	1.104826e-07	0	1.1048261e-07
lncRNA	ENST00000647872.1	LINC02693	7199	0	0	-1	0	9.5747218e-08	0	9.5747233e-08
lncRNA	ENST00000647872.1	LINC02693	7200	0	0	-1	0	5.1818091e-07	0	5.1818099e-07
lncRNA	ENST00000647872.1	LINC02693	7201	0	0	-1	0	1.6420364e-06	0	1.6420367e-06
lncRNA	ENST00000647872.1	LINC02693	7202	0	0	-1	0	2.3338689e-06	0	2.3338693e-06
lncRNA	ENST00000647872.1	LINC02693	7203	0	0	-1	0	1.0181454e-07	0	1.0181455e-07
lncRNA	ENST00000647872.1	LINC02693	7204	0	0	-1	0	1.6933485e-07	0	1.6933488e-07
lncRNA	ENST00000647872.1	LINC02693	7205	0	0	-1	0	1.5261918e-07	0	1.526192e-07
lncRNA	ENST00000647872.1	LINC02693	7206	0	0	-1	0	7.8079253e-08	0	7.8079266e-08
lncRNA	ENST00000647872.1	LINC02693	7207	0	0	-1	0	2.351911e-08	0	2.3519114e-08
lncRNA	ENST00000647872.1	LINC02693	7208	0	0	-1	0	1.3133378e-07	0	1.313338e-07
lncRNA	ENST00000647872.1	LINC02693	7209	0	0	-1	0	1.2213911e-07	0	1.2213913e-07
lncRNA	ENST00000647872.1	LINC02693	7210	0	0	-1	0	3.9704173e-07	0	3.9704179e-07
lncRNA	ENST00000647872.1	LINC02693	7211	0	0	-1	0	2.5832131e-07	0	2.5832135e-07
lncRNA	ENST00000647872.1	LINC02693	7212	0	0	-1	0	4.620496e-08	0	4.6204967e-08
lncRNA	ENST00000647872.1	LINC02693	7213	0	0	-1	0	1.1261248e-07	0	1.1261249e-07
lncRNA	ENST00000647872.1	LINC02693	7214	0	0	-1	0	2.8659535e-06	0	2.865954e-06
lncRNA	ENST00000647872.1	LINC02693	7215	0	0	-1	0	4.7541158e-07	0	4.7541166e-07
lncRNA	ENST00000647872.1	LINC02693	7216	0	0	-1	0	1.522521e-07	0	1.5225212e-07
lncRNA	ENST00000647872.1	LINC02693	7217	0	0	-1	0	5.5701804e-07	0	5.5701813e-07
lncRNA	ENST00000647872.1	LINC02693	7218	0	0	-1	0	1.6834828e-07	0	1.6834831e-07
lncRNA	ENST00000647872.1	LINC02693	7219	0	0	-1	0	6.8427056e-08	0	6.8427067e-08
lncRNA	ENST00000647872.1	LINC02693	7220	0	0	-1	0	1.2059544e-07	0	1.2059546e-07
lncRNA	ENST00000647872.1	LINC02693	7221	0	0	-1	0	1.446405e-08	0	1.4464053e-08
lncRNA	ENST00000647872.1	LINC02693	7222	0	0	-1	0	5.2174752e-08	0	5.217476e-08
lncRNA	ENST00000647872.1	LINC02693	7223	0	0	-1	0	9.1415444e-08	0	9.1415458e-08
lncRNA	ENST00000647872.1	LINC02693	7224	0	0	-1	0	1.1276777e-07	0	1.1276779e-07
lncRNA	ENST00000647872.1	LINC02693	7225	0	0	-1	0	3.4547156e-08	0	3.4547162e-08
lncRNA	ENST00000647872.1	LINC02693	7226	0	0	-1	0	1.031545e-07	0	1.0315451e-07
lncRNA	ENST00000647872.1	LINC02693	7227	0	0	-1	0	7.074501e-08	0	7.0745021e-08
lncRNA	ENST00000647872.1	LINC02693	7228	0	0	-1	0	6.4942157e-07	0	6.4942167e-07
lncRNA	ENST00000647872.1	LINC02693	7229	0	0	-1	0	2.2941678e-07	0	2.2941682e-07
lncRNA	ENST00000647872.1	LINC02693	7230	0	0	-1	0	7.0543473e-07	0	7.0543484e-07
lncRNA	ENST00000647872.1	LINC02693	7231	0	0	-1	0	2.0873721e-07	0	2.0873724e-07
lncRNA	ENST00000647872.1	LINC02693	7232	0	0	-1	0	4.9459408e-07	0	4.9459415e-07
lncRNA	ENST00000647872.1	LINC02693	7233	0	0	-1	0	1.2541462e-07	0	1.2541464e-07
lncRNA	ENST00000647872.1	LINC02693	7234	0	0	-1	0	9.4317997e-08	0	9.4318012e-08
lncRNA	ENST00000647872.1	LINC02693	7235	0	0	-1	0	1.4610167e-07	0	1.4610169e-07
lncRNA	ENST00000647872.1	LINC02693	7236	0	0	-1	0	5.1057579e-08	0	5.1057588e-08
lncRNA	ENST00000647872.1	LINC02693	7237	0	0	-1	0	2.9876293e-08	0	2.9876298e-08
lncRNA	ENST00000647872.1	LINC02693	7238	0	0	-1	0	2.3633012e-08	0	2.3633016e-08
lncRNA	ENST00000647872.1	LINC02693	7239	0	0	-1	0	1.3337539e-07	0	1.3337542e-07
lncRNA	ENST00000647872.1	LINC02693	7240	0	0	-1	0	7.396725e-08	0	7.3967262e-08
lncRNA	ENST00000647872.1	LINC02693	7241	0	0	-1	0	1.5510804e-07	0	1.5510806e-07
lncRNA	ENST00000647872.1	LINC02693	7242	0	0	-1	0	2.0232952e-07	0	2.0232955e-07
lncRNA	ENST00000647872.1	LINC02693	7243	0	0	-1	0	1.5872365e-07	0	1.5872368e-07
lncRNA	ENST00000647872.1	LINC02693	7244	0	0	-1	0	1.0047364e-06	0	1.0047366e-06
lncRNA	ENST00000647872.1	LINC02693	7245	0	0	-1	0	2.3297837e-06	0	2.329784e-06
lncRNA	ENST00000647872.1	LINC02693	7246	0	0	-1	0	1.4843131e-07	0	1.4843134e-07
lncRNA	ENST00000647872.1	LINC02693	7247	0	0	-1	0	3.4027241e-07	0	3.4027246e-07
lncRNA	ENST00000647872.1	LINC02693	7248	0	0	-1	0	2.3623471e-07	0	2.3623475e-07
lncRNA	ENST00000647872.1	LINC02693	7249	0	0	-1	0	1.0805984e-07	0	1.0805985e-07
lncRNA	ENST00000647872.1	LINC02693	7250	0	0	-1	0	1.7421928e-07	0	1.7421931e-07
lncRNA	ENST00000647872.1	LINC02693	7251	0	0	-1	0	2.8975759e-07	0	2.8975764e-07
lncRNA	ENST00000647872.1	LINC02693	7252	0	0	-1	0	2.4821986e-07	0	2.482199e-07
lncRNA	ENST00000647872.1	LINC02693	7253	0	0	-1	0	6.6741399e-07	0	6.6741409e-07
lncRNA	ENST00000647872.1	LINC02693	7254	0	0	-1	0	1.8351304e-06	0	1.8351307e-06
lncRNA	ENST00000647872.1	LINC02693	7255	0	0	-1	0	1.796342e-06	0	1.7963422e-06
lncRNA	ENST00000647872.1	LINC02693	7256	0	0	-1	0	3.4005018e-07	0	3.4005023e-07
lncRNA	ENST00000647872.1	LINC02693	7257	0	0	-1	0	2.7608958e-06	0	2.7608962e-06
lncRNA	ENST00000647872.1	LINC02693	7258	0	0	-1	0	2.850936e-06	0	2.8509364e-06
lncRNA	ENST00000647872.1	LINC02693	7259	0	0	-1	0	1.711024e-06	0	1.7110242e-06
lncRNA	ENST00000647872.1	LINC02693	7260	0	0	-1	0	5.0128996e-08	0	5.0129004e-08
lncRNA	ENST00000647872.1	LINC02693	7261	0	0	-1	0	3.3804125e-07	0	3.380413e-07
lncRNA	ENST00000647872.1	LINC02693	7262	0	0	-1	0	7.0264392e-08	0	7.0264403e-08
lncRNA	ENST00000647872.1	LINC02693	7263	0	0	-1	0	5.6523675e-08	0	5.6523684e-08
lncRNA	ENST00000647872.1	LINC02693	7264	0	0	-1	0	3.0558624e-07	0	3.0558629e-07
lncRNA	ENST00000647872.1	LINC02693	7265	0	0	-1	0	7.6858335e-08	0	7.6858347e-08
lncRNA	ENST00000647872.1	LINC02693	7266	0	0	-1	0	2.3053138e-07	0	2.3053142e-07
lncRNA	ENST00000647872.1	LINC02693	7267	0	0	-1	0	3.1236021e-07	0	3.1236026e-07
lncRNA	ENST00000647872.1	LINC02693	7268	0	0	-1	0	2.3605926e-07	0	2.360593e-07
lncRNA	ENST00000647872.1	LINC02693	7269	0	0	-1	0	2.0956458e-07	0	2.0956461e-07
lncRNA	ENST00000647872.1	LINC02693	7270	0	0	-1	0	2.0222612e-07	0	2.0222615e-07
lncRNA	ENST00000647872.1	LINC02693	7271	0	0	-1	0	9.6545115e-08	0	9.654513e-08
lncRNA	ENST00000647872.1	LINC02693	7272	0	0	-1	0	1.8414504e-08	0	1.8414507e-08
lncRNA	ENST00000647872.1	LINC02693	7273	0	0	-1	0	2.3639539e-07	0	2.3639543e-07
lncRNA	ENST00000647872.1	LINC02693	7274	0	0	-1	0	4.6376269e-07	0	4.6376276e-07
lncRNA	ENST00000647872.1	LINC02693	7275	0	0	-1	0	1.8844244e-07	0	1.8844247e-07
lncRNA	ENST00000647872.1	LINC02693	7276	0	0	-1	0	1.9241219e-07	0	1.9241222e-07
lncRNA	ENST00000647872.1	LINC02693	7277	0	0	-1	0	3.856093e-07	0	3.8560936e-07
lncRNA	ENST00000647872.1	LINC02693	7278	0	0	-1	0	4.1665129e-07	0	4.1665136e-07
lncRNA	ENST00000647872.1	LINC02693	7279	0	0	-1	0	9.415767e-08	0	9.4157685e-08
lncRNA	ENST00000647872.1	LINC02693	7280	0	0	-1	0	5.0489025e-08	0	5.0489032e-08
lncRNA	ENST00000647872.1	LINC02693	7281	0	0	-1	0	1.4685321e-07	0	1.4685323e-07
lncRNA	ENST00000647872.1	LINC02693	7282	0	0	-1	0	3.1955727e-07	0	3.1955732e-07
lncRNA	ENST00000647872.1	LINC02693	7283	0	0	-1	0	2.115371e-06	0	2.1153713e-06
lncRNA	ENST00000647872.1	LINC02693	7284	0	0	-1	0	1.0304973e-06	0	1.0304974e-06
lncRNA	ENST00000647872.1	LINC02693	7285	0	0	-1	0	2.7122788e-08	0	2.7122792e-08
lncRNA	ENST00000647872.1	LINC02693	7286	0	0	-1	0	2.7929634e-08	0	2.7929638e-08
lncRNA	ENST00000647872.1	LINC02693	7287	0	0	-1	0	9.6472959e-08	0	9.6472975e-08
lncRNA	ENST00000647872.1	LINC02693	7288	0	0	-1	0	6.2325142e-07	0	6.2325152e-07
lncRNA	ENST00000647872.1	LINC02693	7289	0	0	-1	0	1.4914433e-07	0	1.4914435e-07
lncRNA	ENST00000647872.1	LINC02693	7290	0	0	-1	0	5.0632212e-07	0	5.063222e-07
lncRNA	ENST00000647872.1	LINC02693	7291	0	0	-1	0	3.9492508e-07	0	3.9492514e-07
lncRNA	ENST00000647872.1	LINC02693	7292	0	0	-1	0	1.7746801e-07	0	1.7746804e-07
lncRNA	ENST00000647872.1	LINC02693	7293	0	0	-1	0	2.5809524e-07	0	2.5809528e-07
lncRNA	ENST00000647872.1	LINC02693	7294	0	0	-1	0	1.5786198e-07	0	1.57862e-07
lncRNA	ENST00000647872.1	LINC02693	7295	0	0	-1	0	8.5708976e-08	0	8.5708989e-08
lncRNA	ENST00000647872.1	LINC02693	7296	0	0	-1	0	1.2558912e-07	0	1.2558914e-07
lncRNA	ENST00000647872.1	LINC02693	7297	0	0	-1	0	1.0275645e-07	0	1.0275647e-07
lncRNA	ENST00000647872.1	LINC02693	7298	0	0	-1	0	1.093334e-07	0	1.0933342e-07
lncRNA	ENST00000647872.1	LINC02693	7299	0	0	-1	0	4.3008082e-08	0	4.3008089e-08
lncRNA	ENST00000647872.1	LINC02693	7300	0	0	-1	0	1.8672951e-07	0	1.8672954e-07
lncRNA	ENST00000647872.1	LINC02693	7301	0	0	-1	0	4.7305104e-08	0	4.7305111e-08
lncRNA	ENST00000647872.1	LINC02693	7302	0	0	-1	0	1.7569944e-07	0	1.7569947e-07
lncRNA	ENST00000647872.1	LINC02693	7303	0	0	-1	0	2.2408868e-07	0	2.2408872e-07
lncRNA	ENST00000647872.1	LINC02693	7304	0	0	-1	0	2.9983175e-07	0	2.998318e-07
lncRNA	ENST00000647872.1	LINC02693	7305	0	0	-1	0	6.3612156e-08	0	6.3612166e-08
lncRNA	ENST00000647872.1	LINC02693	7306	0	0	-1	0	4.3241909e-07	0	4.3241915e-07
lncRNA	ENST00000647872.1	LINC02693	7307	0	0	-1	0	2.4179465e-07	0	2.4179469e-07
lncRNA	ENST00000647872.1	LINC02693	7308	0	0	-1	0	2.7170297e-06	0	2.7170301e-06
lncRNA	ENST00000647872.1	LINC02693	7309	0	0	-1	0	6.613016e-06	0	6.6130171e-06
lncRNA	ENST00000647872.1	LINC02693	7310	0	0	-1	0	6.0193219e-07	0	6.0193228e-07
lncRNA	ENST00000647872.1	LINC02693	7311	0	0	-1	0	3.2601696e-07	0	3.2601701e-07
lncRNA	ENST00000647872.1	LINC02693	7312	0	0	-1	0	1.7246765e-07	0	1.7246768e-07
lncRNA	ENST00000647872.1	LINC02693	7313	0	0	-1	0	2.9738427e-08	0	2.9738432e-08
lncRNA	ENST00000647872.1	LINC02693	7314	0	0	-1	0	4.6444296e-07	0	4.6444304e-07
lncRNA	ENST00000647872.1	LINC02693	7315	0	0	-1	0	5.4846601e-07	0	5.4846609e-07
lncRNA	ENST00000647872.1	LINC02693	7316	0	0	-1	0	4.7503477e-08	0	4.7503484e-08
lncRNA	ENST00000647872.1	LINC02693	7317	0	0	-1	0	9.4931636e-08	0	9.4931651e-08
lncRNA	ENST00000647872.1	LINC02693	7318	0	0	-1	0	2.3412666e-07	0	2.341267e-07
lncRNA	ENST00000647872.1	LINC02693	7319	0	0	-1	0	1.0592213e-06	0	1.0592215e-06
lncRNA	ENST00000647872.1	LINC02693	7320	0	0	-1	0	7.8851912e-07	0	7.8851924e-07
lncRNA	ENST00000647872.1	LINC02693	7321	0	0	-1	0	2.2721429e-06	0	2.2721432e-06
lncRNA	ENST00000647872.1	LINC02693	7322	0	0	-1	0	2.0924405e-07	0	2.0924408e-07
lncRNA	ENST00000647872.1	LINC02693	7323	0	0	-1	0	9.7401291e-08	0	9.7401306e-08
lncRNA	ENST00000647872.1	LINC02693	7324	0	0	-1	0	2.4405399e-08	0	2.4405402e-08
lncRNA	ENST00000647872.1	LINC02693	7325	0	0	-1	0	2.060851e-07	0	2.0608514e-07
lncRNA	ENST00000647872.1	LINC02693	7326	0	0	-1	0	8.8995614e-07	0	8.8995628e-07
lncRNA	ENST00000647872.1	LINC02693	7327	0	0	-1	0	2.8867888e-07	0	2.8867892e-07
lncRNA	ENST00000647872.1	LINC02693	7328	0	0	-1	0	1.1810603e-07	0	1.1810605e-07
lncRNA	ENST00000647872.1	LINC02693	7329	0	0	-1	0	1.0396745e-06	0	1.0396747e-06
lncRNA	ENST00000647872.1	LINC02693	7330	0	0	-1	0	4.8872658e-07	0	4.8872666e-07
lncRNA	ENST00000647872.1	LINC02693	7331	0	0	-1	0	1.0174169e-06	0	1.0174171e-06
lncRNA	ENST00000647872.1	LINC02693	7332	0	0	-1	0	6.0807577e-07	0	6.0807586e-07
lncRNA	ENST00000647872.1	LINC02693	7333	0	0	-1	0	2.8873408e-06	0	2.8873412e-06
lncRNA	ENST00000647872.1	LINC02693	7334	0	0	-1	0	4.9057434e-07	0	4.9057441e-07
lncRNA	ENST00000647872.1	LINC02693	7335	0	0	-1	0	2.2577301e-07	0	2.2577304e-07
lncRNA	ENST00000647872.1	LINC02693	7336	0	0	-1	0	6.2163565e-07	0	6.2163575e-07
lncRNA	ENST00000647872.1	LINC02693	7337	0	0	-1	0	6.7632016e-07	0	6.7632026e-07
lncRNA	ENST00000647872.1	LINC02693	7338	0	0	-1	0	4.6751929e-08	0	4.6751936e-08
lncRNA	ENST00000647872.1	LINC02693	7339	0	0	-1	0	6.7217051e-08	0	6.7217062e-08
lncRNA	ENST00000647872.1	LINC02693	7340	0	0	-1	0	1.8138137e-07	0	1.813814e-07
lncRNA	ENST00000647872.1	LINC02693	7341	0	0	-1	0	9.5481319e-08	0	9.5481334e-08
lncRNA	ENST00000647872.1	LINC02693	7342	0	0	-1	0	3.4462321e-08	0	3.4462326e-08
lncRNA	ENST00000647872.1	LINC02693	7343	0	0	-1	0	4.5915574e-08	0	4.5915581e-08
lncRNA	ENST00000647872.1	LINC02693	7344	0	0	-1	0	6.9472023e-08	0	6.9472034e-08
lncRNA	ENST00000647872.1	LINC02693	7345	0	0	-1	0	3.0870268e-08	0	3.0870273e-08
lncRNA	ENST00000647872.1	LINC02693	7346	0	0	-1	0	2.7636274e-08	0	2.7636278e-08
lncRNA	ENST00000647872.1	LINC02693	7347	0	0	-1	0	9.5770463e-07	0	9.5770478e-07
lncRNA	ENST00000647872.1	LINC02693	7348	0	0	-1	0	6.2371548e-08	0	6.2371558e-08
lncRNA	ENST00000647872.1	LINC02693	7349	0	0	-1	0	9.5646094e-08	0	9.5646109e-08
lncRNA	ENST00000647872.1	LINC02693	7350	0	0	-1	0	7.8559782e-07	0	7.8559794e-07
lncRNA	ENST00000647872.1	LINC02693	7351	0	0	-1	0	1.8648998e-07	0	1.8649001e-07
lncRNA	ENST00000647872.1	LINC02693	7352	0	0	-1	0	4.6697633e-07	0	4.669764e-07
lncRNA	ENST00000647872.1	LINC02693	7353	0	0	-1	0	7.8004085e-08	0	7.8004097e-08
lncRNA	ENST00000647872.1	LINC02693	7354	0	0	-1	0	2.8598743e-07	0	2.8598747e-07
lncRNA	ENST00000647872.1	LINC02693	7355	0	0	-1	0	1.937882e-07	0	1.9378823e-07
lncRNA	ENST00000647872.1	LINC02693	7356	0	0	-1	0	2.1672265e-07	0	2.1672269e-07
lncRNA	ENST00000647872.1	LINC02693	7357	0	0	-1	0	1.4569135e-07	0	1.4569137e-07
lncRNA	ENST00000647872.1	LINC02693	7358	0	0	-1	0	4.5051843e-06	0	4.505185e-06
lncRNA	ENST00000647872.1	LINC02693	7359	0	0	-1	0	2.8113386e-06	0	2.8113391e-06
lncRNA	ENST00000647872.1	LINC02693	7360	0	0	-1	0	4.1622238e-07	0	4.1622244e-07
lncRNA	ENST00000647872.1	LINC02693	7361	0	0	-1	0	4.5683407e-07	0	4.5683414e-07
lncRNA	ENST00000647872.1	LINC02693	7362	0	0	-1	0	2.9601409e-07	0	2.9601414e-07
lncRNA	ENST00000647872.1	LINC02693	7363	0	0	-1	0	2.229895e-07	0	2.2298953e-07
lncRNA	ENST00000647872.1	LINC02693	7364	0	0	-1	0	8.2179014e-07	0	8.2179027e-07
lncRNA	ENST00000647872.1	LINC02693	7365	0	0	-1	0	2.8174216e-07	0	2.817422e-07
lncRNA	ENST00000647872.1	LINC02693	7366	0	0	-1	0	1.1489446e-07	0	1.1489448e-07
lncRNA	ENST00000647872.1	LINC02693	7367	0	0	-1	0	9.4866479e-08	0	9.4866494e-08
lncRNA	ENST00000647872.1	LINC02693	7368	0	0	-1	0	1.3956735e-07	0	1.3956737e-07
lncRNA	ENST00000647872.1	LINC02693	7369	0	0	-1	0	2.2886816e-08	0	2.288682e-08
lncRNA	ENST00000647872.1	LINC02693	7370	0	0	-1	0	4.3401819e-08	0	4.3401826e-08
lncRNA	ENST00000647872.1	LINC02693	7371	0	0	-1	0	1.3991037e-07	0	1.3991039e-07
lncRNA	ENST00000647872.1	LINC02693	7372	0	0	-1	0	4.2271404e-07	0	4.227141e-07
lncRNA	ENST00000647872.1	LINC02693	7373	0	0	-1	0	3.4311864e-08	0	3.4311869e-08
lncRNA	ENST00000647872.1	LINC02693	7374	0	0	-1	0	1.2527839e-08	0	1.2527841e-08
lncRNA	ENST00000647872.1	LINC02693	7375	0	0	-1	0	3.6578122e-08	0	3.6578128e-08
lncRNA	ENST00000647872.1	LINC02693	7376	0	0	-1	0	1.0030357e-07	0	1.0030358e-07
lncRNA	ENST00000647872.1	LINC02693	7377	0	0	-1	0	2.5319727e-08	0	2.5319731e-08
lncRNA	ENST00000647872.1	LINC02693	7378	0	0	-1	0	7.9799392e-08	0	7.9799405e-08
lncRNA	ENST00000647872.1	LINC02693	7379	0	0	-1	0	1.0360229e-07	0	1.0360231e-07
lncRNA	ENST00000647872.1	LINC02693	7380	0	0	-1	0	8.5912745e-08	0	8.5912759e-08
lncRNA	ENST00000647872.1	LINC02693	7381	0	0	-1	0	1.9687315e-07	0	1.9687318e-07
lncRNA	ENST00000647872.1	LINC02693	7382	0	0	-1	0	6.9394378e-07	0	6.9394388e-07
lncRNA	ENST00000647872.1	LINC02693	7383	0	0	-1	0	1.0719519e-07	0	1.0719521e-07
lncRNA	ENST00000647872.1	LINC02693	7384	0	0	-1	0	3.9369164e-07	0	3.936917e-07
lncRNA	ENST00000647872.1	LINC02693	7385	0	0	-1	0	8.8250931e-07	0	8.8250945e-07
lncRNA	ENST00000647872.1	LINC02693	7386	0	0	-1	0	6.8852017e-08	0	6.8852028e-08
lncRNA	ENST00000647872.1	LINC02693	7387	0	0	-1	0	3.6842357e-07	0	3.6842363e-07
lncRNA	ENST00000647872.1	LINC02693	7388	0	0	-1	0	7.3701088e-08	0	7.3701099e-08
lncRNA	ENST00000647872.1	LINC02693	7389	0	0	-1	0	3.2352258e-08	0	3.2352263e-08
lncRNA	ENST00000647872.1	LINC02693	7390	0	0	-1	0	7.3501738e-08	0	7.350175e-08
lncRNA	ENST00000647872.1	LINC02693	7391	0	0	-1	0	8.0996196e-09	0	8.0996209e-09
lncRNA	ENST00000647872.1	LINC02693	7392	0	0	-1	0	3.8901482e-09	0	3.8901488e-09
lncRNA	ENST00000647872.1	LINC02693	7393	0	0	-1	0	5.2204612e-08	0	5.220462e-08
lncRNA	ENST00000647872.1	LINC02693	7394	0	0	-1	0	2.5014721e-08	0	2.5014725e-08
lncRNA	ENST00000647872.1	LINC02693	7395	0	0	-1	0	4.6155989e-08	0	4.6155997e-08
lncRNA	ENST00000647872.1	LINC02693	7396	0	0	-1	0	1.3310715e-07	0	1.3310717e-07
lncRNA	ENST00000647872.1	LINC02693	7397	0	0	-1	0	3.1625127e-08	0	3.1625132e-08
lncRNA	ENST00000647872.1	LINC02693	7398	0	0	-1	0	3.6883699e-07	0	3.6883705e-07
lncRNA	ENST00000647872.1	LINC02693	7399	0	0	-1	0	2.811038e-08	0	2.8110384e-08
lncRNA	ENST00000647872.1	LINC02693	7400	0	0	-1	0	4.4285709e-08	0	4.4285716e-08
lncRNA	ENST00000647872.1	LINC02693	7401	0	0	-1	0	3.6406567e-07	0	3.6406573e-07
lncRNA	ENST00000647872.1	LINC02693	7402	0	0	-1	0	1.8628717e-07	0	1.862872e-07
lncRNA	ENST00000647872.1	LINC02693	7403	0	0	-1	0	4.0806992e-07	0	4.0806999e-07
lncRNA	ENST00000647872.1	LINC02693	7404	0	0	-1	0	3.1065616e-07	0	3.1065621e-07
lncRNA	ENST00000647872.1	LINC02693	7405	0	0	-1	0	8.0227352e-07	0	8.0227364e-07
lncRNA	ENST00000647872.1	LINC02693	7406	0	0	-1	0	6.8360237e-07	0	6.8360247e-07
lncRNA	ENST00000647872.1	LINC02693	7407	0	0	-1	0	1.3012111e-07	0	1.3012113e-07
lncRNA	ENST00000647872.1	LINC02693	7408	0	0	-1	0	7.7254691e-07	0	7.7254703e-07
lncRNA	ENST00000647872.1	LINC02693	7409	0	0	-1	0	2.2010468e-07	0	2.2010472e-07
lncRNA	ENST00000647872.1	LINC02693	7410	0	0	-1	0	1.7437436e-07	0	1.7437439e-07
lncRNA	ENST00000647872.1	LINC02693	7411	0	0	-1	0	8.4364721e-08	0	8.4364735e-08
lncRNA	ENST00000647872.1	LINC02693	7412	0	0	-1	0	4.412629e-07	0	4.4126297e-07
lncRNA	ENST00000647872.1	LINC02693	7413	0	0	-1	0	2.1611173e-07	0	2.1611176e-07
lncRNA	ENST00000647872.1	LINC02693	7414	0	0	-1	0	1.5977125e-07	0	1.5977127e-07
lncRNA	ENST00000647872.1	LINC02693	7415	0	0	-1	0	2.1735126e-07	0	2.1735129e-07
lncRNA	ENST00000647872.1	LINC02693	7416	0	0	-1	0	9.2380539e-08	0	9.2380553e-08
lncRNA	ENST00000647872.1	LINC02693	7417	0	0	-1	0	1.1117596e-07	0	1.1117597e-07
lncRNA	ENST00000647872.1	LINC02693	7418	0	0	-1	0	2.1204134e-07	0	2.1204138e-07
lncRNA	ENST00000647872.1	LINC02693	7419	0	0	-1	0	3.1004203e-07	0	3.1004207e-07
lncRNA	ENST00000647872.1	LINC02693	7420	0	0	-1	0	7.0272975e-08	0	7.0272986e-08
lncRNA	ENST00000647872.1	LINC02693	7421	0	0	-1	0	8.9711619e-08	0	8.9711634e-08
lncRNA	ENST00000647872.1	LINC02693	7422	0	0	-1	0	1.7147878e-08	0	1.714788e-08
lncRNA	ENST00000647872.1	LINC02693	7423	0	0	-1	0	7.470809e-08	0	7.4708102e-08
lncRNA	ENST00000647872.1	LINC02693	7424	0	0	-1	0	2.1820527e-07	0	2.1820531e-07
lncRNA	ENST00000647872.1	LINC02693	7425	0	0	-1	0	1.0986584e-07	0	1.0986585e-07
lncRNA	ENST00000647872.1	LINC02693	7426	0	0	-1	0	3.675639e-08	0	3.6756396e-08
lncRNA	ENST00000647872.1	LINC02693	7427	0	0	-1	0	1.522876e-08	0	1.5228763e-08
lncRNA	ENST00000647872.1	LINC02693	7428	0	0	-1	0	3.0192211e-07	0	3.0192216e-07
lncRNA	ENST00000647872.1	LINC02693	7429	0	0	-1	0	8.2496449e-08	0	8.2496462e-08
lncRNA	ENST00000647872.1	LINC02693	7430	0	0	-1	0	2.5428417e-07	0	2.5428421e-07
lncRNA	ENST00000647872.1	LINC02693	7431	0	0	-1	0	3.842468e-08	0	3.8424686e-08
lncRNA	ENST00000647872.1	LINC02693	7432	0	0	-1	0	8.4446512e-08	0	8.4446525e-08
lncRNA	ENST00000647872.1	LINC02693	7433	0	0	-1	0	2.0420666e-08	0	2.0420669e-08
lncRNA	ENST00000647872.1	LINC02693	7434	0	0	-1	0	1.4219785e-07	0	1.4219787e-07
lncRNA	ENST00000647872.1	LINC02693	7435	0	0	-1	0	2.9818412e-07	0	2.9818417e-07
lncRNA	ENST00000647872.1	LINC02693	7436	0	0	-1	0	5.5985907e-08	0	5.5985916e-08
lncRNA	ENST00000647872.1	LINC02693	7437	0	0	-1	0	2.2234883e-07	0	2.2234887e-07
lncRNA	ENST00000647872.1	LINC02693	7438	0	0	-1	0	9.7231043e-07	0	9.7231058e-07
lncRNA	ENST00000647872.1	LINC02693	7439	0	0	-1	0	8.9698239e-07	0	8.9698253e-07
lncRNA	ENST00000647872.1	LINC02693	7440	0	0	-1	0	4.6759778e-06	0	4.6759786e-06
lncRNA	ENST00000647872.1	LINC02693	7441	0	0	-1	0	4.7525496e-08	0	4.7525504e-08
lncRNA	ENST00000647872.1	LINC02693	7442	0	0	-1	0	5.3586911e-07	0	5.3586919e-07
lncRNA	ENST00000647872.1	LINC02693	7443	0	0	-1	0	2.0725565e-07	0	2.0725569e-07
lncRNA	ENST00000647872.1	LINC02693	7444	0	0	-1	0	2.6380087e-07	0	2.6380091e-07
lncRNA	ENST00000647872.1	LINC02693	7445	0	0	-1	0	4.2085728e-07	0	4.2085734e-07
lncRNA	ENST00000647872.1	LINC02693	7446	0	0	-1	0	5.0004064e-07	0	5.0004072e-07
lncRNA	ENST00000647872.1	LINC02693	7447	0	0	-1	0	1.0449749e-06	0	1.044975e-06
lncRNA	ENST00000647872.1	LINC02693	7448	0	0	-1	0	3.3461522e-08	0	3.3461527e-08
lncRNA	ENST00000647872.1	LINC02693	7449	0	0	-1	0	6.027617e-07	0	6.027618e-07
lncRNA	ENST00000647872.1	LINC02693	7450	0	0	-1	0	2.6275321e-08	0	2.6275326e-08
lncRNA	ENST00000647872.1	LINC02693	7451	0	0	-1	0	5.2137813e-07	0	5.2137821e-07
lncRNA	ENST00000647872.1	LINC02693	7452	0	0	-1	0	3.1969062e-08	0	3.1969067e-08
lncRNA	ENST00000647872.1	LINC02693	7453	0	0	-1	0	4.8254584e-08	0	4.8254592e-08
lncRNA	ENST00000647872.1	LINC02693	7454	0	0	-1	0	7.8908066e-08	0	7.8908078e-08
lncRNA	ENST00000647872.1	LINC02693	7455	0	0	-1	0	4.7726708e-08	0	4.7726715e-08
lncRNA	ENST00000647872.1	LINC02693	7456	0	0	-1	0	1.7985745e-07	0	1.7985748e-07
lncRNA	ENST00000647872.1	LINC02693	7457	0	0	-1	0	4.9573168e-07	0	4.9573176e-07
lncRNA	ENST00000647872.1	LINC02693	7458	0	0	-1	0	1.1875172e-07	0	1.1875174e-07
lncRNA	ENST00000647872.1	LINC02693	7459	0	0	-1	0	3.4959305e-07	0	3.4959311e-07
lncRNA	ENST00000647872.1	LINC02693	7460	0	0	-1	0	7.1179858e-09	0	7.1179869e-09
lncRNA	ENST00000647872.1	LINC02693	7461	0	0	-1	0	1.7904249e-07	0	1.7904252e-07
lncRNA	ENST00000647872.1	LINC02693	7462	0	0	-1	0	3.5768039e-07	0	3.5768045e-07
lncRNA	ENST00000647872.1	LINC02693	7463	0	0	-1	0	4.2601782e-06	0	4.2601789e-06
lncRNA	ENST00000647872.1	LINC02693	7464	0	0	-1	0	9.7656702e-08	0	9.7656718e-08
lncRNA	ENST00000647872.1	LINC02693	7465	0	0	-1	0	5.6284737e-08	0	5.6284746e-08
lncRNA	ENST00000647872.1	LINC02693	7466	0	0	-1	0	6.1356339e-08	0	6.1356348e-08
lncRNA	ENST00000647872.1	LINC02693	7467	0	0	-1	0	3.8580737e-08	0	3.8580743e-08
lncRNA	ENST00000647872.1	LINC02693	7468	0	0	-1	0	1.7296129e-07	0	1.7296132e-07
lncRNA	ENST00000647872.1	LINC02693	7469	0	0	-1	0	3.1060816e-07	0	3.1060821e-07
lncRNA	ENST00000647872.1	LINC02693	7470	0	0	-1	0	3.6837963e-07	0	3.6837969e-07
lncRNA	ENST00000647872.1	LINC02693	7471	0	0	-1	0	2.7872466e-07	0	2.787247e-07
lncRNA	ENST00000647872.1	LINC02693	7472	0	0	-1	0	2.676484e-07	0	2.6764845e-07
lncRNA	ENST00000647872.1	LINC02693	7473	0	0	-1	0	8.0839391e-07	0	8.0839403e-07
lncRNA	ENST00000647872.1	LINC02693	7474	0	0	-1	0	2.0650731e-07	0	2.0650734e-07
lncRNA	ENST00000647872.1	LINC02693	7475	0	0	-1	0	5.5191697e-07	0	5.5191706e-07
lncRNA	ENST00000647872.1	LINC02693	7476	0	0	-1	0	9.3178812e-08	0	9.3178827e-08
lncRNA	ENST00000647872.1	LINC02693	7477	0	0	-1	0	6.1084151e-08	0	6.1084161e-08
lncRNA	ENST00000647872.1	LINC02693	7478	0	0	-1	0	1.8835127e-06	0	1.883513e-06
lncRNA	ENST00000647872.1	LINC02693	7479	0	0	-1	0	1.2022799e-07	0	1.2022801e-07
lncRNA	ENST00000647872.1	LINC02693	7480	0	0	-1	0	2.0790102e-07	0	2.0790106e-07
lncRNA	ENST00000647872.1	LINC02693	7481	0	0	-1	0	2.5837775e-07	0	2.5837779e-07
lncRNA	ENST00000647872.1	LINC02693	7482	0	0	-1	0	3.9758888e-07	0	3.9758894e-07
lncRNA	ENST00000647872.1	LINC02693	7483	0	0	-1	0	4.39834e-07	0	4.3983407e-07
lncRNA	ENST00000647872.1	LINC02693	7484	0	0	-1	0	1.5951578e-07	0	1.595158e-07
lncRNA	ENST00000647872.1	LINC02693	7485	0	0	-1	0	7.9382716e-07	0	7.9382728e-07
lncRNA	ENST00000647872.1	LINC02693	7486	0	0	-1	0	1.4579781e-07	0	1.4579784e-07
lncRNA	ENST00000647872.1	LINC02693	7487	0	0	-1	0	3.040044e-07	0	3.0400445e-07
lncRNA	ENST00000647872.1	LINC02693	7488	0	0	-1	0	1.3629086e-07	0	1.3629089e-07
lncRNA	ENST00000647872.1	LINC02693	7489	0	0	-1	0	2.0660954e-07	0	2.0660957e-07
lncRNA	ENST00000647872.1	LINC02693	7490	0	0	-1	0	2.7696868e-07	0	2.7696872e-07
lncRNA	ENST00000647872.1	LINC02693	7491	0	0	-1	0	4.6749679e-07	0	4.6749686e-07
lncRNA	ENST00000647872.1	LINC02693	7492	0	0	-1	0	2.7629281e-07	0	2.7629285e-07
lncRNA	ENST00000647872.1	LINC02693	7493	0	0	-1	0	1.2406265e-07	0	1.2406267e-07
lncRNA	ENST00000647872.1	LINC02693	7494	0	0	-1	0	1.5848338e-08	0	1.584834e-08
lncRNA	ENST00000647872.1	LINC02693	7495	0	0	-1	0	1.0853761e-07	0	1.0853763e-07
lncRNA	ENST00000647872.1	LINC02693	7496	0	0	-1	0	4.4508184e-07	0	4.4508191e-07
lncRNA	ENST00000647872.1	LINC02693	7497	0	0	-1	0	1.0392489e-05	0	1.039249e-05
lncRNA	ENST00000647872.1	LINC02693	7498	0	0	-1	0	2.8173131e-06	0	2.8173135e-06
lncRNA	ENST00000647872.1	LINC02693	7499	0	0	-1	0	2.4559066e-07	0	2.4559069e-07
lncRNA	ENST00000647872.1	LINC02693	7500	0	0	-1	0	5.2560921e-07	0	5.2560929e-07
lncRNA	ENST00000647872.1	LINC02693	7501	0	0	-1	0	1.0393995e-07	0	1.0393997e-07
lncRNA	ENST00000647872.1	LINC02693	7502	0	0	-1	0	3.7200273e-06	0	3.7200279e-06
lncRNA	ENST00000647872.1	LINC02693	7503	0	0	-1	0	1.313973e-07	0	1.3139732e-07
lncRNA	ENST00000647872.1	LINC02693	7504	0	0	-1	0	1.1682895e-07	0	1.1682897e-07
lncRNA	ENST00000647872.1	LINC02693	7505	0	0	-1	0	2.8804238e-06	0	2.8804243e-06
lncRNA	ENST00000647872.1	LINC02693	7506	0	0	-1	0	1.5442079e-06	0	1.5442081e-06
lncRNA	ENST00000647872.1	LINC02693	7507	0	0	-1	0	1.9772015e-06	0	1.9772018e-06
lncRNA	ENST00000647872.1	LINC02693	7508	0	0	-1	0	2.2904198e-06	0	2.2904202e-06
lncRNA	ENST00000647872.1	LINC02693	7509	0	0	-1	0	8.7643525e-07	0	8.7643539e-07
lncRNA	ENST00000647872.1	LINC02693	7510	0	0	-1	0	5.9981332e-08	0	5.9981341e-08
lncRNA	ENST00000647872.1	LINC02693	7511	0	0	-1	0	5.6166635e-07	0	5.6166644e-07
lncRNA	ENST00000647872.1	LINC02693	7512	0	0	-1	0	2.9916894e-08	0	2.9916899e-08
lncRNA	ENST00000647872.1	LINC02693	7513	0	0	-1	0	3.8663313e-08	0	3.8663319e-08
lncRNA	ENST00000647872.1	LINC02693	7514	0	0	-1	0	1.6863736e-07	0	1.6863738e-07
lncRNA	ENST00000647872.1	LINC02693	7515	0	0	-1	0	1.3230074e-07	0	1.3230076e-07
lncRNA	ENST00000647872.1	LINC02693	7516	0	0	-1	0	5.5446719e-07	0	5.5446728e-07
lncRNA	ENST00000647872.1	LINC02693	7517	0	0	-1	0	1.273732e-07	0	1.2737322e-07
lncRNA	ENST00000647872.1	LINC02693	7518	0	0	-1	0	5.1244314e-08	0	5.1244322e-08
lncRNA	ENST00000647872.1	LINC02693	7519	0	0	-1	0	1.3697196e-07	0	1.3697198e-07
lncRNA	ENST00000647872.1	LINC02693	7520	0	0	-1	0	7.0231167e-08	0	7.0231178e-08
lncRNA	ENST00000647872.1	LINC02693	7521	0	0	-1	0	2.691142e-07	0	2.6911424e-07
lncRNA	ENST00000647872.1	LINC02693	7522	0	0	-1	0	6.1436673e-08	0	6.1436682e-08
lncRNA	ENST00000647872.1	LINC02693	7523	0	0	-1	0	4.9532218e-08	0	4.9532226e-08
lncRNA	ENST00000647872.1	LINC02693	7524	0	0	-1	0	2.9123254e-07	0	2.9123258e-07
lncRNA	ENST00000647872.1	LINC02693	7525	0	0	-1	0	1.302752e-07	0	1.3027522e-07
lncRNA	ENST00000647872.1	LINC02693	7526	0	0	-1	0	1.6512016e-07	0	1.6512018e-07
lncRNA	ENST00000647872.1	LINC02693	7527	0	0	-1	0	1.1960459e-07	0	1.1960461e-07
lncRNA	ENST00000647872.1	LINC02693	7528	0	0	-1	0	4.3900361e-08	0	4.3900368e-08
lncRNA	ENST00000647872.1	LINC02693	7529	0	0	-1	0	5.1757961e-08	0	5.175797e-08
lncRNA	ENST00000647872.1	LINC02693	7530	0	0	-1	0	3.2713191e-07	0	3.2713197e-07
lncRNA	ENST00000647872.1	LINC02693	7531	0	0	-1	0	1.7789466e-07	0	1.7789469e-07
lncRNA	ENST00000647872.1	LINC02693	7532	0	0	-1	0	1.3317147e-06	0	1.3317149e-06
lncRNA	ENST00000647872.1	LINC02693	7533	0	0	-1	0	2.9876736e-07	0	2.9876741e-07
lncRNA	ENST00000647872.1	LINC02693	7534	0	0	-1	0	7.5336726e-07	0	7.5336738e-07
lncRNA	ENST00000647872.1	LINC02693	7535	0	0	-1	0	3.0109283e-07	0	3.0109287e-07
lncRNA	ENST00000647872.1	LINC02693	7536	0	0	-1	0	1.8804533e-07	0	1.8804536e-07
lncRNA	ENST00000647872.1	LINC02693	7537	0	0	-1	0	1.3000248e-06	0	1.300025e-06
lncRNA	ENST00000647872.1	LINC02693	7538	0	0	-1	0	4.0575475e-07	0	4.0575481e-07
lncRNA	ENST00000647872.1	LINC02693	7539	0	0	-1	0	2.2311128e-06	0	2.2311132e-06
lncRNA	ENST00000647872.1	LINC02693	7540	0	0	-1	0	3.6258476e-07	0	3.6258481e-07
lncRNA	ENST00000647872.1	LINC02693	7541	0	0	-1	0	2.0242216e-07	0	2.0242219e-07
lncRNA	ENST00000647872.1	LINC02693	7542	0	0	-1	0	2.3063318e-07	0	2.3063321e-07
lncRNA	ENST00000647872.1	LINC02693	7543	0	0	-1	0	1.3458245e-07	0	1.3458247e-07
lncRNA	ENST00000647872.1	LINC02693	7544	0	0	-1	0	9.0637293e-08	0	9.0637307e-08
lncRNA	ENST00000647872.1	LINC02693	7545	0	0	-1	0	3.8342009e-07	0	3.8342015e-07
lncRNA	ENST00000647872.1	LINC02693	7546	0	0	-1	0	1.0525968e-07	0	1.052597e-07
lncRNA	ENST00000647872.1	LINC02693	7547	0	0	-1	0	7.6838113e-08	0	7.6838125e-08
lncRNA	ENST00000647872.1	LINC02693	7548	0	0	-1	0	1.0044768e-08	0	1.0044769e-08
lncRNA	ENST00000647872.1	LINC02693	7549	0	0	-1	0	9.6149044e-09	0	9.6149059e-09
lncRNA	ENST00000647872.1	LINC02693	7550	0	0	-1	0	1.8710261e-07	0	1.8710264e-07
lncRNA	ENST00000647872.1	LINC02693	7551	0	0	-1	0	5.959782e-08	0	5.9597829e-08
lncRNA	ENST00000647872.1	LINC02693	7552	0	0	-1	0	7.7192858e-08	0	7.719287e-08
lncRNA	ENST00000647872.1	LINC02693	7553	0	0	-1	0	1.9494495e-08	0	1.9494498e-08
lncRNA	ENST00000647872.1	LINC02693	7554	0	0	-1	0	3.0470565e-07	0	3.047057e-07
lncRNA	ENST00000647872.1	LINC02693	7555	0	0	-1	0	1.0006299e-07	0	1.0006301e-07
lncRNA	ENST00000647872.1	LINC02693	7556	0	0	-1	0	2.0406659e-07	0	2.0406663e-07
lncRNA	ENST00000647872.1	LINC02693	7557	0	0	-1	0	1.9063773e-07	0	1.9063776e-07
lncRNA	ENST00000647872.1	LINC02693	7558	0	0	-1	0	6.0129445e-08	0	6.0129454e-08
lncRNA	ENST00000647872.1	LINC02693	7559	0	0	-1	0	1.3718413e-07	0	1.3718415e-07
lncRNA	ENST00000647872.1	LINC02693	7560	0	0	-1	0	1.0639833e-07	0	1.0639835e-07
lncRNA	ENST00000647872.1	LINC02693	7561	0	0	-1	0	9.5486421e-08	0	9.5486436e-08
lncRNA	ENST00000647872.1	LINC02693	7562	0	0	-1	0	1.6128331e-07	0	1.6128334e-07
lncRNA	ENST00000647872.1	LINC02693	7563	0	0	-1	0	2.3959664e-08	0	2.3959668e-08
lncRNA	ENST00000647872.1	LINC02693	7564	0	0	-1	0	7.6909664e-08	0	7.6909677e-08
lncRNA	ENST00000647872.1	LINC02693	7565	0	0	-1	0	2.0775396e-07	0	2.0775399e-07
lncRNA	ENST00000647872.1	LINC02693	7566	0	0	-1	0	2.701201e-07	0	2.7012014e-07
lncRNA	ENST00000647872.1	LINC02693	7567	0	0	-1	0	1.2524956e-07	0	1.2524958e-07
lncRNA	ENST00000647872.1	LINC02693	7568	0	0	-1	0	1.3532713e-07	0	1.3532715e-07
lncRNA	ENST00000647872.1	LINC02693	7569	0	0	-1	0	4.3051827e-08	0	4.3051834e-08
lncRNA	ENST00000647872.1	LINC02693	7570	0	0	-1	0	3.2159935e-08	0	3.215994e-08
lncRNA	ENST00000647872.1	LINC02693	7571	0	0	-1	0	2.7232423e-08	0	2.7232427e-08
lncRNA	ENST00000647872.1	LINC02693	7572	0	0	-1	0	1.8290727e-08	0	1.829073e-08
lncRNA	ENST00000647872.1	LINC02693	7573	0	0	-1	0	1.9944121e-08	0	1.9944124e-08
lncRNA	ENST00000647872.1	LINC02693	7574	0	0	-1	0	7.9053891e-08	0	7.9053903e-08
lncRNA	ENST00000647872.1	LINC02693	7575	0	0	-1	0	1.5599417e-08	0	1.5599419e-08
lncRNA	ENST00000647872.1	LINC02693	7576	0	0	-1	0	4.2193289e-08	0	4.2193296e-08
lncRNA	ENST00000647872.1	LINC02693	7577	0	0	-1	0	8.5770296e-08	0	8.5770309e-08
lncRNA	ENST00000647872.1	LINC02693	7578	0	0	-1	0	1.1965811e-07	0	1.1965813e-07
lncRNA	ENST00000647872.1	LINC02693	7579	0	0	-1	0	5.3059594e-08	0	5.3059602e-08
lncRNA	ENST00000647872.1	LINC02693	7580	0	0	-1	0	3.6940375e-07	0	3.6940381e-07
lncRNA	ENST00000647872.1	LINC02693	7581	0	0	-1	0	1.2313205e-07	0	1.2313207e-07
lncRNA	ENST00000647872.1	LINC02693	7582	0	0	-1	0	2.4624792e-06	0	2.4624796e-06
lncRNA	ENST00000647872.1	LINC02693	7583	0	0	-1	0	1.1367639e-07	0	1.1367641e-07
lncRNA	ENST00000647872.1	LINC02693	7584	0	0	-1	0	3.7849169e-08	0	3.7849175e-08
lncRNA	ENST00000647872.1	LINC02693	7585	0	0	-1	0	1.6936167e-07	0	1.693617e-07
lncRNA	ENST00000647872.1	LINC02693	7586	0	0	-1	0	6.449776e-07	0	6.4497771e-07
lncRNA	ENST00000647872.1	LINC02693	7587	0	0	-1	0	5.976741e-07	0	5.976742e-07
lncRNA	ENST00000647872.1	LINC02693	7588	0	0	-1	0	3.1794661e-06	0	3.1794666e-06
lncRNA	ENST00000647872.1	LINC02693	7589	0	0	-1	0	2.5502986e-06	0	2.550299e-06
lncRNA	ENST00000647872.1	LINC02693	7590	0	0	-1	0	8.7311792e-06	0	8.7311805e-06
lncRNA	ENST00000647872.1	LINC02693	7591	0	0	-1	0	5.8704939e-07	0	5.8704948e-07
lncRNA	ENST00000647872.1	LINC02693	7592	0	0	-1	0	8.3018449e-06	0	8.3018462e-06
lncRNA	ENST00000647872.1	LINC02693	7593	0	0	-1	0	2.2681029e-06	0	2.2681032e-06
lncRNA	ENST00000647872.1	LINC02693	7594	0	0	-1	0	6.8779599e-07	0	6.877961e-07
lncRNA	ENST00000647872.1	LINC02693	7595	0	0	-1	0	1.1056666e-06	0	1.1056667e-06
lncRNA	ENST00000647872.1	LINC02693	7596	0	0	-1	0	5.1216663e-08	0	5.1216671e-08
lncRNA	ENST00000647872.1	LINC02693	7597	0	0	-1	0	9.8245955e-08	0	9.8245971e-08
lncRNA	ENST00000647872.1	LINC02693	7598	0	0	-1	0	1.5219446e-07	0	1.5219448e-07
lncRNA	ENST00000647872.1	LINC02693	7599	0	0	-1	0	2.6897746e-07	0	2.689775e-07
lncRNA	ENST00000647872.1	LINC02693	7600	0	0	-1	0	1.0410007e-07	0	1.0410008e-07
lncRNA	ENST00000647872.1	LINC02693	7601	0	0	-1	0	1.4583696e-08	0	1.4583698e-08
lncRNA	ENST00000647872.1	LINC02693	7602	0	0	-1	0	5.7375672e-07	0	5.7375681e-07
lncRNA	ENST00000647872.1	LINC02693	7603	0	0	-1	0	3.7337504e-06	0	3.733751e-06
lncRNA	ENST00000647872.1	LINC02693	7604	0	0	-1	0	5.0958954e-07	0	5.0958962e-07
lncRNA	ENST00000647872.1	LINC02693	7605	0	0	-1	0	1.0487196e-06	0	1.0487197e-06
lncRNA	ENST00000647872.1	LINC02693	7606	0	0	-1	0	7.0449283e-07	0	7.0449294e-07
lncRNA	ENST00000647872.1	LINC02693	7607	0	0	-1	0	1.796831e-07	0	1.7968313e-07
lncRNA	ENST00000647872.1	LINC02693	7608	0	0	-1	0	1.5137444e-07	0	1.5137446e-07
lncRNA	ENST00000647872.1	LINC02693	7609	0	0	-1	0	1.9487973e-06	0	1.9487976e-06
lncRNA	ENST00000647872.1	LINC02693	7610	0	0	-1	0	7.0597582e-07	0	7.0597593e-07
lncRNA	ENST00000647872.1	LINC02693	7611	0	0	-1	0	1.7784098e-06	0	1.7784101e-06
lncRNA	ENST00000647872.1	LINC02693	7612	0	0	-1	0	2.0137394e-07	0	2.0137397e-07
lncRNA	ENST00000647872.1	LINC02693	7613	0	0	-1	0	3.6578734e-07	0	3.657874e-07
lncRNA	ENST00000647872.1	LINC02693	7614	0	0	-1	0	2.0290418e-07	0	2.0290421e-07
lncRNA	ENST00000647872.1	LINC02693	7615	0	0	-1	0	2.0767907e-07	0	2.076791e-07
lncRNA	ENST00000647872.1	LINC02693	7616	0	0	-1	0	2.703309e-07	0	2.7033094e-07
lncRNA	ENST00000647872.1	LINC02693	7617	0	0	-1	0	5.8576421e-07	0	5.857643e-07
lncRNA	ENST00000647872.1	LINC02693	7618	0	0	-1	0	2.8151655e-07	0	2.8151659e-07
lncRNA	ENST00000647872.1	LINC02693	7619	0	0	-1	0	7.5807456e-08	0	7.5807468e-08
lncRNA	ENST00000647872.1	LINC02693	7620	0	0	-1	0	3.2844545e-07	0	3.284455e-07
lncRNA	ENST00000647872.1	LINC02693	7621	0	0	-1	0	4.9100453e-07	0	4.910046e-07
lncRNA	ENST00000647872.1	LINC02693	7622	0	0	-1	0	3.5374936e-07	0	3.5374941e-07
lncRNA	ENST00000647872.1	LINC02693	7623	0	0	-1	0	4.8686136e-08	0	4.8686144e-08
lncRNA	ENST00000647872.1	LINC02693	7624	0	0	-1	0	2.6161794e-07	0	2.6161798e-07
lncRNA	ENST00000647872.1	LINC02693	7625	0	0	-1	0	4.3358543e-08	0	4.335855e-08
lncRNA	ENST00000647872.1	LINC02693	7626	0	0	-1	0	3.9913225e-08	0	3.9913231e-08
lncRNA	ENST00000647872.1	LINC02693	7627	0	0	-1	0	3.734975e-08	0	3.7349756e-08
lncRNA	ENST00000647872.1	LINC02693	7628	0	0	-1	0	1.1218072e-07	0	1.1218074e-07
lncRNA	ENST00000647872.1	LINC02693	7629	0	0	-1	0	1.86897e-07	0	1.8689703e-07
lncRNA	ENST00000647872.1	LINC02693	7630	0	0	-1	0	3.4763153e-07	0	3.4763158e-07
lncRNA	ENST00000647872.1	LINC02693	7631	0	0	-1	0	4.6601471e-08	0	4.6601478e-08
lncRNA	ENST00000647872.1	LINC02693	7632	0	0	-1	0	2.6807921e-08	0	2.6807925e-08
lncRNA	ENST00000647872.1	LINC02693	7633	0	0	-1	0	7.9674493e-07	0	7.9674505e-07
lncRNA	ENST00000647872.1	LINC02693	7634	0	0	-1	0	4.3200197e-07	0	4.3200204e-07
lncRNA	ENST00000647872.1	LINC02693	7635	0	0	-1	0	2.5844574e-07	0	2.5844578e-07
lncRNA	ENST00000647872.1	LINC02693	7636	0	0	-1	0	3.9738513e-08	0	3.9738519e-08
lncRNA	ENST00000647872.1	LINC02693	7637	0	0	-1	0	6.5494709e-07	0	6.5494719e-07
lncRNA	ENST00000647872.1	LINC02693	7638	0	0	-1	0	5.4013817e-08	0	5.4013826e-08
lncRNA	ENST00000647872.1	LINC02693	7639	0	0	-1	0	2.4390823e-07	0	2.4390827e-07
lncRNA	ENST00000647872.1	LINC02693	7640	0	0	-1	0	1.2195655e-06	0	1.2195657e-06
lncRNA	ENST00000647872.1	LINC02693	7641	0	0	-1	0	2.0131192e-07	0	2.0131195e-07
lncRNA	ENST00000647872.1	LINC02693	7642	0	0	-1	0	3.0776658e-07	0	3.0776663e-07
lncRNA	ENST00000647872.1	LINC02693	7643	0	0	-1	0	4.6560137e-07	0	4.6560145e-07
lncRNA	ENST00000647872.1	LINC02693	7644	0	0	-1	0	5.7776974e-06	0	5.7776983e-06
lncRNA	ENST00000647872.1	LINC02693	7645	0	0	-1	0	6.0298535e-05	0	6.0298544e-05
lncRNA	ENST00000647872.1	LINC02693	7646	0	0	-1	0	7.7583281e-06	0	7.7583294e-06
lncRNA	ENST00000647872.1	LINC02693	7647	0	0	-1	0	2.7149017e-07	0	2.7149021e-07
lncRNA	ENST00000647872.1	LINC02693	7648	0	0	-1	0	9.2005457e-06	0	9.2005472e-06
lncRNA	ENST00000647872.1	LINC02693	7649	0	0	-1	0	6.9750212e-07	0	6.9750223e-07
lncRNA	ENST00000647872.1	LINC02693	7650	0	0	-1	0	1.5656508e-07	0	1.565651e-07
lncRNA	ENST00000647872.1	LINC02693	7651	0	0	-1	0	1.9404738e-06	0	1.9404741e-06
lncRNA	ENST00000647872.1	LINC02693	7652	0	0	-1	0	2.9820148e-07	0	2.9820153e-07
lncRNA	ENST00000647872.1	LINC02693	7653	0	0	-1	0	8.9875067e-07	0	8.9875081e-07
lncRNA	ENST00000647872.1	LINC02693	7654	0	0	-1	0	9.9071855e-08	0	9.907187e-08
lncRNA	ENST00000647872.1	LINC02693	7655	0	0	-1	0	1.523359e-07	0	1.5233592e-07
lncRNA	ENST00000647872.1	LINC02693	7656	0	0	-1	0	1.1036487e-07	0	1.1036488e-07
lncRNA	ENST00000647872.1	LINC02693	7657	0	0	-1	0	1.8759145e-07	0	1.8759148e-07
lncRNA	ENST00000647872.1	LINC02693	7658	0	0	-1	0	9.0233272e-07	0	9.0233286e-07
lncRNA	ENST00000647872.1	LINC02693	7659	0	0	-1	0	5.3071716e-07	0	5.3071724e-07
lncRNA	ENST00000647872.1	LINC02693	7660	0	0	-1	0	2.3284476e-07	0	2.3284479e-07
lncRNA	ENST00000647872.1	LINC02693	7661	0	0	-1	0	5.9678331e-07	0	5.967834e-07
lncRNA	ENST00000647872.1	LINC02693	7662	0	0	-1	0	4.0914037e-07	0	4.0914043e-07
lncRNA	ENST00000647872.1	LINC02693	7663	0	0	-1	0	9.4938336e-08	0	9.4938351e-08
lncRNA	ENST00000647872.1	LINC02693	7664	0	0	-1	0	7.2408454e-08	0	7.2408466e-08
lncRNA	ENST00000647872.1	LINC02693	7665	0	0	-1	0	5.2725966e-08	0	5.2725974e-08
lncRNA	ENST00000647872.1	LINC02693	7666	0	0	-1	0	9.5470035e-08	0	9.547005e-08
lncRNA	ENST00000647872.1	LINC02693	7667	0	0	-1	0	1.3975621e-07	0	1.3975623e-07
lncRNA	ENST00000647872.1	LINC02693	7668	0	0	-1	0	3.394951e-07	0	3.3949516e-07
lncRNA	ENST00000647872.1	LINC02693	7669	0	0	-1	0	2.3304625e-07	0	2.3304629e-07
lncRNA	ENST00000647872.1	LINC02693	7670	0	0	-1	0	2.9205054e-07	0	2.9205059e-07
lncRNA	ENST00000647872.1	LINC02693	7671	0	0	-1	0	2.1079931e-07	0	2.1079935e-07
lncRNA	ENST00000647872.1	LINC02693	7672	0	0	-1	0	2.2779204e-08	0	2.2779208e-08
lncRNA	ENST00000647872.1	LINC02693	7673	0	0	-1	0	1.8653888e-07	0	1.8653891e-07
lncRNA	ENST00000647872.1	LINC02693	7674	0	0	-1	0	1.3709533e-07	0	1.3709535e-07
lncRNA	ENST00000647872.1	LINC02693	7675	0	0	-1	0	2.5799473e-08	0	2.5799477e-08
lncRNA	ENST00000647872.1	LINC02693	7676	0	0	-1	0	1.0818047e-07	0	1.0818049e-07
lncRNA	ENST00000647872.1	LINC02693	7677	0	0	-1	0	8.4800156e-08	0	8.480017e-08
lncRNA	ENST00000647872.1	LINC02693	7678	0	0	-1	0	3.809847e-08	0	3.8098476e-08
lncRNA	ENST00000647872.1	LINC02693	7679	0	0	-1	0	4.257378e-07	0	4.2573786e-07
lncRNA	ENST00000647872.1	LINC02693	7680	0	0	-1	0	2.0523292e-07	0	2.0523295e-07
lncRNA	ENST00000647872.1	LINC02693	7681	0	0	-1	0	3.9943309e-08	0	3.9943315e-08
lncRNA	ENST00000647872.1	LINC02693	7682	0	0	-1	0	1.0101297e-07	0	1.0101298e-07
lncRNA	ENST00000647872.1	LINC02693	7683	0	0	-1	0	1.2934525e-07	0	1.2934527e-07
lncRNA	ENST00000647872.1	LINC02693	7684	0	0	-1	0	1.1848549e-08	0	1.1848551e-08
lncRNA	ENST00000647872.1	LINC02693	7685	0	0	-1	0	6.4147521e-08	0	6.4147531e-08
lncRNA	ENST00000647872.1	LINC02693	7686	0	0	-1	0	8.4890894e-09	0	8.4890908e-09
lncRNA	ENST00000647872.1	LINC02693	7687	0	0	-1	0	3.3969993e-08	0	3.3969998e-08
lncRNA	ENST00000647872.1	LINC02693	7688	0	0	-1	0	2.2894621e-07	0	2.2894624e-07
lncRNA	ENST00000647872.1	LINC02693	7689	0	0	-1	0	1.6013597e-07	0	1.6013599e-07
lncRNA	ENST00000647872.1	LINC02693	7690	0	0	-1	0	1.4274104e-07	0	1.4274107e-07
lncRNA	ENST00000647872.1	LINC02693	7691	0	0	-1	0	3.918779e-07	0	3.9187797e-07
lncRNA	ENST00000647872.1	LINC02693	7692	0	0	-1	0	1.1716379e-07	0	1.171638e-07
lncRNA	ENST00000647872.1	LINC02693	7693	0	0	-1	0	1.5781816e-07	0	1.5781819e-07
lncRNA	ENST00000647872.1	LINC02693	7694	0	0	-1	0	5.5771278e-07	0	5.5771287e-07
lncRNA	ENST00000647872.1	LINC02693	7695	0	0	-1	0	1.3494089e-07	0	1.3494091e-07
lncRNA	ENST00000647872.1	LINC02693	7696	0	0	-1	0	3.2880024e-07	0	3.2880029e-07
lncRNA	ENST00000647872.1	LINC02693	7697	0	0	-1	0	1.0502024e-05	0	1.0502026e-05
lncRNA	ENST00000647872.1	LINC02693	7698	0	0	-1	0	1.4939993e-06	0	1.4939996e-06
lncRNA	ENST00000647872.1	LINC02693	7699	0	0	-1	0	3.3592826e-07	0	3.3592832e-07
lncRNA	ENST00000647872.1	LINC02693	7700	0	0	-1	0	1.2875948e-06	0	1.287595e-06
lncRNA	ENST00000647872.1	LINC02693	7701	0	0	-1	0	7.7183699e-07	0	7.7183712e-07
lncRNA	ENST00000647872.1	LINC02693	7702	0	0	-1	0	7.1768238e-07	0	7.176825e-07
lncRNA	ENST00000647872.1	LINC02693	7703	0	0	-1	0	2.5457823e-07	0	2.5457827e-07
lncRNA	ENST00000647872.1	LINC02693	7704	0	0	-1	0	8.6885717e-07	0	8.6885731e-07
lncRNA	ENST00000647872.1	LINC02693	7705	0	0	-1	0	5.9170225e-07	0	5.9170234e-07
lncRNA	ENST00000647872.1	LINC02693	7706	0	0	-1	0	6.0072557e-07	0	6.0072567e-07
lncRNA	ENST00000647872.1	LINC02693	7707	0	0	-1	0	6.2054579e-07	0	6.2054589e-07
lncRNA	ENST00000647872.1	LINC02693	7708	0	0	-1	0	2.3944807e-07	0	2.3944811e-07
lncRNA	ENST00000647872.1	LINC02693	7709	0	0	-1	0	1.586877e-06	0	1.5868773e-06
lncRNA	ENST00000647872.1	LINC02693	7710	0	0	-1	0	1.3846261e-07	0	1.3846263e-07
lncRNA	ENST00000647872.1	LINC02693	7711	0	0	-1	0	9.2814126e-08	0	9.2814141e-08
lncRNA	ENST00000647872.1	LINC02693	7712	0	0	-1	0	3.5170046e-07	0	3.5170052e-07
lncRNA	ENST00000647872.1	LINC02693	7713	0	0	-1	0	6.7884167e-07	0	6.7884178e-07
lncRNA	ENST00000647872.1	LINC02693	7714	0	0	-1	0	6.3492031e-08	0	6.3492041e-08
lncRNA	ENST00000647872.1	LINC02693	7715	0	0	-1	0	1.1183974e-07	0	1.1183976e-07
lncRNA	ENST00000647872.1	LINC02693	7716	0	0	-1	0	4.4007756e-08	0	4.4007763e-08
lncRNA	ENST00000647872.1	LINC02693	7717	0	0	-1	0	2.1311184e-08	0	2.1311187e-08
lncRNA	ENST00000647872.1	LINC02693	7718	0	0	-1	0	1.3537449e-07	0	1.3537451e-07
lncRNA	ENST00000647872.1	LINC02693	7719	0	0	-1	0	6.5587909e-07	0	6.5587919e-07
lncRNA	ENST00000647872.1	LINC02693	7720	0	0	-1	0	9.1104351e-07	0	9.1104366e-07
lncRNA	ENST00000647872.1	LINC02693	7721	0	0	-1	0	2.0519181e-07	0	2.0519184e-07
lncRNA	ENST00000647872.1	LINC02693	7722	0	0	-1	0	1.4895841e-07	0	1.4895843e-07
lncRNA	ENST00000647872.1	LINC02693	7723	0	0	-1	0	7.2535904e-08	0	7.2535916e-08
lncRNA	ENST00000647872.1	LINC02693	7724	0	0	-1	0	3.395801e-08	0	3.3958015e-08
lncRNA	ENST00000647872.1	LINC02693	7725	0	0	-1	0	1.342068e-07	0	1.3420682e-07
lncRNA	ENST00000647872.1	LINC02693	7726	0	0	-1	0	3.6113313e-08	0	3.6113319e-08
lncRNA	ENST00000647872.1	LINC02693	7727	0	0	-1	0	3.2318955e-08	0	3.231896e-08
lncRNA	ENST00000647872.1	LINC02693	7728	0	0	-1	0	2.2248638e-08	0	2.2248642e-08
lncRNA	ENST00000647872.1	LINC02693	7729	0	0	-1	0	3.4627043e-08	0	3.4627048e-08
lncRNA	ENST00000647872.1	LINC02693	7730	0	0	-1	0	5.2393864e-07	0	5.2393872e-07
lncRNA	ENST00000647872.1	LINC02693	7731	0	0	-1	0	5.2046903e-07	0	5.2046911e-07
lncRNA	ENST00000647872.1	LINC02693	7732	0	0	-1	0	1.3103678e-05	0	1.310368e-05
lncRNA	ENST00000647872.1	LINC02693	7733	0	0	-1	0	1.1045811e-06	0	1.1045813e-06
lncRNA	ENST00000647872.1	LINC02693	7734	0	0	-1	0	9.0367956e-07	0	9.0367971e-07
lncRNA	ENST00000647872.1	LINC02693	7735	0	0	-1	0	3.1777122e-07	0	3.1777127e-07
lncRNA	ENST00000647872.1	LINC02693	7736	0	0	-1	0	5.2573256e-07	0	5.2573264e-07
lncRNA	ENST00000647872.1	LINC02693	7737	0	0	-1	0	7.4183554e-08	0	7.4183565e-08
lncRNA	ENST00000647872.1	LINC02693	7738	0	0	-1	0	8.6473631e-07	0	8.6473644e-07
lncRNA	ENST00000647872.1	LINC02693	7739	0	0	-1	0	1.5559176e-07	0	1.5559179e-07
lncRNA	ENST00000647872.1	LINC02693	7740	0	0	-1	0	1.3068035e-07	0	1.3068037e-07
lncRNA	ENST00000647872.1	LINC02693	7741	0	0	-1	0	6.1299723e-08	0	6.1299732e-08
lncRNA	ENST00000647872.1	LINC02693	7742	0	0	-1	0	1.467713e-07	0	1.4677132e-07
lncRNA	ENST00000647872.1	LINC02693	7743	0	0	-1	0	6.5684397e-08	0	6.5684407e-08
lncRNA	ENST00000647872.1	LINC02693	7744	0	0	-1	0	5.6598758e-08	0	5.6598767e-08
lncRNA	ENST00000647872.1	LINC02693	7745	0	0	-1	0	1.4670348e-08	0	1.4670351e-08
lncRNA	ENST00000647872.1	LINC02693	7746	0	0	-1	0	2.8581224e-08	0	2.8581229e-08
lncRNA	ENST00000647872.1	LINC02693	7747	0	0	-1	0	4.6365017e-08	0	4.6365024e-08
lncRNA	ENST00000647872.1	LINC02693	7748	0	0	-1	0	7.2788005e-08	0	7.2788016e-08
lncRNA	ENST00000647872.1	LINC02693	7749	0	0	-1	0	1.3314093e-07	0	1.3314095e-07
lncRNA	ENST00000647872.1	LINC02693	7750	0	0	-1	0	5.007443e-08	0	5.0074438e-08
lncRNA	ENST00000647872.1	LINC02693	7751	0	0	-1	0	3.8519579e-07	0	3.8519585e-07
lncRNA	ENST00000647872.1	LINC02693	7752	0	0	-1	0	5.6520872e-08	0	5.652088e-08
lncRNA	ENST00000647872.1	LINC02693	7753	0	0	-1	0	8.8469484e-08	0	8.8469498e-08
lncRNA	ENST00000647872.1	LINC02693	7754	0	0	-1	0	3.7828382e-08	0	3.7828388e-08
lncRNA	ENST00000647872.1	LINC02693	7755	0	0	-1	0	3.3501884e-08	0	3.3501889e-08
lncRNA	ENST00000647872.1	LINC02693	7756	0	0	-1	0	2.0013934e-08	0	2.0013937e-08
lncRNA	ENST00000647872.1	LINC02693	7757	0	0	-1	0	1.2514592e-07	0	1.2514594e-07
lncRNA	ENST00000647872.1	LINC02693	7758	0	0	-1	0	6.7418895e-08	0	6.7418906e-08
lncRNA	ENST00000647872.1	LINC02693	7759	0	0	-1	0	1.4649797e-08	0	1.4649799e-08
lncRNA	ENST00000647872.1	LINC02693	7760	0	0	-1	0	4.4617298e-08	0	4.4617305e-08
lncRNA	ENST00000647872.1	LINC02693	7761	0	0	-1	0	1.9271971e-08	0	1.9271974e-08
lncRNA	ENST00000647872.1	LINC02693	7762	0	0	-1	0	1.5886048e-08	0	1.5886051e-08
lncRNA	ENST00000647872.1	LINC02693	7763	0	0	-1	0	2.3378448e-08	0	2.3378451e-08
lncRNA	ENST00000647872.1	LINC02693	7764	0	0	-1	0	3.4101582e-08	0	3.4101587e-08
lncRNA	ENST00000647872.1	LINC02693	7765	0	0	-1	0	3.1027361e-07	0	3.1027365e-07
lncRNA	ENST00000647872.1	LINC02693	7766	0	0	-1	0	1.1385508e-07	0	1.138551e-07
lncRNA	ENST00000647872.1	LINC02693	7767	0	0	-1	0	5.6971341e-08	0	5.697135e-08
lncRNA	ENST00000647872.1	LINC02693	7768	0	0	-1	0	1.2538005e-07	0	1.2538007e-07
lncRNA	ENST00000647872.1	LINC02693	7769	0	0	-1	0	2.0145076e-07	0	2.0145079e-07
lncRNA	ENST00000647872.1	LINC02693	7770	0	0	-1	0	4.5432866e-08	0	4.5432874e-08
lncRNA	ENST00000647872.1	LINC02693	7771	0	0	-1	0	9.5524307e-08	0	9.5524322e-08
lncRNA	ENST00000647872.1	LINC02693	7772	0	0	-1	0	6.0818628e-08	0	6.0818638e-08
lncRNA	ENST00000647872.1	LINC02693	7773	0	0	-1	0	7.7336104e-08	0	7.7336116e-08
lncRNA	ENST00000647872.1	LINC02693	7774	0	0	-1	0	2.144918e-08	0	2.1449184e-08
lncRNA	ENST00000647872.1	LINC02693	7775	0	0	-1	0	4.1079161e-08	0	4.1079168e-08
lncRNA	ENST00000647872.1	LINC02693	7776	0	0	-1	0	3.1188261e-08	0	3.1188266e-08
lncRNA	ENST00000647872.1	LINC02693	7777	0	0	-1	0	4.4188845e-08	0	4.4188852e-08
lncRNA	ENST00000647872.1	LINC02693	7778	0	0	-1	0	1.4103897e-08	0	1.4103899e-08
lncRNA	ENST00000647872.1	LINC02693	7779	0	0	-1	0	3.4037118e-08	0	3.4037123e-08
lncRNA	ENST00000647872.1	LINC02693	7780	0	0	-1	0	1.0081049e-07	0	1.008105e-07
lncRNA	ENST00000647872.1	LINC02693	7781	0	0	-1	0	1.1208191e-07	0	1.1208192e-07
lncRNA	ENST00000647872.1	LINC02693	7782	0	0	-1	0	1.2603775e-07	0	1.2603777e-07
lncRNA	ENST00000647872.1	LINC02693	7783	0	0	-1	0	1.601737e-07	0	1.6017372e-07
lncRNA	ENST00000647872.1	LINC02693	7784	0	0	-1	0	4.0321117e-07	0	4.0321124e-07
lncRNA	ENST00000647872.1	LINC02693	7785	0	0	-1	0	2.7540702e-07	0	2.7540706e-07
lncRNA	ENST00000647872.1	LINC02693	7786	0	0	-1	0	4.6647958e-07	0	4.6647965e-07
lncRNA	ENST00000647872.1	LINC02693	7787	0	0	-1	0	1.5959124e-07	0	1.5959126e-07
lncRNA	ENST00000647872.1	LINC02693	7788	0	0	-1	0	2.4134309e-07	0	2.4134313e-07
lncRNA	ENST00000647872.1	LINC02693	7789	0	0	-1	0	2.0399061e-06	0	2.0399064e-06
lncRNA	ENST00000647872.1	LINC02693	7790	0	0	-1	0	9.2380887e-08	0	9.2380901e-08
lncRNA	ENST00000647872.1	LINC02693	7791	0	0	-1	0	3.3180214e-07	0	3.3180219e-07
lncRNA	ENST00000647872.1	LINC02693	7792	0	0	-1	0	2.569389e-08	0	2.5693894e-08
lncRNA	ENST00000647872.1	LINC02693	7793	0	0	-1	0	4.0601333e-07	0	4.0601339e-07
lncRNA	ENST00000647872.1	LINC02693	7794	0	0	-1	0	3.0660196e-08	0	3.0660201e-08
lncRNA	ENST00000647872.1	LINC02693	7795	0	0	-1	0	8.5778481e-08	0	8.5778495e-08
lncRNA	ENST00000647872.1	LINC02693	7796	0	0	-1	0	2.2964028e-07	0	2.2964031e-07
lncRNA	ENST00000647872.1	LINC02693	7797	0	0	-1	0	2.8400038e-07	0	2.8400042e-07
lncRNA	ENST00000647872.1	LINC02693	7798	0	0	-1	0	4.3478937e-07	0	4.3478944e-07
lncRNA	ENST00000647872.1	LINC02693	7799	0	0	-1	0	6.219431e-08	0	6.219432e-08
lncRNA	ENST00000647872.1	LINC02693	7800	0	0	-1	0	9.0988905e-08	0	9.098892e-08
lncRNA	ENST00000647872.1	LINC02693	7801	0	0	-1	0	5.823843e-07	0	5.8238439e-07
lncRNA	ENST00000647872.1	LINC02693	7802	0	0	-1	0	8.2421742e-08	0	8.2421755e-08
lncRNA	ENST00000647872.1	LINC02693	7803	0	0	-1	0	3.3519734e-07	0	3.3519739e-07
lncRNA	ENST00000647872.1	LINC02693	7804	0	0	-1	0	2.0802776e-07	0	2.0802779e-07
lncRNA	ENST00000647872.1	LINC02693	7805	0	0	-1	0	6.8614341e-08	0	6.8614352e-08
lncRNA	ENST00000647872.1	LINC02693	7806	0	0	-1	0	4.2224766e-08	0	4.2224773e-08
lncRNA	ENST00000647872.1	LINC02693	7807	0	0	-1	0	2.3241324e-07	0	2.3241328e-07
lncRNA	ENST00000647872.1	LINC02693	7808	0	0	-1	0	6.4900115e-07	0	6.4900125e-07
lncRNA	ENST00000647872.1	LINC02693	7809	0	0	-1	0	1.7326565e-06	0	1.7326568e-06
lncRNA	ENST00000647872.1	LINC02693	7810	0	0	-1	0	1.0758416e-07	0	1.0758418e-07
lncRNA	ENST00000647872.1	LINC02693	7811	0	0	-1	0	6.6687861e-08	0	6.6687871e-08
lncRNA	ENST00000647872.1	LINC02693	7812	0	0	-1	0	7.4363896e-08	0	7.4363908e-08
lncRNA	ENST00000647872.1	LINC02693	7813	0	0	-1	0	7.8196734e-07	0	7.8196747e-07
lncRNA	ENST00000647872.1	LINC02693	7814	0	0	-1	0	2.417822e-07	0	2.4178224e-07
lncRNA	ENST00000647872.1	LINC02693	7815	0	0	-1	0	4.3089062e-07	0	4.3089069e-07
lncRNA	ENST00000647872.1	LINC02693	7816	0	0	-1	0	8.4178396e-07	0	8.4178409e-07
lncRNA	ENST00000647872.1	LINC02693	7817	0	0	-1	0	8.0488334e-08	0	8.0488347e-08
lncRNA	ENST00000647872.1	LINC02693	7818	0	0	-1	0	8.4493394e-08	0	8.4493407e-08
lncRNA	ENST00000647872.1	LINC02693	7819	0	0	-1	0	8.3041687e-07	0	8.30417e-07
lncRNA	ENST00000647872.1	LINC02693	7820	0	0	-1	0	2.9143786e-07	0	2.914379e-07
lncRNA	ENST00000647872.1	LINC02693	7821	0	0	-1	0	2.7436576e-07	0	2.743658e-07
lncRNA	ENST00000647872.1	LINC02693	7822	0	0	-1	0	2.3744885e-06	0	2.3744889e-06
lncRNA	ENST00000647872.1	LINC02693	7823	0	0	-1	0	1.0710117e-07	0	1.0710119e-07
lncRNA	ENST00000647872.1	LINC02693	7824	0	0	-1	0	1.0617978e-07	0	1.061798e-07
lncRNA	ENST00000647872.1	LINC02693	7825	0	0	-1	0	2.210222e-07	0	2.2102224e-07
lncRNA	ENST00000647872.1	LINC02693	7826	0	0	-1	0	4.9348358e-07	0	4.9348366e-07
lncRNA	ENST00000647872.1	LINC02693	7827	0	0	-1	0	7.1329794e-08	0	7.1329805e-08
lncRNA	ENST00000647872.1	LINC02693	7828	0	0	-1	0	5.8381591e-08	0	5.83816e-08
lncRNA	ENST00000647872.1	LINC02693	7829	0	0	-1	0	1.1799289e-07	0	1.1799291e-07
lncRNA	ENST00000647872.1	LINC02693	7830	0	0	-1	0	1.5848421e-07	0	1.5848424e-07
lncRNA	ENST00000647872.1	LINC02693	7831	0	0	-1	0	1.9362757e-08	0	1.936276e-08
lncRNA	ENST00000647872.1	LINC02693	7832	0	0	-1	0	1.9185572e-07	0	1.9185575e-07
lncRNA	ENST00000647872.1	LINC02693	7833	0	0	-1	0	2.1370245e-06	0	2.1370248e-06
lncRNA	ENST00000647872.1	LINC02693	7834	0	0	-1	0	4.4602814e-07	0	4.4602821e-07
lncRNA	ENST00000647872.1	LINC02693	7835	0	0	-1	0	8.7870922e-07	0	8.7870935e-07
lncRNA	ENST00000647872.1	LINC02693	7836	0	0	-1	0	7.0621383e-08	0	7.0621394e-08
lncRNA	ENST00000647872.1	LINC02693	7837	0	0	-1	0	1.5865062e-08	0	1.5865065e-08
lncRNA	ENST00000647872.1	LINC02693	7838	0	0	-1	0	5.3087536e-08	0	5.3087544e-08
lncRNA	ENST00000647872.1	LINC02693	7839	0	0	-1	0	1.5694074e-07	0	1.5694077e-07
lncRNA	ENST00000647872.1	LINC02693	7840	0	0	-1	0	3.202631e-08	0	3.2026316e-08
lncRNA	ENST00000647872.1	LINC02693	7841	0	0	-1	0	3.9638131e-08	0	3.9638137e-08
lncRNA	ENST00000647872.1	LINC02693	7842	0	0	-1	0	1.0377514e-07	0	1.0377516e-07
lncRNA	ENST00000647872.1	LINC02693	7843	0	0	-1	0	1.2397228e-07	0	1.239723e-07
lncRNA	ENST00000647872.1	LINC02693	7844	0	0	-1	0	7.3892272e-07	0	7.3892284e-07
lncRNA	ENST00000647872.1	LINC02693	7845	0	0	-1	0	1.7872281e-07	0	1.7872284e-07
lncRNA	ENST00000647872.1	LINC02693	7846	0	0	-1	0	7.0210675e-08	0	7.0210686e-08
lncRNA	ENST00000647872.1	LINC02693	7847	0	0	-1	0	1.1690585e-07	0	1.1690587e-07
lncRNA	ENST00000647872.1	LINC02693	7848	0	0	-1	0	4.0682977e-08	0	4.0682983e-08
lncRNA	ENST00000647872.1	LINC02693	7849	0	0	-1	0	1.0778216e-07	0	1.0778217e-07
lncRNA	ENST00000647872.1	LINC02693	7850	0	0	-1	0	1.1768502e-06	0	1.1768504e-06
lncRNA	ENST00000647872.1	LINC02693	7851	0	0	-1	0	2.3963266e-05	0	2.396327e-05
lncRNA	ENST00000647872.1	LINC02693	7852	0	0	-1	0	1.4702214e-06	0	1.4702216e-06
lncRNA	ENST00000647872.1	LINC02693	7853	0	0	-1	0	7.9678017e-08	0	7.967803e-08
lncRNA	ENST00000647872.1	LINC02693	7854	0	0	-1	0	3.8861327e-07	0	3.8861333e-07
lncRNA	ENST00000647872.1	LINC02693	7855	0	0	-1	0	1.9887902e-06	0	1.9887906e-06
lncRNA	ENST00000647872.1	LINC02693	7856	0	0	-1	0	3.405178e-07	0	3.4051785e-07
lncRNA	ENST00000647872.1	LINC02693	7857	0	0	-1	0	3.3977756e-07	0	3.3977761e-07
lncRNA	ENST00000647872.1	LINC02693	7858	0	0	-1	0	1.8172956e-07	0	1.8172959e-07
lncRNA	ENST00000647872.1	LINC02693	7859	0	0	-1	0	2.3996105e-07	0	2.3996109e-07
lncRNA	ENST00000647872.1	LINC02693	7860	0	0	-1	0	1.3538754e-07	0	1.3538756e-07
lncRNA	ENST00000647872.1	LINC02693	7861	0	0	-1	0	3.3637866e-07	0	3.3637871e-07
lncRNA	ENST00000647872.1	LINC02693	7862	0	0	-1	0	1.7936449e-07	0	1.7936452e-07
lncRNA	ENST00000647872.1	LINC02693	7863	0	0	-1	0	2.6764559e-07	0	2.6764563e-07
lncRNA	ENST00000647872.1	LINC02693	7864	0	0	-1	0	1.6859909e-07	0	1.6859911e-07
lncRNA	ENST00000647872.1	LINC02693	7865	0	0	-1	0	1.0372251e-07	0	1.0372252e-07
lncRNA	ENST00000647872.1	LINC02693	7866	0	0	-1	0	1.9271687e-07	0	1.927169e-07
lncRNA	ENST00000647872.1	LINC02693	7867	0	0	-1	0	5.6689493e-07	0	5.6689501e-07
lncRNA	ENST00000647872.1	LINC02693	7868	0	0	-1	0	2.8992176e-07	0	2.899218e-07
lncRNA	ENST00000647872.1	LINC02693	7869	0	0	-1	0	4.4328299e-08	0	4.4328306e-08
lncRNA	ENST00000647872.1	LINC02693	7870	0	0	-1	0	8.6119464e-08	0	8.6119477e-08
lncRNA	ENST00000647872.1	LINC02693	7871	0	0	-1	0	3.7843176e-08	0	3.7843182e-08
lncRNA	ENST00000647872.1	LINC02693	7872	0	0	-1	0	7.4747852e-08	0	7.4747864e-08
lncRNA	ENST00000647872.1	LINC02693	7873	0	0	-1	0	2.4284498e-07	0	2.4284501e-07
lncRNA	ENST00000647872.1	LINC02693	7874	0	0	-1	0	3.2678969e-08	0	3.2678974e-08
lncRNA	ENST00000647872.1	LINC02693	7875	0	0	-1	0	6.9862416e-08	0	6.9862427e-08
lncRNA	ENST00000647872.1	LINC02693	7876	0	0	-1	0	1.6420317e-06	0	1.642032e-06
lncRNA	ENST00000647872.1	LINC02693	7877	0	0	-1	0	3.1801935e-08	0	3.180194e-08
lncRNA	ENST00000647872.1	LINC02693	7878	0	0	-1	0	3.5381532e-08	0	3.5381538e-08
lncRNA	ENST00000647872.1	LINC02693	7879	0	0	-1	0	3.5360955e-08	0	3.5360961e-08
lncRNA	ENST00000647872.1	LINC02693	7880	0	0	-1	0	5.4201543e-08	0	5.4201551e-08
lncRNA	ENST00000647872.1	LINC02693	7881	0	0	-1	0	2.000799e-07	0	2.0007993e-07
lncRNA	ENST00000647872.1	LINC02693	7882	0	0	-1	0	5.2740029e-07	0	5.2740037e-07
lncRNA	ENST00000647872.1	LINC02693	7883	0	0	-1	0	2.2333033e-08	0	2.2333037e-08
lncRNA	ENST00000647872.1	LINC02693	7884	0	0	-1	0	1.9071912e-08	0	1.9071915e-08
lncRNA	ENST00000647872.1	LINC02693	7885	0	0	-1	0	1.5424872e-06	0	1.5424875e-06
lncRNA	ENST00000647872.1	LINC02693	7886	0	0	-1	0	7.090344e-07	0	7.0903451e-07
lncRNA	ENST00000647872.1	LINC02693	7887	0	0	-1	0	1.2436971e-07	0	1.2436973e-07
lncRNA	ENST00000647872.1	LINC02693	7888	0	0	-1	0	1.832272e-07	0	1.8322723e-07
lncRNA	ENST00000647872.1	LINC02693	7889	0	0	-1	0	6.7159033e-07	0	6.7159043e-07
lncRNA	ENST00000647872.1	LINC02693	7890	0	0	-1	0	2.8407905e-08	0	2.840791e-08
lncRNA	ENST00000647872.1	LINC02693	7891	0	0	-1	0	1.3207206e-07	0	1.3207208e-07
lncRNA	ENST00000647872.1	LINC02693	7892	0	0	-1	0	3.3644602e-07	0	3.3644607e-07
lncRNA	ENST00000647872.1	LINC02693	7893	0	0	-1	0	7.4229388e-07	0	7.4229399e-07
lncRNA	ENST00000647872.1	LINC02693	7894	0	0	-1	0	1.8755621e-07	0	1.8755624e-07
lncRNA	ENST00000647872.1	LINC02693	7895	0	0	-1	0	7.1461344e-08	0	7.1461355e-08
lncRNA	ENST00000647872.1	LINC02693	7896	0	0	-1	0	1.0741541e-07	0	1.0741543e-07
lncRNA	ENST00000647872.1	LINC02693	7897	0	0	-1	0	6.3976209e-08	0	6.3976219e-08
lncRNA	ENST00000647872.1	LINC02693	7898	0	0	-1	0	2.4530987e-08	0	2.4530991e-08
lncRNA	ENST00000647872.1	LINC02693	7899	0	0	-1	0	4.1738243e-08	0	4.173825e-08
lncRNA	ENST00000647872.1	LINC02693	7900	0	0	-1	0	1.4787187e-08	0	1.4787189e-08
lncRNA	ENST00000647872.1	LINC02693	7901	0	0	-1	0	2.287678e-08	0	2.2876783e-08
lncRNA	ENST00000647872.1	LINC02693	7902	0	0	-1	0	8.308616e-10	0	8.3086173e-10
lncRNA	ENST00000647872.1	LINC02693	7903	0	0	-1	0	6.9729253e-09	0	6.9729264e-09
lncRNA	ENST00000647872.1	LINC02693	7904	0	0	-1	0	5.0789577e-09	0	5.0789585e-09
lncRNA	ENST00000647872.1	LINC02693	7905	0	0	-1	0	6.6184475e-10	0	6.6184485e-10
lncRNA	ENST00000647872.1	LINC02693	7906	0	0	-1	0	2.1450028e-09	0	2.1450032e-09
lncRNA	ENST00000647872.1	LINC02693	7907	0	0	-1	0	4.2087869e-10	0	4.2087876e-10
lncRNA	ENST00000647872.1	LINC02693	7908	0	0	-1	0	2.2027498e-09	0	2.2027501e-09
lncRNA	ENST00000647872.1	LINC02693	7909	0	0	-1	0	7.5035507e-09	0	7.5035519e-09
lncRNA	ENST00000647872.1	LINC02693	7910	0	0	-1	0	5.5110534e-09	0	5.5110543e-09
lncRNA	ENST00000647872.1	LINC02693	7911	0	0	-1	0	9.482898e-09	0	9.4828995e-09
lncRNA	ENST00000647872.1	LINC02693	7912	0	0	-1	0	7.1516162e-08	0	7.1516173e-08
lncRNA	ENST00000647872.1	LINC02693	7913	0	0	-1	0	1.1315721e-07	0	1.1315722e-07
