tissue	anchor	offset_nt	psites	n_tx	psites_norm
Fibroblast	start	-50	99282	60411	150.588890
Fibroblast	start	-49	135095	60609	154.258669
Fibroblast	start	-48	189443	60855	157.209790
Fibroblast	start	-47	107689	61042	153.974256
Fibroblast	start	-46	126691	61219	157.570300
Fibroblast	start	-45	183155	61408	145.449470
Fibroblast	start	-44	154441	61615	145.630116
Fibroblast	start	-43	111420	61807	132.688312
Fibroblast	start	-42	204563	62046	141.844353
Fibroblast	start	-41	161211	62268	151.360444
Fibroblast	start	-40	145655	62524	144.544686
Fibroblast	start	-39	178290	62741	146.147988
Fibroblast	start	-38	100332	62960	138.499417
Fibroblast	start	-37	120869	63199	130.403829
Fibroblast	start	-36	224118	63456	156.181048
Fibroblast	start	-35	147130	63701	133.712237
Fibroblast	start	-34	128607	63909	131.670878
Fibroblast	start	-33	193548	64160	147.426341
Fibroblast	start	-32	114921	64386	136.005385
Fibroblast	start	-31	133836	64652	138.259378
Fibroblast	start	-30	206024	64947	148.239935
Fibroblast	start	-29	122451	65224	131.188606
Fibroblast	start	-28	218212	65468	156.683853
Fibroblast	start	-27	269646	65731	152.066450
Fibroblast	start	-26	124451	66047	129.897329
Fibroblast	start	-25	170484	66294	164.136130
Fibroblast	start	-24	213220	66565	151.751033
Fibroblast	start	-23	152396	66820	138.461151
Fibroblast	start	-22	132158	67079	153.204276
Fibroblast	start	-21	186579	67368	153.741912
Fibroblast	start	-20	154289	67610	131.998898
Fibroblast	start	-19	156902	67832	129.313118
Fibroblast	start	-18	253984	68020	163.753772
Fibroblast	start	-17	284247	68233	142.023108
Fibroblast	start	-16	145229	68458	119.959832
Fibroblast	start	-15	208895	68683	136.237891
Fibroblast	start	-14	188143	68866	136.966593
Fibroblast	start	-13	227570	69077	155.686821
Fibroblast	start	-12	300202	69263	158.791908
Fibroblast	start	-11	169274	69448	149.417319
Fibroblast	start	-10	226429	69590	129.248185
Fibroblast	start	-9	239260	69764	129.740390
Fibroblast	start	-8	125849	69882	109.068245
Fibroblast	start	-7	82843	69986	81.850014
Fibroblast	start	-6	152440	70096	92.881926
Fibroblast	start	-5	180801	70186	126.636959
Fibroblast	start	-4	77556	70278	62.265847
Fibroblast	start	-3	184229	70332	104.654731
Fibroblast	start	-2	189001	70374	168.795450
Fibroblast	start	-1	952325	70414	433.358436
Fibroblast	start	0	13269164	71116	3666.688315
Fibroblast	start	1	902044	71116	338.306282
Fibroblast	start	2	560585	71116	230.444263
Fibroblast	start	3	3864594	71115	1244.289374
Fibroblast	start	4	306888	71115	156.514608
Fibroblast	start	5	210408	71115	130.679748
Fibroblast	start	6	1819228	71112	633.873336
Fibroblast	start	7	190293	71111	100.729729
Fibroblast	start	8	298172	71109	176.739467
Fibroblast	start	9	2060172	71108	801.430809
Fibroblast	start	10	148857	71103	91.614391
Fibroblast	start	11	311889	71100	162.780651
Fibroblast	start	12	2440807	71098	818.540399
Fibroblast	start	13	217486	71097	122.785659
Fibroblast	start	14	328916	71094	173.084989
Fibroblast	start	15	2123298	71090	743.397724
Fibroblast	start	16	257940	71085	129.697829
Fibroblast	start	17	311073	71085	150.319893
Fibroblast	start	18	1667910	71083	721.752840
Fibroblast	start	19	196684	71081	114.476262
Fibroblast	start	20	243398	71078	133.512697
Fibroblast	start	21	1994079	71077	706.237954
Fibroblast	start	22	237325	71076	121.617217
Fibroblast	start	23	315734	71074	130.679727
Fibroblast	start	24	1976453	71073	680.357129
Fibroblast	start	25	268208	71072	120.988835
Fibroblast	start	26	360206	71070	133.928538
Fibroblast	start	27	2174239	71065	669.440258
Fibroblast	start	28	247333	71063	112.980955
Fibroblast	start	29	324212	71061	141.980185
Fibroblast	start	30	2094579	71058	730.983275
Fibroblast	start	31	227989	71054	124.668069
Fibroblast	start	32	324477	71052	136.021823
Fibroblast	start	33	2421697	71050	724.559094
Fibroblast	start	34	371884	71049	118.476157
Fibroblast	start	35	361981	71046	136.582812
Fibroblast	start	36	3212398	71045	713.878397
Fibroblast	start	37	281112	71045	118.360944
Fibroblast	start	38	350534	71042	139.513546
Fibroblast	start	39	2279079	71039	720.703513
Fibroblast	start	40	255112	71035	116.296950
Fibroblast	start	41	413400	71031	148.457686
Fibroblast	start	42	2082660	71026	688.064264
Fibroblast	start	43	211566	71024	109.147712
Fibroblast	start	44	279551	71021	139.768400
Fibroblast	start	45	2389692	71018	743.124350
Fibroblast	start	46	238185	71014	118.419914
Fibroblast	start	47	323069	71013	143.358746
Fibroblast	start	48	2115457	71011	739.998068
Fibroblast	start	49	229729	71007	117.095169
Fibroblast	start	50	323218	71006	147.750344
Fibroblast	start	51	2481088	71004	737.319017
Fibroblast	start	52	226627	70996	116.994447
Fibroblast	start	53	271298	70994	134.460395
Fibroblast	start	54	2008528	70992	725.625964
Fibroblast	start	55	189129	70991	113.632451
Fibroblast	start	56	293127	70989	133.520088
Fibroblast	start	57	2509057	70988	767.162394
Fibroblast	start	58	316020	70984	117.748315
Fibroblast	start	59	430738	70981	143.014734
Fibroblast	start	60	3113525	70980	784.571758
Fibroblast	start	61	240038	70980	118.257540
Fibroblast	start	62	353462	70978	147.594837
Fibroblast	start	63	2598625	70973	773.254042
Fibroblast	start	64	261406	70970	123.216193
Fibroblast	start	65	305486	70966	145.457838
Fibroblast	start	66	2328872	70960	786.630990
Fibroblast	start	67	254317	70953	124.525302
Fibroblast	start	68	349797	70951	147.603938
Fibroblast	start	69	2644437	70947	794.105330
Fibroblast	start	70	265486	70943	124.998874
Fibroblast	start	71	351589	70940	135.751778
Fibroblast	start	72	2589339	70938	806.104071
Fibroblast	start	73	277549	70931	125.799990
Fibroblast	start	74	338595	70926	146.171056
Fibroblast	start	75	2357357	70920	823.144204
Fibroblast	start	76	268888	70917	128.822222
Fibroblast	start	77	345389	70912	141.418506
Fibroblast	start	78	2263647	70910	784.678627
Fibroblast	start	79	291871	70904	116.653437
Fibroblast	start	80	301803	70902	141.965184
Fibroblast	start	81	2148545	70901	806.238527
Fibroblast	start	82	244326	70898	130.157135
Fibroblast	start	83	334794	70898	145.134329
Fibroblast	start	84	2296678	70892	802.389632
Fibroblast	start	85	280899	70888	128.476139
Fibroblast	start	86	387324	70887	140.045999
Fibroblast	start	87	2523273	70881	794.791004
Fibroblast	start	88	258581	70880	126.837445
Fibroblast	start	89	339032	70876	132.168829
Fibroblast	start	90	2868900	70871	810.910590
Fibroblast	start	91	274874	70867	134.491083
Fibroblast	start	92	333082	70865	148.386415
Fibroblast	start	93	2289951	70860	799.094973
Fibroblast	start	94	286094	70851	132.167855
Fibroblast	start	95	324533	70848	151.134385
Fibroblast	start	96	2606451	70845	808.130470
Fibroblast	start	97	281787	70843	132.689563
Fibroblast	start	98	298605	70838	153.289677
Fibroblast	start	99	2146438	70832	785.683316
Fibroblast	start	100	266976	70828	126.277148
Fibroblast	start	101	337908	70826	151.977816
Fibroblast	start	102	2001276	70821	804.939501
Fibroblast	start	103	228724	70818	128.795011
Fibroblast	start	104	298072	70816	160.665535
Fibroblast	start	105	2062078	70809	856.545579
Fibroblast	start	106	236198	70806	128.094805
Fibroblast	start	107	323322	70801	152.263695
Fibroblast	start	108	2752330	70794	828.170885
Fibroblast	start	109	257573	70790	122.867974
Fibroblast	start	110	378959	70786	136.687072
Fibroblast	start	111	2739792	70782	868.047189
Fibroblast	start	112	243425	70776	129.817207
Fibroblast	start	113	348741	70775	139.305365
Fibroblast	start	114	2271822	70774	824.941983
Fibroblast	start	115	258278	70769	129.234720
Fibroblast	start	116	295253	70761	141.821791
Fibroblast	start	117	2081073	70757	792.803484
Fibroblast	start	118	260342	70754	147.070723
Fibroblast	start	119	325812	70751	138.078737
Fibroblast	start	120	2394688	70743	790.812058
Fibroblast	start	121	347866	70740	132.901934
Fibroblast	start	122	506385	70735	144.890890
Fibroblast	start	123	2509781	70733	831.507505
Fibroblast	start	124	271851	70732	135.486754
Fibroblast	start	125	392402	70728	153.532405
Fibroblast	start	126	2208775	70723	843.372888
Fibroblast	start	127	250338	70722	140.977552
Fibroblast	start	128	312986	70719	151.266794
Fibroblast	start	129	2632202	70709	860.322089
Fibroblast	start	130	315836	70705	137.599017
Fibroblast	start	131	343113	70702	148.349363
Fibroblast	start	132	2850019	70696	874.997677
Fibroblast	start	133	253699	70691	126.121465
Fibroblast	start	134	331927	70683	151.125813
Fibroblast	start	135	2326679	70678	854.398914
Fibroblast	start	136	257992	70671	127.372120
Fibroblast	start	137	415100	70666	142.832462
Fibroblast	start	138	2287350	70662	836.141231
Fibroblast	start	139	237027	70660	130.385076
Fibroblast	start	140	292236	70651	140.046149
Fibroblast	start	141	2148428	70642	829.618956
Fibroblast	start	142	266069	70639	131.711532
Fibroblast	start	143	345318	70633	159.662083
Fibroblast	start	144	2585646	70623	907.443547
Fibroblast	start	145	275992	70619	132.287058
Fibroblast	start	146	334020	70609	150.762710
Fibroblast	start	147	2495428	70604	911.783897
Fibroblast	start	148	272904	70601	141.560626
Fibroblast	start	149	436018	70596	173.767864
Fibroblast	start	150	2588407	70592	971.589263
Fibroblast	stop	-150	2796149	71049	1051.753256
Fibroblast	stop	-149	294413	71050	142.337373
Fibroblast	stop	-148	330156	71050	161.259307
Fibroblast	stop	-147	2098709	71052	951.840479
Fibroblast	stop	-146	245176	71053	133.909379
Fibroblast	stop	-145	274746	71053	155.196004
Fibroblast	stop	-144	2245824	71055	915.157854
Fibroblast	stop	-143	288088	71057	123.509723
Fibroblast	stop	-142	275624	71059	159.270533
Fibroblast	stop	-141	1909443	71061	870.946158
Fibroblast	stop	-140	235057	71061	119.027982
Fibroblast	stop	-139	323219	71061	154.547494
Fibroblast	stop	-138	1854225	71062	887.765118
Fibroblast	stop	-137	253816	71063	121.184892
Fibroblast	stop	-136	353073	71064	168.995210
Fibroblast	stop	-135	2354130	71064	876.565913
Fibroblast	stop	-134	333700	71064	126.092577
Fibroblast	stop	-133	317804	71067	170.187485
Fibroblast	stop	-132	1924636	71069	886.327093
Fibroblast	stop	-131	227204	71070	119.898115
Fibroblast	stop	-130	261844	71070	152.011611
Fibroblast	stop	-129	1910224	71072	871.172145
Fibroblast	stop	-128	255587	71074	122.721857
Fibroblast	stop	-127	335658	71075	151.738351
Fibroblast	stop	-126	1941315	71076	845.771481
Fibroblast	stop	-125	252835	71077	118.459891
Fibroblast	stop	-124	320002	71077	151.913105
Fibroblast	stop	-123	2224303	71082	865.379913
Fibroblast	stop	-122	256078	71082	122.538691
Fibroblast	stop	-121	377205	71083	158.717392
Fibroblast	stop	-120	2043830	71083	879.365222
Fibroblast	stop	-119	254952	71084	113.927186
Fibroblast	stop	-118	310777	71084	153.311763
Fibroblast	stop	-117	2024935	71084	867.135550
Fibroblast	stop	-116	252312	71085	123.246244
Fibroblast	stop	-115	292612	71086	147.582222
Fibroblast	stop	-114	2069965	71087	861.562020
Fibroblast	stop	-113	230849	71088	116.638918
Fibroblast	stop	-112	293412	71089	146.495693
Fibroblast	stop	-111	2067003	71090	849.327446
Fibroblast	stop	-110	225019	71090	117.436506
Fibroblast	stop	-109	382728	71091	152.948078
Fibroblast	stop	-108	1992951	71091	895.608779
Fibroblast	stop	-107	231831	71092	118.578244
Fibroblast	stop	-106	326578	71093	146.422285
Fibroblast	stop	-105	1861471	71095	822.918218
Fibroblast	stop	-104	248568	71095	122.146673
Fibroblast	stop	-103	339041	71096	162.552073
Fibroblast	stop	-102	2063027	71096	841.497048
Fibroblast	stop	-101	241837	71097	116.042818
Fibroblast	stop	-100	348186	71098	156.962293
Fibroblast	stop	-99	2112696	71099	868.106503
Fibroblast	stop	-98	225631	71099	112.136333
Fibroblast	stop	-97	359050	71100	151.365544
Fibroblast	stop	-96	1920651	71101	857.738057
Fibroblast	stop	-95	249932	71102	110.734132
Fibroblast	stop	-94	342464	71103	154.562737
Fibroblast	stop	-93	2056154	71106	869.634023
Fibroblast	stop	-92	236641	71107	121.416234
Fibroblast	stop	-91	298063	71107	143.682629
Fibroblast	stop	-90	2292523	71107	842.257097
Fibroblast	stop	-89	342849	71107	122.780225
Fibroblast	stop	-88	426640	71107	149.494223
Fibroblast	stop	-87	2663786	71107	867.214720
Fibroblast	stop	-86	276814	71107	115.265758
Fibroblast	stop	-85	316753	71107	165.061662
Fibroblast	stop	-84	2428261	71109	851.903099
Fibroblast	stop	-83	264258	71109	117.121751
Fibroblast	stop	-82	380548	71109	153.209171
Fibroblast	stop	-81	2274056	71110	868.484168
Fibroblast	stop	-80	263472	71110	108.668953
Fibroblast	stop	-79	365047	71110	140.958362
Fibroblast	stop	-78	2343361	71110	871.883516
Fibroblast	stop	-77	305658	71110	118.793473
Fibroblast	stop	-76	407531	71110	151.497361
Fibroblast	stop	-75	2349173	71111	836.109874
Fibroblast	stop	-74	247360	71112	111.794634
Fibroblast	stop	-73	298079	71113	155.743647
Fibroblast	stop	-72	2015990	71114	843.904684
Fibroblast	stop	-71	233125	71114	117.329408
Fibroblast	stop	-70	341027	71114	152.898547
Fibroblast	stop	-69	2001238	71114	880.907021
Fibroblast	stop	-68	266802	71114	113.756590
Fibroblast	stop	-67	327257	71114	154.866518
Fibroblast	stop	-66	2336160	71115	911.042004
Fibroblast	stop	-65	274536	71115	121.661840
Fibroblast	stop	-64	393482	71115	162.617126
Fibroblast	stop	-63	1888687	71116	910.986391
Fibroblast	stop	-62	266101	71116	120.081374
Fibroblast	stop	-61	318961	71116	147.699606
Fibroblast	stop	-60	2334502	71116	835.364264
Fibroblast	stop	-59	319994	71116	123.937560
Fibroblast	stop	-58	332777	71116	142.000122
Fibroblast	stop	-57	2176786	71116	826.849626
Fibroblast	stop	-56	241347	71116	108.850269
Fibroblast	stop	-55	296540	71116	147.131387
Fibroblast	stop	-54	2391173	71116	853.348974
Fibroblast	stop	-53	269247	71116	110.083046
Fibroblast	stop	-52	347800	71116	155.785325
Fibroblast	stop	-51	1914563	71116	844.238399
Fibroblast	stop	-50	231149	71116	112.266238
Fibroblast	stop	-49	309720	71116	156.241808
Fibroblast	stop	-48	1774515	71116	827.383099
Fibroblast	stop	-47	196518	71116	116.288289
Fibroblast	stop	-46	287679	71116	145.750116
Fibroblast	stop	-45	1963870	71116	826.002163
Fibroblast	stop	-44	260043	71116	113.953661
Fibroblast	stop	-43	358341	71116	148.425770
Fibroblast	stop	-42	2245893	71116	818.922524
Fibroblast	stop	-41	232516	71116	116.206527
Fibroblast	stop	-40	315516	71116	147.327779
Fibroblast	stop	-39	1963218	71116	846.794789
Fibroblast	stop	-38	222215	71116	111.231246
Fibroblast	stop	-37	377638	71116	156.903608
Fibroblast	stop	-36	2643145	71116	897.164275
Fibroblast	stop	-35	292915	71116	122.732780
Fibroblast	stop	-34	374044	71116	176.050248
Fibroblast	stop	-33	2480424	71116	1011.152092
Fibroblast	stop	-32	321787	71116	129.923233
Fibroblast	stop	-31	457027	71116	171.704613
Fibroblast	stop	-30	3810994	71116	970.715581
Fibroblast	stop	-29	412014	71116	139.270299
Fibroblast	stop	-28	418333	71116	171.009609
Fibroblast	stop	-27	2073512	71116	870.350274
Fibroblast	stop	-26	246807	71116	114.647766
Fibroblast	stop	-25	318141	71116	162.155925
Fibroblast	stop	-24	1843088	71116	807.363173
Fibroblast	stop	-23	241774	71116	118.336097
Fibroblast	stop	-22	323909	71116	155.758800
Fibroblast	stop	-21	2338817	71116	841.078902
Fibroblast	stop	-20	243488	71116	124.095363
Fibroblast	stop	-19	353639	71116	143.184838
Fibroblast	stop	-18	1764281	71116	791.060197
Fibroblast	stop	-17	224110	71116	140.724200
Fibroblast	stop	-16	333188	71116	154.974040
Fibroblast	stop	-15	2587217	71116	775.763714
Fibroblast	stop	-14	266675	71116	114.240433
Fibroblast	stop	-13	258752	71116	118.179617
Fibroblast	stop	-12	1472636	71116	608.996619
Fibroblast	stop	-11	178891	71116	73.242700
Fibroblast	stop	-10	386351	71116	136.058207
Fibroblast	stop	-9	3285990	71116	1124.711422
Fibroblast	stop	-8	373706	71116	137.842519
Fibroblast	stop	-7	337330	71116	152.354356
Fibroblast	stop	-6	1970873	71116	765.190585
Fibroblast	stop	-5	157432	71116	87.112883
Fibroblast	stop	-4	205685	71116	109.609131
Fibroblast	stop	-3	1582025	71116	777.944405
Fibroblast	stop	-2	162834	71116	96.833884
Fibroblast	stop	-1	513319	71116	259.515703
Fibroblast	stop	0	10991734	71116	4783.835893
Fibroblast	stop	1	1593584	71116	609.380814
Fibroblast	stop	2	466518	71116	195.217788
Fibroblast	stop	3	474315	66242	165.357054
Fibroblast	stop	4	102491	66242	59.954685
Fibroblast	stop	5	62838	66241	37.110470
Fibroblast	stop	6	62429	65719	20.404223
Fibroblast	stop	7	76079	65691	36.651530
Fibroblast	stop	8	46041	65664	27.336227
Fibroblast	stop	9	28402	65655	16.906210
Fibroblast	stop	10	35173	65624	25.188298
Fibroblast	stop	11	35625	65617	32.152115
Fibroblast	stop	12	17747	65596	12.390260
Fibroblast	stop	13	28021	65574	23.300605
Fibroblast	stop	14	43864	65555	31.955022
Fibroblast	stop	15	20210	65538	15.503792
Fibroblast	stop	16	25029	65525	20.345825
Fibroblast	stop	17	22807	65510	21.024627
Fibroblast	stop	18	16454	65492	19.713227
Fibroblast	stop	19	23169	65476	26.860992
Fibroblast	stop	20	24457	65452	24.429056
Fibroblast	stop	21	16958	65414	15.475833
Fibroblast	stop	22	21526	65384	26.640037
Fibroblast	stop	23	23738	65347	18.839581
Fibroblast	stop	24	14823	65292	15.550596
Fibroblast	stop	25	23226	65243	24.047292
Fibroblast	stop	26	24651	65208	44.933940
Fibroblast	stop	27	17113	65176	16.829407
Fibroblast	stop	28	25957	65148	21.033888
Fibroblast	stop	29	20139	65116	18.862159
Fibroblast	stop	30	11521	65095	16.134542
Fibroblast	stop	31	21085	65072	22.921211
Fibroblast	stop	32	27017	65029	22.496074
Fibroblast	stop	33	11054	65002	9.732694
Fibroblast	stop	34	23925	64974	22.523847
Fibroblast	stop	35	29686	64944	24.391413
Fibroblast	stop	36	18901	64905	32.113573
Fibroblast	stop	37	28652	64871	20.245085
Fibroblast	stop	38	25927	64812	20.009066
Fibroblast	stop	39	20518	64778	28.072009
Fibroblast	stop	40	29812	64738	28.055390
Fibroblast	stop	41	23795	64673	34.840982
Fibroblast	stop	42	22213	64633	14.352356
Fibroblast	stop	43	40311	64568	26.041340
Fibroblast	stop	44	22977	64502	32.059086
Fibroblast	stop	45	79123	64445	27.069309
Fibroblast	stop	46	30141	64400	27.557189
Fibroblast	stop	47	26179	64325	26.993203
Fibroblast	stop	48	15005	64275	13.709897
Fibroblast	stop	49	25349	64216	32.737531
Fibroblast	stop	50	24869	64142	27.107025
ES	start	-50	37750	60411	128.078877
ES	start	-49	38770	60609	136.616042
ES	start	-48	78555	60855	164.431050
ES	start	-47	43224	61042	116.063263
ES	start	-46	48160	61219	134.975007
ES	start	-45	87220	61408	147.883104
ES	start	-44	59612	61615	120.052925
ES	start	-43	43871	61807	122.594643
ES	start	-42	70682	62046	132.553231
ES	start	-41	48996	62268	144.026031
ES	start	-40	41507	62524	115.641561
ES	start	-39	84454	62741	126.312499
ES	start	-38	39457	62960	121.386618
ES	start	-37	38805	63199	115.563121
ES	start	-36	108797	63456	157.530910
ES	start	-35	42637	63701	126.764175
ES	start	-34	51374	63909	122.741355
ES	start	-33	90414	64160	127.916913
ES	start	-32	44549	64386	124.906849
ES	start	-31	54701	64652	130.197921
ES	start	-30	87957	64947	128.760321
ES	start	-29	44141	65224	117.130548
ES	start	-28	73472	65468	137.466785
ES	start	-27	251716	65731	147.261386
ES	start	-26	50936	66047	125.861503
ES	start	-25	64769	66294	127.056938
ES	start	-24	129294	66565	136.955551
ES	start	-23	63199	66820	127.833928
ES	start	-22	60501	67079	141.746660
ES	start	-21	121886	67368	156.100301
ES	start	-20	65670	67610	126.847253
ES	start	-19	57134	67832	108.937825
ES	start	-18	130992	68020	127.807055
ES	start	-17	61047	68233	128.275511
ES	start	-16	74002	68458	133.880928
ES	start	-15	90265	68683	112.008857
ES	start	-14	53790	68866	115.649252
ES	start	-13	84504	69077	154.772360
ES	start	-12	115166	69263	149.274466
ES	start	-11	68824	69448	178.063590
ES	start	-10	71339	69590	132.516777
ES	start	-9	103661	69764	134.297418
ES	start	-8	56128	69882	130.738050
ES	start	-7	51954	69986	114.986610
ES	start	-6	105860	70096	128.647306
ES	start	-5	84499	70186	166.978841
ES	start	-4	52676	70278	108.963397
ES	start	-3	123083	70332	136.575786
ES	start	-2	106165	70374	186.572955
ES	start	-1	120294	70414	188.591815
ES	start	0	3119833	71116	1864.864033
ES	start	1	174855	71116	205.285974
ES	start	2	94768	71116	154.199332
ES	start	3	1359154	71115	950.908677
ES	start	4	93009	71115	118.647819
ES	start	5	81967	71115	140.130400
ES	start	6	872907	71112	670.829444
ES	start	7	64203	71111	117.787181
ES	start	8	69012	71109	146.888400
ES	start	9	1521832	71108	1178.639471
ES	start	10	79574	71103	102.861516
ES	start	11	53691	71100	98.350269
ES	start	12	1751011	71098	1266.619214
ES	start	13	107352	71097	129.818348
ES	start	14	51301	71094	69.049519
ES	start	15	1168983	71090	751.046793
ES	start	16	116628	71085	107.646136
ES	start	17	71469	71085	107.480083
ES	start	18	972752	71083	662.625931
ES	start	19	108408	71081	108.074123
ES	start	20	64585	71078	96.385276
ES	start	21	1023375	71077	701.415960
ES	start	22	102084	71076	118.614552
ES	start	23	57216	71074	91.920986
ES	start	24	1014778	71073	745.203533
ES	start	25	100836	71072	114.701959
ES	start	26	54260	71070	73.913521
ES	start	27	856255	71065	657.200157
ES	start	28	94523	71063	98.850060
ES	start	29	62534	71061	79.649906
ES	start	30	990118	71058	707.987773
ES	start	31	101315	71054	119.410302
ES	start	32	63218	71052	86.763711
ES	start	33	982022	71050	699.178299
ES	start	34	90741	71049	109.252129
ES	start	35	51425	71046	94.011669
ES	start	36	881851	71045	675.543149
ES	start	37	95864	71045	123.141452
ES	start	38	52459	71042	76.181650
ES	start	39	974252	71039	695.443114
ES	start	40	107539	71035	115.983598
ES	start	41	60174	71031	89.862833
ES	start	42	850437	71026	723.412798
ES	start	43	80362	71024	114.995209
ES	start	44	50748	71021	81.634517
ES	start	45	919211	71018	737.947470
ES	start	46	85911	71014	104.863370
ES	start	47	57365	71013	98.231223
ES	start	48	879937	71011	729.452475
ES	start	49	76368	71007	106.468174
ES	start	50	47295	71006	83.825458
ES	start	51	1064133	71004	772.817113
ES	start	52	72703	70996	110.573005
ES	start	53	42252	70994	86.755691
ES	start	54	920301	70992	763.313785
ES	start	55	81704	70991	114.538585
ES	start	56	50021	70989	86.353600
ES	start	57	1063821	70988	788.878962
ES	start	58	101536	70984	117.533218
ES	start	59	51863	70981	102.408574
ES	start	60	1367269	70980	830.877532
ES	start	61	91258	70980	118.494308
ES	start	62	63585	70978	82.367184
ES	start	63	1034390	70973	871.214642
ES	start	64	86613	70970	129.038818
ES	start	65	48333	70966	106.115693
ES	start	66	932344	70960	823.046753
ES	start	67	92394	70953	105.681392
ES	start	68	57934	70951	73.824104
ES	start	69	1170761	70947	885.352644
ES	start	70	96715	70943	108.171013
ES	start	71	54075	70940	87.722668
ES	start	72	1016475	70938	860.845367
ES	start	73	83571	70931	122.336927
ES	start	74	50796	70926	100.422703
ES	start	75	1035142	70920	869.880419
ES	start	76	90514	70917	117.106208
ES	start	77	47976	70912	75.507584
ES	start	78	1060177	70910	890.505877
ES	start	79	107073	70904	126.937570
ES	start	80	50377	70902	95.340235
ES	start	81	976002	70901	889.482075
ES	start	82	91330	70898	113.935069
ES	start	83	63879	70898	92.665039
ES	start	84	1139079	70892	890.027541
ES	start	85	95565	70888	121.205044
ES	start	86	49772	70887	98.606572
ES	start	87	1188652	70881	884.502469
ES	start	88	83878	70880	123.500243
ES	start	89	59895	70876	78.433170
ES	start	90	1343939	70871	901.957794
ES	start	91	114162	70867	151.143092
ES	start	92	61169	70865	99.091814
ES	start	93	1115904	70860	921.344209
ES	start	94	101363	70851	141.386925
ES	start	95	63105	70848	82.546626
ES	start	96	1157596	70845	895.424271
ES	start	97	109123	70843	118.010915
ES	start	98	50378	70838	81.635163
ES	start	99	1080923	70832	882.490576
ES	start	100	102716	70828	135.181544
ES	start	101	53174	70826	99.283281
ES	start	102	1151308	70821	933.374509
ES	start	103	94591	70818	124.183172
ES	start	104	51388	70816	79.276954
ES	start	105	1119421	70809	952.351569
ES	start	106	102784	70806	143.468621
ES	start	107	48538	70801	76.089432
ES	start	108	1090848	70794	937.041789
ES	start	109	100259	70790	137.784249
ES	start	110	64470	70786	85.343476
ES	start	111	1305975	70782	952.188970
ES	start	112	109081	70776	131.633184
ES	start	113	63883	70775	94.367175
ES	start	114	1199550	70774	976.046538
ES	start	115	98840	70769	129.413272
ES	start	116	54571	70761	75.488408
ES	start	117	1052059	70757	949.620737
ES	start	118	113579	70754	140.005925
ES	start	119	58743	70751	75.473725
ES	start	120	1104166	70743	936.735493
ES	start	121	96052	70740	127.634647
ES	start	122	54143	70735	93.000308
ES	start	123	1294879	70733	964.828389
ES	start	124	93749	70732	132.993269
ES	start	125	46852	70728	86.094152
ES	start	126	1377000	70723	1022.693887
ES	start	127	95069	70722	128.076253
ES	start	128	47853	70719	71.312023
ES	start	129	1307735	70709	969.649138
ES	start	130	112286	70705	154.337441
ES	start	131	53172	70702	77.083193
ES	start	132	1568793	70696	994.578036
ES	start	133	137015	70691	139.012365
ES	start	134	60671	70683	87.164293
ES	start	135	1215686	70678	990.900058
ES	start	136	94412	70671	123.781665
ES	start	137	54657	70666	84.170887
ES	start	138	1153170	70662	987.875257
ES	start	139	94283	70660	132.709574
ES	start	140	50542	70651	87.145531
ES	start	141	1200865	70642	961.093297
ES	start	142	85321	70639	134.088561
ES	start	143	48607	70633	83.435065
ES	start	144	1270561	70623	1137.666666
ES	start	145	107332	70619	158.358904
ES	start	146	53340	70609	106.102920
ES	start	147	1265575	70604	1078.744443
ES	start	148	98353	70601	170.998745
ES	start	149	51135	70596	102.707490
ES	start	150	1222936	70592	1185.065732
ES	stop	-150	1227772	71049	1125.449831
ES	stop	-149	108246	71050	133.373236
ES	stop	-148	67143	71050	94.394461
ES	stop	-147	1113575	71052	1062.803744
ES	stop	-146	99246	71053	123.894314
ES	stop	-145	59073	71053	83.165831
ES	stop	-144	1031343	71055	1019.290424
ES	stop	-143	114259	71057	128.033709
ES	stop	-142	61031	71059	82.599147
ES	stop	-141	995881	71061	982.077803
ES	stop	-140	100817	71061	113.784470
ES	stop	-139	68751	71061	89.012967
ES	stop	-138	1153155	71062	972.592005
ES	stop	-137	107027	71063	112.156194
ES	stop	-136	67574	71064	92.790238
ES	stop	-135	1024802	71064	929.345533
ES	stop	-134	100995	71064	125.021528
ES	stop	-133	57927	71067	78.864085
ES	stop	-132	1099572	71069	978.642366
ES	stop	-131	100591	71070	110.543905
ES	stop	-130	66741	71070	77.013005
ES	stop	-129	1156023	71072	1002.804699
ES	stop	-128	105121	71074	112.218014
ES	stop	-127	70241	71075	86.284431
ES	stop	-126	1175778	71076	999.643401
ES	stop	-125	115305	71077	112.087147
ES	stop	-124	71635	71077	77.459842
ES	stop	-123	1151181	71082	964.638249
ES	stop	-122	107941	71082	114.555187
ES	stop	-121	63695	71083	82.764427
ES	stop	-120	1086303	71083	950.812221
ES	stop	-119	101801	71084	107.060392
ES	stop	-118	71730	71084	72.854647
ES	stop	-117	1172352	71084	988.927539
ES	stop	-116	115856	71085	108.680112
ES	stop	-115	71844	71086	78.387031
ES	stop	-114	1151345	71087	924.962243
ES	stop	-113	105410	71088	109.958789
ES	stop	-112	71712	71089	76.243440
ES	stop	-111	1088379	71090	944.402413
ES	stop	-110	96542	71090	120.411940
ES	stop	-109	67407	71091	76.597989
ES	stop	-108	1318185	71091	922.295370
ES	stop	-107	113604	71092	111.770610
ES	stop	-106	82229	71093	80.745504
ES	stop	-105	1226304	71095	921.972322
ES	stop	-104	105938	71095	103.361518
ES	stop	-103	71243	71096	73.020394
ES	stop	-102	1188277	71096	944.619570
ES	stop	-101	115530	71097	118.025769
ES	stop	-100	89436	71098	86.799009
ES	stop	-99	1330341	71099	938.122445
ES	stop	-98	102184	71099	110.176652
ES	stop	-97	77104	71100	82.595274
ES	stop	-96	1098153	71101	899.912439
ES	stop	-95	102867	71102	138.862559
ES	stop	-94	79347	71103	90.702231
ES	stop	-93	1326640	71106	1010.999394
ES	stop	-92	105519	71107	105.926563
ES	stop	-91	63855	71107	78.049498
ES	stop	-90	1216945	71107	902.526751
ES	stop	-89	116846	71107	114.557412
ES	stop	-88	71544	71107	76.266525
ES	stop	-87	1141212	71107	925.760422
ES	stop	-86	119694	71107	107.622225
ES	stop	-85	74584	71107	77.572224
ES	stop	-84	993035	71109	929.860081
ES	stop	-83	98023	71109	109.542485
ES	stop	-82	91485	71109	73.345535
ES	stop	-81	1054028	71110	910.093329
ES	stop	-80	112922	71110	105.327949
ES	stop	-79	69950	71110	78.883611
ES	stop	-78	1124598	71110	919.330640
ES	stop	-77	102404	71110	110.510984
ES	stop	-76	61476	71110	65.269999
ES	stop	-75	1094584	71111	915.590753
ES	stop	-74	105201	71112	99.151536
ES	stop	-73	68958	71113	77.265187
ES	stop	-72	941605	71114	966.048463
ES	stop	-71	96051	71114	109.924188
ES	stop	-70	74831	71114	76.288100
ES	stop	-69	990163	71114	960.197339
ES	stop	-68	84676	71114	103.868028
ES	stop	-67	67216	71114	75.531037
ES	stop	-66	1014456	71115	980.180783
ES	stop	-65	106216	71115	112.743837
ES	stop	-64	70528	71115	73.717272
ES	stop	-63	948023	71116	919.715541
ES	stop	-62	93152	71116	103.058196
ES	stop	-61	72017	71116	68.861448
ES	stop	-60	1031826	71116	895.633960
ES	stop	-59	101994	71116	120.263388
ES	stop	-58	72376	71116	78.786555
ES	stop	-57	1085702	71116	901.758884
ES	stop	-56	87144	71116	119.228058
ES	stop	-55	62556	71116	70.490979
ES	stop	-54	961283	71116	897.816589
ES	stop	-53	96200	71116	106.679902
ES	stop	-52	76811	71116	80.339360
ES	stop	-51	1108950	71116	879.373696
ES	stop	-50	101335	71116	95.964932
ES	stop	-49	62861	71116	83.446364
ES	stop	-48	1201222	71116	925.120158
ES	stop	-47	115157	71116	109.249132
ES	stop	-46	86222	71116	75.196014
ES	stop	-45	1257563	71116	902.623837
ES	stop	-44	110426	71116	101.766232
ES	stop	-43	81655	71116	72.354030
ES	stop	-42	1015015	71116	923.182580
ES	stop	-41	92486	71116	104.077322
ES	stop	-40	84069	71116	74.498522
ES	stop	-39	1181862	71116	896.290786
ES	stop	-38	89815	71116	102.217175
ES	stop	-37	73905	71116	87.159108
ES	stop	-36	1146073	71116	923.090155
ES	stop	-35	96108	71116	111.701260
ES	stop	-34	76102	71116	83.665196
ES	stop	-33	1194637	71116	1055.937749
ES	stop	-32	101287	71116	110.306667
ES	stop	-31	74372	71116	74.577772
ES	stop	-30	1379560	71116	987.758405
ES	stop	-29	110590	71116	120.427290
ES	stop	-28	83194	71116	82.328481
ES	stop	-27	1255982	71116	905.060744
ES	stop	-26	99500	71116	112.849046
ES	stop	-25	77452	71116	85.018687
ES	stop	-24	1256439	71116	919.696755
ES	stop	-23	102314	71116	111.752557
ES	stop	-22	87792	71116	96.518261
ES	stop	-21	1251802	71116	962.571695
ES	stop	-20	104337	71116	109.815505
ES	stop	-19	81816	71116	85.991860
ES	stop	-18	1009868	71116	862.565819
ES	stop	-17	93847	71116	105.381913
ES	stop	-16	72964	71116	82.879183
ES	stop	-15	991495	71116	884.603270
ES	stop	-14	98573	71116	118.417238
ES	stop	-13	53013	71116	69.015778
ES	stop	-12	828895	71116	744.896871
ES	stop	-11	72766	71116	60.761490
ES	stop	-10	42935	71116	51.919007
ES	stop	-9	1656339	71116	1364.369672
ES	stop	-8	135765	71116	131.152923
ES	stop	-7	69357	71116	71.261752
ES	stop	-6	1203967	71116	1091.783613
ES	stop	-5	85251	71116	83.821462
ES	stop	-4	40810	71116	45.058035
ES	stop	-3	1036332	71116	934.295044
ES	stop	-2	87521	71116	100.516691
ES	stop	-1	59817	71116	67.924819
ES	stop	0	4001458	71116	3916.705960
ES	stop	1	1028619	71116	948.088005
ES	stop	2	85921	71116	133.691929
ES	stop	3	23248	66242	29.954267
ES	stop	4	20542	66242	29.694910
ES	stop	5	26459	66241	22.821304
ES	stop	6	11295	65719	12.341771
ES	stop	7	21672	65691	26.894138
ES	stop	8	16834	65664	28.321880
ES	stop	9	8342	65655	23.039093
ES	stop	10	12768	65624	25.693322
ES	stop	11	15976	65617	32.344894
ES	stop	12	6570	65596	14.467257
ES	stop	13	14416	65574	31.050587
ES	stop	14	22806	65555	44.892416
ES	stop	15	9963	65538	28.299140
ES	stop	16	13089	65525	34.069051
ES	stop	17	14963	65510	22.421360
ES	stop	18	4652	65492	9.728371
ES	stop	19	10922	65476	24.144238
ES	stop	20	15057	65452	17.679198
ES	stop	21	8348	65414	13.909098
ES	stop	22	12990	65384	21.363570
ES	stop	23	14312	65347	22.983178
ES	stop	24	4853	65292	16.046096
ES	stop	25	10576	65243	29.316577
ES	stop	26	17077	65208	21.055875
ES	stop	27	7161	65176	18.877209
ES	stop	28	12486	65148	22.243149
ES	stop	29	11749	65116	21.829090
ES	stop	30	3985	65095	28.282986
ES	stop	31	10197	65072	22.598608
ES	stop	32	18337	65029	27.206165
ES	stop	33	4029	65002	11.768052
ES	stop	34	12270	64974	31.246103
ES	stop	35	14596	64944	33.779203
ES	stop	36	8272	64905	14.260865
ES	stop	37	15347	64871	38.399450
ES	stop	38	18835	64812	32.316779
ES	stop	39	8288	64778	15.080428
ES	stop	40	13140	64738	20.977204
ES	stop	41	19760	64673	23.101757
ES	stop	42	6384	64633	15.870706
ES	stop	43	21086	64568	21.691331
ES	stop	44	17143	64502	21.023859
ES	stop	45	37126	64445	12.085031
ES	stop	46	13476	64400	32.114300
ES	stop	47	11908	64325	23.606912
ES	stop	48	4277	64275	11.186453
ES	stop	49	14878	64216	31.755868
ES	stop	50	11545	64142	34.298830
Fat	start	-50	34466	60411	130.858007
Fat	start	-49	40026	60609	148.936438
Fat	start	-48	69531	60855	158.157088
Fat	start	-47	37636	61042	133.685790
Fat	start	-46	40437	61219	130.102330
Fat	start	-45	75380	61408	144.339202
Fat	start	-44	40041	61615	136.519003
Fat	start	-43	34196	61807	113.621749
Fat	start	-42	72687	62046	127.342995
Fat	start	-41	41680	62268	129.232616
Fat	start	-40	40616	62524	131.784427
Fat	start	-39	69446	62741	126.421849
Fat	start	-38	37336	62960	123.559066
Fat	start	-37	43191	63199	130.246387
Fat	start	-36	82068	63456	143.457714
Fat	start	-35	35402	63701	114.617116
Fat	start	-34	42795	63909	112.037584
Fat	start	-33	92704	64160	131.796300
Fat	start	-32	41832	64386	117.684558
Fat	start	-31	44733	64652	131.218223
Fat	start	-30	97481	64947	125.779961
Fat	start	-29	38777	65224	112.696564
Fat	start	-28	44038	65468	133.939157
Fat	start	-27	132001	65731	132.913496
Fat	start	-26	44807	66047	114.636958
Fat	start	-25	48969	66294	130.434935
Fat	start	-24	82700	66565	150.261013
Fat	start	-23	44787	66820	113.062161
Fat	start	-22	48911	67079	128.058150
Fat	start	-21	97631	67368	159.662538
Fat	start	-20	52190	67610	113.985053
Fat	start	-19	57801	67832	121.002150
Fat	start	-18	117071	68020	164.329826
Fat	start	-17	68495	68233	135.383305
Fat	start	-16	67931	68458	121.296955
Fat	start	-15	79309	68683	102.505524
Fat	start	-14	70766	68866	127.412875
Fat	start	-13	71218	69077	138.082375
Fat	start	-12	113527	69263	146.127786
Fat	start	-11	75230	69448	145.133118
Fat	start	-10	61620	69590	118.552158
Fat	start	-9	142787	69764	149.981509
Fat	start	-8	87110	69882	147.564999
Fat	start	-7	64407	69986	136.085872
Fat	start	-6	147446	70096	193.714675
Fat	start	-5	102663	70186	160.135770
Fat	start	-4	68266	70278	146.553097
Fat	start	-3	120120	70332	154.339630
Fat	start	-2	85129	70374	188.490565
Fat	start	-1	88831	70414	156.493176
Fat	start	0	1424030	71116	1326.394305
Fat	start	1	127548	71116	175.093147
Fat	start	2	102707	71116	162.684300
Fat	start	3	940298	71115	854.885280
Fat	start	4	91173	71115	133.434662
Fat	start	5	82987	71115	134.096804
Fat	start	6	703959	71112	655.755947
Fat	start	7	84424	71111	139.074128
Fat	start	8	99437	71109	155.734617
Fat	start	9	960560	71108	928.738852
Fat	start	10	86060	71103	136.106082
Fat	start	11	91454	71100	144.753852
Fat	start	12	1077606	71098	999.142729
Fat	start	13	82658	71097	132.814742
Fat	start	14	67316	71094	112.091164
Fat	start	15	692191	71090	647.649987
Fat	start	16	96910	71085	133.873704
Fat	start	17	86793	71085	124.882739
Fat	start	18	678441	71083	648.351798
Fat	start	19	86181	71081	121.403709
Fat	start	20	78276	71078	112.942593
Fat	start	21	801828	71077	671.224342
Fat	start	22	99336	71076	127.490442
Fat	start	23	90730	71074	115.414459
Fat	start	24	775896	71073	676.857574
Fat	start	25	92342	71072	118.264222
Fat	start	26	102002	71070	105.786754
Fat	start	27	694699	71065	650.869252
Fat	start	28	94059	71063	117.585730
Fat	start	29	86574	71061	103.720781
Fat	start	30	798726	71058	711.385589
Fat	start	31	90994	71054	121.530243
Fat	start	32	88558	71052	119.655898
Fat	start	33	868614	71050	695.527065
Fat	start	34	106385	71049	122.697749
Fat	start	35	79117	71046	110.169579
Fat	start	36	780038	71045	671.273751
Fat	start	37	95820	71045	135.841132
Fat	start	38	80699	71042	107.264627
Fat	start	39	948775	71039	704.769187
Fat	start	40	106226	71035	123.730992
Fat	start	41	90404	71031	119.685743
Fat	start	42	749126	71026	695.291253
Fat	start	43	88590	71024	123.389697
Fat	start	44	84019	71021	97.921642
Fat	start	45	833036	71018	749.822319
Fat	start	46	90774	71014	106.620985
Fat	start	47	66518	71013	97.548765
Fat	start	48	700658	71011	688.507691
Fat	start	49	79171	71007	120.808766
Fat	start	50	76327	71006	123.840529
Fat	start	51	798025	71004	760.643793
Fat	start	52	83669	70996	112.967511
Fat	start	53	76112	70994	98.691647
Fat	start	54	799331	70992	756.054365
Fat	start	55	74543	70991	116.752635
Fat	start	56	79408	70989	101.572629
Fat	start	57	936672	70988	791.933765
Fat	start	58	104344	70984	126.837961
Fat	start	59	87677	70981	107.256148
Fat	start	60	1076323	70980	831.100759
Fat	start	61	96843	70980	119.948080
Fat	start	62	115329	70978	109.619534
Fat	start	63	938061	70973	872.411081
Fat	start	64	96472	70970	125.964342
Fat	start	65	77071	70966	116.475043
Fat	start	66	805176	70960	828.526520
Fat	start	67	88734	70953	126.644531
Fat	start	68	76846	70951	108.114538
Fat	start	69	1072175	70947	877.892123
Fat	start	70	120530	70943	127.516507
Fat	start	71	96172	70940	111.689441
Fat	start	72	898349	70938	861.541473
Fat	start	73	112360	70931	141.066736
Fat	start	74	68695	70926	116.383196
Fat	start	75	881660	70920	892.137987
Fat	start	76	90152	70917	128.622464
Fat	start	77	70856	70912	93.369310
Fat	start	78	843921	70910	868.399214
Fat	start	79	95541	70904	125.037369
Fat	start	80	71088	70902	108.734211
Fat	start	81	824961	70901	917.630585
Fat	start	82	98145	70898	124.946126
Fat	start	83	78356	70898	114.866248
Fat	start	84	981142	70892	901.637232
Fat	start	85	109522	70888	137.974936
Fat	start	86	82866	70887	111.978803
Fat	start	87	984911	70881	861.290225
Fat	start	88	94784	70880	115.974196
Fat	start	89	79695	70876	105.457430
Fat	start	90	1083001	70871	930.496042
Fat	start	91	109651	70867	136.103997
Fat	start	92	79280	70865	103.091446
Fat	start	93	1065664	70860	910.855977
Fat	start	94	121858	70851	131.065239
Fat	start	95	79502	70848	108.356441
Fat	start	96	1132053	70845	928.193873
Fat	start	97	133540	70843	138.823783
Fat	start	98	80130	70838	107.229164
Fat	start	99	1029191	70832	961.859397
Fat	start	100	118930	70828	130.728265
Fat	start	101	75906	70826	115.190340
Fat	start	102	974756	70821	950.451259
Fat	start	103	110421	70818	136.790801
Fat	start	104	64720	70816	100.309168
Fat	start	105	969609	70809	999.057174
Fat	start	106	117893	70806	139.424714
Fat	start	107	73290	70801	95.630160
Fat	start	108	994018	70794	984.913210
Fat	start	109	126539	70790	133.188240
Fat	start	110	78907	70786	105.500656
Fat	start	111	1194280	70782	993.012617
Fat	start	112	131816	70776	142.099759
Fat	start	113	83962	70775	92.778653
Fat	start	114	1018228	70774	1006.518467
Fat	start	115	108923	70769	133.857022
Fat	start	116	72657	70761	106.742712
Fat	start	117	1059367	70757	1018.417266
Fat	start	118	121615	70754	159.908108
Fat	start	119	95299	70751	95.230785
Fat	start	120	1156208	70743	1016.182691
Fat	start	121	106436	70740	141.376563
Fat	start	122	89340	70735	107.158416
Fat	start	123	1046889	70733	1065.780197
Fat	start	124	116508	70732	144.242293
Fat	start	125	88466	70728	98.157920
Fat	start	126	1099488	70723	1044.603035
Fat	start	127	103737	70722	154.824872
Fat	start	128	70153	70719	111.945023
Fat	start	129	1158919	70709	1040.583170
Fat	start	130	120216	70705	156.763633
Fat	start	131	70129	70702	98.497871
Fat	start	132	1277220	70696	1053.799731
Fat	start	133	143201	70691	149.185615
Fat	start	134	82684	70683	111.805224
Fat	start	135	1183003	70678	1060.754714
Fat	start	136	99213	70671	140.229261
Fat	start	137	70460	70666	101.901062
Fat	start	138	1089355	70662	1048.880552
Fat	start	139	108670	70660	144.776763
Fat	start	140	72394	70651	108.413905
Fat	start	141	966785	70642	1059.501126
Fat	start	142	113443	70639	163.218690
Fat	start	143	81852	70633	115.396353
Fat	start	144	1191817	70623	1181.411875
Fat	start	145	135431	70619	152.714527
Fat	start	146	86559	70609	118.455856
Fat	start	147	1143624	70604	1201.409498
Fat	start	148	122657	70601	160.900643
Fat	start	149	79817	70596	132.342445
Fat	start	150	1186759	70592	1262.665353
Fat	stop	-150	1639600	71049	1143.698005
Fat	stop	-149	152214	71050	142.374939
Fat	stop	-148	92782	71050	104.769722
Fat	stop	-147	1192069	71052	1063.816293
Fat	stop	-146	123745	71053	135.895863
Fat	stop	-145	93219	71053	107.704584
Fat	stop	-144	1185313	71055	1052.036245
Fat	stop	-143	141767	71057	126.864714
Fat	stop	-142	98474	71059	94.429534
Fat	stop	-141	1174464	71061	1017.924016
Fat	stop	-140	122387	71061	133.140246
Fat	stop	-139	108637	71061	102.343414
Fat	stop	-138	1251814	71062	981.341605
Fat	stop	-137	129015	71063	125.433520
Fat	stop	-136	103918	71064	101.243678
Fat	stop	-135	1215974	71064	980.565914
Fat	stop	-134	153174	71064	129.597630
Fat	stop	-133	112379	71067	91.980222
Fat	stop	-132	1175957	71069	974.260962
Fat	stop	-131	122021	71070	123.838132
Fat	stop	-130	97973	71070	93.177643
Fat	stop	-129	1185308	71072	983.507033
Fat	stop	-128	136523	71074	122.577950
Fat	stop	-127	120895	71075	98.723765
Fat	stop	-126	1152927	71076	962.355239
Fat	stop	-125	132082	71077	127.450845
Fat	stop	-124	102380	71077	100.792740
Fat	stop	-123	1153635	71082	977.764202
Fat	stop	-122	118985	71082	121.722641
Fat	stop	-121	101263	71083	98.625649
Fat	stop	-120	1167012	71083	983.333415
Fat	stop	-119	139533	71084	119.496775
Fat	stop	-118	108213	71084	93.063543
Fat	stop	-117	1178895	71084	927.040665
Fat	stop	-116	127264	71085	121.093235
Fat	stop	-115	99244	71086	99.173045
Fat	stop	-114	1186435	71087	943.722697
Fat	stop	-113	127862	71088	119.802548
Fat	stop	-112	105821	71089	92.925013
Fat	stop	-111	1373600	71090	947.412002
Fat	stop	-110	118970	71090	122.522339
Fat	stop	-109	140391	71091	98.263218
Fat	stop	-108	1369588	71091	975.571782
Fat	stop	-107	147902	71092	114.905277
Fat	stop	-106	114967	71093	105.060439
Fat	stop	-105	1267811	71095	935.106485
Fat	stop	-104	143733	71095	120.155606
Fat	stop	-103	107054	71096	95.051640
Fat	stop	-102	1348578	71096	957.783921
Fat	stop	-101	180248	71097	118.501839
Fat	stop	-100	119545	71098	95.436932
Fat	stop	-99	1394462	71099	958.243570
Fat	stop	-98	139896	71099	113.955065
Fat	stop	-97	104270	71100	92.975604
Fat	stop	-96	1156080	71101	914.711764
Fat	stop	-95	153624	71102	118.738090
Fat	stop	-94	113151	71103	100.066487
Fat	stop	-93	1151699	71106	981.753318
Fat	stop	-92	124752	71107	126.952945
Fat	stop	-91	97658	71107	99.394263
Fat	stop	-90	1322536	71107	921.269211
Fat	stop	-89	203964	71107	122.889672
Fat	stop	-88	126491	71107	96.072938
Fat	stop	-87	1586352	71107	957.369806
Fat	stop	-86	134872	71107	125.059516
Fat	stop	-85	106402	71107	90.955674
Fat	stop	-84	1383053	71109	951.751928
Fat	stop	-83	137254	71109	119.047115
Fat	stop	-82	119726	71109	96.580920
Fat	stop	-81	1268754	71110	970.098142
Fat	stop	-80	138957	71110	112.668267
Fat	stop	-79	104843	71110	91.319969
Fat	stop	-78	1204466	71110	927.662429
Fat	stop	-77	140935	71110	121.803092
Fat	stop	-76	130506	71110	99.619379
Fat	stop	-75	1262887	71111	949.453571
Fat	stop	-74	135311	71112	125.074086
Fat	stop	-73	107043	71113	100.269456
Fat	stop	-72	1308200	71114	935.442783
Fat	stop	-71	142719	71114	132.057618
Fat	stop	-70	132842	71114	112.062722
Fat	stop	-69	1138946	71114	959.924594
Fat	stop	-68	122273	71114	119.725483
Fat	stop	-67	112535	71114	95.190740
Fat	stop	-66	1350593	71115	992.545682
Fat	stop	-65	135765	71115	131.880877
Fat	stop	-64	117361	71115	94.668652
Fat	stop	-63	1174219	71116	965.428336
Fat	stop	-62	135869	71116	108.297253
Fat	stop	-61	105092	71116	91.803815
Fat	stop	-60	1297021	71116	924.870941
Fat	stop	-59	158086	71116	118.307965
Fat	stop	-58	102136	71116	100.602270
Fat	stop	-57	1285238	71116	920.013798
Fat	stop	-56	149683	71116	119.342946
Fat	stop	-55	112095	71116	109.118406
Fat	stop	-54	1187583	71116	934.556464
Fat	stop	-53	135574	71116	114.204841
Fat	stop	-52	104515	71116	105.815756
Fat	stop	-51	1158590	71116	923.998416
Fat	stop	-50	122341	71116	118.015951
Fat	stop	-49	103041	71116	99.213806
Fat	stop	-48	1028746	71116	892.371596
Fat	stop	-47	110950	71116	115.830291
Fat	stop	-46	110870	71116	101.642907
Fat	stop	-45	1167606	71116	908.305231
Fat	stop	-44	147371	71116	114.311456
Fat	stop	-43	140578	71116	97.745084
Fat	stop	-42	1264695	71116	925.282890
Fat	stop	-41	117794	71116	128.749527
Fat	stop	-40	120113	71116	99.361059
Fat	stop	-39	1177565	71116	919.861885
Fat	stop	-38	120510	71116	115.723971
Fat	stop	-37	115039	71116	92.717824
Fat	stop	-36	1257390	71116	983.932495
Fat	stop	-35	127255	71116	116.887596
Fat	stop	-34	117789	71116	102.502114
Fat	stop	-33	1224275	71116	1065.395249
Fat	stop	-32	166601	71116	132.330973
Fat	stop	-31	119536	71116	97.785511
Fat	stop	-30	1497386	71116	1029.008810
Fat	stop	-29	150434	71116	140.719142
Fat	stop	-28	112682	71116	100.559945
Fat	stop	-27	1177978	71116	956.107819
Fat	stop	-26	127464	71116	124.409262
Fat	stop	-25	102576	71116	106.232542
Fat	stop	-24	1263384	71116	935.336193
Fat	stop	-23	155868	71116	127.581468
Fat	stop	-22	118799	71116	99.439198
Fat	stop	-21	1402838	71116	931.827747
Fat	stop	-20	144139	71116	129.952210
Fat	stop	-19	121341	71116	88.827409
Fat	stop	-18	1204161	71116	862.298341
Fat	stop	-17	156829	71116	148.562770
Fat	stop	-16	137539	71116	102.720149
Fat	stop	-15	1498005	71116	934.164097
Fat	stop	-14	141258	71116	132.365018
Fat	stop	-13	91181	71116	81.884602
Fat	stop	-12	1111704	71116	792.841715
Fat	stop	-11	94152	71116	74.428829
Fat	stop	-10	85801	71116	71.044849
Fat	stop	-9	1768233	71116	1212.548916
Fat	stop	-8	204128	71116	146.855927
Fat	stop	-7	124105	71116	128.442365
Fat	stop	-6	1994713	71116	1642.333693
Fat	stop	-5	108846	71116	103.788185
Fat	stop	-4	60173	71116	56.200777
Fat	stop	-3	988562	71116	870.769718
Fat	stop	-2	106708	71116	106.294223
Fat	stop	-1	73938	71116	78.990792
Fat	stop	0	3169431	71116	2780.559605
Fat	stop	1	700131	71116	478.029904
Fat	stop	2	109260	71116	116.069747
Fat	stop	3	60937	66242	66.048624
Fat	stop	4	34310	66242	33.977000
Fat	stop	5	41372	66241	31.322119
Fat	stop	6	39995	65719	27.933575
Fat	stop	7	51236	65691	34.947747
Fat	stop	8	30654	65664	28.616781
Fat	stop	9	20146	65655	23.788189
Fat	stop	10	26862	65624	27.910580
Fat	stop	11	33509	65617	34.703721
Fat	stop	12	16481	65596	20.505973
Fat	stop	13	24248	65574	24.750118
Fat	stop	14	27584	65555	41.058336
Fat	stop	15	18254	65538	21.755055
Fat	stop	16	23582	65525	30.665351
Fat	stop	17	20938	65510	28.007222
Fat	stop	18	13663	65492	16.255033
Fat	stop	19	16932	65476	21.552916
Fat	stop	20	15440	65452	23.869888
Fat	stop	21	11727	65414	20.875352
Fat	stop	22	15368	65384	20.738726
Fat	stop	23	14447	65347	18.328793
Fat	stop	24	10066	65292	17.436846
Fat	stop	25	17492	65243	16.595130
Fat	stop	26	19369	65208	30.558816
Fat	stop	27	12145	65176	29.743182
Fat	stop	28	17237	65148	15.452904
Fat	stop	29	12822	65116	25.101261
Fat	stop	30	8447	65095	21.789240
Fat	stop	31	15392	65072	42.473375
Fat	stop	32	16648	65029	21.932825
Fat	stop	33	9060	65002	15.887047
Fat	stop	34	15259	64974	18.933083
Fat	stop	35	17815	64944	35.068050
Fat	stop	36	11734	64905	14.203624
Fat	stop	37	16745	64871	39.921994
Fat	stop	38	16314	64812	22.020004
Fat	stop	39	15967	64778	19.062794
Fat	stop	40	16704	64738	28.992591
Fat	stop	41	15487	64673	23.122291
Fat	stop	42	9953	64633	15.826855
Fat	stop	43	17293	64568	29.810894
Fat	stop	44	13606	64502	20.434706
Fat	stop	45	26444	64445	15.440516
Fat	stop	46	13315	64400	26.465269
Fat	stop	47	21731	64325	27.962013
Fat	stop	48	11580	64275	19.615818
Fat	stop	49	16707	64216	28.981433
Fat	stop	50	15773	64142	23.396967
HA_EC	start	-50	26947	60411	141.305085
HA_EC	start	-49	32033	60609	153.749627
HA_EC	start	-48	43212	60855	184.527693
HA_EC	start	-47	34498	61042	178.003889
HA_EC	start	-46	45917	61219	165.649419
HA_EC	start	-45	51939	61408	193.275730
HA_EC	start	-44	53628	61615	168.408672
HA_EC	start	-43	34989	61807	165.363179
HA_EC	start	-42	37013	62046	145.547390
HA_EC	start	-41	54405	62268	150.773802
HA_EC	start	-40	39462	62524	155.149685
HA_EC	start	-39	40701	62741	182.369120
HA_EC	start	-38	29708	62960	155.552700
HA_EC	start	-37	34937	63199	154.460066
HA_EC	start	-36	49524	63456	160.894825
HA_EC	start	-35	44205	63701	155.153089
HA_EC	start	-34	42142	63909	146.932670
HA_EC	start	-33	52731	64160	154.455251
HA_EC	start	-32	34236	64386	138.034339
HA_EC	start	-31	38684	64652	158.615962
HA_EC	start	-30	43826	64947	142.829365
HA_EC	start	-29	37247	65224	152.723490
HA_EC	start	-28	46508	65468	167.016157
HA_EC	start	-27	72478	65731	168.503327
HA_EC	start	-26	38823	66047	156.325596
HA_EC	start	-25	44371	66294	172.289204
HA_EC	start	-24	51849	66565	157.007367
HA_EC	start	-23	47130	66820	163.386265
HA_EC	start	-22	43593	67079	174.323940
HA_EC	start	-21	49198	67368	162.934346
HA_EC	start	-20	40994	67610	131.099295
HA_EC	start	-19	44421	67832	145.979163
HA_EC	start	-18	66905	68020	160.338067
HA_EC	start	-17	44823	68233	155.461781
HA_EC	start	-16	33461	68458	130.180856
HA_EC	start	-15	47848	68683	138.869030
HA_EC	start	-14	48046	68866	178.305696
HA_EC	start	-13	61009	69077	168.545962
HA_EC	start	-12	57339	69263	166.048308
HA_EC	start	-11	50485	69448	179.423804
HA_EC	start	-10	38685	69590	156.393953
HA_EC	start	-9	62969	69764	156.712676
HA_EC	start	-8	40114	69882	139.857677
HA_EC	start	-7	28419	69986	115.760750
HA_EC	start	-6	56074	70096	137.145598
HA_EC	start	-5	46508	70186	139.653746
HA_EC	start	-4	31694	70278	104.544258
HA_EC	start	-3	50195	70332	132.954916
HA_EC	start	-2	34497	70374	146.294556
HA_EC	start	-1	174031	70414	386.395390
HA_EC	start	0	1572194	71116	2500.712836
HA_EC	start	1	129187	71116	295.296541
HA_EC	start	2	140505	71116	346.758703
HA_EC	start	3	818347	71115	1184.977621
HA_EC	start	4	67590	71115	164.615722
HA_EC	start	5	90324	71115	225.979520
HA_EC	start	6	493740	71112	953.715083
HA_EC	start	7	52957	71111	130.604295
HA_EC	start	8	125372	71109	295.579176
HA_EC	start	9	726777	71108	1249.740867
HA_EC	start	10	47510	71103	113.065945
HA_EC	start	11	113828	71100	235.216138
HA_EC	start	12	842863	71098	1470.327725
HA_EC	start	13	53145	71097	133.977990
HA_EC	start	14	81787	71094	177.583455
HA_EC	start	15	487408	71090	788.270252
HA_EC	start	16	66414	71085	144.219126
HA_EC	start	17	93975	71085	216.559130
HA_EC	start	18	403086	71083	818.364793
HA_EC	start	19	53930	71081	124.130619
HA_EC	start	20	90101	71078	202.662087
HA_EC	start	21	421293	71077	789.227959
HA_EC	start	22	55411	71076	147.023493
HA_EC	start	23	85146	71074	200.003433
HA_EC	start	24	433026	71073	754.095213
HA_EC	start	25	55280	71072	134.868197
HA_EC	start	26	88965	71070	184.931403
HA_EC	start	27	399357	71065	668.715563
HA_EC	start	28	53477	71063	123.301224
HA_EC	start	29	81207	71061	180.549985
HA_EC	start	30	367629	71058	720.624889
HA_EC	start	31	47040	71054	120.646979
HA_EC	start	32	90475	71052	176.611377
HA_EC	start	33	499993	71050	668.116581
HA_EC	start	34	53692	71049	112.442899
HA_EC	start	35	68043	71046	158.379328
HA_EC	start	36	400545	71045	648.491930
HA_EC	start	37	49020	71045	128.622194
HA_EC	start	38	74849	71042	191.701130
HA_EC	start	39	351513	71039	626.356892
HA_EC	start	40	48327	71035	106.265180
HA_EC	start	41	85462	71031	171.815482
HA_EC	start	42	338033	71026	625.877897
HA_EC	start	43	43011	71024	112.309223
HA_EC	start	44	67841	71021	163.744845
HA_EC	start	45	346906	71018	645.376095
HA_EC	start	46	51830	71014	109.088054
HA_EC	start	47	74523	71013	170.245933
HA_EC	start	48	289827	71011	617.573582
HA_EC	start	49	37373	71007	113.915626
HA_EC	start	50	65297	71006	190.947708
HA_EC	start	51	367990	71004	627.190120
HA_EC	start	52	42355	70996	112.121417
HA_EC	start	53	63165	70994	146.571993
HA_EC	start	54	311302	70992	612.137084
HA_EC	start	55	34653	70991	116.031962
HA_EC	start	56	67539	70989	142.468005
HA_EC	start	57	390180	70988	618.929017
HA_EC	start	58	57293	70984	113.378938
HA_EC	start	59	102433	70981	160.198722
HA_EC	start	60	382177	70980	609.075460
HA_EC	start	61	41801	70980	99.308262
HA_EC	start	62	81289	70978	177.558730
HA_EC	start	63	389218	70973	632.431942
HA_EC	start	64	40138	70970	117.940999
HA_EC	start	65	67493	70966	167.786157
HA_EC	start	66	291868	70960	651.327296
HA_EC	start	67	45589	70953	115.606849
HA_EC	start	68	89438	70951	175.396766
HA_EC	start	69	342110	70947	649.169518
HA_EC	start	70	43463	70943	117.341466
HA_EC	start	71	72081	70940	166.123362
HA_EC	start	72	388323	70938	632.746190
HA_EC	start	73	44593	70931	118.431112
HA_EC	start	74	74389	70926	154.716398
HA_EC	start	75	288432	70920	621.881987
HA_EC	start	76	40782	70917	108.825153
HA_EC	start	77	78497	70912	158.189355
HA_EC	start	78	322146	70910	603.425051
HA_EC	start	79	42941	70904	105.907279
HA_EC	start	80	67928	70902	176.949828
HA_EC	start	81	281617	70901	663.563257
HA_EC	start	82	42235	70898	120.973303
HA_EC	start	83	73256	70898	167.411040
HA_EC	start	84	300283	70892	616.506972
HA_EC	start	85	41581	70888	116.801478
HA_EC	start	86	85713	70887	174.910869
HA_EC	start	87	337438	70881	608.934262
HA_EC	start	88	41632	70880	110.866797
HA_EC	start	89	85112	70876	156.768745
HA_EC	start	90	384297	70871	639.202392
HA_EC	start	91	41038	70867	104.329598
HA_EC	start	92	77185	70865	156.422756
HA_EC	start	93	353710	70860	601.459011
HA_EC	start	94	58877	70851	107.034019
HA_EC	start	95	101064	70848	177.496316
HA_EC	start	96	367486	70845	621.476163
HA_EC	start	97	54762	70843	106.012502
HA_EC	start	98	73213	70838	166.976643
HA_EC	start	99	342875	70832	604.018448
HA_EC	start	100	50152	70828	120.326430
HA_EC	start	101	86843	70826	158.072264
HA_EC	start	102	344894	70821	612.376989
HA_EC	start	103	50784	70818	120.185656
HA_EC	start	104	75637	70816	173.497124
HA_EC	start	105	317897	70809	663.839752
HA_EC	start	106	44077	70806	108.159232
HA_EC	start	107	70719	70801	163.975030
HA_EC	start	108	365998	70794	618.633079
HA_EC	start	109	59434	70790	111.117893
HA_EC	start	110	86633	70786	164.531132
HA_EC	start	111	436807	70782	618.531452
HA_EC	start	112	46349	70776	107.762063
HA_EC	start	113	79931	70775	150.949550
HA_EC	start	114	324377	70774	640.268951
HA_EC	start	115	41453	70769	111.796136
HA_EC	start	116	70847	70761	160.789751
HA_EC	start	117	304558	70757	668.924133
HA_EC	start	118	48423	70754	127.829747
HA_EC	start	119	72475	70751	158.074977
HA_EC	start	120	283009	70743	591.093525
HA_EC	start	121	43045	70740	106.737648
HA_EC	start	122	96816	70735	172.162312
HA_EC	start	123	314360	70733	639.190256
HA_EC	start	124	39709	70732	111.272341
HA_EC	start	125	74429	70728	171.112887
HA_EC	start	126	314249	70723	662.874571
HA_EC	start	127	41536	70722	120.625096
HA_EC	start	128	73990	70719	169.217834
HA_EC	start	129	344054	70709	664.657662
HA_EC	start	130	50335	70705	128.469648
HA_EC	start	131	69471	70702	177.120133
HA_EC	start	132	317229	70696	628.703882
HA_EC	start	133	47870	70691	101.634492
HA_EC	start	134	80395	70683	177.574601
HA_EC	start	135	296642	70678	601.015901
HA_EC	start	136	39962	70671	108.142328
HA_EC	start	137	68397	70666	174.091742
HA_EC	start	138	264808	70662	640.287181
HA_EC	start	139	38449	70660	109.014926
HA_EC	start	140	62402	70651	163.228873
HA_EC	start	141	278938	70642	627.740189
HA_EC	start	142	44031	70639	108.388707
HA_EC	start	143	81442	70633	189.277841
HA_EC	start	144	326325	70623	699.258677
HA_EC	start	145	46754	70619	117.689508
HA_EC	start	146	71791	70609	181.628663
HA_EC	start	147	324809	70604	688.190991
HA_EC	start	148	48613	70601	132.687297
HA_EC	start	149	84708	70596	194.065234
HA_EC	start	150	303531	70592	765.118073
HA_EC	stop	-150	357587	71049	908.890823
HA_EC	stop	-149	57305	71050	138.173625
HA_EC	stop	-148	79977	71050	237.480782
HA_EC	stop	-147	287830	71052	846.744241
HA_EC	stop	-146	44093	71053	138.338353
HA_EC	stop	-145	67715	71053	207.325731
HA_EC	stop	-144	276750	71055	816.017335
HA_EC	stop	-143	46464	71057	134.813825
HA_EC	stop	-142	64644	71059	215.914133
HA_EC	stop	-141	265579	71061	779.906322
HA_EC	stop	-140	40728	71061	142.265473
HA_EC	stop	-139	73419	71061	222.371256
HA_EC	stop	-138	283032	71062	789.477586
HA_EC	stop	-137	42690	71063	122.577480
HA_EC	stop	-136	78661	71064	206.741947
HA_EC	stop	-135	331090	71064	769.716588
HA_EC	stop	-134	48492	71064	119.187870
HA_EC	stop	-133	80138	71067	217.057073
HA_EC	stop	-132	308414	71069	809.872221
HA_EC	stop	-131	39195	71070	117.472532
HA_EC	stop	-130	69817	71070	208.973597
HA_EC	stop	-129	287280	71072	766.745821
HA_EC	stop	-128	46100	71074	109.012531
HA_EC	stop	-127	70638	71075	207.415699
HA_EC	stop	-126	276154	71076	778.468429
HA_EC	stop	-125	42951	71077	122.509446
HA_EC	stop	-124	90588	71077	206.839028
HA_EC	stop	-123	353901	71082	741.118221
HA_EC	stop	-122	44500	71082	113.435590
HA_EC	stop	-121	70575	71083	212.597997
HA_EC	stop	-120	312177	71083	786.523969
HA_EC	stop	-119	47032	71084	128.565298
HA_EC	stop	-118	80621	71084	188.294460
HA_EC	stop	-117	336087	71084	757.066368
HA_EC	stop	-116	43582	71085	118.413431
HA_EC	stop	-115	61890	71086	196.948483
HA_EC	stop	-114	284619	71087	742.929079
HA_EC	stop	-113	39866	71088	112.226961
HA_EC	stop	-112	77758	71089	215.395468
HA_EC	stop	-111	305694	71090	792.979781
HA_EC	stop	-110	41019	71090	119.982458
HA_EC	stop	-109	78181	71091	206.618360
HA_EC	stop	-108	320905	71091	776.847937
HA_EC	stop	-107	48052	71092	114.346987
HA_EC	stop	-106	81015	71093	233.156984
HA_EC	stop	-105	274274	71095	726.803412
HA_EC	stop	-104	45725	71095	115.517232
HA_EC	stop	-103	73383	71096	211.612634
HA_EC	stop	-102	280141	71096	736.670199
HA_EC	stop	-101	51693	71097	120.402867
HA_EC	stop	-100	100431	71098	212.433708
HA_EC	stop	-99	337203	71099	741.033049
HA_EC	stop	-98	38936	71099	122.391154
HA_EC	stop	-97	73058	71100	205.009317
HA_EC	stop	-96	257312	71101	758.326294
HA_EC	stop	-95	42353	71102	123.187955
HA_EC	stop	-94	101210	71103	201.268188
HA_EC	stop	-93	331578	71106	766.460551
HA_EC	stop	-92	43703	71107	125.499819
HA_EC	stop	-91	83033	71107	194.841671
HA_EC	stop	-90	337727	71107	726.886330
HA_EC	stop	-89	61035	71107	116.390054
HA_EC	stop	-88	93944	71107	198.996513
HA_EC	stop	-87	435725	71107	734.504153
HA_EC	stop	-86	48862	71107	113.747553
HA_EC	stop	-85	71781	71107	220.308430
HA_EC	stop	-84	320596	71109	729.747332
HA_EC	stop	-83	49091	71109	120.313126
HA_EC	stop	-82	78022	71109	208.782379
HA_EC	stop	-81	298590	71110	700.186350
HA_EC	stop	-80	45461	71110	113.261864
HA_EC	stop	-79	83152	71110	197.176579
HA_EC	stop	-78	341240	71110	787.012581
HA_EC	stop	-77	45344	71110	126.291987
HA_EC	stop	-76	93693	71110	217.500192
HA_EC	stop	-75	359985	71111	788.679711
HA_EC	stop	-74	45320	71112	114.414261
HA_EC	stop	-73	71325	71113	208.303125
HA_EC	stop	-72	340239	71114	735.898319
HA_EC	stop	-71	39830	71114	122.821775
HA_EC	stop	-70	78162	71114	200.795756
HA_EC	stop	-69	261920	71114	736.375412
HA_EC	stop	-68	38573	71114	110.521737
HA_EC	stop	-67	70670	71114	221.731756
HA_EC	stop	-66	284716	71115	732.191891
HA_EC	stop	-65	44053	71115	130.839940
HA_EC	stop	-64	67876	71115	197.236244
HA_EC	stop	-63	266780	71116	766.097682
HA_EC	stop	-62	49131	71116	119.492763
HA_EC	stop	-61	72893	71116	190.531293
HA_EC	stop	-60	305464	71116	708.017800
HA_EC	stop	-59	45019	71116	127.182714
HA_EC	stop	-58	72887	71116	217.539369
HA_EC	stop	-57	281091	71116	708.187891
HA_EC	stop	-56	42439	71116	128.958586
HA_EC	stop	-55	63422	71116	205.271990
HA_EC	stop	-54	257782	71116	788.521697
HA_EC	stop	-53	41662	71116	116.100322
HA_EC	stop	-52	73922	71116	232.761312
HA_EC	stop	-51	317040	71116	725.054985
HA_EC	stop	-50	45217	71116	134.031312
HA_EC	stop	-49	74150	71116	197.921631
HA_EC	stop	-48	287473	71116	692.072680
HA_EC	stop	-47	40330	71116	113.194651
HA_EC	stop	-46	80649	71116	205.115080
HA_EC	stop	-45	277322	71116	727.711413
HA_EC	stop	-44	39446	71116	114.816430
HA_EC	stop	-43	70038	71116	186.973537
HA_EC	stop	-42	286671	71116	741.166173
HA_EC	stop	-41	36325	71116	135.558741
HA_EC	stop	-40	76863	71116	199.599285
HA_EC	stop	-39	318694	71116	722.228595
HA_EC	stop	-38	37374	71116	120.119720
HA_EC	stop	-37	75300	71116	197.619839
HA_EC	stop	-36	302336	71116	774.314444
HA_EC	stop	-35	44518	71116	128.375344
HA_EC	stop	-34	80957	71116	206.076129
HA_EC	stop	-33	294523	71116	797.132908
HA_EC	stop	-32	46669	71116	141.642424
HA_EC	stop	-31	80645	71116	206.689008
HA_EC	stop	-30	351627	71116	806.937117
HA_EC	stop	-29	52241	71116	175.506964
HA_EC	stop	-28	78090	71116	239.317620
HA_EC	stop	-27	289290	71116	793.847773
HA_EC	stop	-26	43014	71116	131.860663
HA_EC	stop	-25	76929	71116	209.488743
HA_EC	stop	-24	279047	71116	756.058406
HA_EC	stop	-23	43049	71116	127.483903
HA_EC	stop	-22	84858	71116	216.292541
HA_EC	stop	-21	355607	71116	788.502435
HA_EC	stop	-20	44593	71116	149.028815
HA_EC	stop	-19	74396	71116	214.094737
HA_EC	stop	-18	304105	71116	708.462360
HA_EC	stop	-17	40985	71116	116.832099
HA_EC	stop	-16	93893	71116	205.607417
HA_EC	stop	-15	292627	71116	720.657993
HA_EC	stop	-14	38286	71116	120.438480
HA_EC	stop	-13	63223	71116	180.865969
HA_EC	stop	-12	229154	71116	625.313793
HA_EC	stop	-11	26126	71116	78.079763
HA_EC	stop	-10	58240	71116	175.816704
HA_EC	stop	-9	416287	71116	962.005015
HA_EC	stop	-8	53380	71116	143.933204
HA_EC	stop	-7	76163	71116	240.481518
HA_EC	stop	-6	333544	71116	785.431139
HA_EC	stop	-5	41762	71116	122.425161
HA_EC	stop	-4	63379	71116	173.690118
HA_EC	stop	-3	283314	71116	726.249648
HA_EC	stop	-2	37470	71116	117.662923
HA_EC	stop	-1	76518	71116	248.923883
HA_EC	stop	0	823080	71116	2520.181682
HA_EC	stop	1	150386	71116	347.018958
HA_EC	stop	2	49934	71116	190.476436
HA_EC	stop	3	26813	66242	88.324347
HA_EC	stop	4	9920	66242	31.249100
HA_EC	stop	5	7979	66241	34.931380
HA_EC	stop	6	8877	65719	22.049812
HA_EC	stop	7	10769	65691	35.456770
HA_EC	stop	8	7341	65664	25.729154
HA_EC	stop	9	6323	65655	24.558348
HA_EC	stop	10	6745	65624	21.284876
HA_EC	stop	11	6422	65617	26.189735
HA_EC	stop	12	3458	65596	11.539594
HA_EC	stop	13	5064	65574	21.133727
HA_EC	stop	14	6865	65555	30.233858
HA_EC	stop	15	4987	65538	22.880713
HA_EC	stop	16	4196	65525	20.543113
HA_EC	stop	17	4457	65510	23.005306
HA_EC	stop	18	3577	65492	9.880570
HA_EC	stop	19	4306	65476	17.133454
HA_EC	stop	20	4795	65452	13.960958
HA_EC	stop	21	3966	65414	24.924650
HA_EC	stop	22	4534	65384	16.222922
HA_EC	stop	23	3742	65347	27.251699
HA_EC	stop	24	3775	65292	11.478615
HA_EC	stop	25	5582	65243	21.844707
HA_EC	stop	26	4180	65208	22.637351
HA_EC	stop	27	4005	65176	14.336805
HA_EC	stop	28	5569	65148	15.634087
HA_EC	stop	29	3400	65116	12.383308
HA_EC	stop	30	2956	65095	19.857254
HA_EC	stop	31	4473	65072	14.404075
HA_EC	stop	32	3775	65029	20.465821
HA_EC	stop	33	2179	65002	13.569650
HA_EC	stop	34	4458	64974	14.964923
HA_EC	stop	35	5176	64944	13.450517
HA_EC	stop	36	3340	64905	11.169297
HA_EC	stop	37	5534	64871	13.555949
HA_EC	stop	38	4584	64812	20.619546
HA_EC	stop	39	3927	64778	16.961184
HA_EC	stop	40	4725	64738	28.417857
HA_EC	stop	41	4934	64673	16.061629
HA_EC	stop	42	4818	64633	20.110042
HA_EC	stop	43	5747	64568	20.370042
HA_EC	stop	44	3547	64502	19.171800
HA_EC	stop	45	11315	64445	10.702861
HA_EC	stop	46	3678	64400	18.645692
HA_EC	stop	47	4196	64325	16.427259
HA_EC	stop	48	2757	64275	17.074188
HA_EC	stop	49	4197	64216	14.954538
HA_EC	stop	50	2919	64142	20.064216
HCAEC	start	-50	82395	60411	163.885023
HCAEC	start	-49	117836	60609	167.546949
HCAEC	start	-48	139124	60855	155.953593
HCAEC	start	-47	105998	61042	161.848070
HCAEC	start	-46	113683	61219	176.483482
HCAEC	start	-45	169188	61408	166.172913
HCAEC	start	-44	118569	61615	143.045043
HCAEC	start	-43	88599	61807	142.478423
HCAEC	start	-42	135968	62046	143.666559
HCAEC	start	-41	120590	62268	146.123927
HCAEC	start	-40	117864	62524	157.974017
HCAEC	start	-39	137065	62741	152.077968
HCAEC	start	-38	87381	62960	143.503938
HCAEC	start	-37	117456	63199	142.814199
HCAEC	start	-36	186269	63456	149.258756
HCAEC	start	-35	112683	63701	138.073213
HCAEC	start	-34	98013	63909	128.699604
HCAEC	start	-33	152002	64160	135.782527
HCAEC	start	-32	99811	64386	132.305159
HCAEC	start	-31	110898	64652	136.550445
HCAEC	start	-30	163606	64947	131.538956
HCAEC	start	-29	111742	65224	114.950800
HCAEC	start	-28	208003	65468	148.203104
HCAEC	start	-27	212644	65731	150.903334
HCAEC	start	-26	131449	66047	137.303274
HCAEC	start	-25	134648	66294	154.660888
HCAEC	start	-24	179117	66565	156.546541
HCAEC	start	-23	151993	66820	141.900257
HCAEC	start	-22	133763	67079	158.686310
HCAEC	start	-21	158552	67368	151.544584
HCAEC	start	-20	137431	67610	131.016702
HCAEC	start	-19	121358	67832	131.140899
HCAEC	start	-18	226491	68020	154.087230
HCAEC	start	-17	146576	68233	135.619006
HCAEC	start	-16	139887	68458	121.861820
HCAEC	start	-15	185363	68683	144.471575
HCAEC	start	-14	143150	68866	160.327411
HCAEC	start	-13	200252	69077	159.516371
HCAEC	start	-12	280156	69263	166.176866
HCAEC	start	-11	209488	69448	184.470236
HCAEC	start	-10	169633	69590	137.382050
HCAEC	start	-9	222727	69764	130.537688
HCAEC	start	-8	188025	69882	128.507140
HCAEC	start	-7	101265	69986	100.113958
HCAEC	start	-6	162142	70096	101.381362
HCAEC	start	-5	178607	70186	125.739833
HCAEC	start	-4	91515	70278	88.927678
HCAEC	start	-3	155755	70332	114.836865
HCAEC	start	-2	148889	70374	123.056154
HCAEC	start	-1	561273	70414	315.798763
HCAEC	start	0	8542698	71116	3421.324073
HCAEC	start	1	704152	71116	354.406559
HCAEC	start	2	260701	71116	199.237525
HCAEC	start	3	2752181	71115	1156.856954
HCAEC	start	4	231165	71115	149.908790
HCAEC	start	5	160017	71115	125.175751
HCAEC	start	6	1281252	71112	672.547653
HCAEC	start	7	175993	71111	125.484788
HCAEC	start	8	238993	71109	184.508895
HCAEC	start	9	1987242	71108	877.339555
HCAEC	start	10	150794	71103	115.891271
HCAEC	start	11	240524	71100	150.940123
HCAEC	start	12	1711794	71098	845.351219
HCAEC	start	13	176430	71097	130.365236
HCAEC	start	14	156513	71094	117.336288
HCAEC	start	15	1170599	71090	652.124910
HCAEC	start	16	224156	71085	121.300648
HCAEC	start	17	198042	71085	140.095677
HCAEC	start	18	1160362	71083	632.698451
HCAEC	start	19	170147	71081	113.083193
HCAEC	start	20	165608	71078	127.880231
HCAEC	start	21	1186493	71077	617.560162
HCAEC	start	22	171173	71076	120.755917
HCAEC	start	23	186951	71074	123.175169
HCAEC	start	24	1198440	71073	634.119663
HCAEC	start	25	165009	71072	114.121914
HCAEC	start	26	196443	71070	125.046210
HCAEC	start	27	1316419	71065	629.001033
HCAEC	start	28	190551	71063	120.918822
HCAEC	start	29	183147	71061	127.636807
HCAEC	start	30	1409687	71058	690.626810
HCAEC	start	31	172582	71054	119.581643
HCAEC	start	32	203075	71052	135.643004
HCAEC	start	33	1560943	71050	677.509317
HCAEC	start	34	295350	71049	123.215913
HCAEC	start	35	188120	71046	138.774671
HCAEC	start	36	2095323	71045	670.306550
HCAEC	start	37	226227	71045	116.820588
HCAEC	start	38	213663	71042	128.268390
HCAEC	start	39	1416739	71039	671.195912
HCAEC	start	40	173222	71035	110.711909
HCAEC	start	41	224583	71031	121.074648
HCAEC	start	42	1338130	71026	682.155900
HCAEC	start	43	173886	71024	110.704902
HCAEC	start	44	167830	71021	125.902118
HCAEC	start	45	1417782	71018	718.387287
HCAEC	start	46	162475	71014	119.134207
HCAEC	start	47	178773	71013	131.417370
HCAEC	start	48	1396413	71011	721.551242
HCAEC	start	49	166485	71007	119.659849
HCAEC	start	50	181105	71006	129.475631
HCAEC	start	51	1591542	71004	749.302557
HCAEC	start	52	160865	70996	118.931688
HCAEC	start	53	172283	70994	126.591053
HCAEC	start	54	1644359	70992	715.430859
HCAEC	start	55	155543	70991	111.113831
HCAEC	start	56	186526	70989	117.535917
HCAEC	start	57	2123137	70988	757.339731
HCAEC	start	58	275855	70984	119.990579
HCAEC	start	59	325806	70981	120.196898
HCAEC	start	60	2531271	70980	755.517499
HCAEC	start	61	214349	70980	124.238172
HCAEC	start	62	245828	70978	122.900373
HCAEC	start	63	1902501	70973	768.539508
HCAEC	start	64	206682	70970	115.084504
HCAEC	start	65	216458	70966	130.081619
HCAEC	start	66	1669675	70960	778.568609
HCAEC	start	67	213908	70953	113.762546
HCAEC	start	68	243180	70951	135.375509
HCAEC	start	69	1861918	70947	784.387808
HCAEC	start	70	227721	70943	118.029408
HCAEC	start	71	266708	70940	129.411283
HCAEC	start	72	1920068	70938	780.925250
HCAEC	start	73	243166	70931	116.397138
HCAEC	start	74	236867	70926	139.529905
HCAEC	start	75	1574763	70920	806.608467
HCAEC	start	76	207075	70917	117.917024
HCAEC	start	77	245255	70912	124.193558
HCAEC	start	78	1569827	70910	777.142409
HCAEC	start	79	233866	70904	113.830825
HCAEC	start	80	188355	70902	124.177628
HCAEC	start	81	1404566	70901	769.784207
HCAEC	start	82	181057	70898	122.797910
HCAEC	start	83	223185	70898	135.906250
HCAEC	start	84	1436733	70892	778.568065
HCAEC	start	85	189468	70888	118.140264
HCAEC	start	86	240412	70887	125.483408
HCAEC	start	87	1596886	70881	775.656260
HCAEC	start	88	188539	70880	114.524722
HCAEC	start	89	226163	70876	120.346504
HCAEC	start	90	1887498	70871	788.133263
HCAEC	start	91	239184	70867	127.985826
HCAEC	start	92	220454	70865	131.989344
HCAEC	start	93	1708577	70860	774.276937
HCAEC	start	94	231505	70851	113.158444
HCAEC	start	95	233548	70848	128.522694
HCAEC	start	96	2121459	70845	782.424639
HCAEC	start	97	319307	70843	131.396854
HCAEC	start	98	224473	70838	133.154997
HCAEC	start	99	1633295	70832	803.263880
HCAEC	start	100	231378	70828	119.494588
HCAEC	start	101	219461	70826	127.401444
HCAEC	start	102	1531707	70821	808.294129
HCAEC	start	103	198477	70818	135.766418
HCAEC	start	104	190308	70816	125.670013
HCAEC	start	105	1513841	70809	802.582720
HCAEC	start	106	193842	70806	124.226876
HCAEC	start	107	196180	70801	121.736021
HCAEC	start	108	1667385	70794	804.827954
HCAEC	start	109	194468	70790	130.905422
HCAEC	start	110	206880	70786	122.311356
HCAEC	start	111	1911261	70782	804.264146
HCAEC	start	112	206770	70776	119.070766
HCAEC	start	113	245910	70775	122.618102
HCAEC	start	114	1630545	70774	817.935603
HCAEC	start	115	196086	70769	127.087400
HCAEC	start	116	161007	70761	119.326678
HCAEC	start	117	1415090	70757	764.517831
HCAEC	start	118	207838	70754	125.284340
HCAEC	start	119	211937	70751	112.490593
HCAEC	start	120	1600016	70743	738.127436
HCAEC	start	121	206556	70740	117.560279
HCAEC	start	122	283099	70735	120.856983
HCAEC	start	123	1604438	70733	800.142659
HCAEC	start	124	220046	70732	127.759272
HCAEC	start	125	226846	70728	125.430823
HCAEC	start	126	1694248	70723	789.135199
HCAEC	start	127	180816	70722	124.490781
HCAEC	start	128	188762	70719	123.882574
HCAEC	start	129	1777508	70709	839.120967
HCAEC	start	130	204316	70705	133.777977
HCAEC	start	131	203204	70702	140.200893
HCAEC	start	132	2086372	70696	837.467986
HCAEC	start	133	215053	70691	120.739778
HCAEC	start	134	201848	70683	124.626543
HCAEC	start	135	1444419	70678	792.368026
HCAEC	start	136	159902	70671	115.599963
HCAEC	start	137	171097	70666	128.321687
HCAEC	start	138	1437043	70662	803.147547
HCAEC	start	139	193202	70660	120.269175
HCAEC	start	140	160234	70651	115.522492
HCAEC	start	141	1344588	70642	786.376428
HCAEC	start	142	168422	70639	121.905063
HCAEC	start	143	214348	70633	120.905597
HCAEC	start	144	1631377	70623	867.229451
HCAEC	start	145	195584	70619	125.905603
HCAEC	start	146	209950	70609	128.488438
HCAEC	start	147	1520263	70604	876.938361
HCAEC	start	148	186418	70601	130.853183
HCAEC	start	149	216514	70596	130.043877
HCAEC	start	150	1470577	70592	926.663124
HCAEC	stop	-150	1821281	71049	1091.152942
HCAEC	stop	-149	191025	71050	150.148821
HCAEC	stop	-148	185865	71050	157.023049
HCAEC	stop	-147	1324431	71052	975.366909
HCAEC	stop	-146	180870	71053	134.342909
HCAEC	stop	-145	187607	71053	141.092212
HCAEC	stop	-144	1443949	71055	937.283459
HCAEC	stop	-143	218518	71057	137.007889
HCAEC	stop	-142	196267	71059	148.004399
HCAEC	stop	-141	1329629	71061	895.339103
HCAEC	stop	-140	180247	71061	134.786854
HCAEC	stop	-139	203678	71061	141.135275
HCAEC	stop	-138	1367428	71062	920.897401
HCAEC	stop	-137	173688	71063	132.994482
HCAEC	stop	-136	195641	71064	148.110329
HCAEC	stop	-135	1464197	71064	923.585832
HCAEC	stop	-134	240172	71064	119.535001
HCAEC	stop	-133	187894	71067	142.531986
HCAEC	stop	-132	1336982	71069	868.227506
HCAEC	stop	-131	166539	71070	124.478299
HCAEC	stop	-130	168405	71070	144.350939
HCAEC	stop	-129	1269551	71072	878.087336
HCAEC	stop	-128	178395	71074	122.005687
HCAEC	stop	-127	194098	71075	142.023984
HCAEC	stop	-126	1211019	71076	889.368194
HCAEC	stop	-125	175235	71077	130.814900
HCAEC	stop	-124	216135	71077	135.212467
HCAEC	stop	-123	1536834	71082	878.910823
HCAEC	stop	-122	194174	71082	135.282259
HCAEC	stop	-121	239708	71083	148.001370
HCAEC	stop	-120	1557946	71083	913.293301
HCAEC	stop	-119	202111	71084	125.223411
HCAEC	stop	-118	201845	71084	135.020136
HCAEC	stop	-117	1377870	71084	879.700693
HCAEC	stop	-116	182394	71085	127.819501
HCAEC	stop	-115	176850	71086	140.385861
HCAEC	stop	-114	1651641	71087	869.951798
HCAEC	stop	-113	205208	71088	132.098490
HCAEC	stop	-112	213588	71089	138.190766
HCAEC	stop	-111	1439746	71090	899.302230
HCAEC	stop	-110	176973	71090	115.902321
HCAEC	stop	-109	228506	71091	139.531485
HCAEC	stop	-108	1445811	71091	944.226430
HCAEC	stop	-107	179611	71092	123.408379
HCAEC	stop	-106	222135	71093	141.865879
HCAEC	stop	-105	1283618	71095	853.718810
HCAEC	stop	-104	179687	71095	116.076896
HCAEC	stop	-103	193944	71096	132.686688
HCAEC	stop	-102	1466101	71096	848.807266
HCAEC	stop	-101	174752	71097	120.774172
HCAEC	stop	-100	294543	71098	140.024451
HCAEC	stop	-99	1549771	71099	894.288853
HCAEC	stop	-98	188141	71099	118.421180
HCAEC	stop	-97	221299	71100	138.777049
HCAEC	stop	-96	1278578	71101	867.245210
HCAEC	stop	-95	168873	71102	116.794850
HCAEC	stop	-94	227884	71103	135.106687
HCAEC	stop	-93	1426761	71106	878.665993
HCAEC	stop	-92	171830	71107	126.231304
HCAEC	stop	-91	185161	71107	136.873021
HCAEC	stop	-90	1498901	71107	883.150452
HCAEC	stop	-89	250813	71107	123.062140
HCAEC	stop	-88	248535	71107	145.891822
HCAEC	stop	-87	1879542	71107	878.985167
HCAEC	stop	-86	215991	71107	127.100545
HCAEC	stop	-85	205571	71107	154.488886
HCAEC	stop	-84	1555477	71109	838.415969
HCAEC	stop	-83	187332	71109	118.656341
HCAEC	stop	-82	212932	71109	139.453967
HCAEC	stop	-81	1319576	71110	909.959555
HCAEC	stop	-80	183266	71110	115.089012
HCAEC	stop	-79	206391	71110	131.006063
HCAEC	stop	-78	1415533	71110	857.072567
HCAEC	stop	-77	191342	71110	121.060549
HCAEC	stop	-76	233394	71110	154.466961
HCAEC	stop	-75	1680594	71111	837.219705
HCAEC	stop	-74	194742	71112	121.014850
HCAEC	stop	-73	206357	71113	152.837475
HCAEC	stop	-72	1392767	71114	864.416096
HCAEC	stop	-71	175258	71114	131.415664
HCAEC	stop	-70	213127	71114	139.181462
HCAEC	stop	-69	1265724	71114	869.210862
HCAEC	stop	-68	180490	71114	118.387239
HCAEC	stop	-67	188499	71114	138.217359
HCAEC	stop	-66	1364960	71115	900.188414
HCAEC	stop	-65	180412	71115	126.684824
HCAEC	stop	-64	203296	71115	143.384659
HCAEC	stop	-63	1351935	71116	877.356592
HCAEC	stop	-62	176325	71116	122.279841
HCAEC	stop	-61	176894	71116	133.386744
HCAEC	stop	-60	1355631	71116	852.521924
HCAEC	stop	-59	193442	71116	142.569813
HCAEC	stop	-58	203941	71116	140.934665
HCAEC	stop	-57	1578000	71116	876.870778
HCAEC	stop	-56	184401	71116	111.615231
HCAEC	stop	-55	204858	71116	133.139216
HCAEC	stop	-54	1319708	71116	861.064740
HCAEC	stop	-53	165639	71116	116.593648
HCAEC	stop	-52	198204	71116	156.822736
HCAEC	stop	-51	1292007	71116	849.465135
HCAEC	stop	-50	158526	71116	109.891851
HCAEC	stop	-49	206338	71116	140.490890
HCAEC	stop	-48	1198563	71116	866.280797
HCAEC	stop	-47	152918	71116	117.588583
HCAEC	stop	-46	180260	71116	132.612310
HCAEC	stop	-45	1244066	71116	815.458329
HCAEC	stop	-44	152469	71116	117.761525
HCAEC	stop	-43	198061	71116	137.066981
HCAEC	stop	-42	1273251	71116	842.824534
HCAEC	stop	-41	144132	71116	111.760316
HCAEC	stop	-40	174983	71116	128.574564
HCAEC	stop	-39	1315351	71116	837.467640
HCAEC	stop	-38	152357	71116	115.725409
HCAEC	stop	-37	202014	71116	145.635716
HCAEC	stop	-36	1427362	71116	890.815984
HCAEC	stop	-35	190691	71116	130.568897
HCAEC	stop	-34	214882	71116	162.805560
HCAEC	stop	-33	1514442	71116	967.208925
HCAEC	stop	-32	194997	71116	132.379018
HCAEC	stop	-31	226653	71116	160.053843
HCAEC	stop	-30	1648236	71116	923.972301
HCAEC	stop	-29	191163	71116	130.054440
HCAEC	stop	-28	202912	71116	148.548280
HCAEC	stop	-27	1363851	71116	876.940312
HCAEC	stop	-26	184961	71116	124.063320
HCAEC	stop	-25	223351	71116	140.591282
HCAEC	stop	-24	1292405	71116	859.853196
HCAEC	stop	-23	202641	71116	124.735444
HCAEC	stop	-22	233888	71116	166.782631
HCAEC	stop	-21	1855914	71116	887.897856
HCAEC	stop	-20	192509	71116	120.836647
HCAEC	stop	-19	198275	71116	145.455750
HCAEC	stop	-18	1392461	71116	845.481071
HCAEC	stop	-17	194513	71116	126.568352
HCAEC	stop	-16	219294	71116	147.040928
HCAEC	stop	-15	1474891	71116	817.634540
HCAEC	stop	-14	169398	71116	131.290596
HCAEC	stop	-13	163021	71116	109.469685
HCAEC	stop	-12	976892	71116	629.561973
HCAEC	stop	-11	103779	71116	99.450767
HCAEC	stop	-10	231754	71116	136.032426
HCAEC	stop	-9	2439151	71116	1251.834451
HCAEC	stop	-8	349868	71116	162.693890
HCAEC	stop	-7	234648	71116	153.780970
HCAEC	stop	-6	1439012	71116	864.845664
HCAEC	stop	-5	162844	71116	102.232475
HCAEC	stop	-4	146036	71116	95.117190
HCAEC	stop	-3	1300347	71116	844.642607
HCAEC	stop	-2	141142	71116	99.378431
HCAEC	stop	-1	141882	71116	119.635792
HCAEC	stop	0	2612982	71116	2216.994186
HCAEC	stop	1	321624	71116	252.739567
HCAEC	stop	2	109269	71116	104.818173
HCAEC	stop	3	68733	66242	54.934311
HCAEC	stop	4	29339	66242	25.800422
HCAEC	stop	5	27637	66241	25.526155
HCAEC	stop	6	17607	65719	17.024345
HCAEC	stop	7	32192	65691	22.463813
HCAEC	stop	8	23691	65664	22.909975
HCAEC	stop	9	15144	65655	12.031832
HCAEC	stop	10	21936	65624	23.251300
HCAEC	stop	11	22432	65617	19.623708
HCAEC	stop	12	11842	65596	12.036968
HCAEC	stop	13	20402	65574	17.984279
HCAEC	stop	14	25483	65555	30.007943
HCAEC	stop	15	13902	65538	11.849069
HCAEC	stop	16	16273	65525	19.002810
HCAEC	stop	17	15907	65510	15.679194
HCAEC	stop	18	12742	65492	10.911635
HCAEC	stop	19	20441	65476	16.261903
HCAEC	stop	20	16548	65452	16.257758
HCAEC	stop	21	9554	65414	16.377651
HCAEC	stop	22	14934	65384	24.893368
HCAEC	stop	23	14811	65347	18.251664
HCAEC	stop	24	9336	65292	16.736950
HCAEC	stop	25	19273	65243	16.798898
HCAEC	stop	26	16724	65208	60.654282
HCAEC	stop	27	10538	65176	9.619639
HCAEC	stop	28	28154	65148	18.550905
HCAEC	stop	29	15580	65116	16.647295
HCAEC	stop	30	8714	65095	8.965914
HCAEC	stop	31	16345	65072	13.803771
HCAEC	stop	32	15994	65029	20.127220
HCAEC	stop	33	7114	65002	9.989899
HCAEC	stop	34	19079	64974	18.535429
HCAEC	stop	35	20982	64944	23.429067
HCAEC	stop	36	10480	64905	11.011553
HCAEC	stop	37	21501	64871	17.693871
HCAEC	stop	38	17118	64812	16.986457
HCAEC	stop	39	10993	64778	21.547628
HCAEC	stop	40	18054	64738	27.395557
HCAEC	stop	41	16512	64673	20.034651
HCAEC	stop	42	11242	64633	18.165128
HCAEC	stop	43	17864	64568	22.656509
HCAEC	stop	44	15102	64502	21.408205
HCAEC	stop	45	26430	64445	18.086952
HCAEC	stop	46	16617	64400	24.369287
HCAEC	stop	47	14539	64325	18.063913
HCAEC	stop	48	8430	64275	11.974689
HCAEC	stop	49	25277	64216	22.536091
HCAEC	stop	50	15812	64142	20.027878
HUVEC	start	-50	12750	60411	166.986099
HUVEC	start	-49	19036	60609	161.245373
HUVEC	start	-48	20952	60855	162.910707
HUVEC	start	-47	14156	61042	141.591464
HUVEC	start	-46	17532	61219	149.213219
HUVEC	start	-45	24109	61408	133.958855
HUVEC	start	-44	17187	61615	140.521111
HUVEC	start	-43	14680	61807	144.274938
HUVEC	start	-42	20461	62046	148.683957
HUVEC	start	-41	17548	62268	140.724727
HUVEC	start	-40	16915	62524	146.447196
HUVEC	start	-39	20255	62741	157.627542
HUVEC	start	-38	12838	62960	149.069896
HUVEC	start	-37	21757	63199	130.794793
HUVEC	start	-36	24457	63456	168.709379
HUVEC	start	-35	18373	63701	141.290089
HUVEC	start	-34	18232	63909	135.525021
HUVEC	start	-33	23554	64160	147.436118
HUVEC	start	-32	16611	64386	128.097084
HUVEC	start	-31	21188	64652	129.208051
HUVEC	start	-30	26830	64947	133.847384
HUVEC	start	-29	17668	65224	131.906758
HUVEC	start	-28	23996	65468	167.284310
HUVEC	start	-27	28941	65731	138.571752
HUVEC	start	-26	18941	66047	153.642029
HUVEC	start	-25	23653	66294	171.586042
HUVEC	start	-24	25855	66565	141.893577
HUVEC	start	-23	19244	66820	128.591935
HUVEC	start	-22	19102	67079	157.646966
HUVEC	start	-21	24143	67368	169.305464
HUVEC	start	-20	25077	67610	143.748187
HUVEC	start	-19	22170	67832	155.102957
HUVEC	start	-18	33880	68020	184.184198
HUVEC	start	-17	22070	68233	147.890723
HUVEC	start	-16	14754	68458	112.119271
HUVEC	start	-15	23533	68683	148.798255
HUVEC	start	-14	18101	68866	137.961903
HUVEC	start	-13	21412	69077	147.826577
HUVEC	start	-12	31561	69263	162.963620
HUVEC	start	-11	24959	69448	164.832392
HUVEC	start	-10	21959	69590	156.438145
HUVEC	start	-9	37496	69764	149.733784
HUVEC	start	-8	30383	69882	133.668728
HUVEC	start	-7	16448	69986	105.110912
HUVEC	start	-6	19531	70096	115.544902
HUVEC	start	-5	25847	70186	145.684006
HUVEC	start	-4	14043	70278	112.381482
HUVEC	start	-3	20332	70332	109.690206
HUVEC	start	-2	24990	70374	153.724849
HUVEC	start	-1	136749	70414	488.286423
HUVEC	start	0	852356	71116	2599.361812
HUVEC	start	1	57154	71116	255.973656
HUVEC	start	2	52306	71116	263.549030
HUVEC	start	3	294971	71115	1019.390498
HUVEC	start	4	27931	71115	150.953796
HUVEC	start	5	31306	71115	164.434415
HUVEC	start	6	196487	71112	635.797292
HUVEC	start	7	24271	71111	126.195870
HUVEC	start	8	48791	71109	234.733375
HUVEC	start	9	186702	71108	744.208713
HUVEC	start	10	19997	71103	97.212473
HUVEC	start	11	54421	71100	220.381634
HUVEC	start	12	249829	71098	836.968762
HUVEC	start	13	31516	71097	142.914868
HUVEC	start	14	41639	71094	179.908783
HUVEC	start	15	160998	71090	590.803883
HUVEC	start	16	27752	71085	133.972226
HUVEC	start	17	47207	71085	176.710257
HUVEC	start	18	176017	71083	612.727796
HUVEC	start	19	30361	71081	128.379462
HUVEC	start	20	35062	71078	189.970784
HUVEC	start	21	181987	71077	610.625591
HUVEC	start	22	27833	71076	114.756262
HUVEC	start	23	43763	71074	181.642271
HUVEC	start	24	169395	71073	553.950829
HUVEC	start	25	29137	71072	116.572886
HUVEC	start	26	43537	71070	166.820136
HUVEC	start	27	158168	71065	554.531368
HUVEC	start	28	36331	71063	122.804554
HUVEC	start	29	38834	71061	179.638097
HUVEC	start	30	178133	71058	626.884665
HUVEC	start	31	31911	71054	124.381193
HUVEC	start	32	49218	71052	160.992740
HUVEC	start	33	208925	71050	598.422889
HUVEC	start	34	39834	71049	134.669965
HUVEC	start	35	51637	71046	168.543183
HUVEC	start	36	211483	71045	626.672357
HUVEC	start	37	34608	71045	121.201365
HUVEC	start	38	41420	71042	167.391889
HUVEC	start	39	196597	71039	621.056939
HUVEC	start	40	31048	71035	125.505049
HUVEC	start	41	50027	71031	168.699269
HUVEC	start	42	183328	71026	603.856379
HUVEC	start	43	31456	71024	139.052423
HUVEC	start	44	33816	71021	168.132781
HUVEC	start	45	193050	71018	626.614178
HUVEC	start	46	30930	71014	129.810352
HUVEC	start	47	42723	71013	169.177893
HUVEC	start	48	175948	71011	615.442959
HUVEC	start	49	28119	71007	121.250388
HUVEC	start	50	42657	71006	181.891186
HUVEC	start	51	291492	71004	616.231175
HUVEC	start	52	32508	70996	121.396083
HUVEC	start	53	46521	70994	161.870392
HUVEC	start	54	197840	70992	640.232134
HUVEC	start	55	26394	70991	141.826441
HUVEC	start	56	39584	70989	158.977761
HUVEC	start	57	215438	70988	644.016231
HUVEC	start	58	32438	70984	124.340329
HUVEC	start	59	55345	70981	163.520433
HUVEC	start	60	267740	70980	658.475322
HUVEC	start	61	29136	70980	127.928017
HUVEC	start	62	42923	70978	164.348343
HUVEC	start	63	221733	70973	678.793383
HUVEC	start	64	33301	70970	132.309138
HUVEC	start	65	37761	70966	160.291124
HUVEC	start	66	184980	70960	675.571719
HUVEC	start	67	34483	70953	125.018029
HUVEC	start	68	43823	70951	173.233157
HUVEC	start	69	232763	70947	676.456162
HUVEC	start	70	33473	70943	120.990688
HUVEC	start	71	45331	70940	176.714629
HUVEC	start	72	228538	70938	664.204394
HUVEC	start	73	42812	70931	134.078001
HUVEC	start	74	42473	70926	181.270488
HUVEC	start	75	186356	70920	684.923714
HUVEC	start	76	36728	70917	131.389873
HUVEC	start	77	48867	70912	182.218039
HUVEC	start	78	200709	70910	698.450975
HUVEC	start	79	31674	70904	126.519293
HUVEC	start	80	42213	70902	176.290129
HUVEC	start	81	176279	70901	709.988329
HUVEC	start	82	31251	70898	122.213650
HUVEC	start	83	46234	70898	166.024089
HUVEC	start	84	187562	70892	697.421983
HUVEC	start	85	31237	70888	140.553609
HUVEC	start	86	46103	70887	168.568860
HUVEC	start	87	185211	70881	670.258936
HUVEC	start	88	28721	70880	116.037359
HUVEC	start	89	39226	70876	160.972971
HUVEC	start	90	207815	70871	696.660981
HUVEC	start	91	28350	70867	132.498493
HUVEC	start	92	36928	70865	178.285612
HUVEC	start	93	193886	70860	706.891215
HUVEC	start	94	29455	70851	147.188526
HUVEC	start	95	40972	70848	174.687661
HUVEC	start	96	200881	70845	713.740230
HUVEC	start	97	29306	70843	130.153522
HUVEC	start	98	38349	70838	165.863098
HUVEC	start	99	228394	70832	695.688146
HUVEC	start	100	31387	70828	127.408655
HUVEC	start	101	37667	70826	158.523125
HUVEC	start	102	189383	70821	700.991759
HUVEC	start	103	27976	70818	154.806558
HUVEC	start	104	42921	70816	170.879250
HUVEC	start	105	193469	70809	746.786413
HUVEC	start	106	29220	70806	130.633801
HUVEC	start	107	37283	70801	174.729183
HUVEC	start	108	192157	70794	732.264852
HUVEC	start	109	28267	70790	130.151146
HUVEC	start	110	40824	70786	147.423417
HUVEC	start	111	200606	70782	685.616725
HUVEC	start	112	30288	70776	145.424056
HUVEC	start	113	38990	70775	170.389631
HUVEC	start	114	204071	70774	691.520801
HUVEC	start	115	29592	70769	140.391027
HUVEC	start	116	32040	70761	159.832210
HUVEC	start	117	172620	70757	690.946089
HUVEC	start	118	31095	70754	135.240719
HUVEC	start	119	36239	70751	160.190652
HUVEC	start	120	188718	70743	661.581338
HUVEC	start	121	31579	70740	130.852639
HUVEC	start	122	50101	70735	164.932799
HUVEC	start	123	171895	70733	700.055002
HUVEC	start	124	33206	70732	142.248119
HUVEC	start	125	45482	70728	191.708928
HUVEC	start	126	184150	70723	705.424949
HUVEC	start	127	24798	70722	128.847338
HUVEC	start	128	42489	70719	187.463612
HUVEC	start	129	216083	70709	729.318444
HUVEC	start	130	33289	70705	124.860676
HUVEC	start	131	43523	70702	155.189874
HUVEC	start	132	241447	70696	761.740779
HUVEC	start	133	34835	70691	137.331159
HUVEC	start	134	43652	70683	167.460052
HUVEC	start	135	206070	70678	703.136939
HUVEC	start	136	26907	70671	131.812437
HUVEC	start	137	37273	70666	173.976370
HUVEC	start	138	175302	70662	715.916388
HUVEC	start	139	25229	70660	125.647463
HUVEC	start	140	32842	70651	161.951131
HUVEC	start	141	150809	70642	754.129606
HUVEC	start	142	24507	70639	139.693057
HUVEC	start	143	36727	70633	164.841314
HUVEC	start	144	177537	70623	769.336225
HUVEC	start	145	30761	70619	127.809623
HUVEC	start	146	37706	70609	149.052591
HUVEC	start	147	185756	70604	769.281629
HUVEC	start	148	30817	70601	154.307815
HUVEC	start	149	43298	70596	193.295134
HUVEC	start	150	211035	70592	798.238858
HUVEC	stop	-150	202836	71049	941.663937
HUVEC	stop	-149	29271	71050	157.208268
HUVEC	stop	-148	37186	71050	179.415788
HUVEC	stop	-147	173055	71052	814.936528
HUVEC	stop	-146	28703	71053	129.626737
HUVEC	stop	-145	33341	71053	188.927777
HUVEC	stop	-144	178671	71055	854.941000
HUVEC	stop	-143	30981	71057	134.724141
HUVEC	stop	-142	33829	71059	178.376313
HUVEC	stop	-141	170045	71061	762.048575
HUVEC	stop	-140	24047	71061	124.732187
HUVEC	stop	-139	35644	71061	175.549439
HUVEC	stop	-138	171503	71062	750.484989
HUVEC	stop	-137	27697	71063	142.053075
HUVEC	stop	-136	40753	71064	195.213224
HUVEC	stop	-135	187260	71064	852.772125
HUVEC	stop	-134	29912	71064	124.813004
HUVEC	stop	-133	40405	71067	206.596077
HUVEC	stop	-132	164231	71069	750.681110
HUVEC	stop	-131	27931	71070	120.641182
HUVEC	stop	-130	34137	71070	167.491349
HUVEC	stop	-129	172625	71072	793.889982
HUVEC	stop	-128	26843	71074	135.091829
HUVEC	stop	-127	38876	71075	170.444475
HUVEC	stop	-126	159570	71076	812.610762
HUVEC	stop	-125	28734	71077	126.617874
HUVEC	stop	-124	48080	71077	173.197097
HUVEC	stop	-123	195968	71082	803.080012
HUVEC	stop	-122	27473	71082	156.103427
HUVEC	stop	-121	38044	71083	176.055456
HUVEC	stop	-120	219808	71083	815.405809
HUVEC	stop	-119	32188	71084	136.632633
HUVEC	stop	-118	43983	71084	185.028468
HUVEC	stop	-117	216437	71084	782.813931
HUVEC	stop	-116	29425	71085	133.936386
HUVEC	stop	-115	36167	71086	168.564830
HUVEC	stop	-114	189316	71087	794.019321
HUVEC	stop	-113	27775	71088	146.076409
HUVEC	stop	-112	44490	71089	167.314748
HUVEC	stop	-111	203922	71090	764.305680
HUVEC	stop	-110	30730	71090	134.592101
HUVEC	stop	-109	43672	71091	183.390872
HUVEC	stop	-108	183846	71091	753.018733
HUVEC	stop	-107	35512	71092	124.814458
HUVEC	stop	-106	38706	71093	153.844347
HUVEC	stop	-105	188860	71095	714.264100
HUVEC	stop	-104	30105	71095	128.120918
HUVEC	stop	-103	34654	71096	179.711891
HUVEC	stop	-102	188477	71096	801.374017
HUVEC	stop	-101	32648	71097	120.801692
HUVEC	stop	-100	39687	71098	171.380681
HUVEC	stop	-99	182070	71099	743.849221
HUVEC	stop	-98	29118	71099	120.212762
HUVEC	stop	-97	45311	71100	170.925011
HUVEC	stop	-96	165198	71101	812.693367
HUVEC	stop	-95	28276	71102	124.580737
HUVEC	stop	-94	37084	71103	181.171653
HUVEC	stop	-93	160283	71106	779.190746
HUVEC	stop	-92	24531	71107	139.004167
HUVEC	stop	-91	33447	71107	157.505025
HUVEC	stop	-90	172887	71107	741.244485
HUVEC	stop	-89	31085	71107	136.678048
HUVEC	stop	-88	43983	71107	167.873901
HUVEC	stop	-87	201711	71107	777.368388
HUVEC	stop	-86	31893	71107	111.508885
HUVEC	stop	-85	36124	71107	173.312932
HUVEC	stop	-84	196417	71109	758.739648
HUVEC	stop	-83	29357	71109	134.382040
HUVEC	stop	-82	39567	71109	168.398003
HUVEC	stop	-81	158741	71110	746.506007
HUVEC	stop	-80	29572	71110	134.802650
HUVEC	stop	-79	40033	71110	162.524846
HUVEC	stop	-78	193367	71110	760.027146
HUVEC	stop	-77	28458	71110	132.375594
HUVEC	stop	-76	36235	71110	168.660180
HUVEC	stop	-75	164642	71111	767.459958
HUVEC	stop	-74	27166	71112	131.139079
HUVEC	stop	-73	40885	71113	171.259308
HUVEC	stop	-72	183477	71114	755.740017
HUVEC	stop	-71	28523	71114	129.205717
HUVEC	stop	-70	40731	71114	177.782176
HUVEC	stop	-69	155011	71114	796.157348
HUVEC	stop	-68	26746	71114	137.931097
HUVEC	stop	-67	44259	71114	183.801868
HUVEC	stop	-66	201067	71115	791.551440
HUVEC	stop	-65	29785	71115	125.191790
HUVEC	stop	-64	39698	71115	184.955254
HUVEC	stop	-63	175251	71116	813.482468
HUVEC	stop	-62	26569	71116	148.884131
HUVEC	stop	-61	36622	71116	160.228259
HUVEC	stop	-60	172377	71116	792.962790
HUVEC	stop	-59	32226	71116	150.518932
HUVEC	stop	-58	40403	71116	170.126429
HUVEC	stop	-57	205797	71116	806.555306
HUVEC	stop	-56	30537	71116	139.356268
HUVEC	stop	-55	32857	71116	191.366130
HUVEC	stop	-54	192939	71116	759.988126
HUVEC	stop	-53	27356	71116	130.978522
HUVEC	stop	-52	36528	71116	174.367515
HUVEC	stop	-51	161442	71116	780.721006
HUVEC	stop	-50	23541	71116	124.340084
HUVEC	stop	-49	33416	71116	172.903647
HUVEC	stop	-48	163019	71116	791.082226
HUVEC	stop	-47	25275	71116	137.467290
HUVEC	stop	-46	31716	71116	170.173657
HUVEC	stop	-45	161984	71116	742.549134
HUVEC	stop	-44	29256	71116	134.968091
HUVEC	stop	-43	39379	71116	182.868891
HUVEC	stop	-42	162946	71116	738.582915
HUVEC	stop	-41	23548	71116	129.951668
HUVEC	stop	-40	38093	71116	164.532400
HUVEC	stop	-39	166549	71116	779.525375
HUVEC	stop	-38	26306	71116	135.466866
HUVEC	stop	-37	37262	71116	177.456941
HUVEC	stop	-36	201305	71116	830.839999
HUVEC	stop	-35	27959	71116	142.107577
HUVEC	stop	-34	36777	71116	173.865743
HUVEC	stop	-33	182241	71116	846.417521
HUVEC	stop	-32	31170	71116	132.530928
HUVEC	stop	-31	45375	71116	194.241859
HUVEC	stop	-30	220170	71116	840.449792
HUVEC	stop	-29	29378	71116	134.560411
HUVEC	stop	-28	33042	71116	195.306267
HUVEC	stop	-27	165587	71116	807.103009
HUVEC	stop	-26	27643	71116	133.332210
HUVEC	stop	-25	37217	71116	174.849950
HUVEC	stop	-24	157320	71116	739.256318
HUVEC	stop	-23	26835	71116	134.018499
HUVEC	stop	-22	43766	71116	165.226073
HUVEC	stop	-21	205900	71116	782.411450
HUVEC	stop	-20	29986	71116	139.031576
HUVEC	stop	-19	39982	71116	186.043244
HUVEC	stop	-18	178060	71116	763.697350
HUVEC	stop	-17	27950	71116	139.519474
HUVEC	stop	-16	40360	71116	186.168848
HUVEC	stop	-15	192782	71116	767.828758
HUVEC	stop	-14	22659	71116	128.998746
HUVEC	stop	-13	23987	71116	112.445356
HUVEC	stop	-12	86528	71116	481.829807
HUVEC	stop	-11	14206	71116	77.473327
HUVEC	stop	-10	46518	71116	201.242356
HUVEC	stop	-9	279329	71116	1019.623128
HUVEC	stop	-8	40083	71116	158.290268
HUVEC	stop	-7	41321	71116	201.245964
HUVEC	stop	-6	171574	71116	749.042363
HUVEC	stop	-5	19506	71116	94.578585
HUVEC	stop	-4	25279	71116	154.604684
HUVEC	stop	-3	161836	71116	732.208053
HUVEC	stop	-2	23160	71116	118.696939
HUVEC	stop	-1	42494	71116	235.044126
HUVEC	stop	0	436636	71116	2508.331308
HUVEC	stop	1	78142	71116	334.726787
HUVEC	stop	2	24266	71116	123.240143
HUVEC	stop	3	17301	66242	85.272601
HUVEC	stop	4	4790	66242	40.584110
HUVEC	stop	5	4431	66241	24.846001
HUVEC	stop	6	3770	65719	19.462070
HUVEC	stop	7	4915	65691	27.153407
HUVEC	stop	8	4495	65664	25.144823
HUVEC	stop	9	3097	65655	20.967552
HUVEC	stop	10	3438	65624	32.682883
HUVEC	stop	11	3903	65617	21.609424
HUVEC	stop	12	2706	65596	18.184699
HUVEC	stop	13	3520	65574	25.122366
HUVEC	stop	14	4730	65555	37.480165
HUVEC	stop	15	2963	65538	17.610916
HUVEC	stop	16	2891	65525	29.947123
HUVEC	stop	17	2591	65510	21.445863
HUVEC	stop	18	2208	65492	12.551873
HUVEC	stop	19	2404	65476	14.043397
HUVEC	stop	20	2524	65452	20.253740
HUVEC	stop	21	1950	65414	13.860478
HUVEC	stop	22	2198	65384	18.727107
HUVEC	stop	23	2167	65347	15.997630
HUVEC	stop	24	2024	65292	21.600101
HUVEC	stop	25	2451	65243	18.276589
HUVEC	stop	26	2999	65208	20.665346
HUVEC	stop	27	1974	65176	11.002507
HUVEC	stop	28	2666	65148	19.034943
HUVEC	stop	29	2538	65116	13.920896
HUVEC	stop	30	1543	65095	10.777376
HUVEC	stop	31	2169	65072	20.015509
HUVEC	stop	32	2614	65029	21.676491
HUVEC	stop	33	1512	65002	14.738862
HUVEC	stop	34	2669	64974	22.700337
HUVEC	stop	35	2418	64944	18.122806
HUVEC	stop	36	2288	64905	12.011772
HUVEC	stop	37	2469	64871	15.152166
HUVEC	stop	38	2544	64812	24.462563
HUVEC	stop	39	2322	64778	10.638975
HUVEC	stop	40	2418	64738	22.245703
HUVEC	stop	41	2359	64673	18.270660
HUVEC	stop	42	1986	64633	17.832884
HUVEC	stop	43	2644	64568	16.321001
HUVEC	stop	44	2067	64502	16.384901
HUVEC	stop	45	5237	64445	8.437738
HUVEC	stop	46	2623	64400	23.437586
HUVEC	stop	47	2060	64325	17.433698
HUVEC	stop	48	1716	64275	11.594508
HUVEC	stop	49	3136	64216	14.838541
HUVEC	stop	50	2241	64142	19.513195
Hepatocytes	start	-50	142971	60411	155.581482
Hepatocytes	start	-49	181684	60609	165.615616
Hepatocytes	start	-48	293020	60855	189.744296
Hepatocytes	start	-47	158888	61042	158.749767
Hepatocytes	start	-46	180993	61219	164.263748
Hepatocytes	start	-45	319857	61408	185.579325
Hepatocytes	start	-44	217590	61615	160.389023
Hepatocytes	start	-43	160640	61807	154.340619
Hepatocytes	start	-42	210429	62046	161.738365
Hepatocytes	start	-41	225378	62268	167.896623
Hepatocytes	start	-40	183367	62524	149.641428
Hepatocytes	start	-39	211579	62741	162.147867
Hepatocytes	start	-38	143210	62960	152.581230
Hepatocytes	start	-37	239588	63199	156.218778
Hepatocytes	start	-36	335587	63456	189.668985
Hepatocytes	start	-35	200338	63701	149.215278
Hepatocytes	start	-34	188791	63909	133.326703
Hepatocytes	start	-33	270518	64160	149.852577
Hepatocytes	start	-32	190808	64386	150.280186
Hepatocytes	start	-31	173088	64652	146.097294
Hepatocytes	start	-30	322819	64947	166.645216
Hepatocytes	start	-29	172571	65224	147.316870
Hepatocytes	start	-28	321082	65468	187.453833
Hepatocytes	start	-27	488927	65731	159.044609
Hepatocytes	start	-26	180803	66047	132.443812
Hepatocytes	start	-25	245948	66294	189.557544
Hepatocytes	start	-24	303641	66565	170.036168
Hepatocytes	start	-23	356894	66820	157.753394
Hepatocytes	start	-22	242150	67079	176.827787
Hepatocytes	start	-21	294375	67368	179.869681
Hepatocytes	start	-20	218241	67610	151.538159
Hepatocytes	start	-19	196717	67832	147.484716
Hepatocytes	start	-18	389544	68020	171.604892
Hepatocytes	start	-17	759405	68233	158.189264
Hepatocytes	start	-16	377858	68458	145.947083
Hepatocytes	start	-15	388064	68683	144.278001
Hepatocytes	start	-14	490726	68866	173.950237
Hepatocytes	start	-13	392162	69077	181.830685
Hepatocytes	start	-12	438608	69263	212.843879
Hepatocytes	start	-11	292747	69448	190.920053
Hepatocytes	start	-10	394694	69590	157.561278
Hepatocytes	start	-9	385099	69764	177.792653
Hepatocytes	start	-8	209068	69882	139.071942
Hepatocytes	start	-7	162901	69986	118.421635
Hepatocytes	start	-6	249599	70096	125.411872
Hepatocytes	start	-5	320937	70186	178.562893
Hepatocytes	start	-4	139836	70278	98.051666
Hepatocytes	start	-3	223785	70332	106.309358
Hepatocytes	start	-2	642274	70374	260.898264
Hepatocytes	start	-1	555654	70414	224.590374
Hepatocytes	start	0	12345271	71116	2896.578220
Hepatocytes	start	1	801797	71116	290.094080
Hepatocytes	start	2	473205	71116	206.602356
Hepatocytes	start	3	4139741	71115	1248.645473
Hepatocytes	start	4	328672	71115	168.235399
Hepatocytes	start	5	247777	71115	156.844572
Hepatocytes	start	6	1914600	71112	635.070254
Hepatocytes	start	7	280902	71111	141.682504
Hepatocytes	start	8	289758	71109	182.529916
Hepatocytes	start	9	2913917	71108	1075.765191
Hepatocytes	start	10	265040	71103	125.097625
Hepatocytes	start	11	233756	71100	132.671077
Hepatocytes	start	12	3860396	71098	1183.455490
Hepatocytes	start	13	254787	71097	143.899103
Hepatocytes	start	14	153079	71094	89.347601
Hepatocytes	start	15	2006365	71090	736.206366
Hepatocytes	start	16	291137	71085	121.971007
Hepatocytes	start	17	235073	71085	126.766761
Hepatocytes	start	18	1845546	71083	697.005249
Hepatocytes	start	19	281695	71081	118.648969
Hepatocytes	start	20	185255	71078	108.033662
Hepatocytes	start	21	2070462	71077	715.635084
Hepatocytes	start	22	302105	71076	139.638369
Hepatocytes	start	23	205316	71074	115.248951
Hepatocytes	start	24	2364145	71073	726.981807
Hepatocytes	start	25	298203	71072	137.325623
Hepatocytes	start	26	224426	71070	103.378257
Hepatocytes	start	27	2185939	71065	655.248004
Hepatocytes	start	28	466655	71063	130.593551
Hepatocytes	start	29	328881	71061	109.236433
Hepatocytes	start	30	2321964	71058	713.073843
Hepatocytes	start	31	317477	71054	125.270662
Hepatocytes	start	32	315685	71052	110.807703
Hepatocytes	start	33	2497834	71050	671.832008
Hepatocytes	start	34	329620	71049	125.148158
Hepatocytes	start	35	219792	71046	104.614161
Hepatocytes	start	36	2028271	71045	662.147316
Hepatocytes	start	37	345111	71045	136.140110
Hepatocytes	start	38	249561	71042	100.332617
Hepatocytes	start	39	1979908	71039	674.203934
Hepatocytes	start	40	282793	71035	114.273171
Hepatocytes	start	41	242661	71031	114.994201
Hepatocytes	start	42	1935577	71026	660.811746
Hepatocytes	start	43	226412	71024	119.429548
Hepatocytes	start	44	197677	71021	103.089189
Hepatocytes	start	45	2514762	71018	676.022749
Hepatocytes	start	46	266573	71014	120.064898
Hepatocytes	start	47	218517	71013	116.062297
Hepatocytes	start	48	1870352	71011	666.564211
Hepatocytes	start	49	235075	71007	118.488678
Hepatocytes	start	50	203587	71006	103.031127
Hepatocytes	start	51	2302411	71004	707.281994
Hepatocytes	start	52	241245	70996	125.552728
Hepatocytes	start	53	168844	70994	87.882723
Hepatocytes	start	54	1939885	70992	700.921513
Hepatocytes	start	55	198679	70991	117.451962
Hepatocytes	start	56	182851	70989	88.754052
Hepatocytes	start	57	2209190	70988	713.414897
Hepatocytes	start	58	270491	70984	137.783159
Hepatocytes	start	59	254554	70981	107.616737
Hepatocytes	start	60	2448127	70980	786.851653
Hepatocytes	start	61	250323	70980	121.589780
Hepatocytes	start	62	308660	70978	110.920897
Hepatocytes	start	63	2462582	70973	793.419561
Hepatocytes	start	64	282458	70970	121.192622
Hepatocytes	start	65	192071	70966	91.816411
Hepatocytes	start	66	1934351	70960	743.882063
Hepatocytes	start	67	245833	70953	119.630790
Hepatocytes	start	68	213588	70951	104.700546
Hepatocytes	start	69	2739167	70947	801.838550
Hepatocytes	start	70	317373	70943	123.621696
Hepatocytes	start	71	260808	70940	105.797108
Hepatocytes	start	72	2304745	70938	777.126417
Hepatocytes	start	73	268825	70931	115.949909
Hepatocytes	start	74	270605	70926	111.783380
Hepatocytes	start	75	2365311	70920	840.967545
Hepatocytes	start	76	290938	70917	130.400610
Hepatocytes	start	77	196011	70912	96.508654
Hepatocytes	start	78	2032665	70910	724.819572
Hepatocytes	start	79	286803	70904	104.768022
Hepatocytes	start	80	354923	70902	95.818440
Hepatocytes	start	81	1962706	70901	762.848135
Hepatocytes	start	82	263259	70898	127.959573
Hepatocytes	start	83	215065	70898	98.208429
Hepatocytes	start	84	2408638	70892	784.004299
Hepatocytes	start	85	303941	70888	138.289386
Hepatocytes	start	86	216770	70887	97.538530
Hepatocytes	start	87	2564713	70881	742.363040
Hepatocytes	start	88	248175	70880	128.259923
Hepatocytes	start	89	208354	70876	94.593201
Hepatocytes	start	90	2885641	70871	791.070349
Hepatocytes	start	91	299008	70867	132.173520
Hepatocytes	start	92	220440	70865	104.899043
Hepatocytes	start	93	2397663	70860	774.464421
Hepatocytes	start	94	339471	70851	126.754912
Hepatocytes	start	95	214724	70848	94.561502
Hepatocytes	start	96	2278784	70845	770.019256
Hepatocytes	start	97	400920	70843	123.794854
Hepatocytes	start	98	189449	70838	86.365227
Hepatocytes	start	99	2306364	70832	818.597043
Hepatocytes	start	100	317006	70828	131.877141
Hepatocytes	start	101	201423	70826	114.066225
Hepatocytes	start	102	2252859	70821	792.139863
Hepatocytes	start	103	303084	70818	135.266042
Hepatocytes	start	104	182990	70816	94.719628
Hepatocytes	start	105	2444356	70809	858.644342
Hepatocytes	start	106	310681	70806	136.871360
Hepatocytes	start	107	190197	70801	94.469236
Hepatocytes	start	108	2438258	70794	840.616234
Hepatocytes	start	109	334133	70790	127.307685
Hepatocytes	start	110	183442	70786	87.228483
Hepatocytes	start	111	2315398	70782	831.296157
Hepatocytes	start	112	307317	70776	130.480653
Hepatocytes	start	113	204207	70775	85.949478
Hepatocytes	start	114	2356309	70774	853.868454
Hepatocytes	start	115	257581	70769	122.663335
Hepatocytes	start	116	175537	70761	92.087283
Hepatocytes	start	117	2432518	70757	813.414398
Hepatocytes	start	118	318983	70754	149.833616
Hepatocytes	start	119	196077	70751	89.419093
Hepatocytes	start	120	2428741	70743	804.588851
Hepatocytes	start	121	301696	70740	136.013253
Hepatocytes	start	122	231526	70735	102.986376
Hepatocytes	start	123	2704943	70733	858.885312
Hepatocytes	start	124	301904	70732	125.945795
Hepatocytes	start	125	219452	70728	98.924886
Hepatocytes	start	126	2789147	70723	912.787458
Hepatocytes	start	127	244882	70722	130.315093
Hepatocytes	start	128	166652	70719	89.022933
Hepatocytes	start	129	2946734	70709	867.863760
Hepatocytes	start	130	349681	70705	135.018215
Hepatocytes	start	131	177425	70702	93.569354
Hepatocytes	start	132	3401303	70696	849.522105
Hepatocytes	start	133	408892	70691	140.821165
Hepatocytes	start	134	254311	70683	94.166045
Hepatocytes	start	135	2809649	70678	851.797947
Hepatocytes	start	136	250470	70671	128.167687
Hepatocytes	start	137	181069	70666	94.571854
Hepatocytes	start	138	2456218	70662	854.021755
Hepatocytes	start	139	281497	70660	149.902580
Hepatocytes	start	140	157090	70651	86.848676
Hepatocytes	start	141	2211837	70642	859.382134
Hepatocytes	start	142	258247	70639	122.698007
Hepatocytes	start	143	197885	70633	101.952878
Hepatocytes	start	144	2875221	70623	985.902081
Hepatocytes	start	145	346529	70619	151.872283
Hepatocytes	start	146	247094	70609	95.138533
Hepatocytes	start	147	3023783	70604	941.527810
Hepatocytes	start	148	324285	70601	161.751605
Hepatocytes	start	149	235873	70596	110.355397
Hepatocytes	start	150	2831942	70592	1013.654545
Hepatocytes	stop	-150	2945862	71049	1042.620173
Hepatocytes	stop	-149	348942	71050	157.775885
Hepatocytes	stop	-148	172471	71050	90.848106
Hepatocytes	stop	-147	1908685	71052	983.438963
Hepatocytes	stop	-146	258812	71053	133.529515
Hepatocytes	stop	-145	171640	71053	85.416866
Hepatocytes	stop	-144	2546792	71055	955.159783
Hepatocytes	stop	-143	343411	71057	127.737838
Hepatocytes	stop	-142	235180	71059	83.691288
Hepatocytes	stop	-141	2063216	71061	897.072990
Hepatocytes	stop	-140	274359	71061	124.655070
Hepatocytes	stop	-139	191351	71061	95.266928
Hepatocytes	stop	-138	1875621	71062	895.123210
Hepatocytes	stop	-137	268643	71063	116.070637
Hepatocytes	stop	-136	202610	71064	90.805674
Hepatocytes	stop	-135	2129497	71064	898.963634
Hepatocytes	stop	-134	284453	71064	130.734799
Hepatocytes	stop	-133	174083	71067	93.161358
Hepatocytes	stop	-132	1975778	71069	896.106445
Hepatocytes	stop	-131	275525	71070	108.520522
Hepatocytes	stop	-130	156073	71070	91.369345
Hepatocytes	stop	-129	2005698	71072	892.688846
Hepatocytes	stop	-128	281705	71074	120.135643
Hepatocytes	stop	-127	188403	71075	106.915641
Hepatocytes	stop	-126	2149086	71076	914.462999
Hepatocytes	stop	-125	317418	71077	126.391690
Hepatocytes	stop	-124	205336	71077	96.527495
Hepatocytes	stop	-123	3049878	71082	915.627025
Hepatocytes	stop	-122	333622	71082	116.375996
Hepatocytes	stop	-121	183702	71083	93.053602
Hepatocytes	stop	-120	2252905	71083	901.019142
Hepatocytes	stop	-119	339637	71084	119.036222
Hepatocytes	stop	-118	176126	71084	90.319347
Hepatocytes	stop	-117	2572679	71084	908.161320
Hepatocytes	stop	-116	273106	71085	116.484448
Hepatocytes	stop	-115	190630	71086	88.771920
Hepatocytes	stop	-114	2108605	71087	870.291095
Hepatocytes	stop	-113	268232	71088	122.362188
Hepatocytes	stop	-112	182469	71089	83.829291
Hepatocytes	stop	-111	2301293	71090	858.039964
Hepatocytes	stop	-110	244916	71090	116.601299
Hepatocytes	stop	-109	225472	71091	90.959358
Hepatocytes	stop	-108	2449312	71091	892.797218
Hepatocytes	stop	-107	294626	71092	122.724707
Hepatocytes	stop	-106	224276	71093	90.092582
Hepatocytes	stop	-105	2416446	71095	851.353418
Hepatocytes	stop	-104	301734	71095	111.895476
Hepatocytes	stop	-103	189545	71096	84.360627
Hepatocytes	stop	-102	1980389	71096	870.739423
Hepatocytes	stop	-101	346822	71097	116.661809
Hepatocytes	stop	-100	268405	71098	97.586821
Hepatocytes	stop	-99	2470815	71099	888.175485
Hepatocytes	stop	-98	263873	71099	114.909799
Hepatocytes	stop	-97	204382	71100	91.607721
Hepatocytes	stop	-96	2066843	71101	858.603041
Hepatocytes	stop	-95	285259	71102	109.820296
Hepatocytes	stop	-94	221399	71103	86.553773
Hepatocytes	stop	-93	2410151	71106	939.689723
Hepatocytes	stop	-92	255605	71107	123.165234
Hepatocytes	stop	-91	180469	71107	85.959977
Hepatocytes	stop	-90	2466769	71107	825.929886
Hepatocytes	stop	-89	503040	71107	112.475578
Hepatocytes	stop	-88	203273	71107	89.549236
Hepatocytes	stop	-87	2819765	71107	877.589063
Hepatocytes	stop	-86	305882	71107	119.282822
Hepatocytes	stop	-85	183461	71107	95.119057
Hepatocytes	stop	-84	2845370	71109	859.461835
Hepatocytes	stop	-83	283848	71109	118.423440
Hepatocytes	stop	-82	198450	71109	83.818382
Hepatocytes	stop	-81	2150680	71110	878.871054
Hepatocytes	stop	-80	254575	71110	102.533615
Hepatocytes	stop	-79	172167	71110	90.128771
Hepatocytes	stop	-78	2178603	71110	853.933636
Hepatocytes	stop	-77	262341	71110	113.264812
Hepatocytes	stop	-76	235336	71110	82.477931
Hepatocytes	stop	-75	2259630	71111	833.627035
Hepatocytes	stop	-74	239933	71112	118.942306
Hepatocytes	stop	-73	162441	71113	83.525343
Hepatocytes	stop	-72	2126241	71114	875.937666
Hepatocytes	stop	-71	283640	71114	125.075074
Hepatocytes	stop	-70	185623	71114	79.849643
Hepatocytes	stop	-69	2099415	71114	898.793817
Hepatocytes	stop	-68	300037	71114	111.832587
Hepatocytes	stop	-67	177580	71114	83.100726
Hepatocytes	stop	-66	2113737	71115	878.825598
Hepatocytes	stop	-65	257441	71115	126.791602
Hepatocytes	stop	-64	191335	71115	86.010359
Hepatocytes	stop	-63	1972659	71116	909.201866
Hepatocytes	stop	-62	247583	71116	118.950332
Hepatocytes	stop	-61	187450	71116	87.437506
Hepatocytes	stop	-60	2285657	71116	886.863175
Hepatocytes	stop	-59	314316	71116	114.902308
Hepatocytes	stop	-58	183660	71116	80.550242
Hepatocytes	stop	-57	2244019	71116	817.134825
Hepatocytes	stop	-56	268539	71116	113.085784
Hepatocytes	stop	-55	197401	71116	88.557232
Hepatocytes	stop	-54	1943744	71116	851.142359
Hepatocytes	stop	-53	272749	71116	110.414099
Hepatocytes	stop	-52	181174	71116	97.540073
Hepatocytes	stop	-51	2213440	71116	820.344705
Hepatocytes	stop	-50	280481	71116	109.431412
Hepatocytes	stop	-49	178656	71116	86.253962
Hepatocytes	stop	-48	1968585	71116	824.643496
Hepatocytes	stop	-47	233703	71116	108.768561
Hepatocytes	stop	-46	212265	71116	84.765077
Hepatocytes	stop	-45	2172341	71116	823.732923
Hepatocytes	stop	-44	416960	71116	121.044243
Hepatocytes	stop	-43	226009	71116	87.584029
Hepatocytes	stop	-42	1971850	71116	851.444260
Hepatocytes	stop	-41	222960	71116	105.976269
Hepatocytes	stop	-40	176301	71116	84.201417
Hepatocytes	stop	-39	2042309	71116	822.827076
Hepatocytes	stop	-38	230262	71116	105.559871
Hepatocytes	stop	-37	175032	71116	88.226195
Hepatocytes	stop	-36	2150728	71116	852.803960
Hepatocytes	stop	-35	256124	71116	122.691594
Hepatocytes	stop	-34	252756	71116	92.560122
Hepatocytes	stop	-33	2269279	71116	948.737826
Hepatocytes	stop	-32	341090	71116	127.515839
Hepatocytes	stop	-31	223662	71116	103.123938
Hepatocytes	stop	-30	2543172	71116	912.819077
Hepatocytes	stop	-29	305257	71116	125.708278
Hepatocytes	stop	-28	209320	71116	97.590897
Hepatocytes	stop	-27	2210260	71116	881.276816
Hepatocytes	stop	-26	236073	71116	132.549914
Hepatocytes	stop	-25	172016	71116	90.900147
Hepatocytes	stop	-24	2005290	71116	815.826282
Hepatocytes	stop	-23	279226	71116	116.654479
Hepatocytes	stop	-22	171166	71116	103.812311
Hepatocytes	stop	-21	2437700	71116	852.108884
Hepatocytes	stop	-20	249535	71116	125.095197
Hepatocytes	stop	-19	180927	71116	90.873749
Hepatocytes	stop	-18	2119245	71116	819.872656
Hepatocytes	stop	-17	257234	71116	113.060496
Hepatocytes	stop	-16	194869	71116	100.450817
Hepatocytes	stop	-15	2395748	71116	770.005395
Hepatocytes	stop	-14	270080	71116	120.584089
Hepatocytes	stop	-13	149438	71116	72.645336
Hepatocytes	stop	-12	1565007	71116	665.103596
Hepatocytes	stop	-11	222171	71116	83.279500
Hepatocytes	stop	-10	219437	71116	79.734251
Hepatocytes	stop	-9	3484621	71116	1279.755632
Hepatocytes	stop	-8	478183	71116	172.832558
Hepatocytes	stop	-7	224298	71116	98.373338
Hepatocytes	stop	-6	2033972	71116	905.374275
Hepatocytes	stop	-5	198178	71116	98.954960
Hepatocytes	stop	-4	133633	71116	73.433666
Hepatocytes	stop	-3	1892425	71116	823.490943
Hepatocytes	stop	-2	218535	71116	118.988885
Hepatocytes	stop	-1	319301	71116	172.961594
Hepatocytes	stop	0	13190031	71116	5469.126085
Hepatocytes	stop	1	2292712	71116	869.625099
Hepatocytes	stop	2	406230	71116	212.322157
Hepatocytes	stop	3	536117	66242	240.313899
Hepatocytes	stop	4	70459	66242	34.455229
Hepatocytes	stop	5	52173	66241	29.773629
Hepatocytes	stop	6	34436	65719	18.918391
Hepatocytes	stop	7	89390	65691	39.266694
Hepatocytes	stop	8	54350	65664	33.159173
Hepatocytes	stop	9	27067	65655	14.123471
Hepatocytes	stop	10	48218	65624	30.433220
Hepatocytes	stop	11	55554	65617	31.667792
Hepatocytes	stop	12	28491	65596	16.017150
Hepatocytes	stop	13	42194	65574	27.796996
Hepatocytes	stop	14	73491	65555	34.750973
Hepatocytes	stop	15	27211	65538	18.751461
Hepatocytes	stop	16	28516	65525	34.248488
Hepatocytes	stop	17	31753	65510	26.494804
Hepatocytes	stop	18	17296	65492	12.978671
Hepatocytes	stop	19	31559	65476	19.279570
Hepatocytes	stop	20	27772	65452	16.273600
Hepatocytes	stop	21	16080	65414	10.899796
Hepatocytes	stop	22	27184	65384	18.054619
Hepatocytes	stop	23	26183	65347	22.330797
Hepatocytes	stop	24	14852	65292	7.374472
Hepatocytes	stop	25	29657	65243	30.027424
Hepatocytes	stop	26	30375	65208	32.434761
Hepatocytes	stop	27	13881	65176	23.488627
Hepatocytes	stop	28	32386	65148	27.345408
Hepatocytes	stop	29	23934	65116	16.645582
Hepatocytes	stop	30	10264	65095	9.014665
Hepatocytes	stop	31	25248	65072	19.389385
Hepatocytes	stop	32	25662	65029	19.832575
Hepatocytes	stop	33	10679	65002	15.080171
Hepatocytes	stop	34	24315	64974	21.310061
Hepatocytes	stop	35	24803	64944	19.389137
Hepatocytes	stop	36	12224	64905	16.006208
Hepatocytes	stop	37	29939	64871	26.158955
Hepatocytes	stop	38	35905	64812	19.344085
Hepatocytes	stop	39	21569	64778	20.095117
Hepatocytes	stop	40	30455	64738	23.058522
Hepatocytes	stop	41	23121	64673	20.839483
Hepatocytes	stop	42	17490	64633	11.069750
Hepatocytes	stop	43	39400	64568	21.969695
Hepatocytes	stop	44	25944	64502	20.508567
Hepatocytes	stop	45	79972	64445	14.998963
Hepatocytes	stop	46	28591	64400	20.364376
Hepatocytes	stop	47	34218	64325	26.492495
Hepatocytes	stop	48	12474	64275	11.656279
Hepatocytes	stop	49	29278	64216	29.032869
Hepatocytes	stop	50	26739	64142	25.884453
VSMC	start	-50	68914	60411	154.713952
VSMC	start	-49	85055	60609	158.589098
VSMC	start	-48	121352	60855	178.912493
VSMC	start	-47	69925	61042	158.819880
VSMC	start	-46	87725	61219	154.477075
VSMC	start	-45	121394	61408	176.679823
VSMC	start	-44	93681	61615	174.799908
VSMC	start	-43	76769	61807	156.378843
VSMC	start	-42	102623	62046	157.497714
VSMC	start	-41	104142	62268	161.329316
VSMC	start	-40	87088	62524	144.383223
VSMC	start	-39	98483	62741	163.468851
VSMC	start	-38	66220	62960	158.152789
VSMC	start	-37	110685	63199	140.595907
VSMC	start	-36	132007	63456	175.687794
VSMC	start	-35	83551	63701	158.157551
VSMC	start	-34	108901	63909	156.360167
VSMC	start	-33	120894	64160	150.261434
VSMC	start	-32	75022	64386	157.114337
VSMC	start	-31	77442	64652	136.988099
VSMC	start	-30	138739	64947	165.391850
VSMC	start	-29	80432	65224	126.511162
VSMC	start	-28	124959	65468	162.082509
VSMC	start	-27	147286	65731	169.678248
VSMC	start	-26	78571	66047	149.411778
VSMC	start	-25	125509	66294	164.232305
VSMC	start	-24	192911	66565	167.051999
VSMC	start	-23	101929	66820	139.054690
VSMC	start	-22	90653	67079	156.892302
VSMC	start	-21	113232	67368	159.941963
VSMC	start	-20	86574	67610	145.489200
VSMC	start	-19	79979	67832	131.715214
VSMC	start	-18	137377	68020	154.638489
VSMC	start	-17	162550	68233	170.011708
VSMC	start	-16	113411	68458	149.231744
VSMC	start	-15	131557	68683	167.041788
VSMC	start	-14	116823	68866	180.544754
VSMC	start	-13	126049	69077	161.882514
VSMC	start	-12	155928	69263	192.256574
VSMC	start	-11	110749	69448	185.635499
VSMC	start	-10	89613	69590	135.402628
VSMC	start	-9	154547	69764	142.079378
VSMC	start	-8	77059	69882	121.820834
VSMC	start	-7	58994	69986	98.380716
VSMC	start	-6	84817	70096	108.336120
VSMC	start	-5	87797	70186	146.253816
VSMC	start	-4	56746	70278	96.621885
VSMC	start	-3	122372	70332	120.278330
VSMC	start	-2	154694	70374	239.309075
VSMC	start	-1	374718	70414	351.508990
VSMC	start	0	6589983	71116	3553.275125
VSMC	start	1	442234	71116	328.473755
VSMC	start	2	264373	71116	220.186603
VSMC	start	3	2602047	71115	1716.264767
VSMC	start	4	183585	71115	177.277179
VSMC	start	5	99230	71115	142.216463
VSMC	start	6	965291	71112	760.846911
VSMC	start	7	112242	71111	148.473837
VSMC	start	8	123646	71109	166.163425
VSMC	start	9	1463790	71108	1198.409041
VSMC	start	10	109165	71103	140.228356
VSMC	start	11	110170	71100	150.342362
VSMC	start	12	1781282	71098	995.647615
VSMC	start	13	127757	71097	140.248609
VSMC	start	14	112722	71094	125.770224
VSMC	start	15	1098275	71090	815.814508
VSMC	start	16	147772	71085	134.248583
VSMC	start	17	116023	71085	112.948321
VSMC	start	18	894996	71083	723.916819
VSMC	start	19	126522	71081	127.890958
VSMC	start	20	104870	71078	110.563502
VSMC	start	21	970404	71077	671.963326
VSMC	start	22	127000	71076	122.944617
VSMC	start	23	127680	71074	132.982632
VSMC	start	24	938254	71073	671.500538
VSMC	start	25	145018	71072	132.847974
VSMC	start	26	122667	71070	110.397828
VSMC	start	27	893440	71065	593.715070
VSMC	start	28	136023	71063	119.545674
VSMC	start	29	119277	71061	102.985832
VSMC	start	30	933614	71058	645.719885
VSMC	start	31	119226	71054	120.080592
VSMC	start	32	113324	71052	103.279166
VSMC	start	33	1135193	71050	629.438833
VSMC	start	34	169751	71049	129.193264
VSMC	start	35	104653	71046	101.976851
VSMC	start	36	918572	71045	633.200122
VSMC	start	37	133257	71045	128.400072
VSMC	start	38	110416	71042	100.753614
VSMC	start	39	917355	71039	641.409960
VSMC	start	40	123329	71035	129.315588
VSMC	start	41	123038	71031	100.654577
VSMC	start	42	855304	71026	618.113559
VSMC	start	43	114988	71024	117.822096
VSMC	start	44	90944	71021	97.534406
VSMC	start	45	1124696	71018	645.260476
VSMC	start	46	109809	71014	130.065482
VSMC	start	47	98824	71013	137.744997
VSMC	start	48	821254	71011	639.049598
VSMC	start	49	112827	71007	122.846591
VSMC	start	50	95923	71006	111.644519
VSMC	start	51	1051870	71004	676.054085
VSMC	start	52	121284	70996	112.862922
VSMC	start	53	101339	70994	106.853354
VSMC	start	54	905558	70992	654.101700
VSMC	start	55	105924	70991	119.954785
VSMC	start	56	100159	70989	103.125017
VSMC	start	57	1113763	70988	650.247777
VSMC	start	58	136943	70984	129.502785
VSMC	start	59	126586	70981	100.981871
VSMC	start	60	1192405	70980	716.181884
VSMC	start	61	123017	70980	138.794819
VSMC	start	62	132087	70978	110.085476
VSMC	start	63	1065296	70973	687.889130
VSMC	start	64	128461	70970	120.142254
VSMC	start	65	93684	70966	114.912676
VSMC	start	66	858511	70960	663.684306
VSMC	start	67	131926	70953	140.850015
VSMC	start	68	107724	70951	101.155406
VSMC	start	69	1205603	70947	722.251642
VSMC	start	70	155275	70943	123.805815
VSMC	start	71	128829	70940	106.121460
VSMC	start	72	1008020	70938	693.526811
VSMC	start	73	152057	70931	143.603343
VSMC	start	74	100845	70926	117.582772
VSMC	start	75	982368	70920	763.566038
VSMC	start	76	125158	70917	137.883944
VSMC	start	77	97107	70912	106.740917
VSMC	start	78	912939	70910	715.545416
VSMC	start	79	125400	70904	118.365883
VSMC	start	80	99860	70902	101.477012
VSMC	start	81	829283	70901	739.728538
VSMC	start	82	110494	70898	124.719054
VSMC	start	83	115647	70898	115.111868
VSMC	start	84	1088351	70892	748.694764
VSMC	start	85	154288	70888	138.491326
VSMC	start	86	121737	70887	103.379970
VSMC	start	87	1122304	70881	698.873884
VSMC	start	88	132054	70880	126.112612
VSMC	start	89	113610	70876	91.308624
VSMC	start	90	1374190	70871	757.685340
VSMC	start	91	139295	70867	154.829544
VSMC	start	92	111989	70865	115.276149
VSMC	start	93	997062	70860	698.904751
VSMC	start	94	143704	70851	142.883130
VSMC	start	95	113682	70848	100.230521
VSMC	start	96	984514	70845	725.577467
VSMC	start	97	167284	70843	125.915180
VSMC	start	98	104615	70838	95.530319
VSMC	start	99	1063421	70832	750.078741
VSMC	start	100	152255	70828	134.048185
VSMC	start	101	121202	70826	99.846901
VSMC	start	102	919459	70821	750.449805
VSMC	start	103	132025	70818	130.918539
VSMC	start	104	101858	70816	103.303715
VSMC	start	105	1068388	70809	809.049696
VSMC	start	106	134064	70806	133.037088
VSMC	start	107	110145	70801	96.358367
VSMC	start	108	1119311	70794	772.532705
VSMC	start	109	153057	70790	136.570132
VSMC	start	110	108976	70786	116.112043
VSMC	start	111	1021021	70782	767.849213
VSMC	start	112	136708	70776	126.948898
VSMC	start	113	106920	70775	102.801317
VSMC	start	114	1014010	70774	772.663750
VSMC	start	115	129356	70769	125.778541
VSMC	start	116	103533	70761	99.556295
VSMC	start	117	938736	70757	775.103948
VSMC	start	118	128709	70754	146.646082
VSMC	start	119	105111	70751	97.517776
VSMC	start	120	987021	70743	774.388826
VSMC	start	121	149666	70740	157.752519
VSMC	start	122	117974	70735	97.038054
VSMC	start	123	956408	70733	782.841180
VSMC	start	124	128537	70732	150.935649
VSMC	start	125	121570	70728	112.094479
VSMC	start	126	1084477	70723	812.054674
VSMC	start	127	121603	70722	138.789699
VSMC	start	128	91601	70719	104.292940
VSMC	start	129	1145000	70709	813.841691
VSMC	start	130	147785	70705	137.150396
VSMC	start	131	95710	70702	103.339691
VSMC	start	132	1334413	70696	836.577579
VSMC	start	133	162114	70691	145.623507
VSMC	start	134	122570	70683	119.743009
VSMC	start	135	1119103	70678	797.210596
VSMC	start	136	110518	70671	114.027437
VSMC	start	137	100730	70666	105.615587
VSMC	start	138	1068068	70662	776.473356
VSMC	start	139	131652	70660	127.716069
VSMC	start	140	102422	70651	98.590023
VSMC	start	141	893374	70642	811.589992
VSMC	start	142	135602	70639	163.744090
VSMC	start	143	102309	70633	113.149175
VSMC	start	144	1058718	70623	854.644968
VSMC	start	145	155169	70619	145.776618
VSMC	start	146	116127	70609	104.965972
VSMC	start	147	1200530	70604	864.772347
VSMC	start	148	169714	70601	159.667986
VSMC	start	149	117468	70596	117.366570
VSMC	start	150	1073832	70592	903.298212
VSMC	stop	-150	1143066	71049	983.832649
VSMC	stop	-149	156988	71050	169.922470
VSMC	stop	-148	102170	71050	125.187616
VSMC	stop	-147	923493	71052	891.331034
VSMC	stop	-146	118022	71053	122.227517
VSMC	stop	-145	95692	71053	114.589031
VSMC	stop	-144	1019573	71055	911.482542
VSMC	stop	-143	142610	71057	118.789655
VSMC	stop	-142	98558	71059	106.271476
VSMC	stop	-141	857552	71061	834.812880
VSMC	stop	-140	115784	71061	127.996385
VSMC	stop	-139	108778	71061	113.017012
VSMC	stop	-138	827854	71062	836.075008
VSMC	stop	-137	109501	71063	120.285451
VSMC	stop	-136	102673	71064	119.740066
VSMC	stop	-135	925383	71064	859.204698
VSMC	stop	-134	127936	71064	120.851501
VSMC	stop	-133	89216	71067	113.698277
VSMC	stop	-132	869512	71069	850.080239
VSMC	stop	-131	105970	71070	135.224692
VSMC	stop	-130	79007	71070	103.140217
VSMC	stop	-129	878531	71072	823.838306
VSMC	stop	-128	113651	71074	123.755085
VSMC	stop	-127	88638	71075	116.752085
VSMC	stop	-126	900541	71076	866.643500
VSMC	stop	-125	124061	71077	126.440767
VSMC	stop	-124	104232	71077	104.719177
VSMC	stop	-123	1016358	71082	820.672806
VSMC	stop	-122	120472	71082	125.088081
VSMC	stop	-121	101137	71083	107.459742
VSMC	stop	-120	915342	71083	864.107478
VSMC	stop	-119	123329	71084	114.244173
VSMC	stop	-118	99753	71084	96.642761
VSMC	stop	-117	1062530	71084	795.291867
VSMC	stop	-116	130488	71085	122.055434
VSMC	stop	-115	106522	71086	102.263525
VSMC	stop	-114	923959	71087	822.449631
VSMC	stop	-113	127257	71088	119.773093
VSMC	stop	-112	103563	71089	98.099982
VSMC	stop	-111	994864	71090	791.274724
VSMC	stop	-110	114734	71090	111.081722
VSMC	stop	-109	114324	71091	108.251120
VSMC	stop	-108	919889	71091	799.713385
VSMC	stop	-107	124116	71092	139.824207
VSMC	stop	-106	110910	71093	106.075133
VSMC	stop	-105	844073	71095	807.153044
VSMC	stop	-104	105984	71095	128.919223
VSMC	stop	-103	106808	71096	93.519414
VSMC	stop	-102	833786	71096	808.854781
VSMC	stop	-101	121664	71097	134.793123
VSMC	stop	-100	100072	71098	111.708491
VSMC	stop	-99	917025	71099	815.482422
VSMC	stop	-98	109960	71099	116.087768
VSMC	stop	-97	128301	71100	98.639634
VSMC	stop	-96	950597	71101	819.128212
VSMC	stop	-95	135165	71102	110.141751
VSMC	stop	-94	108605	71103	110.389202
VSMC	stop	-93	924277	71106	841.054097
VSMC	stop	-92	116673	71107	123.054610
VSMC	stop	-91	102070	71107	98.050103
VSMC	stop	-90	933132	71107	831.734261
VSMC	stop	-89	143906	71107	111.944191
VSMC	stop	-88	128432	71107	99.146198
VSMC	stop	-87	1512450	71107	852.780922
VSMC	stop	-86	135271	71107	120.110152
VSMC	stop	-85	98395	71107	97.306954
VSMC	stop	-84	1224122	71109	815.480434
VSMC	stop	-83	122883	71109	113.278554
VSMC	stop	-82	127916	71109	101.094663
VSMC	stop	-81	1099682	71110	856.823472
VSMC	stop	-80	135755	71110	108.034296
VSMC	stop	-79	100600	71110	92.586565
VSMC	stop	-78	887544	71110	836.442202
VSMC	stop	-77	126695	71110	142.908662
VSMC	stop	-76	103719	71110	106.666664
VSMC	stop	-75	931485	71111	820.540890
VSMC	stop	-74	114845	71112	110.868566
VSMC	stop	-73	98468	71113	109.065871
VSMC	stop	-72	986684	71114	849.452001
VSMC	stop	-71	120917	71114	114.067225
VSMC	stop	-70	100997	71114	102.454342
VSMC	stop	-69	820436	71114	805.257079
VSMC	stop	-68	106459	71114	117.598101
VSMC	stop	-67	95095	71114	112.539623
VSMC	stop	-66	906999	71115	840.673791
VSMC	stop	-65	116553	71115	122.511193
VSMC	stop	-64	115555	71115	112.102325
VSMC	stop	-63	904766	71116	852.423975
VSMC	stop	-62	138617	71116	110.775460
VSMC	stop	-61	113486	71116	101.383241
VSMC	stop	-60	896690	71116	855.044970
VSMC	stop	-59	132658	71116	117.361707
VSMC	stop	-58	100467	71116	101.613558
VSMC	stop	-57	991805	71116	786.294532
VSMC	stop	-56	133327	71116	125.051674
VSMC	stop	-55	90734	71116	103.825496
VSMC	stop	-54	895423	71116	838.192031
VSMC	stop	-53	112453	71116	110.936508
VSMC	stop	-52	91156	71116	98.774802
VSMC	stop	-51	785456	71116	765.175091
VSMC	stop	-50	105884	71116	122.818672
VSMC	stop	-49	97299	71116	104.540870
VSMC	stop	-48	795243	71116	746.860229
VSMC	stop	-47	101253	71116	115.500560
VSMC	stop	-46	95012	71116	101.991687
VSMC	stop	-45	845096	71116	782.542961
VSMC	stop	-44	136507	71116	112.328774
VSMC	stop	-43	112706	71116	105.861884
VSMC	stop	-42	927622	71116	751.399653
VSMC	stop	-41	108007	71116	124.568865
VSMC	stop	-40	98896	71116	96.233280
VSMC	stop	-39	874580	71116	770.757021
VSMC	stop	-38	115747	71116	104.051851
VSMC	stop	-37	98612	71116	103.886389
VSMC	stop	-36	1014934	71116	830.602978
VSMC	stop	-35	124605	71116	119.619524
VSMC	stop	-34	119467	71116	117.554389
VSMC	stop	-33	1010790	71116	940.945626
VSMC	stop	-32	156498	71116	141.762365
VSMC	stop	-31	132742	71116	111.327827
VSMC	stop	-30	1190492	71116	901.584646
VSMC	stop	-29	155459	71116	141.022512
VSMC	stop	-28	114230	71116	128.333707
VSMC	stop	-27	994206	71116	831.858099
VSMC	stop	-26	121421	71116	119.931522
VSMC	stop	-25	96833	71116	108.976304
VSMC	stop	-24	841257	71116	854.502526
VSMC	stop	-23	125695	71116	121.431902
VSMC	stop	-22	100024	71116	101.014167
VSMC	stop	-21	1160776	71116	818.127375
VSMC	stop	-20	130118	71116	119.350993
VSMC	stop	-19	127083	71116	117.194162
VSMC	stop	-18	917372	71116	857.168028
VSMC	stop	-17	118813	71116	146.885531
VSMC	stop	-16	102826	71116	123.990847
VSMC	stop	-15	1058303	71116	771.042319
VSMC	stop	-14	137536	71116	141.443474
VSMC	stop	-13	77138	71116	87.474932
VSMC	stop	-12	579388	71116	576.490520
VSMC	stop	-11	80877	71116	85.394387
VSMC	stop	-10	118254	71116	96.840161
VSMC	stop	-9	1640196	71116	1256.784895
VSMC	stop	-8	232208	71116	180.959962
VSMC	stop	-7	121591	71116	122.349969
VSMC	stop	-6	932801	71116	815.127543
VSMC	stop	-5	95679	71116	107.787686
VSMC	stop	-4	79993	71116	93.556384
VSMC	stop	-3	940374	71116	865.821594
VSMC	stop	-2	121228	71116	124.056460
VSMC	stop	-1	292906	71116	258.498703
VSMC	stop	0	7123550	71116	5556.925375
VSMC	stop	1	1214157	71116	725.093934
VSMC	stop	2	233398	71116	228.212213
VSMC	stop	3	184874	66242	177.899285
VSMC	stop	4	36641	66242	42.327453
VSMC	stop	5	32208	66241	42.416762
VSMC	stop	6	21540	65719	24.182416
VSMC	stop	7	40036	65691	43.169229
VSMC	stop	8	28820	65664	40.279394
VSMC	stop	9	19513	65655	21.027836
VSMC	stop	10	29784	65624	30.501771
VSMC	stop	11	28759	65617	34.279443
VSMC	stop	12	17091	65596	17.147515
VSMC	stop	13	21446	65574	39.525395
VSMC	stop	14	33590	65555	35.728245
VSMC	stop	15	19268	65538	27.242806
VSMC	stop	16	21807	65525	30.499655
VSMC	stop	17	16476	65510	28.856565
VSMC	stop	18	15643	65492	22.394811
VSMC	stop	19	17084	65476	26.475305
VSMC	stop	20	16215	65452	18.082701
VSMC	stop	21	11643	65414	16.690189
VSMC	stop	22	15318	65384	38.208329
VSMC	stop	23	16781	65347	33.351192
VSMC	stop	24	11288	65292	18.537980
VSMC	stop	25	15842	65243	19.061433
VSMC	stop	26	15042	65208	30.405676
VSMC	stop	27	12685	65176	15.679298
VSMC	stop	28	16685	65148	22.607530
VSMC	stop	29	13064	65116	30.803186
VSMC	stop	30	10135	65095	19.236673
VSMC	stop	31	12557	65072	25.046640
VSMC	stop	32	16548	65029	21.012220
VSMC	stop	33	9007	65002	18.622189
VSMC	stop	34	13390	64974	25.528845
VSMC	stop	35	13578	64944	22.379035
VSMC	stop	36	8501	64905	22.939942
VSMC	stop	37	14427	64871	31.356178
VSMC	stop	38	16896	64812	20.045883
VSMC	stop	39	13985	64778	31.092297
VSMC	stop	40	20663	64738	42.180760
VSMC	stop	41	14622	64673	35.156667
VSMC	stop	42	16514	64633	14.701748
VSMC	stop	43	20765	64568	22.763609
VSMC	stop	44	15468	64502	33.695908
VSMC	stop	45	36405	64445	16.437348
VSMC	stop	46	17815	64400	35.964230
VSMC	stop	47	18338	64325	23.125407
VSMC	stop	48	14496	64275	11.727525
VSMC	stop	49	17557	64216	28.237101
VSMC	stop	50	15652	64142	33.403840
